Route_long_name,Transport_type,Stop_name,Stop_search,Stop_lat,Stop_lon,Arrival_time,avg_sentiment,avg_rating,main_sentiment
BRT Sunway Line,BRT,MENTARI,BRT MENTARI,3.0761,101.6101,6:02:55,0.07744,3.933333333333333,Neutral
BRT Sunway Line,BRT,SOUTH QUAY-USJ 1,BRT SOUTH QUAY-USJ 1,3.0617,101.5969,6:02:55,-0.1329285714285714,2.2142857142857144,Negative
BRT Sunway Line,BRT,SUNMED,BRT SUNMED,3.0656,101.6087,6:08:15,0.2281181818181818,4.0,Neutral
BRT Sunway Line,BRT,SunU-Monash,BRT SUN,3.0654,101.6016,6:10:40,,,
BRT Sunway Line,BRT,SunU-Monash,BRT SunU-Monash,3.0654,101.6016,6:10:40,0.02886,3.6666666666666665,Neutral
BRT Sunway Line,BRT,SUNWAY LAGOON ,BRT SUNWAY LAGOON ,3.0706,101.6107,6:10:40,0.2540027777777778,4.083333333333333,Positive
BRT Sunway Line,BRT,SUNWAY-SETIA JAYA,BRT SUNWAY-SETIA JAYA,3.0828,101.6123,6:00:00,0.0367727272727272,4.2727272727272725,Neutral
BRT Sunway Line,BRT,USJ7,BRT USJ7,3.0553,101.5919,6:00:00,0.670675,4.0,Positive
,KTM,ABDULLAH HUKUM,KTM ABDULLAH HUKUM,3.11869,101.67293,18:04:00,0.0476617977528089,3.617977528089888,Neutral
KTM Butterworth - Padang Besar,KTM,Alor Star,KTM ALOR SETAR,6.113136,100.369291,6:27:00,0.0490339999999999,3.62,Neutral
KTM Butterworth - Padang Besar,KTM,ANAK BUKIT,KTM ANAK BUKIT,6.183395,100.374874,5:57:00,0.071425,3.87,Neutral
Electric Train Service Padang Besar - Gemas,KTM,ANAK BUKIT,KTM ANAK BUKIT,6.183395,100.374874,11:38:00,0.071425,3.87,Neutral
,KTM,Angkasapuri,KTM ANGKASAPURI,3.113212,101.673367,7:06:00,0.0776575757575757,3.939393939393939,Neutral
KTM Butterworth - Padang Besar,KTM,ARAU,KTM ARAU,6.431952,100.269002,6:51:00,0.043752,3.61,Neutral
Electric Train Service Padang Besar - Gemas,KTM,ARAU,KTM ARAU,6.431952,100.269002,11:22:00,0.043752,3.61,Neutral
Intercity Ekspres Rakyat Timuran Tumpat - JB Sentral,KTM,Aur Gading,KTM AUR GADING,4.44072,101.95489,30:11:00,0.0,5.0,Neutral
Intercity Shuttle Tumpat - Gemas,KTM,Aur Gading,KTM AUR GADING,4.44072,101.95489,2:22:00,0.0,5.0,Neutral
KTM Butterworth - Ipoh,KTM,BAGAN SERAI,KTM BAGAN SERAI,5.028068,100.527197,6:08:00,0.0876,4.057142857142857,Neutral
Electric Train Service Padang Besar - Gemas,KTM,BAGAN SERAI,KTM BAGAN SERAI,5.028068,100.527197,6:39:00,0.0876,4.057142857142857,Neutral
Intercity Ekspres Rakyat Timuran Tumpat - JB Sentral,KTM,Bahau,KTM BAHAU,2.811299,102.403595,31:15:00,0.1419666666666666,3.8666666666666663,Neutral
Intercity Shuttle Tumpat - Gemas,KTM,Bahau,KTM BAHAU,2.811299,102.403595,16:11:00,0.1419666666666666,3.8666666666666663,Neutral
,KTM,BANDAR TASEK (S),KTM BANDAR TASEK (S),3.076229,101.711119,6:57:00,0.023743,3.67,Neutral
,KTM,BANGI,KTM BANGI,2.904467,101.785943,23:12:00,0.039069,3.81,Neutral
,KTM,Bank Negara,KTM BANK NEGARA,3.155105,101.693118,18:46:00,0.112637,3.89,Neutral
Electric Train Service Padang Besar - Gemas,KTM,Bank Negara,KTM BANK NEGARA,3.155105,101.693118,9:41:00,0.112637,3.89,Neutral
,KTM,BATANG BENAR,KTM BATANG BENAR,2.829904,101.826655,23:25:00,-0.0425341772151898,3.0,Neutral
,KTM,BATANG KALI,KTM BATANG KALI,3.46838,101.637759,5:53:00,0.0186222222222222,3.4285714285714284,Neutral
Electric Train Service Padang Besar - Gemas,KTM,BATANG KALI,KTM BATANG KALI,3.46838,101.637759,16:01:00,0.0186222222222222,3.4285714285714284,Neutral
Intercity Ekspres Rakyat Timuran Tumpat - JB Sentral,KTM,Batu Anam,KTM BATU ANAM,2.580443,102.702269,24:05:00,0.0,3.5,Neutral
,KTM,BATU CAVES,KTM BATU CAVES,3.237796,101.681215,6:05:00,0.170641,4.03,Neutral
Electric Train Service Padang Besar - Gemas,KTM,BATU GAJAH,KTM BATU GAJAH,4.459894,101.0493,7:53:00,0.046305,3.71,Neutral
,KTM,Batu Kentonmen,KTM BATU KENTOMEN,3.198485,101.681138,22:57:00,0.1209625,3.8541666666666665,Neutral
,KTM,BATU TIGA,KTM BATU TIGA,3.076091,101.559811,22:46:00,0.1018807692307692,3.615384615384616,Neutral
Electric Train Service Padang Besar - Gemas,KTM,BEHRANG,KTM BEHRANG,3.745477,101.450007,16:25:00,-0.074,3.5,Neutral
Intercity Ekspres Rakyat Timuran Tumpat - JB Sentral,KTM,Bekok,KTM BEKOK,2.295713,103.129726,23:12:00,0.1024421052631578,4.789473684210527,Neutral
Intercity Ekspres Rakyat Timuran Tumpat - JB Sentral,KTM,Bertam,KTM BERTAM,5.148,102.05066,24:22:00,0.0,4.25,Neutral
Intercity Shuttle Tumpat - Gemas,KTM,Bertam,KTM BERTAM,5.148,102.05066,8:14:00,0.0,4.25,Neutral
Intercity Ekspres Rakyat Timuran Tumpat - JB Sentral,KTM,Bertam Baru,KTM BERTAM BARU,5.142897,102.045598,32:35:00,0.1425611111111111,3.7777777777777777,Neutral
Intercity Shuttle Tumpat - Gemas,KTM,Bertam Baru,KTM BERTAM BARU,5.142897,102.045598,5:02:00,0.1425611111111111,3.7777777777777777,Neutral
Intercity Ekspres Rakyat Timuran Tumpat - JB Sentral,KTM,Bukit Abu,KTM BUKIT ABU,5.37267,102.08513,33:58:00,,,
Intercity Shuttle Tumpat - Gemas,KTM,Bukit Abu,KTM BUKIT ABU,5.37267,102.08513,6:30:00,,,
,KTM,Bukit Badak,KTM BUKIT BADAK,3.036147,101.470176,19:50:00,-0.071157,3.09,Neutral
Intercity Ekspres Rakyat Timuran Tumpat - JB Sentral,KTM,B.Betong,KTM BUKIT BETONG,4.39984,101.92368,27:03:00,0.1302,4.285714285714286,Neutral
Intercity Shuttle Tumpat - Gemas,KTM,B.Betong,KTM BUKIT BETONG,4.39984,101.92368,11:15:00,0.1302,4.285714285714286,Neutral
KTM Butterworth - Padang Besar,KTM,BUKIT KATRI,KTM BUKIT KETRI,6.52375,100.25713,5:31:00,0.0274209302325581,4.093023255813954,Neutral
Electric Train Service Padang Besar - Gemas,KTM,BUKIT KATRI,KTM BUKIT KETRI,6.52375,100.25713,11:17:00,0.0274209302325581,4.093023255813954,Neutral
KTM Butterworth - Ipoh,KTM,BUKIT MERTAJAM,KTM BUKIT MERTAJAM,5.365998,100.447993,6:24:00,0.051419,3.7,Neutral
KTM Butterworth - Padang Besar,KTM,BUKIT MERTAJAM,KTM BUKIT MERTAJAM,5.365998,100.447993,6:59:00,0.051419,3.7,Neutral
Electric Train Service Padang Besar - Gemas,KTM,BUKIT MERTAJAM,KTM BUKIT MERTAJAM,5.365998,100.447993,18:37:00,0.051419,3.7,Neutral
Intercity Ekspres Rakyat Timuran Tumpat - JB Sentral,KTM,Bukit Panau,KTM BUKIT PANAU,5.89126,102.15727,36:37:00,0.233,4.166666666666667,Neutral
Intercity Shuttle Tumpat - Gemas,KTM,Bukit Panau,KTM BUKIT PANAU,5.89126,102.15727,9:12:00,0.233,4.166666666666667,Neutral
KTM Butterworth - Ipoh,KTM,BUKIT TENGAH,KTM BUKIT TENGAH,5.3646,100.42173,5:36:00,0.026374,3.71,Neutral
KTM Butterworth - Padang Besar,KTM,BUKIT TENGAH,KTM BUKIT TENGAH,5.3646,100.42173,5:26:00,0.026374,3.71,Neutral
Electric Train Service Padang Besar - Gemas,KTM,BUKIT TENGAH,KTM BUKIT TENGAH,5.3646,100.42173,6:16:00,0.026374,3.71,Neutral
Intercity Ekspres Rakyat Timuran Tumpat - JB Sentral,KTM,Bunut Susu,KTM BUNUT SUSU,6.09638,102.17623,19:46:00,0.1128071428571428,3.857142857142857,Neutral
Intercity Shuttle Tumpat - Gemas,KTM,Bunut Susu,KTM BUNUT SUSU,6.09638,102.17623,4:12:00,0.1128071428571428,3.857142857142857,Neutral
KTM Butterworth - Ipoh,KTM,BUTTERWORTH,KTM BUTTERWORTH,5.393343,100.366201,5:30:00,0.099743,3.23,Neutral
KTM Butterworth - Padang Besar,KTM,BUTTERWORTH,KTM BUTTERWORTH,5.393343,100.366201,5:20:00,0.099743,3.23,Neutral
Electric Train Service Padang Besar - Gemas,KTM,BUTTERWORTH,KTM BUTTERWORTH,5.393343,100.366201,6:10:00,0.099743,3.23,Neutral
Intercity Ekspres Rakyat Timuran Tumpat - JB Sentral,KTM,Chamek,KTM CHAMEK,2.143042,103.238584,33:44:00,0.0,3.0,Neutral
Intercity Ekspres Rakyat Timuran Tumpat - JB Sentral,KTM,Chegar Perah,KTM CHEGAR PERAH,4.49059,101.94379,26:39:00,0.074,4.0,Neutral
Intercity Shuttle Tumpat - Gemas,KTM,Chegar Perah,KTM CHEGAR PERAH,4.49059,101.94379,10:52:00,0.074,4.0,Neutral
KTM Butterworth - Ipoh,KTM,CHEMOR,KTM CHEMOR,4.81887,101.0713,4:54:00,,,
Electric Train Service Padang Besar - Gemas,KTM,CHEMOR,KTM CHEMOR,4.81887,101.0713,17:20:00,,,
Intercity Ekspres Rakyat Timuran Tumpat - JB Sentral,KTM,Cicha Tinggi,KTM CHICA TINGGI,6.0225,102.14004,36:50:00,0.0479,2.75,Neutral
Intercity Shuttle Tumpat - Gemas,KTM,Cicha Tinggi,KTM CHICA TINGGI,6.0225,102.14004,9:28:00,0.0479,2.75,Neutral
Intercity Ekspres Rakyat Timuran Tumpat - JB Sentral,KTM,Dabong,KTM DABONG,5.377071,102.010175,23:24:00,0.1882723076923076,4.2615384615384615,Neutral
Intercity Shuttle Tumpat - Gemas,KTM,Dabong,KTM DABONG,5.377071,102.010175,7:12:00,0.1882723076923076,4.2615384615384615,Neutral
Intercity Ekspres Rakyat Timuran Tumpat - JB Sentral,KTM,DANGA CITY MALL,KTM DANGA CITY MALL,1.4753,103.7548,21:08:00,-0.1101,4.0,Neutral
Intercity Ekspres Rakyat Timuran Tumpat - JB Sentral,KTM,Dura,KTM DURA,4.459419,101.940204,30:08:00,0.6588,5.0,Positive
Intercity Shuttle Tumpat - Gemas,KTM,Dura,KTM DURA,4.459419,101.940204,2:19:00,0.6588,5.0,Positive
Intercity Ekspres Rakyat Timuran Tumpat - JB Sentral,KTM,Gemas,KTM GEMAS,2.579606,102.611682,32:11:00,0.112937,4.56,Neutral
Intercity Shuttle Tumpat - Gemas,KTM,Gemas,KTM GEMAS,2.579606,102.611682,10:35:00,0.112937,4.56,Neutral
Intercity Ekspres Rakyat Timuran Tumpat - JB Sentral,KTM,Genuang,KTM GENUANG,2.48837,102.88443,23:42:00,0.1147037037037037,4.333333333333333,Neutral
Intercity Ekspres Rakyat Timuran Tumpat - JB Sentral,KTM,Gua Musang,KTM GUA MUSANG,4.878941,101.966634,25:33:00,0.1886591397849462,4.440860215053763,Neutral
Intercity Shuttle Tumpat - Gemas,KTM,Gua Musang,KTM GUA MUSANG,4.878941,101.966634,9:47:00,0.1886591397849462,4.440860215053763,Neutral
KTM Butterworth - Padang Besar,KTM,GURUN,KTM GURUN,5.824291,100.477451,6:06:00,0.07284,4.11,Neutral
Electric Train Service Padang Besar - Gemas,KTM,GURUN,KTM GURUN,5.824291,100.477451,12:01:00,0.07284,4.11,Neutral
Intercity Ekspres Rakyat Timuran Tumpat - JB Sentral,KTM,HOLIDAY PLAZA,KTM HOLIDAY PLAZA,1.488583,103.759833,35:27:00,,,
Electric Train Service Padang Besar - Gemas,KTM,IPOH,KTM IPOH,4.597526,101.07333,7:44:00,0.173935,3.84,Neutral
KTM Butterworth - Ipoh,KTM,IPOH,KTM IPOH,4.597526,101.07333,4:40:00,0.173935,3.84,Neutral
,KTM,JALAN KASTAM,KTM JALAN KASTAM,3.013128,101.402599,18:29:00,0.0794875,4.0,Neutral
,KTM,Jalan Templer,KTM JALAN TEMPLER,3.084013,101.656402,18:14:00,0.0320074074074074,2.814814814814815,Neutral
Intercity Ekspres Rakyat Timuran Tumpat - JB Sentral,KTM,JB SENTRAL,KTM JB SENTRAL,1.463147,103.764445,21:05:00,0.102807,4.49,Neutral
Intercity Shuttle Tebrau JB Sentral - Woodlands,KTM,JB SENTRAL,KTM JB SENTRAL,1.463147,103.764445,5:00:00,0.102807,4.49,Neutral
Intercity Ekspres Rakyat Timuran Tumpat - JB Sentral,KTM,Jenderak,KTM JENDERAK,3.807343,102.359165,27:55:00,0.07106,4.4,Neutral
Intercity Shuttle Tumpat - Gemas,KTM,Jenderak,KTM JENDERAK,3.807343,102.359165,14:00:00,0.07106,4.4,Neutral
Intercity Ekspres Rakyat Timuran Tumpat - JB Sentral,KTM,JERANSONG,KTM JERANSONG,3.937265,102.357945,28:27:00,,,
Intercity Shuttle Tumpat - Gemas,KTM,JERANSONG,KTM JERANSONG,3.937265,102.357945,13:02:00,,,
Intercity Ekspres Rakyat Timuran Tumpat - JB Sentral,KTM,Jerantut,KTM JERANTUT,3.937265,102.357945,28:24:00,0.1568179487179487,4.384615384615385,Neutral
Intercity Shuttle Tumpat - Gemas,KTM,Jerantut,KTM JERANTUT,3.937265,102.357945,12:58:00,0.1568179487179487,4.384615384615385,Neutral
Intercity Ekspres Rakyat Timuran Tumpat - JB Sentral,KTM,Jerek Baru,KTM Jerek Baru,5.1739,102.00993,24:10:00,,,
Intercity Shuttle Tumpat - Gemas,KTM,Jerek Baru,KTM Jerek Baru,5.1739,102.00993,8:04:00,,,
Intercity Ekspres Rakyat Timuran Tumpat - JB Sentral,KTM,Jerek Baru,KTM JEREK BARU,5.1739,102.00993,32:48:00,0.1702,4.666666666666667,Neutral
,KTM,KAJANG,KTM KAJANG,2.983222,101.790669,7:26:00,0.055276,3.87,Neutral
,KTM,KAJANG 2,KTM KAJANG 2,2.96264,101.79207,8:23:00,0.1960923076923076,3.769230769230769,Neutral
,KTM,KALUMPANG,KTM KALUMPANG,3.5566,101.5612,15:25:00,,,
Electric Train Service Padang Besar - Gemas,KTM,KALUMPANG,KTM KALUMPANG,3.5566,101.5612,8:49:00,,,
Electric Train Service Padang Besar - Gemas,KTM,KAMPAR,KTM KAMPAR,4.302787,101.153512,17:07:00,-0.039266,3.58,Neutral
Intercity Ekspres Rakyat Timuran Tumpat - JB Sentral,KTM,Kg.Baru Sg.Mengkuang,KTM KAMPUNG BARU SUNGAI MENGKUANG,5.38989,102.14639,34:48:00,,,
Intercity Shuttle Tumpat - Gemas,KTM,Kg.Baru Sg.Mengkuang,KTM KAMPUNG BARU SUNGAI MENGKUANG,5.38989,102.14639,7:27:00,,,
,KTM,Kampung Batu,KTM KAMPUNG BATU,3.204892,101.675584,7:36:00,-0.0158026315789473,3.421052631578948,Neutral
Intercity Ekspres Rakyat Timuran Tumpat - JB Sentral,KTM,Kg.Berkam,KTM KAMPUNG BERKAM,4.20116,102.05187,26:56:00,0.3294,3.0,Positive
Intercity Shuttle Tumpat - Gemas,KTM,Kg.Berkam,KTM KAMPUNG BERKAM,4.20116,102.05187,11:08:00,0.3294,3.0,Positive
Intercity Ekspres Rakyat Timuran Tumpat - JB Sentral,KTM,Kampung Kok Pasir,KTM KAMPUNG KOK PASIR,6.16321,102.20769,37:25:00,0.0985928571428571,4.142857142857143,Neutral
Intercity Shuttle Tumpat - Gemas,KTM,Kampung Kok Pasir,KTM KAMPUNG KOK PASIR,6.16321,102.20769,10:23:00,0.0985928571428571,4.142857142857143,Neutral
,KTM,Kampung Raja Uda,KTM KAMPUNG RAJA UDA,3.020253,101.41023,20:02:00,0.0754756097560975,3.7560975609756095,Neutral
Intercity Ekspres Rakyat Timuran Tumpat - JB Sentral,KTM,Kampung Sg.Sirian,KTM KAMPUNG SUNGAI SIRIAN,5.02507,102.03904,24:55:00,0.0,3.0,Neutral
Intercity Shuttle Tumpat - Gemas,KTM,Kampung Sg.Sirian,KTM KAMPUNG SUNGAI SIRIAN,5.02507,102.03904,9:16:00,0.0,3.0,Neutral
KTM Butterworth - Ipoh,KTM,KAMUNTING,KTM KAMUNTING,4.89589,100.7191,5:35:00,0.0108399999999999,3.68,Neutral
Electric Train Service Padang Besar - Gemas,KTM,KAMUNTING,KTM KAMUNTING,4.89589,100.7191,17:56:00,0.0108399999999999,3.68,Neutral
Intercity Ekspres Rakyat Timuran Tumpat - JB Sentral,KTM,Kemayan,KTM KEMAYAN,3.135827,102.370571,26:16:00,0.0575142857142857,3.2857142857142856,Neutral
Intercity Shuttle Tumpat - Gemas,KTM,Kemayan,KTM KEMAYAN,3.135827,102.370571,12:21:00,0.0575142857142857,3.2857142857142856,Neutral
Intercity Ekspres Rakyat Timuran Tumpat - JB Sentral,KTM,Kempas Bahru,KTM KEMPAS BARU,1.535744,103.721801,21:19:00,0.194408,4.57,Neutral
Intercity Ekspres Rakyat Timuran Tumpat - JB Sentral,KTM,Kemubu,KTM KEMUBU,5.35271,102.31175,33:19:00,0.3852857142857143,4.571428571428571,Positive
Intercity Shuttle Tumpat - Gemas,KTM,Kemubu,KTM KEMUBU,5.35271,102.31175,5:50:00,0.3852857142857143,4.571428571428571,Positive
,KTM,KEPONG,KTM KEPONG,3.202996,101.637381,16:36:00,0.0070184615384615,3.2,Neutral
Electric Train Service Padang Besar - Gemas,KTM,KEPONG,KTM KEPONG,3.202996,101.637381,15:19:00,0.0070184615384615,3.2,Neutral
,KTM,Kepong Sentral,KTM KEPONG SENTRAL,3.208653,101.62849,16:33:00,0.000878,3.42,Neutral
Electric Train Service Padang Besar - Gemas,KTM,Kepong Sentral,KTM KEPONG SENTRAL,3.208653,101.62849,9:32:00,0.000878,3.42,Neutral
Intercity Ekspres Rakyat Timuran Tumpat - JB Sentral,KTM,Kg Baru Bukit Abu,KTM KG BARU BUKIT ABU,5.32983,102.1214,22:33:00,0.0,4.0,Neutral
Intercity Shuttle Tumpat - Gemas,KTM,Kg Baru Bukit Abu,KTM KG BARU BUKIT ABU,5.32983,102.1214,6:30:00,0.0,4.0,Neutral
Intercity Ekspres Rakyat Timuran Tumpat - JB Sentral,KTM,KG TELANG,KTM KG TELANG,4.186634,102.053791,29:52:00,,,
Intercity Shuttle Tumpat - Gemas,KTM,KG TELANG,KTM KG TELANG,4.186634,102.053791,2:03:00,,,
,KTM,Kg.Datuk Harun,KTM KG.DATO HARUN,3.084828,101.632339,7:34:00,0.0946380952380952,3.4761904761904763,Neutral
,KTM,KL SENTRAL,KTM KL SENTRAL,3.134167,101.686111,9:23:00,0.042642,3.67,Neutral
Electric Train Service Padang Besar - Gemas,KTM,KL SENTRAL,KTM KL SENTRAL,3.134167,101.686111,15:00:00,0.042642,3.67,Neutral
,KTM,KLANG,KTM KLANG,3.043078,101.449543,18:18:00,0.0438809999999999,3.8,Neutral
Intercity Ekspres Rakyat Timuran Tumpat - JB Sentral,KTM,Kluang,KTM KLUANG,2.033666,103.31773,22:35:00,0.15718,4.21,Neutral
KTM Butterworth - Padang Besar,KTM,Kobah,KTM KOBAH,5.97233,100.44068,6:13:00,-0.0169049180327868,3.5901639344262297,Neutral
Electric Train Service Padang Besar - Gemas,KTM,Kobah,KTM KOBAH,5.97233,100.44068,11:52:00,-0.0169049180327868,3.5901639344262297,Neutral
KTM Butterworth - Padang Besar,KTM,KODIANG,KTM KODIANG,6.37053,100.3023,5:44:00,0.012718,3.92,Neutral
Electric Train Service Padang Besar - Gemas,KTM,KODIANG,KTM KODIANG,6.37053,100.3023,11:26:00,0.012718,3.92,Neutral
Electric Train Service Padang Besar - Gemas,KTM,KOTA BHARU (PK),KTM KOTA BHARU (PK),4.4026,101.07912,17:15:00,,,
Intercity Ekspres Rakyat Timuran Tumpat - JB Sentral,KTM,Krambit,KTM KRAMBIT,4.117319,102.19952,29:02:00,,,
Intercity Shuttle Tumpat - Gemas,KTM,Krambit,KTM KRAMBIT,4.117319,102.19952,14:51:00,,,
Intercity Ekspres Rakyat Timuran Tumpat - JB Sentral,KTM,Kuala Gris,KTM KUALA GRIS,5.49379,102.08047,33:51:00,0.24675,4.833333333333333,Neutral
Intercity Shuttle Tumpat - Gemas,KTM,Kuala Gris,KTM KUALA GRIS,5.49379,102.08047,6:22:00,0.24675,4.833333333333333,Neutral
KTM Butterworth - Ipoh,KTM,Kuala Kangsar,KTM KUALA KANGSAR,4.776524,100.932601,5:13:00,0.1472926829268292,3.902439024390244,Neutral
Electric Train Service Padang Besar - Gemas,KTM,Kuala Kangsar,KTM KUALA KANGSAR,4.776524,100.932601,17:36:00,0.1472926829268292,3.902439024390244,Neutral
Intercity Ekspres Rakyat Timuran Tumpat - JB Sentral,KTM,Kuala Krai,KTM KUALA KRAI,5.529884,102.202808,21:16:00,0.0721619047619047,3.952380952380953,Neutral
Intercity Shuttle Tumpat - Gemas,KTM,Kuala Krai,KTM KUALA KRAI,5.529884,102.202808,5:29:00,0.0721619047619047,3.952380952380953,Neutral
Intercity Ekspres Rakyat Timuran Tumpat - JB Sentral,KTM,Kuala Krau,KTM KUALA KRAU,3.710453,102.366258,27:42:00,0.0939181818181818,4.454545454545454,Neutral
Intercity Shuttle Tumpat - Gemas,KTM,Kuala Krau,KTM KUALA KRAU,3.710453,102.366258,13:47:00,0.0939181818181818,4.454545454545454,Neutral
,KTM,KUALA KUBU BARU,KTM KUALA KUBU BARU,3.553215,101.639591,10:35:00,0.0370833333333333,3.738095238095238,Neutral
Electric Train Service Padang Besar - Gemas,KTM,KUALA KUBU BARU,KTM KUALA KUBU BARU,3.553215,101.639591,16:06:00,0.0370833333333333,3.738095238095238,Neutral
Intercity Ekspres Rakyat Timuran Tumpat - JB Sentral,KTM,KUALA LIPIS,KTM KUALA LIPIS,4.186634,102.053791,27:21:00,0.2152770833333333,4.75,Neutral
Intercity Shuttle Tumpat - Gemas,KTM,KUALA LIPIS,KTM KUALA LIPIS,4.186634,102.053791,12:00:00,0.2152770833333333,4.75,Neutral
,KTM,KUALA LUMPUR,KTM KUALA LUMPUR,3.139444,101.693333,18:42:00,0.107558,3.78,Neutral
Electric Train Service Padang Besar - Gemas,KTM,KUALA LUMPUR,KTM KUALA LUMPUR,3.139444,101.693333,15:04:00,0.107558,3.78,Neutral
,KTM,KUANG,KTM KUANG,3.258267,101.554794,21:18:00,0.0908113207547169,3.716981132075472,Neutral
Electric Train Service Padang Besar - Gemas,KTM,KUANG,KTM KUANG,3.258267,101.554794,15:37:00,0.0908113207547169,3.716981132075472,Neutral
Intercity Ekspres Rakyat Timuran Tumpat - JB Sentral,KTM,KUBANG RUSA,KTM KUBANG RUSA,4.69314,102.00328,26:14:00,0.0,5.0,Neutral
Intercity Shuttle Tumpat - Gemas,KTM,KUBANG RUSA,KTM KUBANG RUSA,4.69314,102.00328,10:28:00,0.0,5.0,Neutral
Intercity Ekspres Rakyat Timuran Tumpat - JB Sentral,KTM,Kulai,KTM KULAI,1.663129,103.600489,21:44:00,0.1136205882352941,3.588235294117647,Neutral
Intercity Ekspres Rakyat Timuran Tumpat - JB Sentral,KTM,Labis,KTM LABIS,2.383181,103.019587,33:11:00,0.1060666666666666,4.666666666666667,Neutral
,KTM,LABU,KTM LABU,2.754501,101.826656,6:45:00,0.0770422222222222,4.111111111111111,Neutral
Electric Train Service Padang Besar - Gemas,KTM,LAHAT,KTM LAHAT,4.54219,101.05266,7:49:00,0.0,1.0,Neutral
Intercity Ekspres Rakyat Timuran Tumpat - JB Sentral,KTM,LAPAN TUPAI,KTM LAPAN TUPAI,4.878941,101.966634,31:17:00,,,
Intercity Shuttle Tumpat - Gemas,KTM,LAPAN TUPAI,KTM LAPAN TUPAI,4.878941,101.966634,3:44:00,,,
Intercity Ekspres Rakyat Timuran Tumpat - JB Sentral,KTM,Layang-Layang,KTM LAYANG-LAYANG,1.813828,103.475791,22:06:00,0.0252875,4.75,Neutral
Intercity Ekspres Rakyat Timuran Tumpat - JB Sentral,KTM,Limau Kasturi,KTM LIMAU KASTURI,5.08019,102.06936,32:18:00,0.0827090909090909,4.363636363636363,Neutral
Intercity Shuttle Tumpat - Gemas,KTM,Limau Kasturi,KTM LIMAU KASTURI,5.08019,102.06936,4:44:00,0.0827090909090909,4.363636363636363,Neutral
Intercity Ekspres Rakyat Timuran Tumpat - JB Sentral,KTM,LONDAH,KTM LONDAH,2.810356,102.404968,31:42:00,,,
Intercity Shuttle Tumpat - Gemas,KTM,LONDAH,KTM LONDAH,2.810356,102.404968,16:38:00,,,
Intercity Ekspres Rakyat Timuran Tumpat - JB Sentral,KTM,Manek Urai,KTM MANEK URAI,5.39103,102.23263,21:45:00,0.1101,4.75,Neutral
Intercity Shuttle Tumpat - Gemas,KTM,Manek Urai,KTM MANEK URAI,5.39103,102.23263,5:53:00,0.1101,4.75,Neutral
Intercity Ekspres Rakyat Timuran Tumpat - JB Sentral,KTM,Mela,KTM MELA,4.10555,102.3154,28:06:00,0.00415,4.0,Neutral
Intercity Shuttle Tumpat - Gemas,KTM,Mela,KTM MELA,4.10555,102.3154,12:37:00,0.00415,4.0,Neutral
Intercity Ekspres Rakyat Timuran Tumpat - JB Sentral,KTM,Mengkarak,KTM MENGKARAK,3.33114,102.418784,26:49:00,0.0,3.25,Neutral
Intercity Shuttle Tumpat - Gemas,KTM,Mengkarak,KTM MENGKARAK,3.33114,102.418784,12:50:00,0.0,3.25,Neutral
Intercity Ekspres Rakyat Timuran Tumpat - JB Sentral,KTM,Mengkibol,KTM MENGKIBOL,1.975921,103.334342,22:29:00,0.0,5.0,Neutral
Intercity Ekspres Rakyat Timuran Tumpat - JB Sentral,KTM,Mengkuang,KTM MENGKUANG,5.330575,102.203137,30:06:00,0.1171799999999999,4.8,Neutral
Intercity Shuttle Tumpat - Gemas,KTM,Mengkuang,KTM MENGKUANG,5.330575,102.203137,15:09:00,0.1171799999999999,4.8,Neutral
Intercity Ekspres Rakyat Timuran Tumpat - JB Sentral,KTM,Mentakab,KTM MENTAKAB,3.483896,102.343041,29:18:00,0.136645205479452,4.424657534246576,Neutral
Intercity Shuttle Tumpat - Gemas,KTM,Mentakab,KTM MENTAKAB,3.483896,102.343041,14:22:00,0.136645205479452,4.424657534246576,Neutral
Intercity Ekspres Rakyat Timuran Tumpat - JB Sentral,KTM,Mentara Baru,KTM MENTARA BARU,4.78934,102.01179,31:01:00,0.05505,4.25,Neutral
Intercity Shuttle Tumpat - Gemas,KTM,Mentara Baru,KTM MENTARA BARU,4.78934,102.01179,3:30:00,0.05505,4.25,Neutral
Intercity Ekspres Rakyat Timuran Tumpat - JB Sentral,KTM,MENTRI,KTM MENTRI,3.246451,102.411322,26:43:00,,,
Intercity Shuttle Tumpat - Gemas,KTM,MENTRI,KTM MENTRI,3.246451,102.411322,12:44:00,,,
Intercity Ekspres Rakyat Timuran Tumpat - JB Sentral,KTM,Merapoh,KTM MERAPOH,4.69314,102.00328,30:56:00,0.1765625,4.5,Neutral
Intercity Shuttle Tumpat - Gemas,KTM,Merapoh,KTM MERAPOH,4.69314,102.00328,3:24:00,0.1765625,4.5,Neutral
,KTM,Midvalley,KTM MIDVALLEY,3.119211,101.678865,23:34:00,0.012339,3.57,Neutral
KTM Butterworth - Ipoh,KTM,Nibong Tebal,KTM NIBONG TEBAL,5.16942,100.47965,5:56:00,0.125436,4.16,Neutral
Electric Train Service Padang Besar - Gemas,KTM,Nibong Tebal,KTM NIBONG TEBAL,5.16942,100.47965,6:32:00,0.125436,4.16,Neutral
,KTM,Nilai,KTM NILAI,2.802356,101.799303,23:31:00,0.0274489999999999,4.06,Neutral
KTM Butterworth - Padang Besar,KTM,PADANG BESAR,KTM PADANG BESAR,6.662205,100.319514,5:20:00,-0.015196,3.35,Neutral
Electric Train Service Padang Besar - Gemas,KTM,PADANG BESAR,KTM PADANG BESAR,6.662205,100.319514,11:05:00,-0.015196,3.35,Neutral
,KTM,PADANG JAWA,KTM PADANG JAWA,3.052532,101.492742,23:04:00,0.021313,3.6,Neutral
Intercity Ekspres Rakyat Timuran Tumpat - JB Sentral,KTM,PADANG PIOL,KTM PADANG PIOL,4.0011,102.4022,28:14:00,,,
Intercity Shuttle Tumpat - Gemas,KTM,PADANG PIOL,KTM PADANG PIOL,4.0011,102.4022,12:47:00,,,
KTM Butterworth - Ipoh,KTM,PADANG RENGAS,KTM PADANG RENGAS,4.777932,100.857424,6:46:00,0.02993,4.5,Neutral
Electric Train Service Padang Besar - Gemas,KTM,PADANG RENGAS,KTM PADANG RENGAS,4.777932,100.857424,7:10:00,0.02993,4.5,Neutral
Intercity Ekspres Rakyat Timuran Tumpat - JB Sentral,KTM,Pdg.Tungku,KTM PADANG TUNKU,4.23397,101.98883,29:48:00,0.1583666666666666,3.8666666666666663,Neutral
Intercity Shuttle Tumpat - Gemas,KTM,Pdg.Tungku,KTM PADANG TUNKU,4.23397,101.98883,1:58:00,0.1583666666666666,3.8666666666666663,Neutral
Intercity Ekspres Rakyat Timuran Tumpat - JB Sentral,KTM,Pahi,KTM PAHI,5.54847,102.23977,35:18:00,0.21338,4.2,Neutral
Intercity Shuttle Tumpat - Gemas,KTM,Pahi,KTM PAHI,5.54847,102.23977,7:54:00,0.21338,4.2,Neutral
Intercity Ekspres Rakyat Timuran Tumpat - JB Sentral,KTM,Paloh,KTM PALOH,2.186932,103.193987,22:58:00,0.19565,4.5,Neutral
Intercity Ekspres Rakyat Timuran Tumpat - JB Sentral,KTM,Pan Malayan,KTM PAN MALAYAN,4.91299,101.977,25:11:00,0.0,3.0,Neutral
Intercity Shuttle Tumpat - Gemas,KTM,Pan Malayan,KTM PAN MALAYAN,4.91299,101.977,9:32:00,0.0,3.0,Neutral
,KTM,Pantai Dalam,KTM PANTAI DALAM,3.095607,101.669927,7:44:00,0.0940630434782608,3.5869565217391304,Neutral
KTM Butterworth - Ipoh,KTM,PARIT BUNTAR,KTM PARIT BUNTAR,5.130571,100.486575,6:00:00,0.1102077922077922,3.623376623376624,Neutral
Electric Train Service Padang Besar - Gemas,KTM,PARIT BUNTAR,KTM PARIT BUNTAR,5.130571,100.486575,6:34:00,0.1102077922077922,3.623376623376624,Neutral
Intercity Ekspres Rakyat Timuran Tumpat - JB Sentral,KTM,Pasir Mas,KTM PASIR MAS,6.042713,102.142574,36:57:00,0.1264681159420289,4.231884057971015,Neutral
Intercity Shuttle Tumpat - Gemas,KTM,Pasir Mas,KTM PASIR MAS,6.042713,102.142574,9:36:00,0.1264681159420289,4.231884057971015,Neutral
,KTM,PETALING,KTM PETALING,3.086485,101.664338,22:11:00,0.0403358974358974,3.871794871794872,Neutral
,KTM,PEL. KLANG (S),KTM PORT KLANG,2.999323,101.39179,18:40:00,0.0688320150659133,4.022598870056497,Neutral
,KTM,Pulau Sebang (Tampin),KTM PULAU SEBANG(TAMPIN),2.46396,102.226308,5:50:00,0.0641238532110091,4.18348623853211,Neutral
,KTM,Putra,KTM PUTRA,3.165399,101.691101,21:45:00,0.0863495934959349,3.5203252032520327,Neutral
Electric Train Service Padang Besar - Gemas,KTM,Putra,KTM PUTRA,3.165399,101.691101,9:40:00,0.0863495934959349,3.5203252032520327,Neutral
Electric Train Service Padang Besar - Gemas,KTM,RASA,KTM RASA,3.500586,101.634113,9:02:00,0.057775,4.2,Neutral
,KTM,RASA,KTM RASA,3.500586,101.634113,18:39:00,0.057775,4.2,Neutral
,KTM,RAWANG,KTM RAWANG,3.318955,101.575012,18:19:00,0.0493756097560975,3.7439024390243913,Neutral
Electric Train Service Padang Besar - Gemas,KTM,RAWANG,KTM RAWANG,3.318955,101.575012,9:18:00,0.0493756097560975,3.7439024390243913,Neutral
,KTM,Rembau,KTM REMBAU,2.593055,102.094653,21:31:00,0.0984049999999999,3.95,Neutral
Intercity Ekspres Rakyat Timuran Tumpat - JB Sentral,KTM,Rengam,KTM RENGGAM,1.884852,103.403207,34:18:00,0.1777130434782608,4.521739130434782,Neutral
Intercity Ekspres Rakyat Timuran Tumpat - JB Sentral,KTM,ROMPIN,KTM ROMPIN,2.810356,102.404968,25:06:00,,,
Intercity Shuttle Tumpat - Gemas,KTM,ROMPIN,KTM ROMPIN,2.810356,102.404968,11:16:00,,,
,KTM,SALAK SELATAN,KTM SALAK SELATAN,3.098413,101.705055,22:30:00,0.0404622950819672,3.4098360655737703,Neutral
Intercity Ekspres Rakyat Timuran Tumpat - JB Sentral,KTM,SEDENAK,KTM SEDENAK,1.712253,103.522491,34:41:00,,,
Intercity Ekspres Rakyat Timuran Tumpat - JB Sentral,KTM,Segamat,KTM SEGAMAT,2.507074,102.813959,23:50:00,0.1535459459459459,3.72972972972973,Neutral
,KTM,Segambut,KTM SEGAMBUT,3.186514,101.664032,12:17:00,-0.0311698113207547,2.7169811320754715,Neutral
Electric Train Service Padang Besar - Gemas,KTM,Segambut,KTM SEGAMBUT,3.186514,101.664032,15:14:00,-0.0311698113207547,2.7169811320754715,Neutral
Intercity Ekspres Rakyat Timuran Tumpat - JB Sentral,KTM,SENAI,KTM SENAI,1.663129,103.600489,35:01:00,,,
,KTM,Senawang,KTM SENAWANG,2.690138,101.972336,6:25:00,0.0815341614906832,3.998447204968944,Neutral
,KTM,SENTUL,KTM SENTUL,3.183581,101.688802,7:43:00,0.1322543209876543,3.802469135802469,Neutral
,KTM,Seputih,KTM SEPUTEH,3.113612,101.681474,23:32:00,-0.0477264705882352,3.4705882352941178,Neutral
,KTM,SERDANG,KTM SERDANG,3.023404,101.716056,5:50:00,0.0510677685950413,3.801652892561984,Neutral
,KTM,SEREMBAN,KTM SEREMBAN,2.719169,101.940792,5:40:00,0.0600219217491369,3.8952819332566166,Neutral
,KTM,Serendah,KTM SERENDAH,3.376172,101.614532,18:28:00,-0.0380457142857142,3.3142857142857145,Neutral
Electric Train Service Padang Besar - Gemas,KTM,Serendah,KTM SERENDAH,3.376172,101.614532,15:54:00,-0.0380457142857142,3.3142857142857145,Neutral
,KTM,Seri Setia,KTM SERI SETIA,3.083373,101.61143,17:31:00,0.0678749999999999,3.5,Neutral
Intercity Ekspres Rakyat Timuran Tumpat - JB Sentral,KTM,SERTING,KTM SERTING,2.810356,102.404968,31:01:00,,,
Intercity Shuttle Tumpat - Gemas,KTM,SERTING,KTM SERTING,2.810356,102.404968,15:58:00,,,
,KTM,SETIA JAYA,KTM SETIA JAYA,3.083373,101.61143,22:24:00,0.017470802919708,3.021897810218978,Neutral
,KTM,SHAH ALAM,KTM SHAH ALAM,3.056388,101.525302,22:57:00,0.0744912698412698,3.876984126984127,Neutral
KTM Butterworth - Ipoh,KTM,SIMPANG AMPAT,KTM SIMPANG AMPAT,5.28599,100.48097,6:16:00,0.0176454545454545,3.9318181818181817,Neutral
Electric Train Service Padang Besar - Gemas,KTM,SIMPANG AMPAT,KTM SIMPANG AMPAT,5.28599,100.48097,18:31:00,0.0176454545454545,3.9318181818181817,Neutral
Electric Train Service Padang Besar - Gemas,KTM,SLIM RIVER,KTM SLIM RIVER,3.827134,101.402164,8:32:00,0.0636,3.8461538461538463,Neutral
Intercity Ekspres Rakyat Timuran Tumpat - JB Sentral,KTM,Sri Bintang,KTM SRI BINTANG,5.160115,102.08597,33:00:00,0.0,5.0,Neutral
Intercity Shuttle Tumpat - Gemas,KTM,Sri Bintang,KTM SRI BINTANG,5.160115,102.08597,5:33:00,0.0,5.0,Neutral
Intercity Ekspres Rakyat Timuran Tumpat - JB Sentral,KTM,Sri Jaya,KTM SRI JAYA,5.30785,102.00906,33:08:00,,,
Intercity Shuttle Tumpat - Gemas,KTM,Sri Jaya,KTM SRI JAYA,5.30785,102.00906,5:43:00,,,
Intercity Ekspres Rakyat Timuran Tumpat - JB Sentral,KTM,Sri Mahligai,KTM SRI MAHLIGAI,5.31332,101.77286,23:54:00,-0.074,3.5,Neutral
Intercity Shuttle Tumpat - Gemas,KTM,Sri Mahligai,KTM SRI MAHLIGAI,5.31332,101.77286,7:41:00,-0.074,3.5,Neutral
,KTM,SUBANG JAYA,KTM SUBANG JAYA,3.084554,101.587373,22:38:00,0.0887435897435897,3.965811965811966,Neutral
,KTM,SUNGAI BULUH,KTM SUNGAI BULOH,3.206356,101.580128,21:25:00,0.0975807486631016,4.195187165775401,Neutral
Electric Train Service Padang Besar - Gemas,KTM,SUNGAI BULUH,KTM SUNGAI BULOH,3.206356,101.580128,9:28:00,0.0975807486631016,4.195187165775401,Neutral
,KTM,SUNGAI GADUT,KTM SUNGAI GADUT,2.660898,101.996158,6:34:00,-0.0161759259259259,3.6666666666666665,Neutral
Intercity Ekspres Rakyat Timuran Tumpat - JB Sentral,KTM,Sungai Keladi,KTM SUNGAI KELADI,5.9052,102.15896,20:13:00,0.0,5.0,Neutral
Intercity Shuttle Tumpat - Gemas,KTM,Sungai Keladi,KTM SUNGAI KELADI,5.9052,102.15896,4:39:00,0.0,5.0,Neutral
Intercity Ekspres Rakyat Timuran Tumpat - JB Sentral,KTM,Sungai Koyan,KTM SUNGAI KOYAN,4.963018,102.010637,32:01:00,0.0303555555555555,3.2222222222222223,Neutral
Intercity Shuttle Tumpat - Gemas,KTM,Sungai Koyan,KTM SUNGAI KOYAN,4.963018,102.010637,4:28:00,0.0303555555555555,3.2222222222222223,Neutral
Intercity Ekspres Rakyat Timuran Tumpat - JB Sentral,KTM,Sungai Nal,KTM SUNGAI NAL,5.58888,102.180094,21:06:00,0.5267,4.0,Positive
Intercity Shuttle Tumpat - Gemas,KTM,Sungai Nal,KTM SUNGAI NAL,5.58888,102.180094,5:21:00,0.5267,4.0,Positive
KTM Butterworth - Padang Besar,KTM,SUNGAI PETANI,KTM SUNGAI PETANI,5.642978,100.489755,5:53:00,0.1058826608505997,4.206106870229007,Neutral
Electric Train Service Padang Besar - Gemas,KTM,SUNGAI PETANI,KTM SUNGAI PETANI,5.642978,100.489755,12:12:00,0.1058826608505997,4.206106870229007,Neutral
KTM Butterworth - Ipoh,KTM,SUNGAI SIPUT,KTM SUNGAI SIPUT,4.818757,101.071261,7:04:00,0.2136479999999999,4.08,Neutral
Electric Train Service Padang Besar - Gemas,KTM,SUNGAI SIPUT,KTM SUNGAI SIPUT,4.818757,101.071261,7:25:00,0.2136479999999999,4.08,Neutral
Intercity Ekspres Rakyat Timuran Tumpat - JB Sentral,KTM,Sungai Sirian,KTM SUNGAI SIRIAN,5.0337,102.04945,24:51:00,,,
Intercity Shuttle Tumpat - Gemas,KTM,Sungai Sirian,KTM SUNGAI SIRIAN,5.0337,102.04945,9:10:00,,,
Intercity Ekspres Rakyat Timuran Tumpat - JB Sentral,KTM,Sungai Tasin,KTM SUNGAI TASIN,5.19518,102.01353,24:02:00,0.1906333333333333,4.666666666666667,Neutral
Intercity Shuttle Tumpat - Gemas,KTM,Sungai Tasin,KTM SUNGAI TASIN,5.19518,102.01353,7:52:00,0.1906333333333333,4.666666666666667,Neutral
Intercity Ekspres Rakyat Timuran Tumpat - JB Sentral,KTM,Sungai Temau,KTM SUNGAI TEMAU,4.49778,101.9474,26:29:00,-0.037,4.25,Neutral
Intercity Shuttle Tumpat - Gemas,KTM,Sungai Temau,KTM SUNGAI TEMAU,4.49778,101.9474,10:43:00,-0.037,4.25,Neutral
Electric Train Service Padang Besar - Gemas,KTM,SUNGKAI,KTM SUNGKAI,4.006223,101.301512,8:21:00,0.0785764705882352,4.411764705882353,Neutral
KTM Butterworth - Ipoh,KTM,Taiping,KTM TAIPING,4.852059,100.731489,5:31:00,0.123420652173913,4.076086956521739,Neutral
Electric Train Service Padang Besar - Gemas,KTM,Taiping,KTM TAIPING,4.852059,100.731489,17:52:00,0.123420652173913,4.076086956521739,Neutral
,KTM,Taman Wahyu,KTM TAMAN WAHYU,3.21451,101.672178,7:52:00,0.0656634615384615,3.480769230769231,Neutral
Intercity Ekspres Rakyat Timuran Tumpat - JB Sentral,KTM,Tanah Merah,KTM TANAH MERAH,5.806077,102.146729,36:24:00,0.1618173913043478,4.3478260869565215,Neutral
Intercity Shuttle Tumpat - Gemas,KTM,Tanah Merah,KTM TANAH MERAH,5.806077,102.146729,9:02:00,0.1618173913043478,4.3478260869565215,Neutral
Electric Train Service Padang Besar - Gemas,KTM,TANJUNG MALIM,KTM TANJUNG MALIM,3.685142,101.518165,16:18:00,0.0671354166666666,3.5,Neutral
,KTM,TANJUNG MALIM,KTM TANJUNG MALIM,3.685142,101.518165,10:22:00,0.0671354166666666,3.5,Neutral
Electric Train Service Padang Besar - Gemas,KTM,TAPAH ROAD,KTM TAPAH ROAD,4.173861,101.189333,16:57:00,0.1132746031746031,3.523809523809524,Neutral
KTM Butterworth - Ipoh,KTM,TASEK,KTM TASEK,4.65289,101.12028,4:49:00,-0.0616642857142857,3.7857142857142856,Neutral
Electric Train Service Padang Besar - Gemas,KTM,TASEK,KTM TASEK,4.65289,101.12028,17:16:00,-0.0616642857142857,3.7857142857142856,Neutral
KTM Butterworth - Padang Besar,KTM,TASEK GELUGOR,KTM TASEK GELUGOR,5.482175,100.497955,6:47:00,0.0229558940397351,3.699337748344371,Neutral
Electric Train Service Padang Besar - Gemas,KTM,TASEK GELUGOR,KTM TASEK GELUGOR,5.482175,100.497955,12:24:00,0.0229558940397351,3.699337748344371,Neutral
,KTM,Teluk Gadong,KTM TELUK GADONG,3.033932,101.424947,19:59:00,0.0116725490196078,3.294117647058824,Neutral
Intercity Ekspres Rakyat Timuran Tumpat - JB Sentral,KTM,Teluk Gunong,KTM TELUK GUNONG,4.63526,101.99271,26:08:00,0.0,2.0,Neutral
Intercity Shuttle Tumpat - Gemas,KTM,Teluk Gunong,KTM TELUK GUNONG,4.63526,101.99271,10:23:00,0.0,2.0,Neutral
,KTM,Teluk Pulai,KTM TELUK PULAI,3.04089,101.432153,6:39:00,-0.0148761904761904,3.357142857142857,Neutral
Intercity Ekspres Rakyat Timuran Tumpat - JB Sentral,KTM,Temangan,KTM TEMANGAN,5.70241,102.15165,20:50:00,0.0680285714285714,4.142857142857143,Neutral
Intercity Shuttle Tumpat - Gemas,KTM,Temangan,KTM TEMANGAN,5.70241,102.15165,5:07:00,0.0680285714285714,4.142857142857143,Neutral
Intercity Ekspres Rakyat Timuran Tumpat - JB Sentral,KTM,TEMBELING,KTM TEMBELING,4.3373,102.3006,28:48:00,0.2411,1.0,Positive
Intercity Shuttle Tumpat - Gemas,KTM,TEMBELING,KTM TEMBELING,4.3373,102.3006,14:34:00,0.2411,1.0,Positive
,KTM,Tiroi,KTM TIROI,2.741459,101.871914,23:44:00,0.0283903225806451,3.806451612903226,Neutral
Intercity Ekspres Rakyat Timuran Tumpat - JB Sentral,KTM,To' Uban,KTM TO'UBAN,5.98236,102.11687,36:47:00,0.0,5.0,Neutral
Intercity Shuttle Tumpat - Gemas,KTM,To' Uban,KTM TO'UBAN,5.98236,102.11687,9:22:00,0.0,5.0,Neutral
Intercity Ekspres Rakyat Timuran Tumpat - JB Sentral,KTM,Triang,KTM TRIANG,3.246451,102.411322,29:59:00,0.0687999999999999,4.181818181818182,Neutral
Intercity Shuttle Tumpat - Gemas,KTM,Triang,KTM TRIANG,3.246451,102.411322,15:03:00,0.0687999999999999,4.181818181818182,Neutral
Intercity Ekspres Rakyat Timuran Tumpat - JB Sentral,KTM,TUMPAT,KTM TUMPAT,6.19899,102.167621,19:20:00,0.094732,4.4,Neutral
Intercity Shuttle Tumpat - Gemas,KTM,TUMPAT,KTM TUMPAT,6.19899,102.167621,3:50:00,0.094732,4.4,Neutral
,KTM,UKM,KTM UKM,2.939775,101.787623,6:30:00,0.1102830188679245,3.943396226415094,Neutral
Intercity Ekspres Rakyat Timuran Tumpat - JB Sentral,KTM,Ulu Temiang,KTM ULU TEMIANG,5.30765,102.15629,22:21:00,0.265325,4.75,Positive
Intercity Shuttle Tumpat - Gemas,KTM,Ulu Temiang,KTM ULU TEMIANG,5.30765,102.15629,6:18:00,0.265325,4.75,Positive
Intercity Ekspres Rakyat Timuran Tumpat - JB Sentral,KTM,Wakaf Bahru,KTM WAKAF BHARU,6.118313,102.200519,19:39:00,0.1302173913043478,4.195652173913044,Neutral
Intercity Shuttle Tumpat - Gemas,KTM,Wakaf Bahru,KTM WAKAF BHARU,6.118313,102.200519,4:05:00,0.1302173913043478,4.195652173913044,Neutral
Intercity Shuttle Tebrau JB Sentral - Woodlands,KTM,Woodlands,KTM WOODLANDS,1.443716,103.769551,8:30:00,0.0957020661157024,3.4214876033057853,Neutral
LRT Kelana Jaya Line,LRT,ABDULLAH HUKUM,LRT ABDULLAH HUKUM,3.118735,101.672897,6:55:44,0.070224,3.81,Neutral
LRT Kelana Jaya Line,LRT,ALAM MEGAH,LRT ALAM MEGAH,3.023151,101.572029,7:32:10,0.0659654320987654,3.975308641975309,Neutral
LRT Sri Petaling Line,LRT,ALAM SUTERA,LRT ALAM SUTERA,3.0547,101.656468,6:38:42,-0.0365299999999999,3.5,Neutral
LRT Ampang Line,LRT,AMPANG,LRT AMPANG,3.150318,101.760049,6:00:00,0.114092,4.49,Neutral
LRT Kelana Jaya Line,LRT,AMPANG PARK,LRT AMPANG PARK,3.159894,101.719017,7:17:09,0.135221,4.06,Neutral
LRT Kelana Jaya Line,LRT,ARA DAMANSARA,LRT ARA DAMANSARA,3.108643,101.586372,7:04:57,0.0853749999999999,4.44,Neutral
LRT Kelana Jaya Line,LRT,ASIA JAYA,LRT ASIA JAYA,3.104343,101.637695,6:45:46,0.0626894736842105,4.189473684210526,Neutral
LRT Sri Petaling Line,LRT,AWAN BESAR,LRT AWAN BESAR,3.062131,101.670555,6:34:21,0.101949,4.18,Neutral
LRT Sri Petaling Line,LRT,BANDAR PUTERI,LRT BANDAR PUTERI,3.017111,101.612855,6:51:25,0.0719647058823529,3.735294117647059,Neutral
LRT Sri Petaling Line,LRT,BANDAR TASIK SELATAN,LRT BANDAR TASIK SELATAN,3.076058,101.711107,6:34:02,-0.0713657894736842,4.157894736842105,Neutral
LRT Sri Petaling Line,LRT,BANDAR TUN RAZAK,LRT BANDAR TUN RAZAK,3.089576,101.712466,6:22:57,0.1219162790697674,3.883720930232558,Neutral
LRT Ampang Line,LRT,BANDARAYA - UOB,LRT BANDARAYA - UOB,3.155567,101.694485,6:07:35,0.1251490566037736,4.169811320754717,Neutral
LRT Sri Petaling Line,LRT,BANDARAYA - UOB,LRT BANDARAYA - UOB,3.155567,101.694485,6:07:35,0.1251490566037736,4.169811320754717,Neutral
LRT Kelana Jaya Line,LRT,BANGSAR,LRT BANGSAR,3.127588,101.679062,6:39:44,0.138559,4.46,Neutral
LRT Sri Petaling Line,LRT,BUKIT JALIL,LRT BUKIT JALIL,3.058196,101.692125,6:30:24,0.1680469135802469,4.160493827160494,Neutral
LRT Ampang Line,LRT,CAHAYA,LRT CAHAYA,3.140575,101.756677,6:25:45,0.0490815789473684,4.105263157894737,Neutral
LRT Ampang Line,LRT,CEMPAKA,LRT CEMPAKA,3.138324,101.752979,6:24:31,0.0069903225806451,3.6774193548387095,Neutral
LRT Kelana Jaya Line,LRT,CGC GLENMARIE,LRT CGC GLENMARIE,3.094732,101.590622,6:30:38,0.028227,4.34,Neutral
LRT Sri Petaling Line,LRT,CHAN SOW LIN,LRT CHAN SOW LIN,3.128105,101.715637,6:15:58,0.123762,4.25,Neutral
LRT Ampang Line,LRT,CHAN SOW LIN,LRT CHAN SOW LIN,3.128105,101.715637,6:15:58,0.123762,4.25,Neutral
LRT Sri Petaling Line,LRT,CHERAS,LRT CHERAS,3.112609,101.714178,6:41:01,-0.0059953488372093,3.3488372093023258,Neutral
LRT Kelana Jaya Line,LRT,DAMAI,LRT DAMAI,3.164406,101.724489,6:18:32,0.0584296296296296,3.962962962962963,Neutral
LRT Kelana Jaya Line,LRT,DANG WANGI,LRT DANG WANGI,3.156942,101.701975,7:10:17,-0.0103666666666666,3.303030303030303,Neutral
LRT Kelana Jaya Line,LRT,DATO' KERAMAT,LRT DATO' KERAMAT,3.16509,101.73184,6:16:25,-0.0178363636363636,4.318181818181818,Neutral
LRT Kelana Jaya Line,LRT,GOMBAK,LRT GOMBAK,3.231793,101.724427,6:00:00,0.0619558139534883,4.441860465116279,Neutral
LRT Ampang Line,LRT,HANG TUAH,LRT HANG TUAH,3.140012,101.705984,6:15:05,0.0992072916666666,3.90625,Neutral
LRT Sri Petaling Line,LRT,HANG TUAH,LRT HANG TUAH,3.140012,101.705984,6:46:55,0.0992072916666666,3.90625,Neutral
LRT Sri Petaling Line,LRT,IOI PUCHONG JAYA,LRT IOI PUCHONG JAYA,3.048101,101.62095,6:13:58,0.010638,3.64,Neutral
LRT Kelana Jaya Line,LRT,JELATEK,LRT JELATEK,3.167204,101.735344,6:14:28,0.0967684210526315,4.2368421052631575,Neutral
LRT Kelana Jaya Line,LRT,KAMPUNG BARU - CBP COOPBANK PERTAMA,LRT KAMPUNG BARU - CBP COOPBANK PERTAMA,3.161386,101.706608,6:26:04,0.116759,4.3,Neutral
LRT Kelana Jaya Line,LRT,KELANA JAYA,LRT KELANA JAYA,3.112497,101.6043,7:00:19,0.098506,3.72,Neutral
LRT Kelana Jaya Line,LRT,KERINCHI,LRT KERINCHI,3.115506,101.668572,6:53:35,0.091275294117647,4.152941176470589,Neutral
LRT Sri Petaling Line,LRT,KINRARA,LRT KINRARA,3.050506,101.644294,6:17:44,0.05459,3.74,Neutral
LRT Kelana Jaya Line,LRT,KL SENTRAL - REDONE,LRT KL SENTRAL - REDONE,3.13442,101.68625,6:37:22,0.062081,4.49,Neutral
LRT Kelana Jaya Line,LRT,KLCC,LRT KLCC,3.158935,101.713287,7:14:39,0.048726,3.93,Neutral
LRT Kelana Jaya Line,LRT,LEMBAH SUBANG,LRT LEMBAH SUBANG,3.112094,101.591034,7:03:09,0.0546972602739726,3.9863013698630136,Neutral
LRT Ampang Line,LRT,MALURI,LRT MALURI,3.12329,101.727283,6:08:28,0.0527259999999999,4.06,Neutral
LRT Ampang Line,LRT,MASJID JAMEK,LRT MASJID JAMEK,3.14927,101.696377,6:18:19,0.137235,4.74,Neutral
LRT Sri Petaling Line,LRT,MASJID JAMEK,LRT MASJID JAMEK,3.14927,101.696377,6:50:15,0.137235,4.74,Neutral
LRT Kelana Jaya Line,LRT,MASJID JAMEK,LRT MASJID JAMEK,3.149714,101.696815,7:07:43,0.137235,4.74,Neutral
LRT Ampang Line,LRT,MIHARJA,LRT MIHARJA,3.120973,101.717922,6:10:09,0.1101918918918918,3.891891891891892,Neutral
LRT Sri Petaling Line,LRT,MUHIBBAH,LRT MUHIBBAH,3.062229,101.662552,6:36:30,0.092133,4.2,Neutral
LRT Ampang Line,LRT,PANDAN INDAH,LRT PANDAN INDAH,3.134581,101.746509,6:23:01,0.0774107142857142,3.857142857142857,Neutral
LRT Ampang Line,LRT,PANDAN JAYA,LRT PANDAN JAYA,3.130141,101.739122,6:06:21,0.1280532258064516,3.935483870967742,Neutral
LRT Kelana Jaya Line,LRT,PASAR SENI,LRT PASAR SENI,3.142439,101.69531,6:33:54,0.168423,4.38,Neutral
LRT Ampang Line,LRT,PLAZA RAKYAT,LRT PLAZA RAKYAT,3.144049,101.702105,6:11:18,-0.038459,3.4,Neutral
LRT Sri Petaling Line,LRT,PLAZA RAKYAT,LRT PLAZA RAKYAT,3.144049,101.702105,6:11:18,-0.038459,3.4,Neutral
LRT Sri Petaling Line,LRT,PUCHONG PERDANA,LRT PUCHONG PERDANA,3.007913,101.605021,6:06:37,-0.0159299999999999,4.17,Neutral
LRT Sri Petaling Line,LRT,PUCHONG PRIMA,LRT PUCHONG PRIMA,2.999808,101.596692,6:03:52,0.128206,3.9,Neutral
LRT Ampang Line,LRT,PUDU,LRT PUDU,3.134879,101.711957,6:14:13,0.087376,4.18,Neutral
LRT Sri Petaling Line,LRT,PUDU,LRT PUDU,3.134879,101.711957,6:14:13,0.087376,4.18,Neutral
LRT Sri Petaling Line,LRT,PUSAT BANDAR PUCHONG,LRT PUSAT BANDAR PUCHONG,3.033194,101.616057,6:12:30,0.1025539999999999,4.26,Neutral
LRT Sri Petaling Line,LRT,PUTRA HEIGHTS,LRT PUTRA HEIGHTS,2.996016,101.575521,6:00:00,0.161493,3.93,Neutral
LRT Kelana Jaya Line,LRT,PUTRA HEIGHTS,LRT PUTRA HEIGHTS,2.996227,101.575462,6:00:00,0.161493,3.93,Neutral
LRT Ampang Line,LRT,PWTC,LRT PWTC,3.166333,101.693586,6:04:40,0.094646,4.05,Neutral
LRT Sri Petaling Line,LRT,PWTC,LRT PWTC,3.166333,101.693586,6:04:40,0.094646,4.05,Neutral
LRT Sri Petaling Line,LRT,SALAK SELATAN,LRT SALAK SELATAN,3.102201,101.706179,6:20:33,0.0824819672131147,3.360655737704918,Neutral
LRT Ampang Line,LRT,SENTUL,LRT SENTUL,3.178484,101.695542,6:26:10,-0.0015171428571428,3.8,Neutral
LRT Sri Petaling Line,LRT,SENTUL,LRT SENTUL,3.178484,101.695542,6:58:06,-0.0015171428571428,3.8,Neutral
LRT Ampang Line,LRT,SENTUL TIMUR,LRT SENTUL TIMUR,3.185897,101.695217,6:00:00,0.0170609195402298,4.022988505747127,Neutral
LRT Sri Petaling Line,LRT,SENTUL TIMUR,LRT SENTUL TIMUR,3.185897,101.695217,6:00:00,0.0170609195402298,4.022988505747127,Neutral
LRT Kelana Jaya Line,LRT,SETIAWANGSA,LRT SETIAWANGSA,3.17576,101.73584,6:12:22,0.1529458333333333,4.145833333333333,Neutral
LRT Sri Petaling Line,LRT,SRI PETALING,LRT SRI PETALING,3.061445,101.687074,6:32:33,0.0448772151898734,3.873417721518988,Neutral
LRT Kelana Jaya Line,LRT,SRI RAMPAI,LRT SRI RAMPAI,3.199176,101.73747,6:07:52,0.1568099999999999,4.171428571428572,Neutral
LRT Kelana Jaya Line,LRT,SS 15,LRT SS 15,3.075972,101.585983,7:13:57,0.076879,3.84,Neutral
LRT Kelana Jaya Line,LRT,SS 18,LRT SS 18,3.067182,101.585945,6:21:40,0.1294245283018868,3.867924528301887,Neutral
LRT Kelana Jaya Line,LRT,SUBANG ALAM,LRT SUBANG ALAM,3.009421,101.572281,6:03:19,0.1190822222222222,3.933333333333333,Neutral
LRT Kelana Jaya Line,LRT,SUBANG JAYA,LRT SUBANG JAYA,3.08466,101.588127,6:27:07,0.106786,3.95,Neutral
LRT Ampang Line,LRT,SULTAN ISMAIL,LRT SULTAN ISMAIL,3.161245,101.694109,6:06:08,0.09274,4.155555555555556,Neutral
LRT Sri Petaling Line,LRT,SULTAN ISMAIL,LRT SULTAN ISMAIL,3.161245,101.694109,6:06:08,0.09274,4.155555555555556,Neutral
LRT Sri Petaling Line,LRT,SUNGAI BESI,LRT SUNGAI BESI,3.063842,101.708062,6:31:58,0.0482717948717948,3.897435897435898,Neutral
LRT Kelana Jaya Line,LRT,TAIPAN,LRT TAIPAN,3.04815,101.590233,6:15:10,0.0467055555555555,4.444444444444445,Neutral
LRT Kelana Jaya Line,LRT,TAMAN BAHAGIA,LRT TAMAN BAHAGIA,3.11079,101.612856,6:57:06,0.109784,3.96,Neutral
LRT Kelana Jaya Line,LRT,TAMAN JAYA,LRT TAMAN JAYA,3.104086,101.645248,6:50:06,0.0919919999999999,4.12,Neutral
LRT Kelana Jaya Line,LRT,TAMAN MELATI,LRT TAMAN MELATI,3.219558,101.72197,7:35:25,0.126159,3.85,Neutral
LRT Kelana Jaya Line,LRT,TAMAN PARAMOUNT,LRT TAMAN PARAMOUNT,3.104716,101.623192,6:43:05,0.1555933333333333,4.3,Neutral
LRT Sri Petaling Line,LRT,TAMAN PERINDUSTRIAN PUCHONG,LRT TAMAN PERINDUSTRIAN PUCHONG,3.022814,101.613514,6:49:41,,,
LRT Ampang Line,LRT,TITIWANGSA,LRT TITIWANGSA,3.173497,101.695367,6:02:57,0.093705,4.09,Neutral
LRT Sri Petaling Line,LRT,TITIWANGSA,LRT TITIWANGSA,3.173497,101.695367,6:02:57,0.093705,4.09,Neutral
LRT Kelana Jaya Line,LRT,UNIVERSITI,LRT UNIVERSITI,3.114616,101.661639,6:51:26,0.0686472222222222,4.444444444444445,Neutral
LRT Kelana Jaya Line,LRT,USJ 21,LRT USJ 21,3.029881,101.581711,7:28:16,0.1549563636363636,4.236363636363636,Neutral
LRT Kelana Jaya Line,LRT,USJ 7,LRT USJ 7,3.054956,101.592194,6:17:15,0.1533729999999999,4.1,Neutral
LRT Kelana Jaya Line,LRT,WANGSA MAJU,LRT WANGSA MAJU,3.205751,101.731796,6:05:48,0.056406,3.87,Neutral
LRT Kelana Jaya Line,LRT,WAWASAN,LRT WAWASAN,3.035062,101.588348,6:12:25,0.1360560606060606,3.742424242424242,Neutral
KL Monorail Line,MONORAIL,BUKIT BINTANG ,MONORAIL BUKIT BINTANG ,3.146022,101.7115,6:12:30,0.1437732394366197,4.070422535211268,Neutral
KL Monorail Line,MONORAIL,BUKIT NANAS,MONORAIL BUKIT NANAS,3.156214,101.704809,6:18:06,0.0849719999999999,3.79,Neutral
KL Monorail Line,MONORAIL,CHOW KIT,MONORAIL CHOW KIT,3.167358,101.698379,6:02:48,0.09268,3.844444444444445,Neutral
KL Monorail Line,MONORAIL,HANG TUAH,MONORAIL HANG TUAH,3.140511,101.706029,6:09:24,0.0546166666666666,3.5,Positive
KL Monorail Line,MONORAIL,IMBI,MONORAIL IMBI,3.14283,101.70945,6:11:12,0.055195238095238,3.690476190476191,Neutral
KL Monorail Line,MONORAIL,KL SENTRAL,MONORAIL KL SENTRAL,3.132852,101.687817,6:00:00,0.153703,4.15,Neutral
KL Monorail Line,MONORAIL,MAHARAJALELA,MONORAIL MAHARAJALELA,3.138743,101.699268,6:06:36,0.0446043478260869,3.782608695652174,Neutral
KL Monorail Line,MONORAIL,MEDAN TUANKU,MONORAIL MEDAN TUANKU,3.15935,101.69888,6:05:36,0.0595622222222222,3.522222222222222,Neutral
KL Monorail Line,MONORAIL,RAJA CHULAN,MONORAIL RAJA CHULAN,3.150878,101.710432,6:10:12,0.0073474747474747,3.3434343434343434,Neutral
KL Monorail Line,MONORAIL,TITIWANGSA,MONORAIL TITIWANGSA,3.173192,101.696022,6:00:00,0.095846,4.09,Neutral
KL Monorail Line,MONORAIL,TUN SAMBANTHAN,MONORAIL TUN SAMBANTHAN,3.13132,101.69085,6:23:12,0.0207819444444444,3.6805555555555554,Neutral
MRT Putrajaya Line,MRT,16 SIERRA,MRT 16 SIERRA,2.964974,101.654812,7:02:27,0.16866,4.54,Neutral
MRT Putrajaya Line,MRT,AMPANG PARK,MRT AMPANG PARK,3.16225,101.71781,6:31:03,0.212435,4.4,Neutral
MRT Kajang Line,MRT,BANDAR TUN HUSSEIN ONN,MRT BANDAR TUN HUSSEIN ONN,3.048223,101.775109,7:13:04,0.045853,4.29,Neutral
MRT Kajang Line,MRT,BANDAR UTAMA,MRT BANDAR UTAMA,3.14671,101.618599,7:14:14,-0.037382,3.44,Neutral
MRT Kajang Line,MRT,BATU 11 CHERAS,MRT BATU 11 CHERAS,3.041339,101.773383,6:12:36,0.110353125,3.875,Neutral
MRT Kajang Line,MRT,BUKIT BINTANG ,MRT BUKIT BINTANG ,3.146503,101.710947,6:45:36,0.1189,4.69,Neutral
MRT Kajang Line,MRT,BUKIT DUKUNG,MRT BUKIT DUKUNG,3.026413,101.771072,6:09:10,0.082479,4.15,Neutral
MRT Putrajaya Line,MRT,CHAN SOW LIN,MRT CHAN SOW LIN,3.12839,101.71663,6:36:51,0.123046,4.56,Neutral
MRT Kajang Line,MRT,COCHRANE,MRT COCHRANE,3.132829,101.722962,6:48:22,0.1176619999999999,3.89,Neutral
MRT Putrajaya Line,MRT,CONLAY,MRT CONLAY,3.15145,101.71801,6:35:14,0.21619,4.866666666666666,Neutral
MRT Putrajaya Line,MRT,CYBERJAYA CITY CENTRE,MRT CYBERJAYA CITY CENTRE,2.9384,101.6659,6:01:28,0.014384,4.23,Neutral
MRT Putrajaya Line,MRT,CYBERJAYA UTARA,MRT CYBERJAYA UTARA,2.95,101.6573,6:03:33,0.1158869999999999,4.31,Neutral
MRT Putrajaya Line,MRT,DAMANSARA DAMAI,MRT DAMANSARA DAMAI,3.199892,101.592623,6:07:20,0.035558,4.47,Neutral
MRT Putrajaya Line,MRT,HOSPITAL KUALA LUMPUR,MRT HOSPITAL KUALA LUMPUR,3.17405,101.70239,6:27:39,0.11836,4.36,Neutral
MRT Putrajaya Line,MRT,JALAN IPOH,MRT JALAN IPOH,3.189319,101.681145,6:45:41,0.12178,3.3,Positive
MRT Putrajaya Line,MRT,JINJANG,MRT JINJANG,3.209544,101.655829,6:51:30,0.076925,4.25,Neutral
MRT Kajang Line,MRT,KAJANG,MRT KAJANG,2.982778,101.790278,6:00:00,0.109098,4.6,Neutral
MRT Putrajaya Line,MRT,KAMPUNG BATU,MRT KAMPUNG BATU,3.205521,101.675473,6:19:56,0.069411,4.48,Neutral
MRT Putrajaya Line,MRT,KAMPUNG SELAMAT,MRT KAMPUNG SELAMAT,3.197266,101.578499,7:05:03,0.1040109999999999,4.32,Neutral
MRT Putrajaya Line,MRT,KENTOMEN,MRT KENTOMEN,3.19563,101.6797,6:21:37,0.0314605263157894,4.394736842105263,Neutral
MRT Putrajaya Line,MRT,KEPONG BARU,MRT KEPONG BARU,3.211663,101.648193,6:15:42,0.075436,4.45,Neutral
MRT Kajang Line,MRT,KOTA DAMANSARA,MRT KOTA DAMANSARA,3.150134,101.57869,7:22:32,0.064745,4.55,Neutral
MRT Putrajaya Line,MRT,KUCHAI,MRT KUCHAI,3.089546,101.694124,6:25:59,0.1721162790697674,4.116279069767442,Neutral
MRT Putrajaya Line,MRT,KWASA DAMANSARA,MRT KWASA DAMANSARA,3.1763324,101.5721456,6:00:00,0.104685,4.49,Neutral
MRT Kajang Line,MRT,KWASA DAMANSARA,MRT KWASA DAMANSARA,3.176146,101.572052,6:00:00,0.104685,4.49,Neutral
MRT Kajang Line,MRT,KWASA SENTRAL,MRT KWASA SENTRAL,3.170112,101.564651,6:02:18,0.1486444444444444,2.9444444444444446,Neutral
MRT Kajang Line,MRT,MALURI,MRT MALURI,3.123623,101.727809,6:37:04,0.110601,4.5,Neutral
MRT Kajang Line,MRT,MERDEKA,MRT MERDEKA,3.141969,101.70205,6:38:36,0.168139,4.34,Neutral
MRT Putrajaya Line,MRT,METRO PRIMA,MRT METRO PRIMA,3.214438,101.639402,6:14:29,0.07847,4.28,Neutral
MRT Kajang Line,MRT,MUTIARA DAMANSARA,MRT MUTIARA DAMANSARA,3.155301,101.609077,6:10:36,,,
MRT Kajang Line,MRT,MUZIUM NEGARA,MRT MUZIUM NEGARA,3.137317,101.687336,6:32:16,0.140532,4.56,Neutral
MRT Kajang Line,MRT,PASAR SENI,MRT PASAR SENI,3.142293265,101.6955642,6:35:56,0.114429,4.53,Neutral
MRT Putrajaya Line,MRT,PERSIARAN KLCC,MRT PERSIARAN KLCC,3.15712,101.71834,6:36:26,0.117832,4.65,Neutral
MRT Kajang Line,MRT,PHILEO DAMANSARA,MRT PHILEO DAMANSARA,3.129864,101.642471,6:19:54,0.131964,4.2,Neutral
MRT Kajang Line,MRT,PUSAT BANDAR DAMANSARA,MRT PUSAT BANDAR DAMANSARA,3.143444,101.662857,7:03:42,0.0958835164835164,3.923076923076923,Neutral
MRT Putrajaya Line,MRT,PUTRA PERMAI,MRT PUTRA PERMAI,2.98339,101.66099,7:00:05,0.177967,4.39,Neutral
MRT Putrajaya Line,MRT,PUTRAJAYA SENTRAL,MRT PUTRAJAYA SENTRAL,2.9313,101.6715,6:00:00,0.138553,4.45,Neutral
MRT Putrajaya Line,MRT,RAJA UDA,MRT RAJA UDA,3.16794,101.71017,6:29:23,0.1861489999999999,4.79,Neutral
MRT Kajang Line,MRT,SEMANTAN,MRT SEMANTAN,3.150977,101.665497,6:27:50,0.087112,4.12,Neutral
MRT Putrajaya Line,MRT,SENTUL BARAT,MRT SENTUL BARAT,3.179369,101.684742,6:43:45,0.11897,4.44,Neutral
MRT Putrajaya Line,MRT,SERDANG JAYA,MRT SERDANG JAYA,3.0216,101.709,6:16:14,0.12633,4.63,Neutral
MRT Putrajaya Line,MRT,SERDANG RAYA SELATAN,MRT SERDANG RAYA SELATAN,3.028463,101.707514,6:51:03,0.107582,4.56,Neutral
MRT Putrajaya Line,MRT,SERDANG RAYA UTARA,MRT SERDANG RAYA UTARA,3.041674,101.704928,6:49:21,0.144943,4.75,Neutral
MRT Putrajaya Line,MRT,SRI DAMANSARA BARAT,MRT SRI DAMANSARA BARAT,3.198197,101.608302,6:59:20,0.0462313725490196,4.294117647058823,Neutral
MRT Putrajaya Line,MRT,SRI DAMANSARA SENTRAL,MRT SRI DAMANSARA SENTRAL,3.198815,101.621396,6:57:36,0.0617089999999999,4.35,Neutral
MRT Putrajaya Line,MRT,SRI DAMANSARA TIMUR,MRT SRI DAMANSARA TIMUR,3.207832,101.628716,6:12:35,0.1251056338028169,4.267605633802817,Neutral
MRT Putrajaya Line,MRT,SRI DELIMA,MRT SRI DELIMA,3.207108,101.665749,6:50:02,0.144325,3.8333333333333335,Neutral
MRT Kajang Line,MRT,SRI RAYA,MRT SRI RAYA,3.062273,101.772899,7:09:38,0.092949,4.49,Neutral
MRT Kajang Line,MRT,STADIUM KAJANG,MRT STADIUM KAJANG,2.994514,101.786338,7:25:48,0.1043757894736842,4.4526315789473685,Neutral
MRT Putrajaya Line,MRT,SUNGAI BESI,MRT SUNGAI BESI,3.063737,101.7084,6:46:41,0.128285,4.5,Neutral
MRT Putrajaya Line,MRT,SUNGAI BULOH,MRT SUNGAI BULOH,3.206429,101.581779,6:05:14,0.04012,3.68,Neutral
MRT Kajang Line,MRT,SUNGAI JERNIH,MRT SUNGAI JERNIH,3.000948,101.783857,6:04:44,0.078746,4.34,Neutral
MRT Kajang Line,MRT,SURIAN,MRT SURIAN,3.14948,101.593925,7:20:06,0.081158,4.32,Neutral
MRT Kajang Line,MRT,TAMAN CONNAUGHT,MRT TAMAN CONNAUGHT,3.079172,101.74522,6:24:20,0.106584,4.21,Neutral
MRT Putrajaya Line,MRT,TAMAN EQUINE,MRT TAMAN EQUINE,2.98942,101.67244,6:58:22,0.106385,4.39,Neutral
MRT Kajang Line,MRT,TAMAN MIDAH,MRT TAMAN MIDAH,3.104505,101.732186,6:56:54,0.147593,4.65,Neutral
MRT Kajang Line,MRT,TAMAN MUTIARA,MRT TAMAN MUTIARA,3.090989,101.740453,7:00:20,0.0976270833333333,4.427083333333333,Neutral
MRT Putrajaya Line,MRT,TAMAN NAGA EMAS,MRT TAMAN NAGA EMAS,3.077688,101.699867,6:24:15,0.074293,4.49,Neutral
MRT Kajang Line,MRT,TAMAN PERTAMA,MRT TAMAN PERTAMA,3.112547,101.729371,6:33:38,0.137289,4.12,Neutral
MRT Kajang Line,MRT,TAMAN SUNTEX,MRT TAMAN SUNTEX,3.071578,101.763552,7:07:12,0.030305,3.97,Neutral
MRT Kajang Line,MRT,TAMAN TUN DR ISMAIL,MRT TAMAN TUN DR ISMAIL,3.13613,101.630539,7:10:48,0.07637,4.46,Neutral
MRT Putrajaya Line,MRT,TITIWANGSA,MRT TITIWANGSA,3.17408,101.69581,6:26:29,0.107554,4.54,Neutral
MRT Kajang Line,MRT,TUN RAZAK EXCHANGE,MRT TUN RAZAK EXCHANGE,3.142403,101.720156,6:42:10,0.061386,4.46,Neutral
MRT Putrajaya Line,MRT,TUN RAZAK EXCHANGE,MRT TUN RAZAK EXCHANGE,3.14289,101.72034,6:34:38,0.061386,4.46,Neutral
MRT Putrajaya Line,MRT,UPM,MRT UPM,3.008489,101.705396,6:14:08,0.128847,4.59,Neutral
SHAHAB PERDANA - KUALA KEDAH,myBas,TERMINAL SHAHAB PERDANA,TERMINAL SHAHAB PERDANA Bus Stop,6.140289,100.354178,06:30:00,,,
SHAHAB PERDANA - KUALA KEDAH,myBas,MASJID AL RAHMAH,MASJID AL RAHMAH Bus Stop,6.1426,100.356758,06:31:00,,,
SHAHAB PERDANA - KUALA KEDAH,myBas,MEDAN SELERA TAMAN WIRA MERGONG,MEDAN SELERA TAMAN WIRA MERGONG Bus Stop,6.142911,100.360075,06:32:00,,,
SHAHAB PERDANA - KUALA KEDAH,myBas,TAMAN WIRA,TAMAN WIRA Bus Stop,6.143017,100.362864,06:33:00,,,
SHAHAB PERDANA - KUALA KEDAH,myBas,KG LUBUK PERINGGI,KG LUBUK PERINGGI Bus Stop,6.143336,100.364103,06:34:00,,,
SHAHAB PERDANA - KUALA KEDAH,myBas,GIAT MARA,GIAT MARA Bus Stop,6.143364,100.366106,06:35:00,,,
SHAHAB PERDANA - KUALA KEDAH,myBas,STOR JKR,STOR JKR Bus Stop,6.143683,100.3694,06:36:00,,,
SHAHAB PERDANA - KUALA KEDAH,myBas,HOSPITAL ALOR SETAR,HOSPITAL ALOR SETAR Bus Stop,6.142819,100.370392,06:37:00,,,
SHAHAB PERDANA - KUALA KEDAH,myBas,KOMPLEKS SUKAN,KOMPLEKS SUKAN Bus Stop,6.137972,100.370094,06:38:00,,,
SHAHAB PERDANA - KUALA KEDAH,myBas,STADIUM DARUL AMAN,STADIUM DARUL AMAN Bus Stop,6.136389,100.369689,06:39:00,,,
SHAHAB PERDANA - KUALA KEDAH,myBas,STADIUM DARUL AMAN 2,STADIUM DARUL AMAN 2 Bus Stop,6.134444,100.369078,06:40:00,,,
SHAHAB PERDANA - KUALA KEDAH,myBas,BAKAR BATA,BAKAR BATA Bus Stop,6.131519,100.368314,06:41:00,,,
SHAHAB PERDANA - KUALA KEDAH,myBas,WISMA KANCUT,WISMA KANCUT Bus Stop,6.128478,100.367597,06:42:00,,,
SHAHAB PERDANA - KUALA KEDAH,myBas,AMAN CENTRAL / MENARA ALOR SETAR,AMAN CENTRAL / MENARA ALOR SETAR Bus Stop,6.124797,100.366942,06:43:00,,,
SHAHAB PERDANA - KUALA KEDAH,myBas,DATARAN ALOR SETAR,DATARAN ALOR SETAR Bus Stop,6.11965,100.365533,06:44:00,,,
SHAHAB PERDANA - KUALA KEDAH,myBas,PEKAN RABU,PEKAN RABU Bus Stop,6.117289,100.367619,06:45:00,,,
SHAHAB PERDANA - KUALA KEDAH,myBas,SEBERANG PERAK,SEBERANG PERAK Bus Stop,6.113247,100.364664,06:46:00,,,
SHAHAB PERDANA - KUALA KEDAH,myBas,HIJAU KUNING,HIJAU KUNING Bus Stop,6.107708,100.364333,06:47:00,,,
SHAHAB PERDANA - KUALA KEDAH,myBas,SJK(C) SIN MIN,SJK(C) SIN MIN Bus Stop,6.102356,100.364008,06:48:00,,,
SHAHAB PERDANA - KUALA KEDAH,myBas,SIMPANG KUALA,SIMPANG KUALA Bus Stop,6.099522,100.363839,06:49:00,,,
SHAHAB PERDANA - KUALA KEDAH,myBas,KLINIK KESIHATAN SIMPANG KUALA 1,KLINIK KESIHATAN SIMPANG KUALA 1 Bus Stop,6.097883,100.363392,06:50:00,,,
SHAHAB PERDANA - KUALA KEDAH,myBas,KLINIK KESIHATAN SIMPANG KUALA 2,KLINIK KESIHATAN SIMPANG KUALA 2 Bus Stop,6.097472,100.358856,06:51:00,,,
SHAHAB PERDANA - KUALA KEDAH,myBas,KLINIK KESIHATAN SIMPANG KUALA 3,KLINIK KESIHATAN SIMPANG KUALA 3 Bus Stop,6.097703,100.360728,06:52:00,,,
SHAHAB PERDANA - KUALA KEDAH,myBas,TAMAN ORKID,TAMAN ORKID Bus Stop,6.097169,100.355603,06:53:00,,,
SHAHAB PERDANA - KUALA KEDAH,myBas,SMK TUN SHARIFAH RODZIAH,SMK TUN SHARIFAH RODZIAH Bus Stop,6.096886,100.353089,06:54:00,,,
SHAHAB PERDANA - KUALA KEDAH,myBas,KOMPLEKS PENYIARAN RTM,KOMPLEKS PENYIARAN RTM Bus Stop,6.096372,100.347917,06:55:00,,,
SHAHAB PERDANA - KUALA KEDAH,myBas,MASJID AS SALAM,MASJID AS SALAM Bus Stop,6.0959,100.343744,06:56:00,,,
SHAHAB PERDANA - KUALA KEDAH,myBas,SJK(C) PEI HWA,SJK(C) PEI HWA Bus Stop,6.095736,100.342758,06:57:00,,,
SHAHAB PERDANA - KUALA KEDAH,myBas,MARDI/KG TELUK CHENGAI,MARDI/KG TELUK CHENGAI Bus Stop,6.095161,100.336569,06:58:00,,,
SHAHAB PERDANA - KUALA KEDAH,myBas,SK TELUK KECHAI,SK TELUK KECHAI Bus Stop,6.094939,100.331267,06:59:00,,,
SHAHAB PERDANA - KUALA KEDAH,myBas,SMK TENGKU LAKSMANA,SMK TENGKU LAKSMANA Bus Stop,6.094903,100.328911,07:00:00,,,
SHAHAB PERDANA - KUALA KEDAH,myBas,TAMAN KEMUDI/KG TELOK KECHAI,TAMAN KEMUDI/KG TELOK KECHAI Bus Stop,6.094731,100.320469,07:01:00,,,
SHAHAB PERDANA - KUALA KEDAH,myBas,MASJID AL HUDA/PUSAT SUMBER KEMAS,MASJID AL HUDA/PUSAT SUMBER KEMAS Bus Stop,6.094719,100.318058,07:02:00,,,
SHAHAB PERDANA - KUALA KEDAH,myBas,TAMAN RESTU,TAMAN RESTU Bus Stop,6.094619,100.312125,07:03:00,,,
SHAHAB PERDANA - KUALA KEDAH,myBas,BATAS PAIP,BATAS PAIP Bus Stop,6.094494,100.307814,07:04:00,,,
SHAHAB PERDANA - KUALA KEDAH,myBas,BATAS PAIP 2,BATAS PAIP 2 Bus Stop,6.095486,100.304911,07:05:00,,,
SHAHAB PERDANA - KUALA KEDAH,myBas,TAMAN LAYAR FASA 4 & 3,TAMAN LAYAR FASA 4 & 3 Bus Stop,6.097522,100.302331,07:06:00,,,
SHAHAB PERDANA - KUALA KEDAH,myBas,MASJID TUNKU ABDUL RAHMAN PETRA / KLINIK KESIHATAN,MASJID TUNKU ABDUL RAHMAN PETRA / KLINIK KESIHATAN Bus Stop,6.098761,100.300797,07:07:00,,,
SHAHAB PERDANA - KUALA KEDAH,myBas,FAMA,FAMA Bus Stop,6.103247,100.29535,07:08:00,,,
SHAHAB PERDANA - KUALA KEDAH,myBas,MEE ABBAS,MEE ABBAS Bus Stop,6.104958,100.293325,07:09:00,,,
SHAHAB PERDANA - KUALA KEDAH,myBas,SK HAJI ISMAIL / MASJID INDIA,SK HAJI ISMAIL / MASJID INDIA Bus Stop,6.105658,100.291094,07:10:00,,,
SHAHAB PERDANA - KUALA KEDAH,myBas,JETI KUALA KEDAH,JETI KUALA KEDAH Bus Stop,6.105456,100.2902,07:11:00,,,
SHAHAB PERDANA - KUALA KEDAH,myBas,PEJABAT POS,PEJABAT POS Bus Stop,6.105386,100.289706,07:12:00,,,
SHAHAB PERDANA - KUALA KEDAH,myBas,PEKAN KUALA KEDAH,PEKAN KUALA KEDAH Bus Stop,6.104814,100.287606,07:13:00,,,
SHAHAB PERDANA - KUALA KEDAH,myBas,TAMAN SERI PUTRA,TAMAN SERI PUTRA Bus Stop,6.104108,100.286322,07:14:00,,,
SHAHAB PERDANA - KUALA NERANG,myBas,TERMINAL SHAHAB PERDANA,TERMINAL SHAHAB PERDANA Bus Stop,6.140289,100.354178,06:15:00,,,
SHAHAB PERDANA - KUALA NERANG,myBas,MASJID AL RAHMAH,MASJID AL RAHMAH Bus Stop,6.1426,100.356758,06:16:00,,,
SHAHAB PERDANA - KUALA NERANG,myBas,MEDAN SELERA TAMAN WIRA MERGONG,MEDAN SELERA TAMAN WIRA MERGONG Bus Stop,6.142911,100.360075,06:17:00,,,
SHAHAB PERDANA - KUALA NERANG,myBas,TAMAN WIRA,TAMAN WIRA Bus Stop,6.143017,100.362864,06:18:00,,,
SHAHAB PERDANA - KUALA NERANG,myBas,KG LUBUK PERINGGI,KG LUBUK PERINGGI Bus Stop,6.143336,100.364103,06:19:00,,,
SHAHAB PERDANA - KUALA NERANG,myBas,GIAT MARA,GIAT MARA Bus Stop,6.143364,100.366106,06:20:00,,,
SHAHAB PERDANA - KUALA NERANG,myBas,STOR JKR,STOR JKR Bus Stop,6.143683,100.3694,06:21:00,,,
SHAHAB PERDANA - KUALA NERANG,myBas,HOSPITAL ALOR SETAR,HOSPITAL ALOR SETAR Bus Stop,6.142819,100.370392,06:22:00,,,
SHAHAB PERDANA - KUALA NERANG,myBas,KOMPLEKS SUKAN,KOMPLEKS SUKAN Bus Stop,6.137972,100.370094,06:23:00,,,
SHAHAB PERDANA - KUALA NERANG,myBas,STADIUM DARUL AMAN,STADIUM DARUL AMAN Bus Stop,6.136389,100.369689,06:24:00,,,
SHAHAB PERDANA - KUALA NERANG,myBas,STADIUM DARUL AMAN 2,STADIUM DARUL AMAN 2 Bus Stop,6.134444,100.369078,06:25:00,,,
SHAHAB PERDANA - KUALA NERANG,myBas,BAKAR BATA,BAKAR BATA Bus Stop,6.131519,100.368314,06:26:00,,,
SHAHAB PERDANA - KUALA NERANG,myBas,WISMA KANCUT,WISMA KANCUT Bus Stop,6.128478,100.367597,06:27:00,,,
SHAHAB PERDANA - KUALA NERANG,myBas,WISMA PKNK,WISMA PKNK Bus Stop,6.135511,100.373011,06:28:00,,,
SHAHAB PERDANA - KUALA NERANG,myBas,UKIR MALL,UKIR MALL Bus Stop,6.122114,100.370653,06:30:00,,,
SHAHAB PERDANA - KUALA NERANG,myBas,OPP IPD KOTA SETAR,OPP IPD KOTA SETAR Bus Stop,6.120761,100.369717,06:31:00,,,
SHAHAB PERDANA - KUALA NERANG,myBas,BSN PEKAN RABU,BSN PEKAN RABU Bus Stop,6.118964,100.368544,06:32:00,,,
SHAHAB PERDANA - KUALA NERANG,myBas,PEKAN RABU,PEKAN RABU Bus Stop,6.117289,100.367619,06:34:00,,,
SHAHAB PERDANA - KUALA NERANG,myBas,BATU 1,BATU 1 Bus Stop,6.117228,100.373303,06:35:00,,,
SHAHAB PERDANA - KUALA NERANG,myBas,SMK SULTANAH ASMA / MASJID DERGA,SMK SULTANAH ASMA / MASJID DERGA Bus Stop,6.120003,100.380528,06:36:00,,,
SHAHAB PERDANA - KUALA NERANG,myBas,SEKOLAH RENDAH AN NAJAAH,SEKOLAH RENDAH AN NAJAAH Bus Stop,6.122781,100.38255,06:37:00,,,
SHAHAB PERDANA - KUALA NERANG,myBas,SJK(C) KEE CHEE,SJK(C) KEE CHEE Bus Stop,6.126953,100.385531,06:38:00,,,
SHAHAB PERDANA - KUALA NERANG,myBas,MASJID AL BUKHARY,MASJID AL BUKHARY Bus Stop,6.13283,100.389475,06:39:00,,,
SHAHAB PERDANA - KUALA NERANG,myBas,SK SULTANAH ASMA,SK SULTANAH ASMA Bus Stop,6.134097,100.389969,06:40:00,,,
SHAHAB PERDANA - KUALA NERANG,myBas,TAMAN JAYA,TAMAN JAYA Bus Stop,6.136458,100.390892,06:41:00,,,
SHAHAB PERDANA - KUALA NERANG,myBas,TAMAN BAYU BARU,TAMAN BAYU BARU Bus Stop,6.139897,100.392356,06:42:00,,,
SHAHAB PERDANA - KUALA NERANG,myBas,TAMAN PUSPA KENCANA,TAMAN PUSPA KENCANA Bus Stop,6.144631,100.39485,06:43:00,,,
SHAHAB PERDANA - KUALA NERANG,myBas,TAMAN PULAI JAYA,TAMAN PULAI JAYA Bus Stop,6.149228,100.399758,06:44:00,,,
SHAHAB PERDANA - KUALA NERANG,myBas,TAMAN SERI ASTANA,TAMAN SERI ASTANA Bus Stop,6.150767,100.404081,06:45:00,,,
SHAHAB PERDANA - KUALA NERANG,myBas,HOSPITAL SULTANAH BAHIYAH,HOSPITAL SULTANAH BAHIYAH Bus Stop,6.150844,100.407547,06:46:00,,,
SHAHAB PERDANA - KUALA NERANG,myBas,SHELL JALAN LANGGAR,SHELL JALAN LANGGAR Bus Stop,6.150783,100.409758,06:47:00,,,
SHAHAB PERDANA - KUALA NERANG,myBas,MASJID AL BADAR / TAMAN AWANA,MASJID AL BADAR / TAMAN AWANA Bus Stop,6.150206,100.413261,06:48:00,,,
SHAHAB PERDANA - KUALA NERANG,myBas,TAMAN AMIRA,TAMAN AMIRA Bus Stop,6.149586,100.415603,06:49:00,,,
SHAHAB PERDANA - KUALA NERANG,myBas,MASJID NURUL IHSAN / TAMAN SERI KOTA,MASJID NURUL IHSAN / TAMAN SERI KOTA Bus Stop,6.148392,100.420983,06:50:00,,,
SHAHAB PERDANA - KUALA NERANG,myBas,KLINIK KESIHATAN LANGGAR,KLINIK KESIHATAN LANGGAR Bus Stop,6.147333,100.425378,06:51:00,,,
SHAHAB PERDANA - KUALA NERANG,myBas,MAKAM DIRAJA LANGGAR,MAKAM DIRAJA LANGGAR Bus Stop,6.146606,100.428419,06:52:00,,,
SHAHAB PERDANA - KUALA NERANG,myBas,PEKAN LANGGAR,PEKAN LANGGAR Bus Stop,6.145878,100.431564,06:53:00,,,
SHAHAB PERDANA - KUALA NERANG,myBas,SJK(C) TAI CHONG,SJK(C) TAI CHONG Bus Stop,6.145692,100.432767,06:54:00,,,
SHAHAB PERDANA - KUALA NERANG,myBas,ESTET PADI PADANG LANGGAR,ESTET PADI PADANG LANGGAR Bus Stop,6.146861,100.441142,06:55:00,,,
SHAHAB PERDANA - KUALA NERANG,myBas,KG TANJUNG MUSANG,KG TANJUNG MUSANG Bus Stop,6.149128,100.451919,06:57:00,,,
SHAHAB PERDANA - KUALA NERANG,myBas,SENTAP / KILANG SCS,SENTAP / KILANG SCS Bus Stop,6.153581,100.464192,06:59:00,,,
SHAHAB PERDANA - KUALA NERANG,myBas,SIMPANG KEBUN 500 / TAMAN INDAH,SIMPANG KEBUN 500 / TAMAN INDAH Bus Stop,6.156233,100.470181,07:00:00,,,
SHAHAB PERDANA - KUALA NERANG,myBas,SK JABI,SK JABI Bus Stop,6.159114,100.476131,07:01:00,,,
SHAHAB PERDANA - KUALA NERANG,myBas,BHP BATU 9,BHP BATU 9 Bus Stop,6.161189,100.481822,07:02:00,,,
SHAHAB PERDANA - KUALA NERANG,myBas,KILANG PAPAN BEST PRODUCT,KILANG PAPAN BEST PRODUCT Bus Stop,6.162869,100.48735,07:03:00,,,
SHAHAB PERDANA - KUALA NERANG,myBas,BATU 11 / PASARAYA K CERIA POKOK SENA,BATU 11 / PASARAYA K CERIA POKOK SENA Bus Stop,6.166231,100.499206,07:05:00,,,
SHAHAB PERDANA - KUALA NERANG,myBas,JABATAN PENDAFTARAN NEGARA,JABATAN PENDAFTARAN NEGARA Bus Stop,6.167047,100.509331,07:07:00,,,
SHAHAB PERDANA - KUALA NERANG,myBas,SK POKOK SENA,SK POKOK SENA Bus Stop,6.167614,100.513375,07:08:00,,,
SHAHAB PERDANA - KUALA NERANG,myBas,KAMPUNG AMAN / PEKAN POKOK SENA,KAMPUNG AMAN / PEKAN POKOK SENA Bus Stop,6.168161,100.516808,07:09:00,,,
SHAHAB PERDANA - KUALA NERANG,myBas,BALAI POLIS POKOK SENA,BALAI POLIS POKOK SENA Bus Stop,6.168606,100.518925,07:10:00,,,
SHAHAB PERDANA - KUALA NERANG,myBas,MASJID AR-RAUDAH,MASJID AR-RAUDAH Bus Stop,6.172208,100.524525,07:11:00,,,
SHAHAB PERDANA - KUALA NERANG,myBas,SENA SPORT / KILANG BESI,SENA SPORT / KILANG BESI Bus Stop,6.175975,100.528619,07:12:00,,,
SHAHAB PERDANA - KUALA NERANG,myBas,SM SAINS POKOK SENA,SM SAINS POKOK SENA Bus Stop,6.1796,100.532439,07:13:00,,,
SHAHAB PERDANA - KUALA NERANG,myBas,KOMPLEKS ISLAM DARUL ULUM,KOMPLEKS ISLAM DARUL ULUM Bus Stop,6.189792,100.542592,07:15:00,,,
SHAHAB PERDANA - KUALA NERANG,myBas,BUKIT LEREK,BUKIT LEREK Bus Stop,6.192078,100.545056,07:16:00,,,
SHAHAB PERDANA - KUALA NERANG,myBas,KG BUKIT LEREK 2,KG BUKIT LEREK 2 Bus Stop,6.193894,100.547064,07:17:00,,,
SHAHAB PERDANA - KUALA NERANG,myBas,SIMPANG KUBU / BATU 16,SIMPANG KUBU / BATU 16 Bus Stop,6.203508,100.557586,07:19:00,,,
SHAHAB PERDANA - KUALA NERANG,myBas,PEJABAT FELCRA BUKIT TAMPOI,PEJABAT FELCRA BUKIT TAMPOI Bus Stop,6.217494,100.569122,07:22:00,,,
SHAHAB PERDANA - KUALA NERANG,myBas,MAHAD TAHFIZ ABU BAKAR,MAHAD TAHFIZ ABU BAKAR Bus Stop,6.218933,100.573817,07:23:00,,,
SHAHAB PERDANA - KUALA NERANG,myBas,SK BUKIT TAMPOI,SK BUKIT TAMPOI Bus Stop,6.220839,100.577081,07:24:00,,,
SHAHAB PERDANA - KUALA NERANG,myBas,RUMAH ORANG TUA-TUA BUKIT BETHEL,RUMAH ORANG TUA-TUA BUKIT BETHEL Bus Stop,6.228083,100.583633,07:26:00,,,
SHAHAB PERDANA - KUALA NERANG,myBas,KG NAKO NAMBUA 1,KG NAKO NAMBUA 1 Bus Stop,6.234314,100.588914,07:27:00,,,
SHAHAB PERDANA - KUALA NERANG,myBas,KG NAKO NAMBUA 2,KG NAKO NAMBUA 2 Bus Stop,6.235569,100.591811,07:28:00,,,
SHAHAB PERDANA - KUALA NERANG,myBas,MASJID TENGKU SHARAFUDDIN BADLISHAH,MASJID TENGKU SHARAFUDDIN BADLISHAH Bus Stop,6.237369,100.593975,07:29:00,,,
SHAHAB PERDANA - KUALA NERANG,myBas,KOLEJ MARA KUALA NERANG,KOLEJ MARA KUALA NERANG Bus Stop,6.241114,100.597336,07:30:00,,,
SHAHAB PERDANA - KUALA NERANG,myBas,SMK KUALA NERANG,SMK KUALA NERANG Bus Stop,6.243569,100.598369,07:31:00,,,
SHAHAB PERDANA - KUALA NERANG,myBas,TAMAN BELIMBING,TAMAN BELIMBING Bus Stop,6.245106,100.600072,07:32:00,,,
SHAHAB PERDANA - KUALA NERANG,myBas,KEMAS,KEMAS Bus Stop,6.248572,100.603169,07:33:00,,,
SHAHAB PERDANA - KUALA NERANG,myBas,SMK DATO SHEIKH AHMAD,SMK DATO SHEIKH AHMAD Bus Stop,6.251228,100.60585,07:34:00,,,
SHAHAB PERDANA - KUALA NERANG,myBas,PEJABAT PEKHIDMATAN VETERINAR DAERAH PADANG TERAP,PEJABAT PEKHIDMATAN VETERINAR DAERAH PADANG TERAP Bus Stop,6.253233,100.607797,07:35:00,,,
SHAHAB PERDANA - KUALA NERANG,myBas,PEKAN KUALA NERANG,PEKAN KUALA NERANG Bus Stop,6.255489,100.610064,07:36:00,,,
SHAHAB PERDANA - KUALA NERANG,myBas,STESEN BAS KUALA NERANG,STESEN BAS KUALA NERANG Bus Stop,6.257708,100.610325,07:37:00,,,
SHAHAB PERDANA - JITRA,myBas,TERMINAL SHAHAB PERDANA,TERMINAL SHAHAB PERDANA Bus Stop,6.140289,100.354178,06:30:00,,,
SHAHAB PERDANA - JITRA,myBas,MASJID AL RAHMAH,MASJID AL RAHMAH Bus Stop,6.1426,100.356758,06:31:00,,,
SHAHAB PERDANA - JITRA,myBas,MEDAN SELERA TAMAN WIRA MERGONG,MEDAN SELERA TAMAN WIRA MERGONG Bus Stop,6.142911,100.360075,06:32:00,,,
SHAHAB PERDANA - JITRA,myBas,TAMAN WIRA,TAMAN WIRA Bus Stop,6.143017,100.362864,06:33:00,,,
SHAHAB PERDANA - JITRA,myBas,KG LUBUK PERINGGI,KG LUBUK PERINGGI Bus Stop,6.143336,100.364103,06:34:00,,,
SHAHAB PERDANA - JITRA,myBas,GIAT MARA,GIAT MARA Bus Stop,6.143364,100.366106,06:35:00,,,
SHAHAB PERDANA - JITRA,myBas,STOR JKR,STOR JKR Bus Stop,6.143683,100.3694,06:36:00,,,
SHAHAB PERDANA - JITRA,myBas,HOSPITAL ALOR SETAR 1,HOSPITAL ALOR SETAR 1 Bus Stop,6.142819,100.370392,06:37:00,,,
SHAHAB PERDANA - JITRA,myBas,KOMPLEKS SUKAN 1,KOMPLEKS SUKAN 1 Bus Stop,6.137972,100.370094,06:38:00,,,
SHAHAB PERDANA - JITRA,myBas,STADIUM DARUL AMAN KEDAH,STADIUM DARUL AMAN KEDAH Bus Stop,6.136389,100.369689,06:39:00,,,
SHAHAB PERDANA - JITRA,myBas,STADIUM DARUL AMAN KEDAH 2,STADIUM DARUL AMAN KEDAH 2 Bus Stop,6.134444,100.369078,06:40:00,,,
SHAHAB PERDANA - JITRA,myBas,BAKAR BATA ALOR SETAR,BAKAR BATA ALOR SETAR Bus Stop,6.131519,100.368314,06:41:00,,,
SHAHAB PERDANA - JITRA,myBas,WISMA KANCUT ALOR SETAR,WISMA KANCUT ALOR SETAR Bus Stop,6.128478,100.367597,06:42:00,,,
SHAHAB PERDANA - JITRA,myBas,AMAN CENTRAL / MENARA ALOR SETAR,AMAN CENTRAL / MENARA ALOR SETAR Bus Stop,6.124797,100.366942,06:43:00,,,
SHAHAB PERDANA - JITRA,myBas,DATARAN ALOR SETAR,DATARAN ALOR SETAR Bus Stop,6.11965,100.365533,06:44:00,,,
SHAHAB PERDANA - JITRA,myBas,PEKAN RABU,PEKAN RABU Bus Stop,6.117289,100.367619,06:45:00,,,
SHAHAB PERDANA - JITRA,myBas,BSN PEKAN RABU,BSN PEKAN RABU Bus Stop,6.118964,100.368544,06:46:00,,,
SHAHAB PERDANA - JITRA,myBas,OPP IPD KOTA SETAR,OPP IPD KOTA SETAR Bus Stop,6.120761,100.369717,06:47:00,,,
SHAHAB PERDANA - JITRA,myBas,UKIR MALL,UKIR MALL Bus Stop,6.122114,100.370653,06:48:00,,,
SHAHAB PERDANA - JITRA,myBas,WISMA PKNK,WISMA PKNK Bus Stop,6.135511,100.373011,06:50:00,,,
SHAHAB PERDANA - JITRA,myBas,WISMA KANCUT,WISMA KANCUT Bus Stop,6.128478,100.367597,06:51:00,,,
SHAHAB PERDANA - JITRA,myBas,BAKAR BATA,BAKAR BATA Bus Stop,6.131519,100.368314,06:52:00,,,
SHAHAB PERDANA - JITRA,myBas,STADIUM DARUL AMAN 2,STADIUM DARUL AMAN 2 Bus Stop,6.134444,100.369078,06:53:00,,,
SHAHAB PERDANA - JITRA,myBas,STADIUM DARUL AMAN,STADIUM DARUL AMAN Bus Stop,6.136389,100.369689,06:54:00,,,
SHAHAB PERDANA - JITRA,myBas,KOMPLEKS SUKAN,KOMPLEKS SUKAN Bus Stop,6.137972,100.370094,06:55:00,,,
SHAHAB PERDANA - JITRA,myBas,HOSPITAL ALOR SETAR,HOSPITAL ALOR SETAR Bus Stop,6.142819,100.370392,06:56:00,,,
SHAHAB PERDANA - JITRA,myBas,WISMA DARUL AMAN,WISMA DARUL AMAN Bus Stop,6.144878,100.370194,06:57:00,,,
SHAHAB PERDANA - JITRA,myBas,KEDAH MEDICAL CENTRE,KEDAH MEDICAL CENTRE Bus Stop,6.149108,100.369833,06:58:00,,,
SHAHAB PERDANA - JITRA,myBas,KELAB ROYAL KEDAH,KELAB ROYAL KEDAH Bus Stop,6.150631,100.369708,06:59:00,,,
SHAHAB PERDANA - JITRA,myBas,APARTMENT KCS,APARTMENT KCS Bus Stop,6.154211,100.369397,07:00:00,,,
SHAHAB PERDANA - JITRA,myBas,PETRONAS ALOR MERAH,PETRONAS ALOR MERAH Bus Stop,6.158728,100.369156,07:01:00,,,
SHAHAB PERDANA - JITRA,myBas,ALOR MERAH,ALOR MERAH Bus Stop,6.164708,100.368617,07:02:00,,,
SHAHAB PERDANA - JITRA,myBas,PANTAI JOHOR,PANTAI JOHOR Bus Stop,6.168517,100.368283,07:03:00,,,
SHAHAB PERDANA - JITRA,myBas,TAMAN SELADANG,TAMAN SELADANG Bus Stop,6.120761,100.369717,07:04:00,,,
SHAHAB PERDANA - JITRA,myBas,PEJABAT PENGHULU TITI GAJAH / TAMAN BERLIAN / TAMAN KANCIL,PEJABAT PENGHULU TITI GAJAH / TAMAN BERLIAN / TAMAN KANCIL Bus Stop,6.174631,100.369244,07:05:00,,,
SHAHAB PERDANA - JITRA,myBas,MASJID TENGKU INTAN SYAFINAZ,MASJID TENGKU INTAN SYAFINAZ Bus Stop,6.178044,100.371808,07:06:00,,,
SHAHAB PERDANA - JITRA,myBas,KG ALOR SENJAYA,KG ALOR SENJAYA Bus Stop,6.188994,100.379486,07:08:00,,,
SHAHAB PERDANA - JITRA,myBas,SK TITI GAJAH,SK TITI GAJAH Bus Stop,6.188994,100.379486,07:09:00,,,
SHAHAB PERDANA - JITRA,myBas,TAMAN DESA MUTIARA,TAMAN DESA MUTIARA Bus Stop,6.196925,100.386694,07:11:00,,,
SHAHAB PERDANA - JITRA,myBas,LAPANGAN TERBANG SULTAN ABDUL HALIM,LAPANGAN TERBANG SULTAN ABDUL HALIM Bus Stop,6.194492,100.391528,07:12:00,,,
SHAHAB PERDANA - JITRA,myBas,TITI GAJAH,TITI GAJAH Bus Stop,6.202256,100.394539,07:15:00,,,
SHAHAB PERDANA - JITRA,myBas,SMA TITI BESI,SMA TITI BESI Bus Stop,6.203211,100.4003,07:16:00,,,
SHAHAB PERDANA - JITRA,myBas,BIRO TATA NEGARA,BIRO TATA NEGARA Bus Stop,6.20265,100.403717,07:17:00,,,
SHAHAB PERDANA - JITRA,myBas,TUDM KEPALA BATAS,TUDM KEPALA BATAS Bus Stop,6.201558,100.410606,07:18:00,,,
SHAHAB PERDANA - JITRA,myBas,PEKAN KEPALA BATAS,PEKAN KEPALA BATAS Bus Stop,6.204872,100.413375,07:19:00,,,
SHAHAB PERDANA - JITRA,myBas,TAMAN JALAI JAYA,TAMAN JALAI JAYA Bus Stop,6.210131,100.414828,07:20:00,,,
SHAHAB PERDANA - JITRA,myBas,KEM TOK JALAI,KEM TOK JALAI Bus Stop,6.214911,100.416064,07:21:00,,,
SHAHAB PERDANA - JITRA,myBas,SMK TUNKU ANUM,SMK TUNKU ANUM Bus Stop,6.219617,100.417311,07:22:00,,,
SHAHAB PERDANA - JITRA,myBas,KEM SULTAN ABDUL HALIM,KEM SULTAN ABDUL HALIM Bus Stop,6.224903,100.418681,07:23:00,,,
SHAHAB PERDANA - JITRA,myBas,SM SULTAN ABDUL HALIM,SM SULTAN ABDUL HALIM Bus Stop,6.229056,100.419564,07:24:00,,,
SHAHAB PERDANA - JITRA,myBas,TNB TANJUNG SEPAH,TNB TANJUNG SEPAH Bus Stop,6.234322,100.419675,07:25:00,,,
SHAHAB PERDANA - JITRA,myBas,POLIMAS,POLIMAS Bus Stop,6.250022,100.430519,07:28:00,,,
SHAHAB PERDANA - JITRA,myBas,SMK JITRA JITRA,SMK JITRA JITRA Bus Stop,6.260561,100.419967,07:31:00,,,
SHAHAB PERDANA - JITRA,myBas,SK JITRA KEDAH,SK JITRA KEDAH Bus Stop,6.261928,100.419978,07:32:00,,,
SHAHAB PERDANA - JITRA,myBas,PEKAN JITRA KEDAH,PEKAN JITRA KEDAH Bus Stop,6.263481,100.419983,07:33:00,,,
SHAHAB PERDANA - JITRA,myBas,MASJID JITRA,MASJID JITRA Bus Stop,6.266553,100.417625,07:34:00,,,
SHAHAB PERDANA - JITRA,myBas,TAMAN DESA SINARAN,TAMAN DESA SINARAN Bus Stop,6.270997,100.409658,07:35:00,,,
SHAHAB PERDANA - JITRA,myBas,BERNAS,BERNAS Bus Stop,6.273603,100.40865,07:36:00,,,
SHAHAB PERDANA - JITRA,myBas,SMK SERI MAHAWANGSA,SMK SERI MAHAWANGSA Bus Stop,6.272711,100.420139,07:39:00,,,
SHAHAB PERDANA - JITRA,myBas,PEJABAT HUTAN DAERAH,PEJABAT HUTAN DAERAH Bus Stop,6.270536,100.420058,07:40:00,,,
SHAHAB PERDANA - JITRA,myBas,PEKAN JITRA,PEKAN JITRA Bus Stop,6.263481,100.419983,07:41:00,,,
SHAHAB PERDANA - JITRA,myBas,SK JITRA,SK JITRA Bus Stop,6.261928,100.419978,07:42:00,,,
SHAHAB PERDANA - JITRA,myBas,SMK JITRA,SMK JITRA Bus Stop,6.260561,100.419967,07:43:00,,,
SHAHAB PERDANA - JITRA,myBas,STESEN BAS JITRA,STESEN BAS JITRA Bus Stop,6.259142,100.417417,07:44:00,,,
SHAHAB PERDANA - PENDANG VIA SIMPANG EMPAT,myBas,TERMINAL SHAHAB PERDANA,TERMINAL SHAHAB PERDANA Bus Stop,6.140289,100.354178,06:30:00,,,
SHAHAB PERDANA - PENDANG VIA SIMPANG EMPAT,myBas,MASJID AL RAHMAH,MASJID AL RAHMAH Bus Stop,6.1426,100.356758,06:31:00,,,
SHAHAB PERDANA - PENDANG VIA SIMPANG EMPAT,myBas,MEDAN SELERA TAMAN WIRA MERGONG,MEDAN SELERA TAMAN WIRA MERGONG Bus Stop,6.142911,100.360075,06:32:00,,,
SHAHAB PERDANA - PENDANG VIA SIMPANG EMPAT,myBas,TAMAN WIRA,TAMAN WIRA Bus Stop,6.143017,100.362864,06:33:00,,,
SHAHAB PERDANA - PENDANG VIA SIMPANG EMPAT,myBas,KG LUBUK PERINGGI,KG LUBUK PERINGGI Bus Stop,6.143336,100.364103,06:34:00,,,
SHAHAB PERDANA - PENDANG VIA SIMPANG EMPAT,myBas,GIAT MARA,GIAT MARA Bus Stop,6.143364,100.366106,06:35:00,,,
SHAHAB PERDANA - PENDANG VIA SIMPANG EMPAT,myBas,STOR JKR,STOR JKR Bus Stop,6.143683,100.3694,06:36:00,,,
SHAHAB PERDANA - PENDANG VIA SIMPANG EMPAT,myBas,HOSPITAL ALOR SETAR,HOSPITAL ALOR SETAR Bus Stop,6.142819,100.370392,06:37:00,,,
SHAHAB PERDANA - PENDANG VIA SIMPANG EMPAT,myBas,KOMPLEKS SUKAN,KOMPLEKS SUKAN Bus Stop,6.137972,100.370094,06:38:00,,,
SHAHAB PERDANA - PENDANG VIA SIMPANG EMPAT,myBas,STADIUM DARUL AMAN,STADIUM DARUL AMAN Bus Stop,6.136389,100.369689,06:39:00,,,
SHAHAB PERDANA - PENDANG VIA SIMPANG EMPAT,myBas,STADIUM DARUL AMAN 2,STADIUM DARUL AMAN 2 Bus Stop,6.134444,100.369078,06:40:00,,,
SHAHAB PERDANA - PENDANG VIA SIMPANG EMPAT,myBas,BAKAR BATA,BAKAR BATA Bus Stop,6.131519,100.368314,06:41:00,,,
SHAHAB PERDANA - PENDANG VIA SIMPANG EMPAT,myBas,WISMA KANCUT,WISMA KANCUT Bus Stop,6.128478,100.367597,06:42:00,,,
SHAHAB PERDANA - PENDANG VIA SIMPANG EMPAT,myBas,WISMA PKNK,WISMA PKNK Bus Stop,6.135511,100.373011,06:43:00,,,
SHAHAB PERDANA - PENDANG VIA SIMPANG EMPAT,myBas,UKIR MALL,UKIR MALL Bus Stop,6.122114,100.370653,06:45:00,,,
SHAHAB PERDANA - PENDANG VIA SIMPANG EMPAT,myBas,OPP IPD KOTA SETAR,OPP IPD KOTA SETAR Bus Stop,6.120761,100.369717,06:46:00,,,
SHAHAB PERDANA - PENDANG VIA SIMPANG EMPAT,myBas,BSN PEKAN RABU,BSN PEKAN RABU Bus Stop,6.118964,100.368544,06:47:00,,,
SHAHAB PERDANA - PENDANG VIA SIMPANG EMPAT,myBas,PEKAN RABU,PEKAN RABU Bus Stop,6.117289,100.367619,06:48:00,,,
SHAHAB PERDANA - PENDANG VIA SIMPANG EMPAT,myBas,SEBERANG PERAK,SEBERANG PERAK Bus Stop,6.113247,100.364664,06:49:00,,,
SHAHAB PERDANA - PENDANG VIA SIMPANG EMPAT,myBas,HIJAU KUNING,HIJAU KUNING Bus Stop,6.107708,100.364333,06:50:00,,,
SHAHAB PERDANA - PENDANG VIA SIMPANG EMPAT,myBas,SJK(C) SIN MIN,SJK(C) SIN MIN Bus Stop,6.102356,100.364008,06:51:00,,,
SHAHAB PERDANA - PENDANG VIA SIMPANG EMPAT,myBas,SIMPANG KUALA,SIMPANG KUALA Bus Stop,6.099522,100.363839,06:52:00,,,
SHAHAB PERDANA - PENDANG VIA SIMPANG EMPAT,myBas,SIMPANG KUALA 2,SIMPANG KUALA 2 Bus Stop,6.096933,100.363689,06:53:00,,,
SHAHAB PERDANA - PENDANG VIA SIMPANG EMPAT,myBas,SMK TEKNIK ALOR SETAR,SMK TEKNIK ALOR SETAR Bus Stop,6.093081,100.363461,06:54:00,,,
SHAHAB PERDANA - PENDANG VIA SIMPANG EMPAT,myBas,HENTIAN KOMPLEKS WANTAS,HENTIAN KOMPLEKS WANTAS Bus Stop,6.088339,100.363175,06:55:00,,,
SHAHAB PERDANA - PENDANG VIA SIMPANG EMPAT,myBas,LEBUHRAYA SELATAN,LEBUHRAYA SELATAN Bus Stop,6.082653,100.362878,06:56:00,,,
SHAHAB PERDANA - PENDANG VIA SIMPANG EMPAT,myBas,SK DATO WAN MOHAMAD SAMAN,SK DATO WAN MOHAMAD SAMAN Bus Stop,6.074375,100.363758,06:57:00,,,
SHAHAB PERDANA - PENDANG VIA SIMPANG EMPAT,myBas,TANDOP,TANDOP Bus Stop,6.063656,100.367672,06:59:00,,,
SHAHAB PERDANA - PENDANG VIA SIMPANG EMPAT,myBas,TAMAN DESA KAMILAH,TAMAN DESA KAMILAH Bus Stop,6.055047,100.370822,07:01:00,,,
SHAHAB PERDANA - PENDANG VIA SIMPANG EMPAT,myBas,TAMAN BERSATU,TAMAN BERSATU Bus Stop,6.043003,100.375122,07:03:00,,,
SHAHAB PERDANA - PENDANG VIA SIMPANG EMPAT,myBas,TAMAN SIMPANG EMPAT,TAMAN SIMPANG EMPAT Bus Stop,6.035347,100.377892,07:04:00,,,
SHAHAB PERDANA - PENDANG VIA SIMPANG EMPAT,myBas,SIMPANG EMPAT,SIMPANG EMPAT Bus Stop,6.024306,100.381889,07:06:00,,,
SHAHAB PERDANA - PENDANG VIA SIMPANG EMPAT,myBas,KG KEPALA PARIT DALAM,KG KEPALA PARIT DALAM Bus Stop,6.026386,100.387411,07:07:00,,,
SHAHAB PERDANA - PENDANG VIA SIMPANG EMPAT,myBas,TAMAN MERPATI,TAMAN MERPATI Bus Stop,6.027894,100.394733,07:08:00,,,
SHAHAB PERDANA - PENDANG VIA SIMPANG EMPAT,myBas,SMK TOKAI,SMK TOKAI Bus Stop,6.02735,100.403636,07:10:00,,,
SHAHAB PERDANA - PENDANG VIA SIMPANG EMPAT,myBas,KLINIK DESA TOKAI,KLINIK DESA TOKAI Bus Stop,6.027319,100.412933,07:12:00,,,
SHAHAB PERDANA - PENDANG VIA SIMPANG EMPAT,myBas,PEJABAT PENDIDIKAN DAERAH PENDANG,PEJABAT PENDIDIKAN DAERAH PENDANG Bus Stop,6.028169,100.428047,07:14:00,,,
SHAHAB PERDANA - PENDANG VIA SIMPANG EMPAT,myBas,SIMPANG JELAI,SIMPANG JELAI Bus Stop,6.029014,100.441167,07:16:00,,,
SHAHAB PERDANA - PENDANG VIA SIMPANG EMPAT,myBas,SK KAMPUNG RAMBAI,SK KAMPUNG RAMBAI Bus Stop,6.029722,100.452508,07:18:00,,,
SHAHAB PERDANA - PENDANG VIA SIMPANG EMPAT,myBas,MASJID HASANI KAMPUNG RAMBAI,MASJID HASANI KAMPUNG RAMBAI Bus Stop,6.029967,100.457164,07:19:00,,,
SHAHAB PERDANA - PENDANG VIA SIMPANG EMPAT,myBas,KG ALOR BUNGA SENA,KG ALOR BUNGA SENA Bus Stop,6.030614,100.469294,07:21:00,,,
SHAHAB PERDANA - PENDANG VIA SIMPANG EMPAT,myBas,TANAH MERAH,TANAH MERAH Bus Stop,6.028381,100.481142,07:23:00,,,
SHAHAB PERDANA - PENDANG VIA SIMPANG EMPAT,myBas,KG BANGGOL BESI,KG BANGGOL BESI Bus Stop,6.019264,100.482531,07:25:00,,,
SHAHAB PERDANA - PENDANG VIA SIMPANG EMPAT,myBas,SK TANAH MERAH,SK TANAH MERAH Bus Stop,6.018186,100.482497,07:26:00,,,
SHAHAB PERDANA - PENDANG VIA SIMPANG EMPAT,myBas,SMK TANAH MERAH,SMK TANAH MERAH Bus Stop,6.014575,100.482397,07:27:00,,,
SHAHAB PERDANA - PENDANG VIA SIMPANG EMPAT,myBas,TAMAN AMAN SEJAHTERA,TAMAN AMAN SEJAHTERA Bus Stop,6.004528,100.481356,07:29:00,,,
SHAHAB PERDANA - PENDANG VIA SIMPANG EMPAT,myBas,DARSVILLE PARK,DARSVILLE PARK Bus Stop,5.998508,100.480453,07:30:00,,,
SHAHAB PERDANA - PENDANG VIA SIMPANG EMPAT,myBas,SMA ISLAH,SMA ISLAH Bus Stop,5.994072,100.479194,07:31:00,,,
SHAHAB PERDANA - PENDANG VIA SIMPANG EMPAT,myBas,PERHENTIAN BAS PENDANG,PERHENTIAN BAS PENDANG Bus Stop,5.993814,100.476381,07:32:00,,,
SHAHAB PERDANA - PENDANG VIA KOTA SARANG SEMUT,myBas,TERMINAL SHAHAB PERDANA,TERMINAL SHAHAB PERDANA Bus Stop,6.140289,100.354178,06:00:00,,,
SHAHAB PERDANA - PENDANG VIA KOTA SARANG SEMUT,myBas,MASJID AL RAHMAH,MASJID AL RAHMAH Bus Stop,6.1426,100.356758,06:01:00,,,
SHAHAB PERDANA - PENDANG VIA KOTA SARANG SEMUT,myBas,MEDAN SELERA TAMAN WIRA MERGONG,MEDAN SELERA TAMAN WIRA MERGONG Bus Stop,6.142911,100.360075,06:02:00,,,
SHAHAB PERDANA - PENDANG VIA KOTA SARANG SEMUT,myBas,TAMAN WIRA,TAMAN WIRA Bus Stop,6.143017,100.362864,06:03:00,,,
SHAHAB PERDANA - PENDANG VIA KOTA SARANG SEMUT,myBas,TAMAN UTAMA,TAMAN UTAMA Bus Stop,6.137658,100.362453,06:04:00,,,
SHAHAB PERDANA - PENDANG VIA KOTA SARANG SEMUT,myBas,TAMAN DELIMA / DESA BAIDURI,TAMAN DELIMA / DESA BAIDURI Bus Stop,6.133097,100.360408,06:05:00,,,
SHAHAB PERDANA - PENDANG VIA KOTA SARANG SEMUT,myBas,STAR VILLAGE,STAR VILLAGE Bus Stop,6.129833,100.359928,06:06:00,,,
SHAHAB PERDANA - PENDANG VIA KOTA SARANG SEMUT,myBas,SK WAN SULAIMAN SIDDIQ,SK WAN SULAIMAN SIDDIQ Bus Stop,6.126928,100.365622,06:07:00,,,
SHAHAB PERDANA - PENDANG VIA KOTA SARANG SEMUT,myBas,WISMA PKNK,WISMA PKNK Bus Stop,6.135511,100.373011,06:08:00,,,
SHAHAB PERDANA - PENDANG VIA KOTA SARANG SEMUT,myBas,UKIR MALL,UKIR MALL Bus Stop,6.122114,100.370653,06:10:00,,,
SHAHAB PERDANA - PENDANG VIA KOTA SARANG SEMUT,myBas,OPP IPD KOTA SETAR,OPP IPD KOTA SETAR Bus Stop,6.120761,100.369717,06:11:00,,,
SHAHAB PERDANA - PENDANG VIA KOTA SARANG SEMUT,myBas,BSN PEKAN RABU,BSN PEKAN RABU Bus Stop,6.118964,100.368544,06:12:00,,,
SHAHAB PERDANA - PENDANG VIA KOTA SARANG SEMUT,myBas,PEKAN RABU,PEKAN RABU Bus Stop,6.117289,100.367619,06:13:00,,,
SHAHAB PERDANA - PENDANG VIA KOTA SARANG SEMUT,myBas,SEBERANG PERAK,SEBERANG PERAK Bus Stop,6.113247,100.364664,06:15:00,,,
SHAHAB PERDANA - PENDANG VIA KOTA SARANG SEMUT,myBas,RUMAH TUN MAHATHIR,RUMAH TUN MAHATHIR Bus Stop,6.113686,100.362992,06:16:00,,,
SHAHAB PERDANA - PENDANG VIA KOTA SARANG SEMUT,myBas,SK SUNGAI KOROK LAMA,SK SUNGAI KOROK LAMA Bus Stop,6.108678,100.361728,06:17:00,,,
SHAHAB PERDANA - PENDANG VIA KOTA SARANG SEMUT,myBas,SK JALAN PEGAWAI,SK JALAN PEGAWAI Bus Stop,6.103319,100.361406,06:18:00,,,
SHAHAB PERDANA - PENDANG VIA KOTA SARANG SEMUT,myBas,MAKTAB MAHMUD,MAKTAB MAHMUD Bus Stop,6.102567,100.361322,06:19:00,,,
SHAHAB PERDANA - PENDANG VIA KOTA SARANG SEMUT,myBas,MAKTAB MAHMUD 2,MAKTAB MAHMUD 2 Bus Stop,6.098703,100.360628,06:20:00,,,
SHAHAB PERDANA - PENDANG VIA KOTA SARANG SEMUT,myBas,KLINIK KESIHATAN SIMPANG KUALA 2,KLINIK KESIHATAN SIMPANG KUALA 2 Bus Stop,6.097472,100.358856,06:21:00,,,
SHAHAB PERDANA - PENDANG VIA KOTA SARANG SEMUT,myBas,KLINIK KESIHATAN SIMPANG KUALA 3,KLINIK KESIHATAN SIMPANG KUALA 3 Bus Stop,6.097703,100.360728,06:22:00,,,
SHAHAB PERDANA - PENDANG VIA KOTA SARANG SEMUT,myBas,TAMAN ORKID,TAMAN ORKID Bus Stop,6.097169,100.355603,06:23:00,,,
SHAHAB PERDANA - PENDANG VIA KOTA SARANG SEMUT,myBas,AGROBAZAAR JLN GUNUNG PERAK,AGROBAZAAR JLN GUNUNG PERAK Bus Stop,6.095036,100.354706,06:24:00,,,
SHAHAB PERDANA - PENDANG VIA KOTA SARANG SEMUT,myBas,BHP TAMAN GUNUNG PERAK,BHP TAMAN GUNUNG PERAK Bus Stop,6.090853,100.356064,06:25:00,,,
SHAHAB PERDANA - PENDANG VIA KOTA SARANG SEMUT,myBas,SK DATO WAN MOHAMAD SAMAN,SK DATO WAN MOHAMAD SAMAN Bus Stop,6.074375,100.363758,06:28:00,,,
SHAHAB PERDANA - PENDANG VIA KOTA SARANG SEMUT,myBas,TANDOP,TANDOP Bus Stop,6.063656,100.367672,06:30:00,,,
SHAHAB PERDANA - PENDANG VIA KOTA SARANG SEMUT,myBas,TAMAN DESA KAMILAH,TAMAN DESA KAMILAH Bus Stop,6.055047,100.370822,06:32:00,,,
SHAHAB PERDANA - PENDANG VIA KOTA SARANG SEMUT,myBas,TAMAN BERSATU,TAMAN BERSATU Bus Stop,6.043003,100.375122,06:34:00,,,
SHAHAB PERDANA - PENDANG VIA KOTA SARANG SEMUT,myBas,TAMAN SIMPANG EMPAT,TAMAN SIMPANG EMPAT Bus Stop,6.035347,100.377892,06:35:00,,,
SHAHAB PERDANA - PENDANG VIA KOTA SARANG SEMUT,myBas,SIMPANG EMPAT,SIMPANG EMPAT Bus Stop,6.024306,100.381889,06:37:00,,,
SHAHAB PERDANA - PENDANG VIA KOTA SARANG SEMUT,myBas,SK HAJI HASSAN ITAM,SK HAJI HASSAN ITAM Bus Stop,6.021608,100.382839,06:38:00,,,
SHAHAB PERDANA - PENDANG VIA KOTA SARANG SEMUT,myBas,SMA IHYA UL ULUM AD DINIAH,SMA IHYA UL ULUM AD DINIAH Bus Stop,6.018197,100.384061,06:39:00,,,
SHAHAB PERDANA - PENDANG VIA KOTA SARANG SEMUT,myBas,MASJID AT TAQWA,MASJID AT TAQWA Bus Stop,6.011483,100.386422,06:40:00,,,
SHAHAB PERDANA - PENDANG VIA KOTA SARANG SEMUT,myBas,SK BULUH LIMA,SK BULUH LIMA Bus Stop,5.988111,100.394778,06:43:00,,,
SHAHAB PERDANA - PENDANG VIA KOTA SARANG SEMUT,myBas,PUSAT PERNIAGAAN KOTA JAYA / KOTA SARANG SEMUT,PUSAT PERNIAGAAN KOTA JAYA / KOTA SARANG SEMUT Bus Stop,5.975483,100.399383,06:45:00,,,
SHAHAB PERDANA - PENDANG VIA KOTA SARANG SEMUT,myBas,SJK(C) MIN SIN,SJK(C) MIN SIN Bus Stop,5.974022,100.402514,06:46:00,,,
SHAHAB PERDANA - PENDANG VIA KOTA SARANG SEMUT,myBas,JALAN PENDANG TANAH MERAH,JALAN PENDANG TANAH MERAH Bus Stop,5.972792,100.410403,06:47:00,,,
SHAHAB PERDANA - PENDANG VIA KOTA SARANG SEMUT,myBas,SK BUKIT CHORAS,SK BUKIT CHORAS Bus Stop,5.970589,100.419819,06:49:00,,,
SHAHAB PERDANA - PENDANG VIA KOTA SARANG SEMUT,myBas,PEKAN KOBAH,PEKAN KOBAH Bus Stop,5.970194,100.435958,06:51:00,,,
SHAHAB PERDANA - PENDANG VIA KOTA SARANG SEMUT,myBas,SIMPANG KTM KOBAH,SIMPANG KTM KOBAH Bus Stop,5.971389,100.441475,06:52:00,,,
SHAHAB PERDANA - PENDANG VIA KOTA SARANG SEMUT,myBas,CALTEX PENDANG,CALTEX PENDANG Bus Stop,5.9779,100.450575,06:54:00,,,
SHAHAB PERDANA - PENDANG VIA KOTA SARANG SEMUT,myBas,SIMPANG BUKIT RAYA,SIMPANG BUKIT RAYA Bus Stop,5.980253,100.454614,06:55:00,,,
SHAHAB PERDANA - PENDANG VIA KOTA SARANG SEMUT,myBas,TAMAN GEMILANG 2,TAMAN GEMILANG 2 Bus Stop,5.985969,100.464947,06:57:00,,,
SHAHAB PERDANA - PENDANG VIA KOTA SARANG SEMUT,myBas,JABATAN PENDAFTARAN NEGARA  PENDANG,JABATAN PENDAFTARAN NEGARA  PENDANG Bus Stop,5.988669,100.469892,06:58:00,,,
SHAHAB PERDANA - PENDANG VIA KOTA SARANG SEMUT,myBas,SMK PENDANG,SMK PENDANG Bus Stop,5.9906,100.473411,06:59:00,,,
SHAHAB PERDANA - PENDANG VIA KOTA SARANG SEMUT,myBas,SJK(C) YENG CHENG,SJK(C) YENG CHENG Bus Stop,5.991325,100.474747,07:00:00,,,
SHAHAB PERDANA - PENDANG VIA KOTA SARANG SEMUT,myBas,PERHENTIAN BAS PENDANG,PERHENTIAN BAS PENDANG Bus Stop,5.993814,100.476381,07:01:00,,,
SHAHAB PERDANA - SUNGAI PETANI,myBas,TERMINAL SHAHAB PERDANA,TERMINAL SHAHAB PERDANA Bus Stop,6.140289,100.354178,06:00:00,,,
SHAHAB PERDANA - SUNGAI PETANI,myBas,MASJID AL RAHMAH,MASJID AL RAHMAH Bus Stop,6.1426,100.356758,06:01:00,,,
SHAHAB PERDANA - SUNGAI PETANI,myBas,MEDAN SELERA TAMAN WIRA MERGONG,MEDAN SELERA TAMAN WIRA MERGONG Bus Stop,6.142911,100.360075,06:02:00,,,
SHAHAB PERDANA - SUNGAI PETANI,myBas,TAMAN WIRA,TAMAN WIRA Bus Stop,6.143017,100.362864,06:03:00,,,
SHAHAB PERDANA - SUNGAI PETANI,myBas,KG LUBUK PERINGGI,KG LUBUK PERINGGI Bus Stop,6.143336,100.364103,06:04:00,,,
SHAHAB PERDANA - SUNGAI PETANI,myBas,GIAT MARA,GIAT MARA Bus Stop,6.143364,100.366106,06:05:00,,,
SHAHAB PERDANA - SUNGAI PETANI,myBas,STOR JKR,STOR JKR Bus Stop,6.143683,100.3694,06:06:00,,,
SHAHAB PERDANA - SUNGAI PETANI,myBas,HOSPITAL ALOR SETAR,HOSPITAL ALOR SETAR Bus Stop,6.142819,100.370392,06:07:00,,,
SHAHAB PERDANA - SUNGAI PETANI,myBas,KOMPLEKS SUKAN,KOMPLEKS SUKAN Bus Stop,6.137972,100.370094,06:08:00,,,
SHAHAB PERDANA - SUNGAI PETANI,myBas,STADIUM DARUL AMAN,STADIUM DARUL AMAN Bus Stop,6.136389,100.369689,06:09:00,,,
SHAHAB PERDANA - SUNGAI PETANI,myBas,STADIUM DARUL AMAN 2,STADIUM DARUL AMAN 2 Bus Stop,6.134444,100.369078,06:10:00,,,
SHAHAB PERDANA - SUNGAI PETANI,myBas,BAKAR BATA,BAKAR BATA Bus Stop,6.131519,100.368314,06:11:00,,,
SHAHAB PERDANA - SUNGAI PETANI,myBas,WISMA KANCUT,WISMA KANCUT Bus Stop,6.128478,100.367597,06:12:00,,,
SHAHAB PERDANA - SUNGAI PETANI,myBas,AMAN CENTRAL / MENARA ALOR SETAR,AMAN CENTRAL / MENARA ALOR SETAR Bus Stop,6.124797,100.366942,06:13:00,,,
SHAHAB PERDANA - SUNGAI PETANI,myBas,DATARAN ALOR SETAR,DATARAN ALOR SETAR Bus Stop,6.11965,100.365533,06:14:00,,,
SHAHAB PERDANA - SUNGAI PETANI,myBas,PEKAN RABU,PEKAN RABU Bus Stop,6.117289,100.367619,06:15:00,,,
SHAHAB PERDANA - SUNGAI PETANI,myBas,SEBERANG PERAK,SEBERANG PERAK Bus Stop,6.113247,100.364664,06:17:00,,,
SHAHAB PERDANA - SUNGAI PETANI,myBas,HIJAU KUNING,HIJAU KUNING Bus Stop,6.107708,100.364333,06:18:00,,,
SHAHAB PERDANA - SUNGAI PETANI,myBas,SJK(C) SIN MIN,SJK(C) SIN MIN Bus Stop,6.102356,100.364008,06:19:00,,,
SHAHAB PERDANA - SUNGAI PETANI,myBas,SIMPANG KUALA,SIMPANG KUALA Bus Stop,6.099522,100.363839,06:20:00,,,
SHAHAB PERDANA - SUNGAI PETANI,myBas,SIMPANG KUALA 2,SIMPANG KUALA 2 Bus Stop,6.096933,100.363689,06:21:00,,,
SHAHAB PERDANA - SUNGAI PETANI,myBas,SMK TEKNIK ALOR SETAR,SMK TEKNIK ALOR SETAR Bus Stop,6.093081,100.363461,06:22:00,,,
SHAHAB PERDANA - SUNGAI PETANI,myBas,HENTIAN KOMPLEKS WANTAS,HENTIAN KOMPLEKS WANTAS Bus Stop,6.088339,100.363175,06:23:00,,,
SHAHAB PERDANA - SUNGAI PETANI,myBas,LEBUHRAYA SELATAN,LEBUHRAYA SELATAN Bus Stop,6.082653,100.362878,06:24:00,,,
SHAHAB PERDANA - SUNGAI PETANI,myBas,SK DATO WAN MOHAMAD SAMAN,SK DATO WAN MOHAMAD SAMAN Bus Stop,6.074375,100.363758,06:25:00,,,
SHAHAB PERDANA - SUNGAI PETANI,myBas,TANDOP,TANDOP Bus Stop,6.063656,100.367672,06:27:00,,,
SHAHAB PERDANA - SUNGAI PETANI,myBas,TAMAN DESA KAMILAH,TAMAN DESA KAMILAH Bus Stop,6.055047,100.370822,06:29:00,,,
SHAHAB PERDANA - SUNGAI PETANI,myBas,TAMAN BERSATU,TAMAN BERSATU Bus Stop,6.043003,100.375122,06:31:00,,,
SHAHAB PERDANA - SUNGAI PETANI,myBas,TAMAN SIMPANG EMPAT,TAMAN SIMPANG EMPAT Bus Stop,6.035347,100.377892,06:32:00,,,
SHAHAB PERDANA - SUNGAI PETANI,myBas,SIMPANG EMPAT,SIMPANG EMPAT Bus Stop,6.024306,100.381889,06:34:00,,,
SHAHAB PERDANA - SUNGAI PETANI,myBas,SK HAJI HASSAN ITAM,SK HAJI HASSAN ITAM Bus Stop,6.021608,100.382839,06:35:00,,,
SHAHAB PERDANA - SUNGAI PETANI,myBas,SMA IHYA UL ULUM AD DINIAH,SMA IHYA UL ULUM AD DINIAH Bus Stop,6.018197,100.384061,06:36:00,,,
SHAHAB PERDANA - SUNGAI PETANI,myBas,MASJID AT TAQWA,MASJID AT TAQWA Bus Stop,6.011483,100.386422,06:37:00,,,
SHAHAB PERDANA - SUNGAI PETANI,myBas,SK BULUH LIMA,SK BULUH LIMA Bus Stop,5.988111,100.394778,06:40:00,,,
SHAHAB PERDANA - SUNGAI PETANI,myBas,PUSAT PERNIAGAAN KOTA JAYA / KOTA SARANG SEMUT,PUSAT PERNIAGAAN KOTA JAYA / KOTA SARANG SEMUT Bus Stop,5.975483,100.399383,06:42:00,,,
SHAHAB PERDANA - SUNGAI PETANI,myBas,PERHENTIAN BAS KOTA SARANG SEMUT,PERHENTIAN BAS KOTA SARANG SEMUT Bus Stop,5.97285,100.400378,06:43:00,,,
SHAHAB PERDANA - SUNGAI PETANI,myBas,TAMAN MADU LEBAH / SK BUKIT BESAR,TAMAN MADU LEBAH / SK BUKIT BESAR Bus Stop,5.953761,100.407631,06:46:00,,,
SHAHAB PERDANA - SUNGAI PETANI,myBas,SMA NAHDZAH,SMA NAHDZAH Bus Stop,5.951881,100.408356,06:47:00,,,
SHAHAB PERDANA - SUNGAI PETANI,myBas,KG TUALANG,KG TUALANG Bus Stop,5.945167,100.410842,06:48:00,,,
SHAHAB PERDANA - SUNGAI PETANI,myBas,SIMPANG TIGA SG DAUN,SIMPANG TIGA SG DAUN Bus Stop,5.934819,100.414811,06:50:00,,,
SHAHAB PERDANA - SUNGAI PETANI,myBas,SK SIMPANG TIGA SG DAUN,SK SIMPANG TIGA SG DAUN Bus Stop,5.929253,100.418117,06:51:00,,,
SHAHAB PERDANA - SUNGAI PETANI,myBas,KLINIK DESA SIMPANG TIGA,KLINIK DESA SIMPANG TIGA Bus Stop,5.916642,100.425783,06:53:00,,,
SHAHAB PERDANA - SUNGAI PETANI,myBas,PONDOK POLIS SG LIMA LUAR,PONDOK POLIS SG LIMA LUAR Bus Stop,5.913361,100.427772,06:54:00,,,
SHAHAB PERDANA - SUNGAI PETANI,myBas,SK PADANG LUMAT,SK PADANG LUMAT Bus Stop,5.906864,100.431692,06:55:00,,,
SHAHAB PERDANA - SUNGAI PETANI,myBas,MASJID UBUDIAH,MASJID UBUDIAH Bus Stop,5.905064,100.432761,06:56:00,,,
SHAHAB PERDANA - SUNGAI PETANI,myBas,SMA TAUFIKIAH KHAIRIYAH AL HALIMIAH,SMA TAUFIKIAH KHAIRIYAH AL HALIMIAH Bus Stop,5.899736,100.435989,06:57:00,,,
SHAHAB PERDANA - SUNGAI PETANI,myBas,SJK(C) PEI HWA,SJK(C) PEI HWA Bus Stop,5.884708,100.444647,06:59:00,,,
SHAHAB PERDANA - SUNGAI PETANI,myBas,TAMAN CEMPEDAK INDAH,TAMAN CEMPEDAK INDAH Bus Stop,5.8759,100.449581,07:01:00,,,
SHAHAB PERDANA - SUNGAI PETANI,myBas,SMK GUAR CEMPEDAK,SMK GUAR CEMPEDAK Bus Stop,5.866044,100.454233,07:03:00,,,
SHAHAB PERDANA - SUNGAI PETANI,myBas,SMK GUAR CHEMPEDAK 2,SMK GUAR CHEMPEDAK 2 Bus Stop,5.862878,100.455317,07:04:00,,,
SHAHAB PERDANA - SUNGAI PETANI,myBas,SK GUAR CHEMPEDAK,SK GUAR CHEMPEDAK Bus Stop,5.859539,100.456639,07:05:00,,,
SHAHAB PERDANA - SUNGAI PETANI,myBas,BALAI POLIS GUAR CHEMPEDAK / PEKAN GUAR CHEMPEDAK,BALAI POLIS GUAR CHEMPEDAK / PEKAN GUAR CHEMPEDAK Bus Stop,5.857611,100.457494,07:06:00,,,
SHAHAB PERDANA - SUNGAI PETANI,myBas,KLINIK KESIHATAN GUAR CHEMPEDAK,KLINIK KESIHATAN GUAR CHEMPEDAK Bus Stop,5.853486,100.459542,07:07:00,,,
SHAHAB PERDANA - SUNGAI PETANI,myBas,BOMBA GUAR CEMPEDAK,BOMBA GUAR CEMPEDAK Bus Stop,5.852153,100.460319,07:08:00,,,
SHAHAB PERDANA - SUNGAI PETANI,myBas,GUNUNG JERAI,GUNUNG JERAI Bus Stop,5.843578,100.466836,07:10:00,,,
SHAHAB PERDANA - SUNGAI PETANI,myBas,JERAI BESTARI,JERAI BESTARI Bus Stop,5.833525,100.473233,07:12:00,,,
SHAHAB PERDANA - SUNGAI PETANI,myBas,MASJID GURUN,MASJID GURUN Bus Stop,5.826406,100.475497,07:13:00,,,
SHAHAB PERDANA - SUNGAI PETANI,myBas,SK GURUN PUSAT,SK GURUN PUSAT Bus Stop,5.822,100.476786,07:14:00,,,
SHAHAB PERDANA - SUNGAI PETANI,myBas,KLINIK KOMINITI GURUN,KLINIK KOMINITI GURUN Bus Stop,5.819661,100.477503,07:15:00,,,
SHAHAB PERDANA - SUNGAI PETANI,myBas,PEKAN GURUN,PEKAN GURUN Bus Stop,5.817483,100.477736,07:16:00,,,
SHAHAB PERDANA - SUNGAI PETANI,myBas,TAMAN SURIA GURUN,TAMAN SURIA GURUN Bus Stop,5.811344,100.478267,07:17:00,,,
SHAHAB PERDANA - SUNGAI PETANI,myBas,KG BARU GURUN,KG BARU GURUN Bus Stop,5.808103,100.478675,07:18:00,,,
SHAHAB PERDANA - SUNGAI PETANI,myBas,SK SRI JERAI,SK SRI JERAI Bus Stop,5.804614,100.479194,07:19:00,,,
SHAHAB PERDANA - SUNGAI PETANI,myBas,SMK GURUN,SMK GURUN Bus Stop,5.801864,100.4796,07:20:00,,,
SHAHAB PERDANA - SUNGAI PETANI,myBas,SMA PEKAN GURUN,SMA PEKAN GURUN Bus Stop,5.798108,100.480158,07:21:00,,,
SHAHAB PERDANA - SUNGAI PETANI,myBas,TAMAN GURUN HARMONI,TAMAN GURUN HARMONI Bus Stop,5.793758,100.481008,07:22:00,,,
SHAHAB PERDANA - SUNGAI PETANI,myBas,TAMAN MURNI,TAMAN MURNI Bus Stop,5.791064,100.481569,07:23:00,,,
SHAHAB PERDANA - SUNGAI PETANI,myBas,TAMAN LEMBAH JERAI,TAMAN LEMBAH JERAI Bus Stop,5.787333,100.483244,07:24:00,,,
SHAHAB PERDANA - SUNGAI PETANI,myBas,PERUMAHAN PERWAJA,PERUMAHAN PERWAJA Bus Stop,5.773292,100.497703,07:27:00,,,
SHAHAB PERDANA - SUNGAI PETANI,myBas,THE CLOVE MONT RESORT,THE CLOVE MONT RESORT Bus Stop,5.762228,100.499708,07:29:00,,,
SHAHAB PERDANA - SUNGAI PETANI,myBas,SG TOK PAWANG,SG TOK PAWANG Bus Stop,5.756728,100.502075,07:30:00,,,
SHAHAB PERDANA - SUNGAI PETANI,myBas,SJK(T) TOH PAWANG,SJK(T) TOH PAWANG Bus Stop,5.752431,100.504206,07:31:00,,,
SHAHAB PERDANA - SUNGAI PETANI,myBas,PEKAN BIDONG / TAMAN SELESA,PEKAN BIDONG / TAMAN SELESA Bus Stop,5.743728,100.507169,07:33:00,,,
SHAHAB PERDANA - SUNGAI PETANI,myBas,PEKAN BEDONG,PEKAN BEDONG Bus Stop,5.728736,100.513028,07:35:00,,,
SHAHAB PERDANA - SUNGAI PETANI,myBas,SK SERI AMAN,SK SERI AMAN Bus Stop,5.727242,100.513675,07:36:00,,,
SHAHAB PERDANA - SUNGAI PETANI,myBas,PERMAIPURA,PERMAIPURA Bus Stop,5.722686,100.515536,07:37:00,,,
SHAHAB PERDANA - SUNGAI PETANI,myBas,TAMAN DESA BUDIMAN,TAMAN DESA BUDIMAN Bus Stop,5.715919,100.518081,07:38:00,,,
SHAHAB PERDANA - SUNGAI PETANI,myBas,PETRON SG LALANG,PETRON SG LALANG Bus Stop,5.709058,100.520772,07:39:00,,,
SHAHAB PERDANA - SUNGAI PETANI,myBas,PEKAN SG LALANG,PEKAN SG LALANG Bus Stop,5.702031,100.519853,07:40:00,,,
SHAHAB PERDANA - SUNGAI PETANI,myBas,PEKAN SG LALANG 2,PEKAN SG LALANG 2 Bus Stop,5.699378,100.517483,07:41:00,,,
SHAHAB PERDANA - SUNGAI PETANI,myBas,MASJID AL-MAKMUR SG LALANG,MASJID AL-MAKMUR SG LALANG Bus Stop,5.695981,100.514761,07:42:00,,,
SHAHAB PERDANA - SUNGAI PETANI,myBas,BUKIT MAKMUR,BUKIT MAKMUR Bus Stop,5.691522,100.511414,07:43:00,,,
SHAHAB PERDANA - SUNGAI PETANI,myBas,SUNGAI TUKANG,SUNGAI TUKANG Bus Stop,5.685733,100.509567,07:44:00,,,
SHAHAB PERDANA - SUNGAI PETANI,myBas,C MART SG PETANI,C MART SG PETANI Bus Stop,5.678158,100.5081,07:45:00,,,
SHAHAB PERDANA - SUNGAI PETANI,myBas,TAMAN RIA,TAMAN RIA Bus Stop,5.667967,100.505853,07:47:00,,,
SHAHAB PERDANA - SUNGAI PETANI,myBas,LOTUS SG PETANI,LOTUS SG PETANI Bus Stop,5.660844,100.502544,07:48:00,,,
SHAHAB PERDANA - SUNGAI PETANI,myBas,SM SAINS SULTAN MUHAMMAD JIWA,SM SAINS SULTAN MUHAMMAD JIWA Bus Stop,5.655139,100.500831,07:49:00,,,
SHAHAB PERDANA - SUNGAI PETANI,myBas,PENJARA SG PETANI,PENJARA SG PETANI Bus Stop,5.647142,100.496386,07:51:00,,,
SHAHAB PERDANA - SUNGAI PETANI,myBas,PEJABAT DAERAH SG PETANI,PEJABAT DAERAH SG PETANI Bus Stop,5.643908,100.489081,07:53:00,,,
SHAHAB PERDANA - SUNGAI PETANI,myBas,STESEN BAS SG PETANI,STESEN BAS SG PETANI Bus Stop,5.639839,100.488111,07:54:00,,,
SUNGAI PETANI - PANTAI MERDEKA,myBas,STESEN BAS SG PETANI,STESEN BAS SG PETANI Bus Stop,5.639839,100.488111,06:30:00,,,
SUNGAI PETANI - PANTAI MERDEKA,myBas,CENTRAL SQUARE,CENTRAL SQUARE Bus Stop,5.636842,100.488086,06:31:00,,,
SUNGAI PETANI - PANTAI MERDEKA,myBas,BAKAR ARANG,BAKAR ARANG Bus Stop,5.632669,100.48285,06:32:00,,,
SUNGAI PETANI - PANTAI MERDEKA,myBas,MASJID ABU BAKAR AS SIDDIQ,MASJID ABU BAKAR AS SIDDIQ Bus Stop,5.628967,100.480625,06:33:00,,,
SUNGAI PETANI - PANTAI MERDEKA,myBas,SMK CHE TOM,SMK CHE TOM Bus Stop,5.624444,100.478747,06:34:00,,,
SUNGAI PETANI - PANTAI MERDEKA,myBas,LOTUS BAKAR ARANG,LOTUS BAKAR ARANG Bus Stop,5.621828,100.476517,06:35:00,,,
SUNGAI PETANI - PANTAI MERDEKA,myBas,FAMA SG PETANI,FAMA SG PETANI Bus Stop,5.619167,100.473639,06:36:00,,,
SUNGAI PETANI - PANTAI MERDEKA,myBas,SG PASIR,SG PASIR Bus Stop,5.598047,100.471683,06:39:00,,,
SUNGAI PETANI - PANTAI MERDEKA,myBas,TAMAN RHU,TAMAN RHU Bus Stop,5.582269,100.462156,06:41:00,,,
SUNGAI PETANI - PANTAI MERDEKA,myBas,SJK(C) PENG MIN,SJK(C) PENG MIN Bus Stop,5.587839,100.443711,06:43:00,,,
SUNGAI PETANI - PANTAI MERDEKA,myBas,BALAI POLIS TIKAM BATU,BALAI POLIS TIKAM BATU Bus Stop,5.586783,100.440719,06:44:00,,,
SUNGAI PETANI - PANTAI MERDEKA,myBas,SK TIKAM BATU,SK TIKAM BATU Bus Stop,5.585731,100.437486,06:45:00,,,
SUNGAI PETANI - PANTAI MERDEKA,myBas,KG PADANG,KG PADANG Bus Stop,5.583983,100.431619,06:46:00,,,
SUNGAI PETANI - PANTAI MERDEKA,myBas,KG PERMATANG MERBAU,KG PERMATANG MERBAU Bus Stop,5.582747,100.428106,06:47:00,,,
SUNGAI PETANI - PANTAI MERDEKA,myBas,KG PERMATANG MERBAU 2,KG PERMATANG MERBAU 2 Bus Stop,5.578292,100.421172,06:48:00,,,
SUNGAI PETANI - PANTAI MERDEKA,myBas,KG SUNGAI KOROK,KG SUNGAI KOROK Bus Stop,5.576711,100.418753,06:49:00,,,
SUNGAI PETANI - PANTAI MERDEKA,myBas,KG PERMATANG PASIR,KG PERMATANG PASIR Bus Stop,5.574178,100.415058,06:50:00,,,
SUNGAI PETANI - PANTAI MERDEKA,myBas,KG PADANG LIMAU,KG PADANG LIMAU Bus Stop,5.576206,100.408258,06:51:00,,,
SUNGAI PETANI - PANTAI MERDEKA,myBas,KG RANTAU PANJANG,KG RANTAU PANJANG Bus Stop,5.578375,100.403367,06:52:00,,,
SUNGAI PETANI - PANTAI MERDEKA,myBas,SK RANTAU PANJANG,SK RANTAU PANJANG Bus Stop,5.579247,100.401119,06:53:00,,,
SUNGAI PETANI - PANTAI MERDEKA,myBas,KG RANTAU PANJANG 2,KG RANTAU PANJANG 2 Bus Stop,5.581306,100.395194,06:54:00,,,
SUNGAI PETANI - PANTAI MERDEKA,myBas,MASJID AL MUQARRABIN,MASJID AL MUQARRABIN Bus Stop,5.583969,100.387858,06:55:00,,,
SUNGAI PETANI - PANTAI MERDEKA,myBas,KG SEBERANG TERUS,KG SEBERANG TERUS Bus Stop,5.585778,100.377222,06:57:00,,,
SUNGAI PETANI - PANTAI MERDEKA,myBas,SK KOTA KUALA MUDA,SK KOTA KUALA MUDA Bus Stop,5.587086,100.373422,06:58:00,,,
SUNGAI PETANI - PANTAI MERDEKA,myBas,SMK KOTA KUALA MUDA,SMK KOTA KUALA MUDA Bus Stop,5.590967,100.372522,06:59:00,,,
SUNGAI PETANI - PANTAI MERDEKA,myBas,SINTOK BUGIS,SINTOK BUGIS Bus Stop,5.602286,100.368564,07:01:00,,,
SUNGAI PETANI - PANTAI MERDEKA,myBas,MAKTAB MAHMUD KUALA MUDA,MAKTAB MAHMUD KUALA MUDA Bus Stop,5.606256,100.362442,07:02:00,,,
SUNGAI PETANI - PANTAI MERDEKA,myBas,SMAIDA,SMAIDA Bus Stop,5.609961,100.362033,07:03:00,,,
SUNGAI PETANI - PANTAI MERDEKA,myBas,KLINIK DESA BUKIT MERIAM,KLINIK DESA BUKIT MERIAM Bus Stop,5.611983,100.361592,07:04:00,,,
SUNGAI PETANI - PANTAI MERDEKA,myBas,SK BUKIT MERIAM,SK BUKIT MERIAM Bus Stop,5.612383,100.358736,07:05:00,,,
SUNGAI PETANI - PANTAI MERDEKA,myBas,KG BUKIT MERIAM,KG BUKIT MERIAM Bus Stop,5.619153,100.358131,07:06:00,,,
SUNGAI PETANI - PANTAI MERDEKA,myBas,KILANG BERAS KUALA MUDA,KILANG BERAS KUALA MUDA Bus Stop,5.632419,100.360125,07:08:00,,,
SUNGAI PETANI - PANTAI MERDEKA,myBas,SK BUKIT KECHIL,SK BUKIT KECHIL Bus Stop,5.650767,100.3569,07:11:00,,,
SUNGAI PETANI - PANTAI MERDEKA,myBas,KG TELUK NIPAH,KG TELUK NIPAH Bus Stop,5.6575,100.360486,07:12:00,,,
SUNGAI PETANI - PANTAI MERDEKA,myBas,KG PANTAI MERDEKA,KG PANTAI MERDEKA Bus Stop,5.662142,100.367781,07:14:00,,,
SUNGAI PETANI - PANTAI MERDEKA,myBas,PANTAI MERDEKA,PANTAI MERDEKA Bus Stop,5.665761,100.367531,07:15:00,,,
SUNGAI PETANI - TANJUNG DAWAI,myBas,STESEN BAS SG PETANI,STESEN BAS SG PETANI Bus Stop,5.639839,100.488111,06:30:00,,,
SUNGAI PETANI - TANJUNG DAWAI,myBas,PEJABAT DAERAH SG PETANI,PEJABAT DAERAH SG PETANI Bus Stop,5.643908,100.489081,06:31:00,,,
SUNGAI PETANI - TANJUNG DAWAI,myBas,KTM SUNGAI PETANI,KTM SUNGAI PETANI Bus Stop,5.642683,100.490603,06:32:00,,,
SUNGAI PETANI - TANJUNG DAWAI,myBas,UTC SUNGAI PETANI,UTC SUNGAI PETANI Bus Stop,5.640358,100.490714,06:33:00,,,
SUNGAI PETANI - TANJUNG DAWAI,myBas,JALAN SEKERAT,JALAN SEKERAT Bus Stop,5.640358,100.490714,06:34:00,,,
SUNGAI PETANI - TANJUNG DAWAI,myBas,PENJARA SG PETANI,PENJARA SG PETANI Bus Stop,5.647142,100.496386,06:36:00,,,
SUNGAI PETANI - TANJUNG DAWAI,myBas,SM SAINS SULTAN MUHAMMAD JIWA,SM SAINS SULTAN MUHAMMAD JIWA Bus Stop,5.655139,100.500831,06:37:00,,,
SUNGAI PETANI - TANJUNG DAWAI,myBas,LOTUS SG PETANI,LOTUS SG PETANI Bus Stop,5.660844,100.502544,06:38:00,,,
SUNGAI PETANI - TANJUNG DAWAI,myBas,TAMAN RIA,TAMAN RIA Bus Stop,5.667967,100.505853,06:39:00,,,
SUNGAI PETANI - TANJUNG DAWAI,myBas,C MART SG PETANI,C MART SG PETANI Bus Stop,5.678158,100.5081,06:41:00,,,
SUNGAI PETANI - TANJUNG DAWAI,myBas,SUNGAI TUKANG,SUNGAI TUKANG Bus Stop,5.685733,100.509567,06:42:00,,,
SUNGAI PETANI - TANJUNG DAWAI,myBas,BUKIT MAKMUR,BUKIT MAKMUR Bus Stop,5.691522,100.511414,06:43:00,,,
SUNGAI PETANI - TANJUNG DAWAI,myBas,MASJID AL-MAKMUR SG LALANG,MASJID AL-MAKMUR SG LALANG Bus Stop,5.695981,100.514761,06:44:00,,,
SUNGAI PETANI - TANJUNG DAWAI,myBas,PEKAN SG LALANG 2,PEKAN SG LALANG 2 Bus Stop,5.699378,100.517483,06:45:00,,,
SUNGAI PETANI - TANJUNG DAWAI,myBas,PEKAN SG LALANG,PEKAN SG LALANG Bus Stop,5.702031,100.519853,06:46:00,,,
SUNGAI PETANI - TANJUNG DAWAI,myBas,PETRON SG LALANG,PETRON SG LALANG Bus Stop,5.709058,100.520772,06:47:00,,,
SUNGAI PETANI - TANJUNG DAWAI,myBas,TAMAN DESA BUDIMAN,TAMAN DESA BUDIMAN Bus Stop,5.715919,100.518081,06:48:00,,,
SUNGAI PETANI - TANJUNG DAWAI,myBas,PERMAIPURA,PERMAIPURA Bus Stop,5.722686,100.515536,06:49:00,,,
SUNGAI PETANI - TANJUNG DAWAI,myBas,SK SERI AMAN,SK SERI AMAN Bus Stop,5.727242,100.513675,06:50:00,,,
SUNGAI PETANI - TANJUNG DAWAI,myBas,PEKAN BEDONG,PEKAN BEDONG Bus Stop,5.728736,100.513028,06:51:00,,,
SUNGAI PETANI - TANJUNG DAWAI,myBas,KK BEDONG / SKJ(T) BEDONG,KK BEDONG / SKJ(T) BEDONG Bus Stop,5.722342,100.506514,06:53:00,,,
SUNGAI PETANI - TANJUNG DAWAI,myBas,TAMAN SEMELING INDAH,TAMAN SEMELING INDAH Bus Stop,5.724908,100.495472,06:55:00,,,
SUNGAI PETANI - TANJUNG DAWAI,myBas,AIMST UNIVERSITY,AIMST UNIVERSITY Bus Stop,5.721736,100.486711,06:57:00,,,
SUNGAI PETANI - TANJUNG DAWAI,myBas,TAMAN TASEK INDAH,TAMAN TASEK INDAH Bus Stop,5.713806,100.478292,06:59:00,,,
SUNGAI PETANI - TANJUNG DAWAI,myBas,TAMAN SEMELING MAJU,TAMAN SEMELING MAJU Bus Stop,5.710028,100.475528,07:00:00,,,
SUNGAI PETANI - TANJUNG DAWAI,myBas,SK SEMELING,SK SEMELING Bus Stop,5.706211,100.470897,07:02:00,,,
SUNGAI PETANI - TANJUNG DAWAI,myBas,UITM PINTU UTAMA,UITM PINTU UTAMA Bus Stop,5.714022,100.450908,07:05:00,,,
SUNGAI PETANI - TANJUNG DAWAI,myBas,PPU TNB UITM 1,PPU TNB UITM 1 Bus Stop,5.715172,100.448472,07:06:00,,,
SUNGAI PETANI - TANJUNG DAWAI,myBas,SM PENDIDIKAN KHAS VOKASIONAL,SM PENDIDIKAN KHAS VOKASIONAL Bus Stop,5.711981,100.445664,07:07:00,,,
SUNGAI PETANI - TANJUNG DAWAI,myBas,PERMATA LEMBAH BUJANG,PERMATA LEMBAH BUJANG Bus Stop,5.707039,100.440622,07:08:00,,,
SUNGAI PETANI - TANJUNG DAWAI,myBas,MRSM MERBOK,MRSM MERBOK Bus Stop,5.703036,100.436822,07:09:00,,,
SUNGAI PETANI - TANJUNG DAWAI,myBas,LEMBAH BUJANG UTAMA,LEMBAH BUJANG UTAMA Bus Stop,5.697853,100.434467,07:10:00,,,
SUNGAI PETANI - TANJUNG DAWAI,myBas,MASJID AT MUTAAQIN,MASJID AT MUTAAQIN Bus Stop,5.690969,100.435106,07:11:00,,,
SUNGAI PETANI - TANJUNG DAWAI,myBas,SK SULTAN MUZAFFAR,SK SULTAN MUZAFFAR Bus Stop,5.687856,100.435725,07:12:00,,,
SUNGAI PETANI - TANJUNG DAWAI,myBas,PONDOK AR RAHMAH,PONDOK AR RAHMAH Bus Stop,5.684536,100.436044,07:13:00,,,
SUNGAI PETANI - TANJUNG DAWAI,myBas,SIMPANG SEGANTANG GARAM,SIMPANG SEGANTANG GARAM Bus Stop,5.674558,100.431939,07:15:00,,,
SUNGAI PETANI - TANJUNG DAWAI,myBas,MASJID AT TAHIR,MASJID AT TAHIR Bus Stop,5.672667,100.426903,07:16:00,,,
SUNGAI PETANI - TANJUNG DAWAI,myBas,KLINIK DESA BAN MERBOK,KLINIK DESA BAN MERBOK Bus Stop,5.681147,100.41675,07:18:00,,,
SUNGAI PETANI - TANJUNG DAWAI,myBas,MASJID PENGKALAN KAKAP,MASJID PENGKALAN KAKAP Bus Stop,5.707606,100.394417,07:23:00,,,
SUNGAI PETANI - TANJUNG DAWAI,myBas,MASJID JAMEK AL ABIDI,MASJID JAMEK AL ABIDI Bus Stop,5.713028,100.394767,07:24:00,,,
SUNGAI PETANI - TANJUNG DAWAI,myBas,SIMPANG TIGA PASIR,SIMPANG TIGA PASIR Bus Stop,5.719039,100.394711,07:25:00,,,
SUNGAI PETANI - TANJUNG DAWAI,myBas,SMK SERI BADONG,SMK SERI BADONG Bus Stop,5.726714,100.387575,07:27:00,,,
SUNGAI PETANI - TANJUNG DAWAI,myBas,DESA HARMONI / KLINIK DESA SINGKIR,DESA HARMONI / KLINIK DESA SINGKIR Bus Stop,5.731989,100.379942,07:29:00,,,
SUNGAI PETANI - TANJUNG DAWAI,myBas,MASJID UL ULA,MASJID UL ULA Bus Stop,5.731219,100.374889,07:30:00,,,
SUNGAI PETANI - TANJUNG DAWAI,myBas,SK SINGKIR,SK SINGKIR Bus Stop,5.730658,100.373572,07:31:00,,,
SUNGAI PETANI - TANJUNG DAWAI,myBas,BALAI POLIS SINGKIR,BALAI POLIS SINGKIR Bus Stop,5.727167,100.368431,07:32:00,,,
SUNGAI PETANI - TANJUNG DAWAI,myBas,SIMPANG TIGA SG PIAL,SIMPANG TIGA SG PIAL Bus Stop,5.709653,100.356814,07:35:00,,,
SUNGAI PETANI - TANJUNG DAWAI,myBas,PANTAI RHU,PANTAI RHU Bus Stop,5.687564,100.358422,07:38:00,,,
SUNGAI PETANI - TANJUNG DAWAI,myBas,SJK(C) CHOONG CHENG,SJK(C) CHOONG CHENG Bus Stop,5.681836,100.363486,07:39:00,,,
SUNGAI PETANI - TANJUNG DAWAI,myBas,TANJUNG DAWAI,TANJUNG DAWAI Bus Stop,5.680292,100.364742,07:40:00,,,
SUNGAI PETANI - TAMAN BANDAR BARU,myBas,STESEN BAS SG PETANI,STESEN BAS SG PETANI Bus Stop,5.639839,100.488111,06:15:00,,,
SUNGAI PETANI - TAMAN BANDAR BARU,myBas,PEJABAT DAERAH SG PETANI,PEJABAT DAERAH SG PETANI Bus Stop,5.643908,100.489081,06:16:00,,,
SUNGAI PETANI - TAMAN BANDAR BARU,myBas,KTM SUNGAI PETANI,KTM SUNGAI PETANI Bus Stop,5.642683,100.490603,06:17:00,,,
SUNGAI PETANI - TAMAN BANDAR BARU,myBas,UTC SUNGAI PETANI,UTC SUNGAI PETANI Bus Stop,5.640358,100.490714,06:18:00,,,
SUNGAI PETANI - TAMAN BANDAR BARU,myBas,JALAN SEKERAT,JALAN SEKERAT Bus Stop,5.640358,100.490714,06:19:00,,,
SUNGAI PETANI - TAMAN BANDAR BARU,myBas,PENJARA SG PETANI,PENJARA SG PETANI Bus Stop,5.647142,100.496386,06:21:00,,,
SUNGAI PETANI - TAMAN BANDAR BARU,myBas,SM SAINS SULTAN MUHAMMAD JIWA,SM SAINS SULTAN MUHAMMAD JIWA Bus Stop,5.655139,100.500831,06:23:00,,,
SUNGAI PETANI - TAMAN BANDAR BARU,myBas,LOTUS SG PETANI,LOTUS SG PETANI Bus Stop,5.660844,100.502544,06:24:00,,,
SUNGAI PETANI - TAMAN BANDAR BARU,myBas,TAMAN RIA,TAMAN RIA Bus Stop,5.667967,100.505853,06:25:00,,,
SUNGAI PETANI - TAMAN BANDAR BARU,myBas,C MART SG PETANI,C MART SG PETANI Bus Stop,5.678158,100.5081,06:27:00,,,
SUNGAI PETANI - TAMAN BANDAR BARU,myBas,SUNGAI TUKANG,SUNGAI TUKANG Bus Stop,5.685733,100.509567,06:28:00,,,
SUNGAI PETANI - TAMAN BANDAR BARU,myBas,BUKIT MAKMUR,BUKIT MAKMUR Bus Stop,5.691522,100.511414,06:29:00,,,
SUNGAI PETANI - TAMAN BANDAR BARU,myBas,MASJID AL-MAKMUR SG LALANG,MASJID AL-MAKMUR SG LALANG Bus Stop,5.695981,100.514761,06:30:00,,,
SUNGAI PETANI - TAMAN BANDAR BARU,myBas,PEKAN SG LALANG 2,PEKAN SG LALANG 2 Bus Stop,5.699378,100.517483,06:31:00,,,
SUNGAI PETANI - TAMAN BANDAR BARU,myBas,SMK AMAN JAYA,SMK AMAN JAYA Bus Stop,5.699989,100.520036,06:32:00,,,
SUNGAI PETANI - TAMAN BANDAR BARU,myBas,TAMAN GEMILANG,TAMAN GEMILANG Bus Stop,5.700328,100.525908,06:33:00,,,
SUNGAI PETANI - TAMAN BANDAR BARU,myBas,TAMAN SUNGAI LALANG,TAMAN SUNGAI LALANG Bus Stop,5.701092,100.530797,06:34:00,,,
SUNGAI PETANI - TAMAN BANDAR BARU,myBas,JALAN TAMAN BANDAR BARU,JALAN TAMAN BANDAR BARU Bus Stop,5.703325,100.534172,06:35:00,,,
SUNGAI PETANI - TAMAN BANDAR BARU,myBas,JALAN TAMAN BANDAR BARU 2,JALAN TAMAN BANDAR BARU 2 Bus Stop,5.707133,100.534758,06:36:00,,,
SUNGAI PETANI - TAMAN BANDAR BARU,myBas,JALAN TAMAN BANDAR BARU / LORONG JATI 55C,JALAN TAMAN BANDAR BARU / LORONG JATI 55C Bus Stop,5.710767,100.534814,06:37:00,,,
SUNGAI PETANI - TAMAN BANDAR BARU,myBas,JALAN TAMAN BANDAR BARU / LORONG JATI 61C,JALAN TAMAN BANDAR BARU / LORONG JATI 61C Bus Stop,5.712419,100.534836,06:38:00,,,
SUNGAI PETANI - TAMAN BANDAR BARU,myBas,KLINIK KESIHATAN SG LALANG,KLINIK KESIHATAN SG LALANG Bus Stop,5.715853,100.534889,06:39:00,,,
SUNGAI PETANI - TAMAN KELISA,myBas,STESEN BAS SG PETANI,STESEN BAS SG PETANI Bus Stop,5.639839,100.488111,06:20:00,,,
SUNGAI PETANI - TAMAN KELISA,myBas,PEJABAT DAERAH SG PETANI,PEJABAT DAERAH SG PETANI Bus Stop,5.643908,100.489081,06:21:00,,,
SUNGAI PETANI - TAMAN KELISA,myBas,KTM SUNGAI PETANI,KTM SUNGAI PETANI Bus Stop,5.642683,100.490603,06:22:00,,,
SUNGAI PETANI - TAMAN KELISA,myBas,UTC SUNGAI PETANI,UTC SUNGAI PETANI Bus Stop,5.640358,100.490714,06:23:00,,,
SUNGAI PETANI - TAMAN KELISA,myBas,JALAN SEKERAT,JALAN SEKERAT Bus Stop,5.640358,100.490714,06:24:00,,,
SUNGAI PETANI - TAMAN KELISA,myBas,PENJARA SG PETANI,PENJARA SG PETANI Bus Stop,5.647142,100.496386,06:26:00,,,
SUNGAI PETANI - TAMAN KELISA,myBas,SM SAINS SULTAN MUHAMMAD JIWA,SM SAINS SULTAN MUHAMMAD JIWA Bus Stop,5.655139,100.500831,06:28:00,,,
SUNGAI PETANI - TAMAN KELISA,myBas,LOTUS SG PETANI,LOTUS SG PETANI Bus Stop,5.660844,100.502544,06:29:00,,,
SUNGAI PETANI - TAMAN KELISA,myBas,TAMAN RIA,TAMAN RIA Bus Stop,5.667967,100.505853,06:30:00,,,
SUNGAI PETANI - TAMAN KELISA,myBas,HOSPITAL SULTAN ABDUL HALIM,HOSPITAL SULTAN ABDUL HALIM Bus Stop,5.668092,100.516339,06:32:00,,,
SUNGAI PETANI - TAMAN KELISA,myBas,LHDN SUNGAI PETANI,LHDN SUNGAI PETANI Bus Stop,5.6678,100.520586,06:33:00,,,
SUNGAI PETANI - TAMAN KELISA,myBas,TAMAN ANGGERIK,TAMAN ANGGERIK Bus Stop,5.650797,100.538294,06:37:00,,,
SUNGAI PETANI - TAMAN KELISA,myBas,TAMAN AMANJAYA,TAMAN AMANJAYA Bus Stop,5.639108,100.545617,06:40:00,,,
SUNGAI PETANI - TAMAN KELISA,myBas,PONDOK POLIS TAMAN KELISA RIA,PONDOK POLIS TAMAN KELISA RIA Bus Stop,5.637106,100.555581,06:42:00,,,
SUNGAI PETANI - TAMAN KELISA,myBas,TAMAN KELISA RIA A,TAMAN KELISA RIA A Bus Stop,5.637464,100.559072,06:43:00,,,
SUNGAI PETANI - TAMAN RIA JAYA TAMAN BATIK,myBas,STESEN BAS SG PETANI,STESEN BAS SG PETANI Bus Stop,5.639839,100.488111,06:30:00,,,
SUNGAI PETANI - TAMAN RIA JAYA TAMAN BATIK,myBas,PEJABAT DAERAH SG PETANI,PEJABAT DAERAH SG PETANI Bus Stop,5.643908,100.489081,06:31:00,,,
SUNGAI PETANI - TAMAN RIA JAYA TAMAN BATIK,myBas,KTM SUNGAI PETANI,KTM SUNGAI PETANI Bus Stop,5.642683,100.490603,06:32:00,,,
SUNGAI PETANI - TAMAN RIA JAYA TAMAN BATIK,myBas,UTC SUNGAI PETANI,UTC SUNGAI PETANI Bus Stop,5.640358,100.490714,06:33:00,,,
SUNGAI PETANI - TAMAN RIA JAYA TAMAN BATIK,myBas,JALAN SEKERAT,JALAN SEKERAT Bus Stop,5.640358,100.490714,06:34:00,,,
SUNGAI PETANI - TAMAN RIA JAYA TAMAN BATIK,myBas,PENJARA SG PETANI,PENJARA SG PETANI Bus Stop,5.647142,100.496386,06:36:00,,,
SUNGAI PETANI - TAMAN RIA JAYA TAMAN BATIK,myBas,IKM SUNGAI PETANI,IKM SUNGAI PETANI Bus Stop,5.652439,100.501344,06:37:00,,,
SUNGAI PETANI - TAMAN RIA JAYA TAMAN BATIK,myBas,TAMAN RIA INDAH,TAMAN RIA INDAH Bus Stop,5.652069,100.508319,06:38:00,,,
SUNGAI PETANI - TAMAN RIA JAYA TAMAN BATIK,myBas,TAMAN RIA JAYA 1,TAMAN RIA JAYA 1 Bus Stop,5.649089,100.513233,06:39:00,,,
SUNGAI PETANI - TAMAN RIA JAYA TAMAN BATIK,myBas,TAMAN RIA JAYA 2,TAMAN RIA JAYA 2 Bus Stop,5.646908,100.51385,06:40:00,,,
SUNGAI PETANI - TAMAN RIA JAYA TAMAN BATIK,myBas,PASAR FLAT PAYA NAHU,PASAR FLAT PAYA NAHU Bus Stop,5.644683,100.513625,06:41:00,,,
SUNGAI PETANI - TAMAN RIA JAYA TAMAN BATIK,myBas,FLAT PAYA NAHU,FLAT PAYA NAHU Bus Stop,5.642122,100.515481,06:42:00,,,
SUNGAI PETANI - TAMAN RIA JAYA TAMAN BATIK,myBas,TAMAN RIA JAYA 3,TAMAN RIA JAYA 3 Bus Stop,5.646436,100.518294,06:43:00,,,
SUNGAI PETANI - TAMAN RIA JAYA TAMAN BATIK,myBas,MASJID SULTAN ABDUL HALIM SUNGAI PETANI,MASJID SULTAN ABDUL HALIM SUNGAI PETANI Bus Stop,5.650753,100.518533,06:44:00,,,
SUNGAI PETANI - TAMAN RIA JAYA TAMAN BATIK,myBas,TAMAN RIA JAYA 4,TAMAN RIA JAYA 4 Bus Stop,5.650719,100.52075,06:45:00,,,
SUNGAI PETANI - TAMAN RIA JAYA TAMAN BATIK,myBas,SMK TAMAN RIA JAYA 1,SMK TAMAN RIA JAYA 1 Bus Stop,5.650689,100.523333,06:46:00,,,
SUNGAI PETANI - TAMAN RIA JAYA TAMAN BATIK,myBas,SMK TAMAN RIA JAYA 2,SMK TAMAN RIA JAYA 2 Bus Stop,5.650703,100.525047,06:47:00,,,
SUNGAI PETANI - TAMAN RIA JAYA TAMAN BATIK,myBas,KAWASAN PERINDUSTRIAN TAMAN RIA JAYA 1,KAWASAN PERINDUSTRIAN TAMAN RIA JAYA 1 Bus Stop,5.648439,100.53145,06:49:00,,,
SUNGAI PETANI - TAMAN RIA JAYA TAMAN BATIK,myBas,KAWASAN PERINDUSTRIAN TAMAN RIA JAYA 2,KAWASAN PERINDUSTRIAN TAMAN RIA JAYA 2 Bus Stop,5.646439,100.536072,06:50:00,,,
SUNGAI PETANI - TAMAN RIA JAYA TAMAN BATIK,myBas,MYDIN TAMAN BATIK,MYDIN TAMAN BATIK Bus Stop,5.63265,100.538589,06:51:00,,,
K100 ALOR SETAR FEEDER(O),myBas,TERMINAL SHAHAB PERDANA,TERMINAL SHAHAB PERDANA Bus Stop,6.140289,100.354178,07:00:00,,,
K100 ALOR SETAR FEEDER(O),myBas,MASJID AL RAHMAH,MASJID AL RAHMAH Bus Stop,6.1426,100.356758,07:01:00,,,
K100 ALOR SETAR FEEDER(O),myBas,MEDAN SELERA TAMAN WIRA MERGONG,MEDAN SELERA TAMAN WIRA MERGONG Bus Stop,6.142911,100.360075,07:02:00,,,
K100 ALOR SETAR FEEDER(O),myBas,SJK(C) PUMPONG,SJK(C) PUMPONG Bus Stop,6.145314,100.363289,07:03:00,,,
K100 ALOR SETAR FEEDER(O),myBas,KOLEJ POLY TECH MARA,KOLEJ POLY TECH MARA Bus Stop,6.147289,100.363197,07:04:00,,,
K100 ALOR SETAR FEEDER(O),myBas,KOMPLEKS BADMINTON,KOMPLEKS BADMINTON Bus Stop,6.151658,100.363492,07:05:00,,,
K100 ALOR SETAR FEEDER(O),myBas,PEJABAT DAERAH,PEJABAT DAERAH Bus Stop,6.158703,100.363375,07:06:00,,,
K100 ALOR SETAR FEEDER(O),myBas,JPJ,JPJ Bus Stop,6.162947,100.362086,07:07:00,,,
K100 ALOR SETAR FEEDER(O),myBas,PANTAI JOHOR,PANTAI JOHOR Bus Stop,6.168517,100.368283,07:10:00,,,
K100 ALOR SETAR FEEDER(O),myBas,ALOR MERAH,ALOR MERAH Bus Stop,6.164708,100.368617,07:11:00,,,
K100 ALOR SETAR FEEDER(O),myBas,PETRONAS ALOR MERAH,PETRONAS ALOR MERAH Bus Stop,6.158728,100.369156,07:12:00,,,
K100 ALOR SETAR FEEDER(O),myBas,APARTMENT KCS,APARTMENT KCS Bus Stop,6.154211,100.369397,07:13:00,,,
K100 ALOR SETAR FEEDER(O),myBas,KELAB ROYAL KEDAH,KELAB ROYAL KEDAH Bus Stop,6.150631,100.369708,07:14:00,,,
K100 ALOR SETAR FEEDER(O),myBas,KEDAH MEDICAL CENTRE,KEDAH MEDICAL CENTRE Bus Stop,6.149108,100.369833,07:15:00,,,
K100 ALOR SETAR FEEDER(O),myBas,WISMA DARUL AMAN,WISMA DARUL AMAN Bus Stop,6.144878,100.370194,07:16:00,,,
K100 ALOR SETAR FEEDER(O),myBas,PENJARA,PENJARA Bus Stop,6.144044,100.373678,07:17:00,,,
K100 ALOR SETAR FEEDER(O),myBas,SMK SULTANAH BAHIYAH,SMK SULTANAH BAHIYAH Bus Stop,6.142567,100.38375,07:19:00,,,
K100 ALOR SETAR FEEDER(O),myBas,SM DATO SYED OMAR,SM DATO SYED OMAR Bus Stop,6.141358,100.386294,07:20:00,,,
K100 ALOR SETAR FEEDER(O),myBas,MRTC,MRTC Bus Stop,6.136528,100.3909,07:21:00,,,
K100 ALOR SETAR FEEDER(O),myBas,TAMAN PKNK 2,TAMAN PKNK 2 Bus Stop,6.136617,100.386878,07:22:00,,,
K100 ALOR SETAR FEEDER(O),myBas,TAMAN PKNK,TAMAN PKNK Bus Stop,6.137742,100.384544,07:23:00,,,
K100 ALOR SETAR FEEDER(O),myBas,OPP STADIUM DARUL AMAN,OPP STADIUM DARUL AMAN Bus Stop,6.135511,100.373011,07:25:00,,,
K100 ALOR SETAR FEEDER(O),myBas,TAMAN YAKIN / TAMAN DARUL AMAN,TAMAN YAKIN / TAMAN DARUL AMAN Bus Stop,6.128511,100.373328,07:26:00,,,
K100 ALOR SETAR FEEDER(O),myBas,WISMA PKNK,WISMA PKNK Bus Stop,6.135511,100.373011,07:27:00,,,
K100 ALOR SETAR FEEDER(O),myBas,UKIR MALL,UKIR MALL Bus Stop,6.122114,100.370653,07:28:00,,,
K100 ALOR SETAR FEEDER(O),myBas,IPD KOTA SETAR,IPD KOTA SETAR Bus Stop,6.120061,100.370208,07:29:00,,,
K100 ALOR SETAR FEEDER(O),myBas,UTC ALOR SETAR,UTC ALOR SETAR Bus Stop,6.118703,100.370419,07:30:00,,,
K100 ALOR SETAR FEEDER(O),myBas,KTM ALOR SETAR,KTM ALOR SETAR Bus Stop,6.113619,100.369206,07:31:00,,,
K100 ALOR SETAR FEEDER(O),myBas,PEKAN RABU,PEKAN RABU Bus Stop,6.117289,100.367619,07:33:00,,,
K100 ALOR SETAR FEEDER(O),myBas,DATARAN ALOR SETAR,DATARAN ALOR SETAR Bus Stop,6.11965,100.365533,07:34:00,,,
K100 ALOR SETAR FEEDER(O),myBas,AMAN CENTRAL / MENARA ALOR SETAR,AMAN CENTRAL / MENARA ALOR SETAR Bus Stop,6.124797,100.366942,07:35:00,,,
K100 ALOR SETAR FEEDER(O),myBas,SK WAN SULAIMAN SIDDIQ,SK WAN SULAIMAN SIDDIQ Bus Stop,6.126928,100.365622,07:36:00,,,
K100 ALOR SETAR FEEDER(O),myBas,STAR VILLAGE,STAR VILLAGE Bus Stop,6.129833,100.359928,07:37:00,,,
K100 ALOR SETAR FEEDER(O),myBas,KG BERJAYA,KG BERJAYA Bus Stop,6.125519,100.357669,07:38:00,,,
K100 ALOR SETAR FEEDER(O),myBas,SEKOLAH TUNKU ABDUL RAHMAN,SEKOLAH TUNKU ABDUL RAHMAN Bus Stop,6.127672,100.351697,07:39:00,,,
K100 ALOR SETAR FEEDER(O),myBas,ASRAMA POLYTECH MARA,ASRAMA POLYTECH MARA Bus Stop,6.127217,100.348606,07:40:00,,,
K100 ALOR SETAR FEEDER(O),myBas,MASJID AL HASANAH,MASJID AL HASANAH Bus Stop,6.123219,100.349781,07:41:00,,,
K100 ALOR SETAR FEEDER(O),myBas,TAMAN RAKYAT MERGONG,TAMAN RAKYAT MERGONG Bus Stop,6.123636,100.347,07:42:00,,,
K100 ALOR SETAR FEEDER(O),myBas,KG MEMPELAM,KG MEMPELAM Bus Stop,6.127156,100.344908,07:43:00,,,
K100 ALOR SETAR FEEDER(O),myBas,LOTUS MERGONG,LOTUS MERGONG Bus Stop,6.127731,100.341772,07:44:00,,,
K100 ALOR SETAR FEEDER(O),myBas,PLAZA PERABOT CLASSY GLORY,PLAZA PERABOT CLASSY GLORY Bus Stop,6.133439,100.342214,07:45:00,,,
K100 ALOR SETAR FEEDER(O),myBas,TAMAN SELAYANG,TAMAN SELAYANG Bus Stop,6.136942,100.343864,07:46:00,,,
K100 ALOR SETAR FEEDER(O),myBas,SEKOLAH MENENGAH KEBANGSAAN AGAMA KEDAH,SEKOLAH MENENGAH KEBANGSAAN AGAMA KEDAH Bus Stop,6.140375,100.346361,07:47:00,,,
K100 ALOR SETAR FEEDER(O),myBas,SHAHAB PERDANA,SHAHAB PERDANA Bus Stop,6.140289,100.354178,07:48:00,,,
SUNGAI PETANI - BANDAR PERDANA,myBas,STESEN BAS SG PETANI,STESEN BAS SG PETANI Bus Stop,5.639839,100.488111,06:15:00,,,
SUNGAI PETANI - BANDAR PERDANA,myBas,CENTRAL SQUARE,CENTRAL SQUARE Bus Stop,5.636842,100.488086,06:16:00,,,
SUNGAI PETANI - BANDAR PERDANA,myBas,BAKAR ARANG,BAKAR ARANG Bus Stop,5.632669,100.48285,06:17:00,,,
SUNGAI PETANI - BANDAR PERDANA,myBas,MASJID ABU BAKAR AS SIDDIQ,MASJID ABU BAKAR AS SIDDIQ Bus Stop,5.628967,100.480625,06:18:00,,,
SUNGAI PETANI - BANDAR PERDANA,myBas,SMK CHE TOM,SMK CHE TOM Bus Stop,5.624444,100.478747,06:19:00,,,
SUNGAI PETANI - BANDAR PERDANA,myBas,LOTUS BAKAR ARANG,LOTUS BAKAR ARANG Bus Stop,5.621828,100.476517,06:20:00,,,
SUNGAI PETANI - BANDAR PERDANA,myBas,KAWASAN PERINDUSTRIAN BAKAR ARANG,KAWASAN PERINDUSTRIAN BAKAR ARANG Bus Stop,5.615578,100.480869,06:22:00,,,
SUNGAI PETANI - BANDAR PERDANA,myBas,SANSHIN,SANSHIN Bus Stop,5.615556,100.490256,06:24:00,,,
SUNGAI PETANI - BANDAR PERDANA,myBas,TAMAN SRI WANG,TAMAN SRI WANG Bus Stop,5.618242,100.498619,06:26:00,,,
SUNGAI PETANI - BANDAR PERDANA,myBas,SK SRI WANG,SK SRI WANG Bus Stop,5.619728,100.499931,06:27:00,,,
SUNGAI PETANI - BANDAR PERDANA,myBas,TAMAN KELADI,TAMAN KELADI Bus Stop,5.618767,100.504278,06:28:00,,,
SUNGAI PETANI - BANDAR PERDANA,myBas,MASJID TAMAN KELADI,MASJID TAMAN KELADI Bus Stop,5.615825,100.504592,06:29:00,,,
SUNGAI PETANI - BANDAR PERDANA,myBas,TAMAN KELADI 2,TAMAN KELADI 2 Bus Stop,5.615461,100.509503,06:30:00,,,
SUNGAI PETANI - BANDAR PERDANA,myBas,SJK(T) TAMAN KELADI,SJK(T) TAMAN KELADI Bus Stop,5.615433,100.5119,06:31:00,,,
SUNGAI PETANI - BANDAR PERDANA,myBas,SIN MIN SECONDARY SCHOOL,SIN MIN SECONDARY SCHOOL Bus Stop,5.610556,100.510936,06:32:00,,,
SUNGAI PETANI - BANDAR PERDANA,myBas,LEBUH PERDANA 1,LEBUH PERDANA 1 Bus Stop,5.605619,100.515656,06:36:00,,,
SUNGAI PETANI - BANDAR PERDANA,myBas,LEBUH PERDANA 2,LEBUH PERDANA 2 Bus Stop,5.608586,100.525425,06:38:00,,,
SUNGAI PETANI - BANDAR PERDANA,myBas,SIMPANG BINTANG MAYA,SIMPANG BINTANG MAYA Bus Stop,5.610836,100.526169,06:39:00,,,
SUNGAI PETANI - BANDAR PERDANA,myBas,BINTANG MAYA / BANDAR PERDANA,BINTANG MAYA / BANDAR PERDANA Bus Stop,5.612431,100.522106,06:40:00,,,
K100 ALOR SETAR FEEDER(I),myBas,SHAHAB PERDANA,SHAHAB PERDANA Bus Stop,6.140289,100.354178,07:00:00,,,
K100 ALOR SETAR FEEDER(I),myBas,SEKOLAH MENENGAH KEBANGSAAN AGAMA KEDAH,SEKOLAH MENENGAH KEBANGSAAN AGAMA KEDAH Bus Stop,6.140375,100.346361,07:02:00,,,
K100 ALOR SETAR FEEDER(I),myBas,TAMAN SELAYANG,TAMAN SELAYANG Bus Stop,6.136942,100.343864,07:03:00,,,
K100 ALOR SETAR FEEDER(I),myBas,PLAZA PERABOT CLASSY GLORY,PLAZA PERABOT CLASSY GLORY Bus Stop,6.133439,100.342214,07:04:00,,,
K100 ALOR SETAR FEEDER(I),myBas,LOTUS MERGONG,LOTUS MERGONG Bus Stop,6.127731,100.341772,07:05:00,,,
K100 ALOR SETAR FEEDER(I),myBas,KG MEMPELAM,KG MEMPELAM Bus Stop,6.127156,100.344908,07:06:00,,,
K100 ALOR SETAR FEEDER(I),myBas,TAMAN RAKYAT MERGONG,TAMAN RAKYAT MERGONG Bus Stop,6.123636,100.347,07:07:00,,,
K100 ALOR SETAR FEEDER(I),myBas,MASJID AL HASANAH,MASJID AL HASANAH Bus Stop,6.123219,100.349781,07:08:00,,,
K100 ALOR SETAR FEEDER(I),myBas,ASRAMA POLYTECH MARA,ASRAMA POLYTECH MARA Bus Stop,6.127217,100.348606,07:09:00,,,
K100 ALOR SETAR FEEDER(I),myBas,SEKOLAH TUNKU ABDUL RAHMAN,SEKOLAH TUNKU ABDUL RAHMAN Bus Stop,6.127672,100.351697,07:10:00,,,
K100 ALOR SETAR FEEDER(I),myBas,KG BERJAYA,KG BERJAYA Bus Stop,6.125519,100.357669,07:11:00,,,
K100 ALOR SETAR FEEDER(I),myBas,STAR VILLAGE,STAR VILLAGE Bus Stop,6.129833,100.359928,07:12:00,,,
K100 ALOR SETAR FEEDER(I),myBas,SK WAN SULAIMAN SIDDIQ,SK WAN SULAIMAN SIDDIQ Bus Stop,6.126928,100.365622,07:13:00,,,
K100 ALOR SETAR FEEDER(I),myBas,AMAN CENTRAL / MENARA ALOR SETAR,AMAN CENTRAL / MENARA ALOR SETAR Bus Stop,6.124797,100.366942,07:14:00,,,
K100 ALOR SETAR FEEDER(I),myBas,DATARAN ALOR SETAR,DATARAN ALOR SETAR Bus Stop,6.11965,100.365533,07:15:00,,,
K100 ALOR SETAR FEEDER(I),myBas,PEKAN RABU,PEKAN RABU Bus Stop,6.117289,100.367619,07:16:00,,,
K100 ALOR SETAR FEEDER(I),myBas,KTM ALOR SETAR,KTM ALOR SETAR Bus Stop,6.113619,100.369206,07:17:00,,,
K100 ALOR SETAR FEEDER(I),myBas,UTC ALOR SETAR,UTC ALOR SETAR Bus Stop,6.118703,100.370419,07:19:00,,,
K100 ALOR SETAR FEEDER(I),myBas,IPD KOTA SETAR,IPD KOTA SETAR Bus Stop,6.120061,100.370208,07:20:00,,,
K100 ALOR SETAR FEEDER(I),myBas,UKIR MALL,UKIR MALL Bus Stop,6.122114,100.370653,07:21:00,,,
K100 ALOR SETAR FEEDER(I),myBas,WISMA PKNK,WISMA PKNK Bus Stop,6.135511,100.373011,07:22:00,,,
K100 ALOR SETAR FEEDER(I),myBas,TAMAN YAKIN / TAMAN DARUL AMAN,TAMAN YAKIN / TAMAN DARUL AMAN Bus Stop,6.128511,100.373328,07:23:00,,,
K100 ALOR SETAR FEEDER(I),myBas,OPP STADIUM DARUL AMAN,OPP STADIUM DARUL AMAN Bus Stop,6.135511,100.373011,07:24:00,,,
K100 ALOR SETAR FEEDER(I),myBas,TAMAN PKNK,TAMAN PKNK Bus Stop,6.137742,100.384544,07:26:00,,,
K100 ALOR SETAR FEEDER(I),myBas,TAMAN PKNK 2,TAMAN PKNK 2 Bus Stop,6.136617,100.386878,07:27:00,,,
K100 ALOR SETAR FEEDER(I),myBas,MRTC,MRTC Bus Stop,6.136528,100.3909,07:28:00,,,
K100 ALOR SETAR FEEDER(I),myBas,SM DATO SYED OMAR,SM DATO SYED OMAR Bus Stop,6.141358,100.386294,07:29:00,,,
K100 ALOR SETAR FEEDER(I),myBas,SMK SULTANAH BAHIYAH,SMK SULTANAH BAHIYAH Bus Stop,6.142567,100.38375,07:30:00,,,
K100 ALOR SETAR FEEDER(I),myBas,PENJARA,PENJARA Bus Stop,6.144044,100.373678,07:32:00,,,
K100 ALOR SETAR FEEDER(I),myBas,WISMA DARUL AMAN,WISMA DARUL AMAN Bus Stop,6.144878,100.370194,07:33:00,,,
K100 ALOR SETAR FEEDER(I),myBas,KEDAH MEDICAL CENTRE,KEDAH MEDICAL CENTRE Bus Stop,6.149108,100.369833,07:34:00,,,
K100 ALOR SETAR FEEDER(I),myBas,KELAB ROYAL KEDAH,KELAB ROYAL KEDAH Bus Stop,6.150631,100.369708,07:35:00,,,
K100 ALOR SETAR FEEDER(I),myBas,APARTMENT KCS,APARTMENT KCS Bus Stop,6.154211,100.369397,07:36:00,,,
K100 ALOR SETAR FEEDER(I),myBas,PETRONAS ALOR MERAH,PETRONAS ALOR MERAH Bus Stop,6.158728,100.369156,07:37:00,,,
K100 ALOR SETAR FEEDER(I),myBas,ALOR MERAH,ALOR MERAH Bus Stop,6.164708,100.368617,07:38:00,,,
K100 ALOR SETAR FEEDER(I),myBas,PANTAI JOHOR,PANTAI JOHOR Bus Stop,6.168517,100.368283,07:39:00,,,
K100 ALOR SETAR FEEDER(I),myBas,JPJ,JPJ Bus Stop,6.162947,100.362086,07:42:00,,,
K100 ALOR SETAR FEEDER(I),myBas,PEJABAT DAERAH,PEJABAT DAERAH Bus Stop,6.158703,100.363375,07:43:00,,,
K100 ALOR SETAR FEEDER(I),myBas,KOMPLEKS BADMINTON,KOMPLEKS BADMINTON Bus Stop,6.151658,100.363492,07:44:00,,,
K100 ALOR SETAR FEEDER(I),myBas,KOLEJ POLY TECH MARA,KOLEJ POLY TECH MARA Bus Stop,6.147289,100.363197,07:45:00,,,
K100 ALOR SETAR FEEDER(I),myBas,SJK(C) PUMPONG,SJK(C) PUMPONG Bus Stop,6.145314,100.363289,07:46:00,,,
K100 ALOR SETAR FEEDER(I),myBas,MEDAN SELERA TAMAN WIRA MERGONG,MEDAN SELERA TAMAN WIRA MERGONG Bus Stop,6.142911,100.360075,07:47:00,,,
K100 ALOR SETAR FEEDER(I),myBas,MASJID AL RAHMAH,MASJID AL RAHMAH Bus Stop,6.1426,100.356758,07:48:00,,,
K100 ALOR SETAR FEEDER(I),myBas,TERMINAL SHAHAB PERDANA,TERMINAL SHAHAB PERDANA Bus Stop,6.140289,100.354178,07:49:00,,,
TERMINAL MEDAN KIDD - TERMINAL AMANJAYA,myBas,STESEN BAS MEDAN KIDD,STESEN BAS MEDAN KIDD Bus Stop,4.594224,101.07236,06:00:00,,,
TERMINAL MEDAN KIDD - TERMINAL AMANJAYA,myBas,SJKT PERAK SANGEETHA,SJKT PERAK SANGEETHA Bus Stop,4.59752513,101.07043684,06:01:00,,,
TERMINAL MEDAN KIDD - TERMINAL AMANJAYA,myBas,KG TELI,KG TELI Bus Stop,4.59905913,101.07036034,06:02:00,,,
TERMINAL MEDAN KIDD - TERMINAL AMANJAYA,myBas,CHURCH OF LADY LOURDES,CHURCH OF LADY LOURDES Bus Stop,4.6019846,101.0689266,06:03:00,,,
TERMINAL MEDAN KIDD - TERMINAL AMANJAYA,myBas,PERUMAHAN PEGAWAI KASTAM SILIBIN,PERUMAHAN PEGAWAI KASTAM SILIBIN Bus Stop,4.60611796,101.06468618,06:04:00,,,
TERMINAL MEDAN KIDD - TERMINAL AMANJAYA,myBas,MAYBANK SILIBIN,MAYBANK SILIBIN Bus Stop,4.60749216,101.06240094,06:05:00,,,
TERMINAL MEDAN KIDD - TERMINAL AMANJAYA,myBas,UNIT SELENGGARAAN TNB SILIBIN,UNIT SELENGGARAAN TNB SILIBIN Bus Stop,4.60998657,101.05845004,06:06:00,,,
TERMINAL MEDAN KIDD - TERMINAL AMANJAYA,myBas,GAYATHIRI SILIBIN,GAYATHIRI SILIBIN Bus Stop,4.61042926,101.05774451,06:07:00,,,
TERMINAL MEDAN KIDD - TERMINAL AMANJAYA,myBas,TMN SILIBIN,TMN SILIBIN Bus Stop,4.6124275,101.05662882,06:08:00,,,
TERMINAL MEDAN KIDD - TERMINAL AMANJAYA,myBas,KLINIK KESIHATAN JELAPANG,KLINIK KESIHATAN JELAPANG Bus Stop,4.61444868,101.05714917,06:09:00,,,
TERMINAL MEDAN KIDD - TERMINAL AMANJAYA,myBas,BILLION SILIBIN,BILLION SILIBIN Bus Stop,4.61706099,101.0575172,06:10:00,,,
TERMINAL MEDAN KIDD - TERMINAL AMANJAYA,myBas,CIMB BANK SILIBIN,CIMB BANK SILIBIN Bus Stop,4.61851144,101.05813049,06:11:00,,,
TERMINAL MEDAN KIDD - TERMINAL AMANJAYA,myBas,PETRONAS JELAPANG,PETRONAS JELAPANG Bus Stop,4.6213413,101.0593027,06:12:00,,,
TERMINAL MEDAN KIDD - TERMINAL AMANJAYA,myBas,KG MANJOI,KG MANJOI Bus Stop,4.62441547,101.06049657,06:13:00,,,
TERMINAL MEDAN KIDD - TERMINAL AMANJAYA,myBas,KILANG YEOS,KILANG YEOS Bus Stop,4.62741511,101.06055021,06:14:00,,,
TERMINAL MEDAN KIDD - TERMINAL AMANJAYA,myBas,TELEKOM MALAYSIA JELAPANG,TELEKOM MALAYSIA JELAPANG Bus Stop,4.6297403,101.0614755,06:15:00,,,
TERMINAL MEDAN KIDD - TERMINAL AMANJAYA,myBas,KG JELAPANG LAMA,KG JELAPANG LAMA Bus Stop,4.63290812,101.0625762,06:16:00,,,
TERMINAL MEDAN KIDD - TERMINAL AMANJAYA,myBas,PASAR JELAPANG,PASAR JELAPANG Bus Stop,4.63809625,101.06373835,06:17:00,,,
TERMINAL MEDAN KIDD - TERMINAL AMANJAYA,myBas,ECONSAVE JELAPANG,ECONSAVE JELAPANG Bus Stop,4.64043461,101.06435466,06:18:00,,,
TERMINAL MEDAN KIDD - TERMINAL AMANJAYA,myBas,SIDNEY INDUSTRIES,SIDNEY INDUSTRIES Bus Stop,4.64411338,101.06782973,06:19:00,,,
TERMINAL MEDAN KIDD - TERMINAL AMANJAYA,myBas,KILANG MAPA,KILANG MAPA Bus Stop,4.64823276,101.06937306,06:20:00,,,
TERMINAL MEDAN KIDD - TERMINAL AMANJAYA,myBas,KILANG CARSEM,KILANG CARSEM Bus Stop,4.65230464,101.06948197,06:21:00,,,
TERMINAL MEDAN KIDD - TERMINAL AMANJAYA,myBas,KILANG FT HOSE HOSE,KILANG FT HOSE HOSE Bus Stop,4.65558589,101.07001483,06:22:00,,,
TERMINAL MEDAN KIDD - TERMINAL AMANJAYA,myBas,TMN JATI,TMN JATI Bus Stop,4.65946924,101.07058704,06:23:00,,,
TERMINAL MEDAN KIDD - TERMINAL AMANJAYA,myBas,TERMINAL AMANJAYA,TERMINAL AMANJAYA Bus Stop,4.66957976,101.07382715,06:24:00,,,
TERMINAL MEDAN KIDD - TERMINAL AMANJAYA,myBas,TOKONG KUDA,TOKONG KUDA Bus Stop,4.62172482,101.06066179,06:12:00,,,
TERMINAL MEDAN KIDD - TERMINAL AMANJAYA - CHEMOR,myBas,STESEN BAS MEDAN KIDD,STESEN BAS MEDAN KIDD Bus Stop,4.594224,101.07236,06:30:00,,,
TERMINAL MEDAN KIDD - TERMINAL AMANJAYA - CHEMOR,myBas,SJKT PERAK SANGEETHA,SJKT PERAK SANGEETHA Bus Stop,4.59752513,101.07043683,06:31:00,,,
TERMINAL MEDAN KIDD - TERMINAL AMANJAYA - CHEMOR,myBas,KG TELI,KG TELI Bus Stop,4.59905913,101.07036033,06:32:00,,,
TERMINAL MEDAN KIDD - TERMINAL AMANJAYA - CHEMOR,myBas,CHURCH OF LADY LOURDES,CHURCH OF LADY LOURDES Bus Stop,4.6019846,101.0689266,06:33:00,,,
TERMINAL MEDAN KIDD - TERMINAL AMANJAYA - CHEMOR,myBas,PERUMAHAN PEGAWAI KASTAM SILIBIN,PERUMAHAN PEGAWAI KASTAM SILIBIN Bus Stop,4.60611796,101.06468617,06:34:00,,,
TERMINAL MEDAN KIDD - TERMINAL AMANJAYA - CHEMOR,myBas,MAYBANK SILIBIN,MAYBANK SILIBIN Bus Stop,4.60749216,101.06240093,06:35:00,,,
TERMINAL MEDAN KIDD - TERMINAL AMANJAYA - CHEMOR,myBas,UNIT SELENGGARAAN TNB SILIBIN,UNIT SELENGGARAAN TNB SILIBIN Bus Stop,4.60998657,101.05845004,06:36:00,,,
TERMINAL MEDAN KIDD - TERMINAL AMANJAYA - CHEMOR,myBas,GAYATHIRI SILIBIN,GAYATHIRI SILIBIN Bus Stop,4.61042926,101.0577445,06:37:00,,,
TERMINAL MEDAN KIDD - TERMINAL AMANJAYA - CHEMOR,myBas,TMN SILIBIN,TMN SILIBIN Bus Stop,4.6124275,101.05662882,06:38:00,,,
TERMINAL MEDAN KIDD - TERMINAL AMANJAYA - CHEMOR,myBas,KLINIK KESIHATAN JELAPANG,KLINIK KESIHATAN JELAPANG Bus Stop,4.61444868,101.05714917,06:39:00,,,
TERMINAL MEDAN KIDD - TERMINAL AMANJAYA - CHEMOR,myBas,BILLION SILIBIN,BILLION SILIBIN Bus Stop,4.61706099,101.0575172,06:40:00,,,
TERMINAL MEDAN KIDD - TERMINAL AMANJAYA - CHEMOR,myBas,CIMB BANK SILIBIN,CIMB BANK SILIBIN Bus Stop,4.61851144,101.05813048,06:41:00,,,
TERMINAL MEDAN KIDD - TERMINAL AMANJAYA - CHEMOR,myBas,PETRONAS JELAPANG,PETRONAS JELAPANG Bus Stop,4.6213413,101.0593027,06:42:00,,,
TERMINAL MEDAN KIDD - TERMINAL AMANJAYA - CHEMOR,myBas,KG MANJOI,KG MANJOI Bus Stop,4.62441547,101.06049656,06:43:00,,,
TERMINAL MEDAN KIDD - TERMINAL AMANJAYA - CHEMOR,myBas,KILANG YEOS,KILANG YEOS Bus Stop,4.62741511,101.06055021,06:44:00,,,
TERMINAL MEDAN KIDD - TERMINAL AMANJAYA - CHEMOR,myBas,TELEKOM MALAYSIA JELAPANG,TELEKOM MALAYSIA JELAPANG Bus Stop,4.6297403,101.0614755,06:45:00,,,
TERMINAL MEDAN KIDD - TERMINAL AMANJAYA - CHEMOR,myBas,KG JELAPANG LAMA,KG JELAPANG LAMA Bus Stop,4.63290812,101.0625762,06:46:00,,,
TERMINAL MEDAN KIDD - TERMINAL AMANJAYA - CHEMOR,myBas,PASAR JELAPANG,PASAR JELAPANG Bus Stop,4.63809625,101.06373835,06:47:00,,,
TERMINAL MEDAN KIDD - TERMINAL AMANJAYA - CHEMOR,myBas,ECONSAVE JELAPANG,ECONSAVE JELAPANG Bus Stop,4.64043461,101.06435465,06:48:00,,,
TERMINAL MEDAN KIDD - TERMINAL AMANJAYA - CHEMOR,myBas,SIDNEY INDUSTRIES,SIDNEY INDUSTRIES Bus Stop,4.64411338,101.06782972,06:49:00,,,
TERMINAL MEDAN KIDD - TERMINAL AMANJAYA - CHEMOR,myBas,KILANG MAPA,KILANG MAPA Bus Stop,4.64823276,101.06937305,06:50:00,,,
TERMINAL MEDAN KIDD - TERMINAL AMANJAYA - CHEMOR,myBas,KILANG CARSEM,KILANG CARSEM Bus Stop,4.65230464,101.06948196,06:51:00,,,
TERMINAL MEDAN KIDD - TERMINAL AMANJAYA - CHEMOR,myBas,KILANG FT HOSE HOSE,KILANG FT HOSE HOSE Bus Stop,4.65558589,101.07001482,06:52:00,,,
TERMINAL MEDAN KIDD - TERMINAL AMANJAYA - CHEMOR,myBas,TMN JATI,TMN JATI Bus Stop,4.65946924,101.07058703,06:53:00,,,
TERMINAL MEDAN KIDD - TERMINAL AMANJAYA - CHEMOR,myBas,TERMINAL AMANJAYA,TERMINAL AMANJAYA Bus Stop,4.66957976,101.07382714,06:54:00,,,
TERMINAL MEDAN KIDD - TERMINAL AMANJAYA - CHEMOR,myBas,TMN MERU PERMAI,TMN MERU PERMAI Bus Stop,4.67853175,101.07899762,06:55:00,,,
TERMINAL MEDAN KIDD - TERMINAL AMANJAYA - CHEMOR,myBas,TMN MERU PERDANA,TMN MERU PERDANA Bus Stop,4.68402675,101.08561952,06:56:00,,,
TERMINAL MEDAN KIDD - TERMINAL AMANJAYA - CHEMOR,myBas,SEKOLAH AGAMA KG CHEPOR,SEKOLAH AGAMA KG CHEPOR Bus Stop,4.6958019,101.08643811,06:57:00,,,
TERMINAL MEDAN KIDD - TERMINAL AMANJAYA - CHEMOR,myBas,MAAHAD AL-UMMAH,MAAHAD AL-UMMAH Bus Stop,4.69976608,101.08617067,06:58:00,,,
TERMINAL MEDAN KIDD - TERMINAL AMANJAYA - CHEMOR,myBas,TMN CHEPOR INDAH,TMN CHEPOR INDAH Bus Stop,4.70485466,101.09254714,06:59:00,,,
TERMINAL MEDAN KIDD - TERMINAL AMANJAYA - CHEMOR,myBas,KG BARU KUALA KUANG,KG BARU KUALA KUANG Bus Stop,4.71372233,101.10728538,07:00:00,,,
TERMINAL MEDAN KIDD - TERMINAL AMANJAYA - CHEMOR,myBas,ECONSAVE CHEPOR,ECONSAVE CHEPOR Bus Stop,4.71586385,101.11069143,07:01:00,,,
TERMINAL MEDAN KIDD - TERMINAL AMANJAYA - CHEMOR,myBas,TMN HARTAWAN,TMN HARTAWAN Bus Stop,4.71747,101.11463132,07:02:00,,,
TERMINAL MEDAN KIDD - TERMINAL AMANJAYA - CHEMOR,myBas,RESTORAN EAST OCEAN,RESTORAN EAST OCEAN Bus Stop,4.71830441,101.12020791,07:03:00,,,
TERMINAL MEDAN KIDD - TERMINAL AMANJAYA - CHEMOR,myBas,PEKAN CHEMOR,PEKAN CHEMOR Bus Stop,4.71954295,101.12120612,07:04:00,,,
TERMINAL MEDAN KIDD - TERMINAL AMANJAYA - CHEMOR,myBas,BHP PEKAN CHEMOR,BHP PEKAN CHEMOR Bus Stop,4.72261079,101.12140954,07:05:00,,,
TERMINAL MEDAN KIDD - TERMINAL AMANJAYA - CHEMOR,myBas,BATU 10,BATU 10 Bus Stop,4.72626878,101.1216241,07:06:00,,,
TERMINAL MEDAN KIDD - TERMINAL AMANJAYA - CHEMOR,myBas,CHEMOR,CHEMOR Bus Stop,4.72867514,101.12145638,07:07:00,,,
TERMINAL MEDAN KIDD - TERMINAL AMANJAYA - CHEMOR,myBas,CHEMOR RIA,CHEMOR RIA Bus Stop,4.73298367,101.12021298,07:08:00,,,
TERMINAL MEDAN KIDD - TERMINAL AMANJAYA - CHEMOR,myBas,KANTHAN BARU,KANTHAN BARU Bus Stop,4.73673622,101.11927793,07:09:00,,,
TERMINAL MEDAN KIDD - TERMINAL AMANJAYA - CHEMOR,myBas,KANTHAN 1,KANTHAN 1 Bus Stop,4.73967689,101.11864598,07:10:00,,,
TERMINAL MEDAN KIDD - TERMINAL AMANJAYA - CHEMOR,myBas,KANTHAN 2,KANTHAN 2 Bus Stop,4.74835855,101.11716079,07:11:00,,,
TERMINAL MEDAN KIDD - TERMINAL AMANJAYA - CHEMOR,myBas,KANTHAN 3,KANTHAN 3 Bus Stop,4.75166957,101.11729141,07:12:00,,,
TERMINAL MEDAN KIDD - TERMINAL AMANJAYA - CHEMOR,myBas,TOKONG KUDA,TOKONG KUDA Bus Stop,4.62172482,101.06066179,07:00:00,,,
TERMINAL MEDAN KIDD - KUALA KANGSAR VIA BUKIT GANTANG,myBas,STESEN BAS MEDAN KIDD,STESEN BAS MEDAN KIDD Bus Stop,4.594224,101.07236,06:00:00,,,
TERMINAL MEDAN KIDD - KUALA KANGSAR VIA BUKIT GANTANG,myBas,STESEN KTM IPOH JALAN SULTAN ISKANDAR,STESEN KTM IPOH JALAN SULTAN ISKANDAR Bus Stop,4.59593283,101.07452969,06:01:00,,,
TERMINAL MEDAN KIDD - KUALA KANGSAR VIA BUKIT GANTANG,myBas,BANK ISLAM IPOH,BANK ISLAM IPOH Bus Stop,4.60272255,101.07674002,06:02:00,,,
TERMINAL MEDAN KIDD - KUALA KANGSAR VIA BUKIT GANTANG,myBas,JKR IPOH,JKR IPOH Bus Stop,4.60426359,101.07706837,06:03:00,,,
TERMINAL MEDAN KIDD - KUALA KANGSAR VIA BUKIT GANTANG,myBas,SMJKC YUK CHOI,SMJKC YUK CHOI Bus Stop,4.61311727,101.07868731,06:04:00,,,
TERMINAL MEDAN KIDD - KUALA KANGSAR VIA BUKIT GANTANG,myBas,THOWLEE POTTERY,THOWLEE POTTERY Bus Stop,4.61752269,101.079811,06:05:00,,,
TERMINAL MEDAN KIDD - KUALA KANGSAR VIA BUKIT GANTANG,myBas,IPOH MOTOR,IPOH MOTOR Bus Stop,4.62114848,101.08059704,06:06:00,,,
TERMINAL MEDAN KIDD - KUALA KANGSAR VIA BUKIT GANTANG,myBas,TOKONG CINA,TOKONG CINA Bus Stop,4.6244411,101.08141279,06:07:00,,,
TERMINAL MEDAN KIDD - KUALA KANGSAR VIA BUKIT GANTANG,myBas,TOYOTA,TOYOTA Bus Stop,4.62771394,101.08210119,06:08:00,,,
TERMINAL MEDAN KIDD - KUALA KANGSAR VIA BUKIT GANTANG,myBas,IPOH GROVE,IPOH GROVE Bus Stop,4.63081352,101.08456174,06:09:00,,,
TERMINAL MEDAN KIDD - KUALA KANGSAR VIA BUKIT GANTANG,myBas,GUNUNG HELANG,GUNUNG HELANG Bus Stop,4.63214178,101.08621895,06:10:00,,,
TERMINAL MEDAN KIDD - KUALA KANGSAR VIA BUKIT GANTANG,myBas,SRI DESA,SRI DESA Bus Stop,4.64068607,101.09377742,06:11:00,,,
TERMINAL MEDAN KIDD - KUALA KANGSAR VIA BUKIT GANTANG,myBas,PERAK TONG,PERAK TONG Bus Stop,4.644715,101.09828,06:12:00,,,
TERMINAL MEDAN KIDD - KUALA KANGSAR VIA BUKIT GANTANG,myBas,PERCETAKAN NASIONAL,PERCETAKAN NASIONAL Bus Stop,4.64656221,101.10074043,06:13:00,,,
TERMINAL MEDAN KIDD - KUALA KANGSAR VIA BUKIT GANTANG,myBas,BALAI POLIS KG TAWAS,BALAI POLIS KG TAWAS Bus Stop,4.64886169,101.10276395,06:14:00,,,
TERMINAL MEDAN KIDD - KUALA KANGSAR VIA BUKIT GANTANG,myBas,TASEK,TASEK Bus Stop,4.651537,101.105055,06:15:00,,,
TERMINAL MEDAN KIDD - KUALA KANGSAR VIA BUKIT GANTANG,myBas,IGB,IGB Bus Stop,4.658606,101.11047,06:16:00,,,
TERMINAL MEDAN KIDD - KUALA KANGSAR VIA BUKIT GANTANG,myBas,TELEKOM TASEK,TELEKOM TASEK Bus Stop,4.66334325,101.11339605,06:17:00,,,
TERMINAL MEDAN KIDD - KUALA KANGSAR VIA BUKIT GANTANG,myBas,PETRONAS KLEBANG,PETRONAS KLEBANG Bus Stop,4.66990319,101.11739022,06:18:00,,,
TERMINAL MEDAN KIDD - KUALA KANGSAR VIA BUKIT GANTANG,myBas,KLEBANG JAYA,KLEBANG JAYA Bus Stop,4.67629507,101.12057269,06:19:00,,,
TERMINAL MEDAN KIDD - KUALA KANGSAR VIA BUKIT GANTANG,myBas,AEON KLEBANG,AEON KLEBANG Bus Stop,4.67901112,101.12086773,06:20:00,,,
TERMINAL MEDAN KIDD - KUALA KANGSAR VIA BUKIT GANTANG,myBas,KLEBANG RESTU,KLEBANG RESTU Bus Stop,4.6835717,101.12086773,06:21:00,,,
TERMINAL MEDAN KIDD - KUALA KANGSAR VIA BUKIT GANTANG,myBas,ECONSAVE KLEBANG,ECONSAVE KLEBANG Bus Stop,4.6868604,101.12102158,06:22:00,,,
TERMINAL MEDAN KIDD - KUALA KANGSAR VIA BUKIT GANTANG,myBas,SRI KLEBANG,SRI KLEBANG Bus Stop,4.6935589,101.12222493,06:23:00,,,
TERMINAL MEDAN KIDD - KUALA KANGSAR VIA BUKIT GANTANG,myBas,HOVID,HOVID Bus Stop,4.69935511,101.1227688,06:24:00,,,
TERMINAL MEDAN KIDD - KUALA KANGSAR VIA BUKIT GANTANG,myBas,TMN CHEMOR INDAH,TMN CHEMOR INDAH Bus Stop,4.70448007,101.1221589,06:25:00,,,
TERMINAL MEDAN KIDD - KUALA KANGSAR VIA BUKIT GANTANG,myBas,BATU 9,BATU 9 Bus Stop,4.70745948,101.12195134,06:26:00,,,
TERMINAL MEDAN KIDD - KUALA KANGSAR VIA BUKIT GANTANG,myBas,PUBLIC BANK CHEMOR,PUBLIC BANK CHEMOR Bus Stop,4.716067,101.12173676,06:27:00,,,
TERMINAL MEDAN KIDD - KUALA KANGSAR VIA BUKIT GANTANG,myBas,PEKAN CHEMOR,PEKAN CHEMOR Bus Stop,4.71954295,101.12120613,06:28:00,,,
TERMINAL MEDAN KIDD - KUALA KANGSAR VIA BUKIT GANTANG,myBas,BHP PEKAN CHEMOR,BHP PEKAN CHEMOR Bus Stop,4.72261079,101.12140953,06:29:00,,,
TERMINAL MEDAN KIDD - KUALA KANGSAR VIA BUKIT GANTANG,myBas,BATU 10,BATU 10 Bus Stop,4.72626878,101.12162411,06:30:00,,,
TERMINAL MEDAN KIDD - KUALA KANGSAR VIA BUKIT GANTANG,myBas,CHEMOR,CHEMOR Bus Stop,4.72867514,101.12145638,06:31:00,,,
TERMINAL MEDAN KIDD - KUALA KANGSAR VIA BUKIT GANTANG,myBas,CHEMOR RIA,CHEMOR RIA Bus Stop,4.73298367,101.12021298,06:32:00,,,
TERMINAL MEDAN KIDD - KUALA KANGSAR VIA BUKIT GANTANG,myBas,KANTHAN BARU,KANTHAN BARU Bus Stop,4.73673622,101.11927793,06:33:00,,,
TERMINAL MEDAN KIDD - KUALA KANGSAR VIA BUKIT GANTANG,myBas,KANTHAN 1,KANTHAN 1 Bus Stop,4.73967689,101.11864598,06:34:00,,,
TERMINAL MEDAN KIDD - KUALA KANGSAR VIA BUKIT GANTANG,myBas,KANTHAN 2,KANTHAN 2 Bus Stop,4.74835855,101.11716079,06:35:00,,,
TERMINAL MEDAN KIDD - KUALA KANGSAR VIA BUKIT GANTANG,myBas,KANTHAN 3,KANTHAN 3 Bus Stop,4.75166957,101.11729141,06:36:00,,,
TERMINAL MEDAN KIDD - KUALA KANGSAR VIA BUKIT GANTANG,myBas,KILANG SIMEN KHANTAN,KILANG SIMEN KHANTAN Bus Stop,4.76421821,101.11523691,06:37:00,,,
TERMINAL MEDAN KIDD - KUALA KANGSAR VIA BUKIT GANTANG,myBas,PINTU MASUK KILANG SIMEN,PINTU MASUK KILANG SIMEN Bus Stop,4.77462065,101.11310033,06:38:00,,,
TERMINAL MEDAN KIDD - KUALA KANGSAR VIA BUKIT GANTANG,myBas,DOVENBY ESTATE 1,DOVENBY ESTATE 1 Bus Stop,4.78068217,101.11038043,06:39:00,,,
TERMINAL MEDAN KIDD - KUALA KANGSAR VIA BUKIT GANTANG,myBas,DOVENBY ESTATE 2,DOVENBY ESTATE 2 Bus Stop,4.78386206,101.10881458,06:40:00,,,
TERMINAL MEDAN KIDD - KUALA KANGSAR VIA BUKIT GANTANG,myBas,KG RIMBA PANJANG,KG RIMBA PANJANG Bus Stop,4.7904708,101.10586929,06:41:00,,,
TERMINAL MEDAN KIDD - KUALA KANGSAR VIA BUKIT GANTANG,myBas,SJKC RIMBA PANJANG,SJKC RIMBA PANJANG Bus Stop,4.79668799,101.10231516,06:42:00,,,
TERMINAL MEDAN KIDD - KUALA KANGSAR VIA BUKIT GANTANG,myBas,KG MUHIBBAH,KG MUHIBBAH Bus Stop,4.806141,101.096938,06:43:00,,,
TERMINAL MEDAN KIDD - KUALA KANGSAR VIA BUKIT GANTANG,myBas,TMN TUN SAMBATHAN,TMN TUN SAMBATHAN Bus Stop,4.809742,101.089242,06:44:00,,,
TERMINAL MEDAN KIDD - KUALA KANGSAR VIA BUKIT GANTANG,myBas,SMJK SHIN CHUNG,SMJK SHIN CHUNG Bus Stop,4.81104096,101.08643104,06:45:00,,,
TERMINAL MEDAN KIDD - KUALA KANGSAR VIA BUKIT GANTANG,myBas,SEKOLAH METHODIST,SEKOLAH METHODIST Bus Stop,4.8123873,101.08514327,06:46:00,,,
TERMINAL MEDAN KIDD - KUALA KANGSAR VIA BUKIT GANTANG,myBas,KG BAHAGIA,KG BAHAGIA Bus Stop,4.8147547,101.08152509,06:47:00,,,
TERMINAL MEDAN KIDD - KUALA KANGSAR VIA BUKIT GANTANG,myBas,KLINIK KESIHATAN SUNGAI SIPUT,KLINIK KESIHATAN SUNGAI SIPUT Bus Stop,4.81562038,101.0799903,06:48:00,,,
TERMINAL MEDAN KIDD - KUALA KANGSAR VIA BUKIT GANTANG,myBas,MAYBANK SUNGAI SIPUT,MAYBANK SUNGAI SIPUT Bus Stop,4.81784451,101.07536892,06:49:00,,,
TERMINAL MEDAN KIDD - KUALA KANGSAR VIA BUKIT GANTANG,myBas,PEKAN SUNGAI SIPUT 1,PEKAN SUNGAI SIPUT 1 Bus Stop,4.81950546,101.07234777,06:50:00,,,
TERMINAL MEDAN KIDD - KUALA KANGSAR VIA BUKIT GANTANG,myBas,PEKAN SUNGAI SIPUT 2,PEKAN SUNGAI SIPUT 2 Bus Stop,4.8213909,101.06896221,06:51:00,,,
TERMINAL MEDAN KIDD - KUALA KANGSAR VIA BUKIT GANTANG,myBas,MASJID INDIA SG SIPUT,MASJID INDIA SG SIPUT Bus Stop,4.82205219,101.06767765,06:52:00,,,
TERMINAL MEDAN KIDD - KUALA KANGSAR VIA BUKIT GANTANG,myBas,SG BULUH SG SIPUT,SG BULUH SG SIPUT Bus Stop,4.82389786,101.06443198,06:53:00,,,
TERMINAL MEDAN KIDD - KUALA KANGSAR VIA BUKIT GANTANG,myBas,HOSPITAL SG SIPUT,HOSPITAL SG SIPUT Bus Stop,4.82675,101.057017,06:54:00,,,
TERMINAL MEDAN KIDD - KUALA KANGSAR VIA BUKIT GANTANG,myBas,TAMAN MAKMUR,TAMAN MAKMUR Bus Stop,4.82659755,101.052839,06:55:00,,,
TERMINAL MEDAN KIDD - KUALA KANGSAR VIA BUKIT GANTANG,myBas,TAMAN PERDANA,TAMAN PERDANA Bus Stop,4.82654837,101.04506007,06:56:00,,,
TERMINAL MEDAN KIDD - KUALA KANGSAR VIA BUKIT GANTANG,myBas,SALAK LAMA 1,SALAK LAMA 1 Bus Stop,4.83880426,101.01196328,06:57:00,,,
TERMINAL MEDAN KIDD - KUALA KANGSAR VIA BUKIT GANTANG,myBas,SALAK LAMA 2,SALAK LAMA 2 Bus Stop,4.83941361,101.0087929,06:58:00,,,
TERMINAL MEDAN KIDD - KUALA KANGSAR VIA BUKIT GANTANG,myBas,SALAK LAMA 3,SALAK LAMA 3 Bus Stop,4.84020626,101.00504456,06:59:00,,,
TERMINAL MEDAN KIDD - KUALA KANGSAR VIA BUKIT GANTANG,myBas,SALAK BARU 1,SALAK BARU 1 Bus Stop,4.84025401,100.99648693,07:00:00,,,
TERMINAL MEDAN KIDD - KUALA KANGSAR VIA BUKIT GANTANG,myBas,SALAK BARU 2,SALAK BARU 2 Bus Stop,4.84065204,100.99229876,07:01:00,,,
TERMINAL MEDAN KIDD - KUALA KANGSAR VIA BUKIT GANTANG,myBas,BATU 25,BATU 25 Bus Stop,4.83999781,100.98732376,07:02:00,,,
TERMINAL MEDAN KIDD - KUALA KANGSAR VIA BUKIT GANTANG,myBas,KILANG KICAP TAMIN,KILANG KICAP TAMIN Bus Stop,4.83888089,100.9844858,07:03:00,,,
TERMINAL MEDAN KIDD - KUALA KANGSAR VIA BUKIT GANTANG,myBas,SK SETIA JAYA,SK SETIA JAYA Bus Stop,4.83805619,100.98365577,07:04:00,,,
TERMINAL MEDAN KIDD - KUALA KANGSAR VIA BUKIT GANTANG,myBas,KOLAM AIR,KOLAM AIR Bus Stop,4.83394528,100.97981973,07:05:00,,,
TERMINAL MEDAN KIDD - KUALA KANGSAR VIA BUKIT GANTANG,myBas,PUSAT IKAN HIASAN,PUSAT IKAN HIASAN Bus Stop,4.83125301,100.97765707,07:06:00,,,
TERMINAL MEDAN KIDD - KUALA KANGSAR VIA BUKIT GANTANG,myBas,BATU 26,BATU 26 Bus Stop,4.82900602,100.97522399,07:07:00,,,
TERMINAL MEDAN KIDD - KUALA KANGSAR VIA BUKIT GANTANG,myBas,SPG KARAI,SPG KARAI Bus Stop,4.82255271,100.96846949,07:08:00,,,
TERMINAL MEDAN KIDD - KUALA KANGSAR VIA BUKIT GANTANG,myBas,PEKAN KARAI,PEKAN KARAI Bus Stop,4.83639126,100.96550626,07:09:00,,,
TERMINAL MEDAN KIDD - KUALA KANGSAR VIA BUKIT GANTANG,myBas,SPG KARAI 1,SPG KARAI 1 Bus Stop,4.82255271,100.9684695,07:10:00,,,
TERMINAL MEDAN KIDD - KUALA KANGSAR VIA BUKIT GANTANG,myBas,SPG SAYONG,SPG SAYONG Bus Stop,4.81745326,100.96535917,07:11:00,,,
TERMINAL MEDAN KIDD - KUALA KANGSAR VIA BUKIT GANTANG,myBas,STESEN JPJ,STESEN JPJ Bus Stop,4.81796917,100.96005819,07:12:00,,,
TERMINAL MEDAN KIDD - KUALA KANGSAR VIA BUKIT GANTANG,myBas,PADANG AMPANG 1,PADANG AMPANG 1 Bus Stop,4.81526096,100.95760656,07:13:00,,,
TERMINAL MEDAN KIDD - KUALA KANGSAR VIA BUKIT GANTANG,myBas,SK PADANG AMPANG,SK PADANG AMPANG Bus Stop,4.81001977,100.95427854,07:14:00,,,
TERMINAL MEDAN KIDD - KUALA KANGSAR VIA BUKIT GANTANG,myBas,PADANG AMPANG 2,PADANG AMPANG 2 Bus Stop,4.8084412,100.95262276,07:15:00,,,
TERMINAL MEDAN KIDD - KUALA KANGSAR VIA BUKIT GANTANG,myBas,AKEDEMI MEMANDU,AKEDEMI MEMANDU Bus Stop,4.80728312,100.95144168,07:16:00,,,
TERMINAL MEDAN KIDD - KUALA KANGSAR VIA BUKIT GANTANG,myBas,LOJI AIR KOTA LAMA 1,LOJI AIR KOTA LAMA 1 Bus Stop,4.80424576,100.94947281,07:17:00,,,
TERMINAL MEDAN KIDD - KUALA KANGSAR VIA BUKIT GANTANG,myBas,LOJI AIR KOTA LAMA 2,LOJI AIR KOTA LAMA 2 Bus Stop,4.80148209,100.94824971,07:18:00,,,
TERMINAL MEDAN KIDD - KUALA KANGSAR VIA BUKIT GANTANG,myBas,MASJID KOTA LAMA,MASJID KOTA LAMA Bus Stop,4.79424,100.94612,07:19:00,,,
TERMINAL MEDAN KIDD - KUALA KANGSAR VIA BUKIT GANTANG,myBas,MASJID HIDAYATUL UMMAH,MASJID HIDAYATUL UMMAH Bus Stop,4.79271532,100.94540834,07:20:00,,,
TERMINAL MEDAN KIDD - KUALA KANGSAR VIA BUKIT GANTANG,myBas,KILANG MINYAK AFIAT,KILANG MINYAK AFIAT Bus Stop,4.78866574,100.94378123,07:21:00,,,
TERMINAL MEDAN KIDD - KUALA KANGSAR VIA BUKIT GANTANG,myBas,RUMAH ANAK YATIM KOTA LAMA,RUMAH ANAK YATIM KOTA LAMA Bus Stop,4.78516539,100.94323062,07:22:00,,,
TERMINAL MEDAN KIDD - KUALA KANGSAR VIA BUKIT GANTANG,myBas,SPG JAMBATAN SAYONG,SPG JAMBATAN SAYONG Bus Stop,4.78004153,100.94365637,07:23:00,,,
TERMINAL MEDAN KIDD - KUALA KANGSAR VIA BUKIT GANTANG,myBas,KWSP KUALA KANGSAR,KWSP KUALA KANGSAR Bus Stop,4.77779154,100.94149634,07:24:00,,,
TERMINAL MEDAN KIDD - KUALA KANGSAR VIA BUKIT GANTANG,myBas,PEJABAT AGAMA ISLAM,PEJABAT AGAMA ISLAM Bus Stop,4.77496411,100.94127917,07:25:00,,,
TERMINAL MEDAN KIDD - KUALA KANGSAR VIA BUKIT GANTANG,myBas,STESEN BAS KUALA KANGSAR,STESEN BAS KUALA KANGSAR Bus Stop,4.771276,100.939519,07:26:00,,,
TERMINAL MEDAN KIDD - KUALA KANGSAR VIA JALAN TUN RAZAK,myBas,STESEN BAS MEDAN KIDD,STESEN BAS MEDAN KIDD Bus Stop,4.594224,101.07236,06:40:00,,,
TERMINAL MEDAN KIDD - KUALA KANGSAR VIA JALAN TUN RAZAK,myBas,SJKT PERAK SANGEETHA,SJKT PERAK SANGEETHA Bus Stop,4.59752513,101.07043683,06:41:00,,,
TERMINAL MEDAN KIDD - KUALA KANGSAR VIA JALAN TUN RAZAK,myBas,KG TELI,KG TELI Bus Stop,4.59905913,101.07036033,06:42:00,,,
TERMINAL MEDAN KIDD - KUALA KANGSAR VIA JALAN TUN RAZAK,myBas,KOLEJ MAXWELL,KOLEJ MAXWELL Bus Stop,4.60757771,101.07265234,06:43:00,,,
TERMINAL MEDAN KIDD - KUALA KANGSAR VIA JALAN TUN RAZAK,myBas,TMN IDRIS,TMN IDRIS Bus Stop,4.6099501,101.0741765,06:44:00,,,
TERMINAL MEDAN KIDD - KUALA KANGSAR VIA JALAN TUN RAZAK,myBas,SMJKC YUK CHOI,SMJKC YUK CHOI Bus Stop,4.61311727,101.07868731,06:45:00,,,
TERMINAL MEDAN KIDD - KUALA KANGSAR VIA JALAN TUN RAZAK,myBas,THOWLEE POTTERY,THOWLEE POTTERY Bus Stop,4.61752269,101.079811,06:46:00,,,
TERMINAL MEDAN KIDD - KUALA KANGSAR VIA JALAN TUN RAZAK,myBas,IPOH MOTOR,IPOH MOTOR Bus Stop,4.62114848,101.08059704,06:47:00,,,
TERMINAL MEDAN KIDD - KUALA KANGSAR VIA JALAN TUN RAZAK,myBas,TOKONG CINA,TOKONG CINA Bus Stop,4.6244411,101.08141278,06:48:00,,,
TERMINAL MEDAN KIDD - KUALA KANGSAR VIA JALAN TUN RAZAK,myBas,TOYOTA,TOYOTA Bus Stop,4.62771394,101.08210118,06:49:00,,,
TERMINAL MEDAN KIDD - KUALA KANGSAR VIA JALAN TUN RAZAK,myBas,IPOH GROVE,IPOH GROVE Bus Stop,4.63081352,101.08456173,06:50:00,,,
TERMINAL MEDAN KIDD - KUALA KANGSAR VIA JALAN TUN RAZAK,myBas,GUNUNG HELANG,GUNUNG HELANG Bus Stop,4.63214178,101.08621895,06:51:00,,,
TERMINAL MEDAN KIDD - KUALA KANGSAR VIA JALAN TUN RAZAK,myBas,SRI DESA,SRI DESA Bus Stop,4.64068607,101.09377741,06:52:00,,,
TERMINAL MEDAN KIDD - KUALA KANGSAR VIA JALAN TUN RAZAK,myBas,PERAK TONG,PERAK TONG Bus Stop,4.644715,101.09828,06:53:00,,,
TERMINAL MEDAN KIDD - KUALA KANGSAR VIA JALAN TUN RAZAK,myBas,PERCETAKAN NASIONAL,PERCETAKAN NASIONAL Bus Stop,4.64656221,101.10074043,06:54:00,,,
TERMINAL MEDAN KIDD - KUALA KANGSAR VIA JALAN TUN RAZAK,myBas,BALAI POLIS KG TAWAS,BALAI POLIS KG TAWAS Bus Stop,4.64886169,101.10276394,06:55:00,,,
TERMINAL MEDAN KIDD - KUALA KANGSAR VIA JALAN TUN RAZAK,myBas,TASEK,TASEK Bus Stop,4.651537,101.105055,06:56:00,,,
TERMINAL MEDAN KIDD - KUALA KANGSAR VIA JALAN TUN RAZAK,myBas,IGB,IGB Bus Stop,4.658606,101.11047,06:57:00,,,
TERMINAL MEDAN KIDD - KUALA KANGSAR VIA JALAN TUN RAZAK,myBas,TELEKOM TASEK,TELEKOM TASEK Bus Stop,4.66334325,101.11339604,06:58:00,,,
TERMINAL MEDAN KIDD - KUALA KANGSAR VIA JALAN TUN RAZAK,myBas,PETRONAS KLEBANG,PETRONAS KLEBANG Bus Stop,4.66990319,101.11739022,06:59:00,,,
TERMINAL MEDAN KIDD - KUALA KANGSAR VIA JALAN TUN RAZAK,myBas,KLEBANG JAYA,KLEBANG JAYA Bus Stop,4.67629507,101.12057268,07:00:00,,,
TERMINAL MEDAN KIDD - KUALA KANGSAR VIA JALAN TUN RAZAK,myBas,AEON KLEBANG,AEON KLEBANG Bus Stop,4.67901112,101.12086772,07:01:00,,,
TERMINAL MEDAN KIDD - KUALA KANGSAR VIA JALAN TUN RAZAK,myBas,KLEBANG RESTU,KLEBANG RESTU Bus Stop,4.6835717,101.12086772,07:02:00,,,
TERMINAL MEDAN KIDD - KUALA KANGSAR VIA JALAN TUN RAZAK,myBas,ECONSAVE KLEBANG,ECONSAVE KLEBANG Bus Stop,4.6868604,101.12102158,07:03:00,,,
TERMINAL MEDAN KIDD - KUALA KANGSAR VIA JALAN TUN RAZAK,myBas,SRI KLEBANG,SRI KLEBANG Bus Stop,4.6935589,101.12222492,07:04:00,,,
TERMINAL MEDAN KIDD - KUALA KANGSAR VIA JALAN TUN RAZAK,myBas,HOVID,HOVID Bus Stop,4.69935511,101.12276879,07:05:00,,,
TERMINAL MEDAN KIDD - KUALA KANGSAR VIA JALAN TUN RAZAK,myBas,TMN CHEMOR INDAH,TMN CHEMOR INDAH Bus Stop,4.70448007,101.1221589,07:06:00,,,
TERMINAL MEDAN KIDD - KUALA KANGSAR VIA JALAN TUN RAZAK,myBas,BATU 9,BATU 9 Bus Stop,4.70745948,101.12195134,07:07:00,,,
TERMINAL MEDAN KIDD - KUALA KANGSAR VIA JALAN TUN RAZAK,myBas,PUBLIC BANK CHEMOR,PUBLIC BANK CHEMOR Bus Stop,4.716067,101.12173676,07:08:00,,,
TERMINAL MEDAN KIDD - KUALA KANGSAR VIA JALAN TUN RAZAK,myBas,PEKAN CHEMOR,PEKAN CHEMOR Bus Stop,4.71954295,101.12120612,07:09:00,,,
TERMINAL MEDAN KIDD - KUALA KANGSAR VIA JALAN TUN RAZAK,myBas,BHP PEKAN CHEMOR,BHP PEKAN CHEMOR Bus Stop,4.72261079,101.12140953,07:10:00,,,
TERMINAL MEDAN KIDD - KUALA KANGSAR VIA JALAN TUN RAZAK,myBas,BATU 10,BATU 10 Bus Stop,4.72626878,101.1216241,07:11:00,,,
TERMINAL MEDAN KIDD - KUALA KANGSAR VIA JALAN TUN RAZAK,myBas,CHEMOR,CHEMOR Bus Stop,4.72867514,101.12145638,07:12:00,,,
TERMINAL MEDAN KIDD - KUALA KANGSAR VIA JALAN TUN RAZAK,myBas,CHEMOR RIA,CHEMOR RIA Bus Stop,4.73298367,101.12021298,07:13:00,,,
TERMINAL MEDAN KIDD - KUALA KANGSAR VIA JALAN TUN RAZAK,myBas,KANTHAN BARU,KANTHAN BARU Bus Stop,4.73673622,101.11927793,07:14:00,,,
TERMINAL MEDAN KIDD - KUALA KANGSAR VIA JALAN TUN RAZAK,myBas,KANTHAN 1,KANTHAN 1 Bus Stop,4.73967689,101.11864598,07:15:00,,,
TERMINAL MEDAN KIDD - KUALA KANGSAR VIA JALAN TUN RAZAK,myBas,KANTHAN 2,KANTHAN 2 Bus Stop,4.74835855,101.11716079,07:16:00,,,
TERMINAL MEDAN KIDD - KUALA KANGSAR VIA JALAN TUN RAZAK,myBas,KANTHAN 3,KANTHAN 3 Bus Stop,4.75166957,101.11729141,07:17:00,,,
TERMINAL MEDAN KIDD - KUALA KANGSAR VIA JALAN TUN RAZAK,myBas,KILANG SIMEN KHANTAN,KILANG SIMEN KHANTAN Bus Stop,4.76421821,101.11523691,07:18:00,,,
TERMINAL MEDAN KIDD - KUALA KANGSAR VIA JALAN TUN RAZAK,myBas,PINTU MASUK KILANG SIMEN,PINTU MASUK KILANG SIMEN Bus Stop,4.77462065,101.11310032,07:19:00,,,
TERMINAL MEDAN KIDD - KUALA KANGSAR VIA JALAN TUN RAZAK,myBas,DOVENBY ESTATE 1,DOVENBY ESTATE 1 Bus Stop,4.78068217,101.11038042,07:20:00,,,
TERMINAL MEDAN KIDD - KUALA KANGSAR VIA JALAN TUN RAZAK,myBas,DOVENBY ESTATE 2,DOVENBY ESTATE 2 Bus Stop,4.78386206,101.10881457,07:21:00,,,
TERMINAL MEDAN KIDD - KUALA KANGSAR VIA JALAN TUN RAZAK,myBas,KG RIMBA PANJANG,KG RIMBA PANJANG Bus Stop,4.7904708,101.10586929,07:22:00,,,
TERMINAL MEDAN KIDD - KUALA KANGSAR VIA JALAN TUN RAZAK,myBas,SJKC RIMBA PANJANG,SJKC RIMBA PANJANG Bus Stop,4.79668799,101.10231516,07:23:00,,,
TERMINAL MEDAN KIDD - KUALA KANGSAR VIA JALAN TUN RAZAK,myBas,KG MUHIBBAH,KG MUHIBBAH Bus Stop,4.806141,101.096938,07:24:00,,,
TERMINAL MEDAN KIDD - KUALA KANGSAR VIA JALAN TUN RAZAK,myBas,TMN TUN SAMBATHAN,TMN TUN SAMBATHAN Bus Stop,4.809742,101.089242,07:25:00,,,
TERMINAL MEDAN KIDD - KUALA KANGSAR VIA JALAN TUN RAZAK,myBas,SMJK SHIN CHUNG,SMJK SHIN CHUNG Bus Stop,4.81104096,101.08643104,07:26:00,,,
TERMINAL MEDAN KIDD - KUALA KANGSAR VIA JALAN TUN RAZAK,myBas,SEKOLAH METHODIST,SEKOLAH METHODIST Bus Stop,4.8123873,101.08514327,07:27:00,,,
TERMINAL MEDAN KIDD - KUALA KANGSAR VIA JALAN TUN RAZAK,myBas,KG BAHAGIA,KG BAHAGIA Bus Stop,4.8147547,101.08152508,07:28:00,,,
TERMINAL MEDAN KIDD - KUALA KANGSAR VIA JALAN TUN RAZAK,myBas,KLINIK KESIHATAN SUNGAI SIPUT,KLINIK KESIHATAN SUNGAI SIPUT Bus Stop,4.81562038,101.07999029,07:29:00,,,
TERMINAL MEDAN KIDD - KUALA KANGSAR VIA JALAN TUN RAZAK,myBas,MAYBANK SUNGAI SIPUT,MAYBANK SUNGAI SIPUT Bus Stop,4.81784451,101.07536892,07:30:00,,,
TERMINAL MEDAN KIDD - KUALA KANGSAR VIA JALAN TUN RAZAK,myBas,PEKAN SUNGAI SIPUT 1,PEKAN SUNGAI SIPUT 1 Bus Stop,4.81950546,101.07234777,07:31:00,,,
TERMINAL MEDAN KIDD - KUALA KANGSAR VIA JALAN TUN RAZAK,myBas,PEKAN SUNGAI SIPUT 2,PEKAN SUNGAI SIPUT 2 Bus Stop,4.8213909,101.06896221,07:32:00,,,
TERMINAL MEDAN KIDD - KUALA KANGSAR VIA JALAN TUN RAZAK,myBas,MASJID INDIA SG SIPUT,MASJID INDIA SG SIPUT Bus Stop,4.82205219,101.06767765,07:33:00,,,
TERMINAL MEDAN KIDD - KUALA KANGSAR VIA JALAN TUN RAZAK,myBas,SG BULUH SG SIPUT,SG BULUH SG SIPUT Bus Stop,4.82389786,101.06443197,07:34:00,,,
TERMINAL MEDAN KIDD - KUALA KANGSAR VIA JALAN TUN RAZAK,myBas,HOSPITAL SG SIPUT,HOSPITAL SG SIPUT Bus Stop,4.82675,101.057017,07:35:00,,,
TERMINAL MEDAN KIDD - KUALA KANGSAR VIA JALAN TUN RAZAK,myBas,TAMAN MAKMUR,TAMAN MAKMUR Bus Stop,4.82659755,101.052839,07:36:00,,,
TERMINAL MEDAN KIDD - KUALA KANGSAR VIA JALAN TUN RAZAK,myBas,TAMAN PERDANA,TAMAN PERDANA Bus Stop,4.82654837,101.04506006,07:37:00,,,
TERMINAL MEDAN KIDD - KUALA KANGSAR VIA JALAN TUN RAZAK,myBas,SALAK LAMA 1,SALAK LAMA 1 Bus Stop,4.83880426,101.01196327,07:38:00,,,
TERMINAL MEDAN KIDD - KUALA KANGSAR VIA JALAN TUN RAZAK,myBas,SALAK LAMA 2,SALAK LAMA 2 Bus Stop,4.83941361,101.00879289,07:39:00,,,
TERMINAL MEDAN KIDD - KUALA KANGSAR VIA JALAN TUN RAZAK,myBas,SALAK LAMA 3,SALAK LAMA 3 Bus Stop,4.84020626,101.00504455,07:40:00,,,
TERMINAL MEDAN KIDD - KUALA KANGSAR VIA JALAN TUN RAZAK,myBas,SALAK BARU 1,SALAK BARU 1 Bus Stop,4.84025401,100.99648693,07:41:00,,,
TERMINAL MEDAN KIDD - KUALA KANGSAR VIA JALAN TUN RAZAK,myBas,SALAK BARU 2,SALAK BARU 2 Bus Stop,4.84065204,100.99229875,07:42:00,,,
TERMINAL MEDAN KIDD - KUALA KANGSAR VIA JALAN TUN RAZAK,myBas,BATU 25,BATU 25 Bus Stop,4.83999781,100.98732376,07:43:00,,,
TERMINAL MEDAN KIDD - KUALA KANGSAR VIA JALAN TUN RAZAK,myBas,KILANG KICAP TAMIN,KILANG KICAP TAMIN Bus Stop,4.83888089,100.98448579,07:44:00,,,
TERMINAL MEDAN KIDD - KUALA KANGSAR VIA JALAN TUN RAZAK,myBas,SK SETIA JAYA,SK SETIA JAYA Bus Stop,4.83805619,100.98365576,07:45:00,,,
TERMINAL MEDAN KIDD - KUALA KANGSAR VIA JALAN TUN RAZAK,myBas,KOLAM AIR,KOLAM AIR Bus Stop,4.83394528,100.97981973,07:46:00,,,
TERMINAL MEDAN KIDD - KUALA KANGSAR VIA JALAN TUN RAZAK,myBas,PUSAT IKAN HIASAN,PUSAT IKAN HIASAN Bus Stop,4.83125301,100.97765707,07:47:00,,,
TERMINAL MEDAN KIDD - KUALA KANGSAR VIA JALAN TUN RAZAK,myBas,BATU 26,BATU 26 Bus Stop,4.82900602,100.97522399,07:48:00,,,
TERMINAL MEDAN KIDD - KUALA KANGSAR VIA JALAN TUN RAZAK,myBas,SPG KARAI,SPG KARAI Bus Stop,4.82255271,100.96846949,07:49:00,,,
TERMINAL MEDAN KIDD - KUALA KANGSAR VIA JALAN TUN RAZAK,myBas,PEKAN KARAI,PEKAN KARAI Bus Stop,4.836502,100.965617,07:50:00,,,
TERMINAL MEDAN KIDD - KUALA KANGSAR VIA JALAN TUN RAZAK,myBas,SPG KARAI 1,SPG KARAI 1 Bus Stop,4.82255271,100.96846949,07:51:00,,,
TERMINAL MEDAN KIDD - KUALA KANGSAR VIA JALAN TUN RAZAK,myBas,SPG SAYONG,SPG SAYONG Bus Stop,4.81745326,100.96535917,07:52:00,,,
TERMINAL MEDAN KIDD - KUALA KANGSAR VIA JALAN TUN RAZAK,myBas,STESEN JPJ,STESEN JPJ Bus Stop,4.81796917,100.96005819,07:53:00,,,
TERMINAL MEDAN KIDD - KUALA KANGSAR VIA JALAN TUN RAZAK,myBas,PADANG AMPANG 1,PADANG AMPANG 1 Bus Stop,4.81526096,100.95760656,07:54:00,,,
TERMINAL MEDAN KIDD - KUALA KANGSAR VIA JALAN TUN RAZAK,myBas,SK PADANG AMPANG,SK PADANG AMPANG Bus Stop,4.81001977,100.95427854,07:55:00,,,
TERMINAL MEDAN KIDD - KUALA KANGSAR VIA JALAN TUN RAZAK,myBas,PADANG AMPANG 2,PADANG AMPANG 2 Bus Stop,4.8084412,100.95262276,07:56:00,,,
TERMINAL MEDAN KIDD - KUALA KANGSAR VIA JALAN TUN RAZAK,myBas,AKEDEMI MEMANDU,AKEDEMI MEMANDU Bus Stop,4.80728312,100.95144167,07:57:00,,,
TERMINAL MEDAN KIDD - KUALA KANGSAR VIA JALAN TUN RAZAK,myBas,LOJI AIR KOTA LAMA 1,LOJI AIR KOTA LAMA 1 Bus Stop,4.80424576,100.9494728,07:58:00,,,
TERMINAL MEDAN KIDD - KUALA KANGSAR VIA JALAN TUN RAZAK,myBas,LOJI AIR KOTA LAMA 2,LOJI AIR KOTA LAMA 2 Bus Stop,4.80148209,100.94824971,07:59:00,,,
TERMINAL MEDAN KIDD - KUALA KANGSAR VIA JALAN TUN RAZAK,myBas,MASJID KOTA LAMA,MASJID KOTA LAMA Bus Stop,4.79424,100.94612,08:00:00,,,
TERMINAL MEDAN KIDD - KUALA KANGSAR VIA JALAN TUN RAZAK,myBas,MASJID HIDAYATUL UMMAH,MASJID HIDAYATUL UMMAH Bus Stop,4.79271532,100.94540834,08:01:00,,,
TERMINAL MEDAN KIDD - KUALA KANGSAR VIA JALAN TUN RAZAK,myBas,KILANG MINYAK AFIAT,KILANG MINYAK AFIAT Bus Stop,4.78866574,100.94378123,08:02:00,,,
TERMINAL MEDAN KIDD - KUALA KANGSAR VIA JALAN TUN RAZAK,myBas,RUMAH ANAK YATIM KOTA LAMA,RUMAH ANAK YATIM KOTA LAMA Bus Stop,4.78516539,100.94323062,08:03:00,,,
TERMINAL MEDAN KIDD - KUALA KANGSAR VIA JALAN TUN RAZAK,myBas,SPG JAMBATAN SAYONG,SPG JAMBATAN SAYONG Bus Stop,4.78004153,100.94365636,08:04:00,,,
TERMINAL MEDAN KIDD - KUALA KANGSAR VIA JALAN TUN RAZAK,myBas,KWSP KUALA KANGSAR,KWSP KUALA KANGSAR Bus Stop,4.77779154,100.94149634,08:05:00,,,
TERMINAL MEDAN KIDD - KUALA KANGSAR VIA JALAN TUN RAZAK,myBas,PEJABAT AGAMA ISLAM,PEJABAT AGAMA ISLAM Bus Stop,4.77496411,100.94127916,08:06:00,,,
TERMINAL MEDAN KIDD - KUALA KANGSAR VIA JALAN TUN RAZAK,myBas,STESEN BAS KUALA KANGSAR,STESEN BAS KUALA KANGSAR Bus Stop,4.771276,100.939519,08:07:00,,,
MEDAN KIDD - TANJUNG RAMBUTAN VIA BERCHAM,myBas,STESEN BAS MEDAN KIDD,STESEN BAS MEDAN KIDD Bus Stop,4.594224,101.07236,06:05:00,,,
MEDAN KIDD - TANJUNG RAMBUTAN VIA BERCHAM,myBas,STESEN KTM IPOH JALAN PANGLIMA,STESEN KTM IPOH JALAN PANGLIMA Bus Stop,4.5973861,101.07344091,06:06:00,,,
MEDAN KIDD - TANJUNG RAMBUTAN VIA BERCHAM,myBas,SM ST MICHAEL,SM ST MICHAEL Bus Stop,4.60004898,101.07675076,06:07:00,,,
MEDAN KIDD - TANJUNG RAMBUTAN VIA BERCHAM,myBas,BANGUNAN SERI KINTA,BANGUNAN SERI KINTA Bus Stop,4.59802514,101.0798217,06:08:00,,,
MEDAN KIDD - TANJUNG RAMBUTAN VIA BERCHAM,myBas,PUBLIC BANK JALAN SULTAN IDRIS SHAH,PUBLIC BANK JALAN SULTAN IDRIS SHAH Bus Stop,4.59750374,101.08201861,06:09:00,,,
MEDAN KIDD - TANJUNG RAMBUTAN VIA BERCHAM,myBas,GERBANG MALAM,GERBANG MALAM Bus Stop,4.59672038,101.08479738,06:10:00,,,
MEDAN KIDD - TANJUNG RAMBUTAN VIA BERCHAM,myBas,IPOH PARADE,IPOH PARADE Bus Stop,4.59498523,101.08967364,06:11:00,,,
MEDAN KIDD - TANJUNG RAMBUTAN VIA BERCHAM,myBas,ROYAL CHINA,ROYAL CHINA Bus Stop,4.59066705,101.09218386,06:12:00,,,
MEDAN KIDD - TANJUNG RAMBUTAN VIA BERCHAM,myBas,IMPIANA HOTEL,IMPIANA HOTEL Bus Stop,4.5892557,101.09475374,06:13:00,,,
MEDAN KIDD - TANJUNG RAMBUTAN VIA BERCHAM,myBas,KONDO RAYA RIA,KONDO RAYA RIA Bus Stop,4.58148081,101.10338705,06:14:00,,,
MEDAN KIDD - TANJUNG RAMBUTAN VIA BERCHAM,myBas,WISMA TIGER LANE,WISMA TIGER LANE Bus Stop,4.58008249,101.10634625,06:15:00,,,
MEDAN KIDD - TANJUNG RAMBUTAN VIA BERCHAM,myBas,ROYAL PERAK GOLF CLUB,ROYAL PERAK GOLF CLUB Bus Stop,4.5885385,101.11314242,06:16:00,,,
MEDAN KIDD - TANJUNG RAMBUTAN VIA BERCHAM,myBas,SEKOLAH IZUDDIN SHAH,SEKOLAH IZUDDIN SHAH Bus Stop,4.593092,101.11786,06:17:00,,,
MEDAN KIDD - TANJUNG RAMBUTAN VIA BERCHAM,myBas,JABATAN KIMIA MALAYSIA 1,JABATAN KIMIA MALAYSIA 1 Bus Stop,4.59607244,101.11992333,06:18:00,,,
MEDAN KIDD - TANJUNG RAMBUTAN VIA BERCHAM,myBas,STAR,STAR Bus Stop,4.59736293,101.12003002,06:19:00,,,
MEDAN KIDD - TANJUNG RAMBUTAN VIA BERCHAM,myBas,IPOH GARDEN SQUARE,IPOH GARDEN SQUARE Bus Stop,4.60723015,101.11808896,06:20:00,,,
MEDAN KIDD - TANJUNG RAMBUTAN VIA BERCHAM,myBas,AEON IPOH JALAN SULTAN AZLAN SHAH,AEON IPOH JALAN SULTAN AZLAN SHAH Bus Stop,4.61288097,101.11721853,06:21:00,,,
MEDAN KIDD - TANJUNG RAMBUTAN VIA BERCHAM,myBas,JPJ NEGERI PERAK,JPJ NEGERI PERAK Bus Stop,4.61860866,101.11634552,06:22:00,,,
MEDAN KIDD - TANJUNG RAMBUTAN VIA BERCHAM,myBas,TESCO EXTRA IPOH,TESCO EXTRA IPOH Bus Stop,4.62581638,101.11947298,06:23:00,,,
MEDAN KIDD - TANJUNG RAMBUTAN VIA BERCHAM,myBas,TMN RIA,TMN RIA Bus Stop,4.62571208,101.12275469,06:24:00,,,
MEDAN KIDD - TANJUNG RAMBUTAN VIA BERCHAM,myBas,TMN SRI KURAU,TMN SRI KURAU Bus Stop,4.62632259,101.12429515,06:25:00,,,
MEDAN KIDD - TANJUNG RAMBUTAN VIA BERCHAM,myBas,TMN MEDAN BERCHAM 1,TMN MEDAN BERCHAM 1 Bus Stop,4.63053198,101.12655269,06:26:00,,,
MEDAN KIDD - TANJUNG RAMBUTAN VIA BERCHAM,myBas,TMN MEDAN BERCHAM 2,TMN MEDAN BERCHAM 2 Bus Stop,4.63221577,101.12690444,06:27:00,,,
MEDAN KIDD - TANJUNG RAMBUTAN VIA BERCHAM,myBas,TMN DESA KENCHANA 1,TMN DESA KENCHANA 1 Bus Stop,4.63309294,101.12856937,06:28:00,,,
MEDAN KIDD - TANJUNG RAMBUTAN VIA BERCHAM,myBas,TMN DESA KENCHANA 2,TMN DESA KENCHANA 2 Bus Stop,4.6327367,101.13040463,06:29:00,,,
MEDAN KIDD - TANJUNG RAMBUTAN VIA BERCHAM,myBas,TMN PAKATAN 1,TMN PAKATAN 1 Bus Stop,4.63337116,101.13319749,06:30:00,,,
MEDAN KIDD - TANJUNG RAMBUTAN VIA BERCHAM,myBas,FLAT PAKATAN 1,FLAT PAKATAN 1 Bus Stop,4.63436582,101.1340257,06:31:00,,,
MEDAN KIDD - TANJUNG RAMBUTAN VIA BERCHAM,myBas,FLAT PAKATAN 2,FLAT PAKATAN 2 Bus Stop,4.63578481,101.13428883,06:32:00,,,
MEDAN KIDD - TANJUNG RAMBUTAN VIA BERCHAM,myBas,TMN PAKATAN 2,TMN PAKATAN 2 Bus Stop,4.63648003,101.13411221,06:33:00,,,
MEDAN KIDD - TANJUNG RAMBUTAN VIA BERCHAM,myBas,TMN PAKATAN 3,TMN PAKATAN 3 Bus Stop,4.63670179,101.13183611,06:34:00,,,
MEDAN KIDD - TANJUNG RAMBUTAN VIA BERCHAM,myBas,SJKC BERCHAM,SJKC BERCHAM Bus Stop,4.63703865,101.13010956,06:35:00,,,
MEDAN KIDD - TANJUNG RAMBUTAN VIA BERCHAM,myBas,PASAR BERCHAM,PASAR BERCHAM Bus Stop,4.63871442,101.1281915,06:36:00,,,
MEDAN KIDD - TANJUNG RAMBUTAN VIA BERCHAM,myBas,BALAI POLIS BERCHAM,BALAI POLIS BERCHAM Bus Stop,4.640441,101.12835,06:37:00,,,
MEDAN KIDD - TANJUNG RAMBUTAN VIA BERCHAM,myBas,TMN RAMAI,TMN RAMAI Bus Stop,4.64531107,101.12962782,06:38:00,,,
MEDAN KIDD - TANJUNG RAMBUTAN VIA BERCHAM,myBas,KAWASAN PERINDUSTRIAN RINGAN BERCHAM,KAWASAN PERINDUSTRIAN RINGAN BERCHAM Bus Stop,4.65060352,101.13147042,06:39:00,,,
MEDAN KIDD - TANJUNG RAMBUTAN VIA BERCHAM,myBas,TMN PUTRA INDAH,TMN PUTRA INDAH Bus Stop,4.65699708,101.13750907,06:40:00,,,
MEDAN KIDD - TANJUNG RAMBUTAN VIA BERCHAM,myBas,BANDAR BARU PUTRA,BANDAR BARU PUTRA Bus Stop,4.65875813,101.14250243,06:41:00,,,
MEDAN KIDD - TANJUNG RAMBUTAN VIA BERCHAM,myBas,TMN PUTERA PERMAI,TMN PUTERA PERMAI Bus Stop,4.659175,101.14405,06:42:00,,,
MEDAN KIDD - TANJUNG RAMBUTAN VIA BERCHAM,myBas,MONEX TIMBER,MONEX TIMBER Bus Stop,4.66181489,101.15293878,06:43:00,,,
MEDAN KIDD - TANJUNG RAMBUTAN VIA BERCHAM,myBas,TMN BERJAYA BARU,TMN BERJAYA BARU Bus Stop,4.66511933,101.15596354,06:44:00,,,
MEDAN KIDD - TANJUNG RAMBUTAN VIA BERCHAM,myBas,SK TANJONG RAMBUTAN,SK TANJONG RAMBUTAN Bus Stop,4.66697595,101.15659475,06:45:00,,,
MEDAN KIDD - TANJUNG RAMBUTAN VIA BERCHAM,myBas,PEKAN TANJONG RAMBUTAN,PEKAN TANJONG RAMBUTAN Bus Stop,4.67045927,101.15642041,06:46:00,,,
MEDAN KIDD - TANJUNG RAMBUTAN VIA BERCHAM,myBas,EU YAN SANG JALAN SULTAN ISKANDA,EU YAN SANG JALAN SULTAN ISKANDA Bus Stop,4.59203758,101.08653318,06:39:00,,,
MEDAN KIDD - TANJUNG RAMBUTAN VIA BERCHAM,myBas,ELLOW STREET,ELLOW STREET Bus Stop,4.59402006,101.08122467,06:40:00,,,
MEDAN KIDD - TANJUNG RAMBUTAN VIA BERCHAM,myBas,PEKAN LAMA,PEKAN LAMA Bus Stop,4.59540253,101.07682545,06:41:00,,,
MEDAN KIDD - TANJUNG RAMBUTAN VIA BERCHAM,myBas,STESEN KTM IPOH JALAN SULTAN ISKANDAR,STESEN KTM IPOH JALAN SULTAN ISKANDAR Bus Stop,4.59593283,101.07452968,06:42:00,,,
MEDAN KIDD -TANJUNG RAMBUTAN -CHEMOR,myBas,STESEN BAS MEDAN KIDD,STESEN BAS MEDAN KIDD Bus Stop,4.594224,101.07236,05:55:00,,,
MEDAN KIDD -TANJUNG RAMBUTAN -CHEMOR,myBas,STESEN KTM IPOH JALAN PANGLIMA,STESEN KTM IPOH JALAN PANGLIMA Bus Stop,4.5973861,101.0734409,05:56:00,,,
MEDAN KIDD -TANJUNG RAMBUTAN -CHEMOR,myBas,SM ST MICHAEL,SM ST MICHAEL Bus Stop,4.60004898,101.07675076,05:57:00,,,
MEDAN KIDD -TANJUNG RAMBUTAN -CHEMOR,myBas,BANGUNAN SERI KINTA,BANGUNAN SERI KINTA Bus Stop,4.59802514,101.0798217,05:58:00,,,
MEDAN KIDD -TANJUNG RAMBUTAN -CHEMOR,myBas,PUBLIC BANK JALAN SULTAN IDRIS SHAH,PUBLIC BANK JALAN SULTAN IDRIS SHAH Bus Stop,4.59750374,101.08201861,05:59:00,,,
MEDAN KIDD -TANJUNG RAMBUTAN -CHEMOR,myBas,GERBANG MALAM,GERBANG MALAM Bus Stop,4.59672038,101.08479738,06:00:00,,,
MEDAN KIDD -TANJUNG RAMBUTAN -CHEMOR,myBas,IPOH PARADE,IPOH PARADE Bus Stop,4.59498523,101.08967363,06:01:00,,,
MEDAN KIDD -TANJUNG RAMBUTAN -CHEMOR,myBas,IPOH LEARNING TRAINING INSTITUTE,IPOH LEARNING TRAINING INSTITUTE Bus Stop,4.59279094,101.0919482,06:02:00,,,
MEDAN KIDD -TANJUNG RAMBUTAN -CHEMOR,myBas,KPJ IPOH,KPJ IPOH Bus Stop,4.59432218,101.0962075,06:03:00,,,
MEDAN KIDD -TANJUNG RAMBUTAN -CHEMOR,myBas,SEKOLAH RAJA PEREMPUAN TA AYAH,SEKOLAH RAJA PEREMPUAN TA AYAH Bus Stop,4.5965226,101.10208646,06:04:00,,,
MEDAN KIDD -TANJUNG RAMBUTAN -CHEMOR,myBas,TOKONG SIAM,TOKONG SIAM Bus Stop,4.60092593,101.11423102,06:05:00,,,
MEDAN KIDD -TANJUNG RAMBUTAN -CHEMOR,myBas,HOSPITAL PANTAI IPOH,HOSPITAL PANTAI IPOH Bus Stop,4.60324122,101.1201328,06:06:00,,,
MEDAN KIDD -TANJUNG RAMBUTAN -CHEMOR,myBas,PERUMAHAN PEGAWAI TENTERA JALAN TAMBUN,PERUMAHAN PEGAWAI TENTERA JALAN TAMBUN Bus Stop,4.60518833,101.1239979,06:07:00,,,
MEDAN KIDD -TANJUNG RAMBUTAN -CHEMOR,myBas,PUSAT LATIHAN ASKAR WATANIAH,PUSAT LATIHAN ASKAR WATANIAH Bus Stop,4.60648156,101.12653255,06:08:00,,,
MEDAN KIDD -TANJUNG RAMBUTAN -CHEMOR,myBas,KG BARU TAMBUN,KG BARU TAMBUN Bus Stop,4.60940641,101.13327026,06:09:00,,,
MEDAN KIDD -TANJUNG RAMBUTAN -CHEMOR,myBas,PEKAN TAMBUN,PEKAN TAMBUN Bus Stop,4.610155,101.13943934,06:10:00,,,
MEDAN KIDD -TANJUNG RAMBUTAN -CHEMOR,myBas,SHELL JALAN TAMBUN,SHELL JALAN TAMBUN Bus Stop,4.61636011,101.14493332,06:11:00,,,
MEDAN KIDD -TANJUNG RAMBUTAN -CHEMOR,myBas,EXTREME PARK TAMBUN,EXTREME PARK TAMBUN Bus Stop,4.62020206,101.14649892,06:12:00,,,
MEDAN KIDD -TANJUNG RAMBUTAN -CHEMOR,myBas,GIANT TAMBUN,GIANT TAMBUN Bus Stop,4.62261355,101.14927232,06:13:00,,,
MEDAN KIDD -TANJUNG RAMBUTAN -CHEMOR,myBas,MCDONALDS TAMBUN,MCDONALDS TAMBUN Bus Stop,4.62580568,101.15103722,06:14:00,,,
MEDAN KIDD -TANJUNG RAMBUTAN -CHEMOR,myBas,BHP JALAN TAMBUN LAMA,BHP JALAN TAMBUN LAMA Bus Stop,4.62802909,101.15072477,06:15:00,,,
MEDAN KIDD -TANJUNG RAMBUTAN -CHEMOR,myBas,BATU 6,BATU 6 Bus Stop,4.63270321,101.15121961,06:16:00,,,
MEDAN KIDD -TANJUNG RAMBUTAN -CHEMOR,myBas,TMN PERPADUAN 1,TMN PERPADUAN 1 Bus Stop,4.63590932,101.15450671,06:17:00,,,
MEDAN KIDD -TANJUNG RAMBUTAN -CHEMOR,myBas,TMN MEWAH,TMN MEWAH Bus Stop,4.63893231,101.15491033,06:18:00,,,
MEDAN KIDD -TANJUNG RAMBUTAN -CHEMOR,myBas,GIATMARA TAMBUN,GIATMARA TAMBUN Bus Stop,4.64331671,101.15781784,06:19:00,,,
MEDAN KIDD -TANJUNG RAMBUTAN -CHEMOR,myBas,TMN UK RAYA,TMN UK RAYA Bus Stop,4.64722522,101.15924478,06:20:00,,,
MEDAN KIDD -TANJUNG RAMBUTAN -CHEMOR,myBas,KG MELAYU BATU 8,KG MELAYU BATU 8 Bus Stop,4.65209077,101.15913212,06:21:00,,,
MEDAN KIDD -TANJUNG RAMBUTAN -CHEMOR,myBas,KG TERSUSUN BATU 8,KG TERSUSUN BATU 8 Bus Stop,4.65526673,101.15908384,06:22:00,,,
MEDAN KIDD -TANJUNG RAMBUTAN -CHEMOR,myBas,TMN TANJONG PERDANA,TMN TANJONG PERDANA Bus Stop,4.65836947,101.15948533,06:23:00,,,
MEDAN KIDD -TANJUNG RAMBUTAN -CHEMOR,myBas,TMN INDAH,TMN INDAH Bus Stop,4.66211822,101.16110933,06:24:00,,,
MEDAN KIDD -TANJUNG RAMBUTAN -CHEMOR,myBas,TMN JOTHI,TMN JOTHI Bus Stop,4.66446303,101.16028547,06:25:00,,,
MEDAN KIDD -TANJUNG RAMBUTAN -CHEMOR,myBas,KLINIK KESIHATAN TANJONG RAMBUTAN,KLINIK KESIHATAN TANJONG RAMBUTAN Bus Stop,4.66560187,101.15805924,06:26:00,,,
MEDAN KIDD -TANJUNG RAMBUTAN -CHEMOR,myBas,SK TANJONG RAMBUTAN,SK TANJONG RAMBUTAN Bus Stop,4.66697595,101.15659475,06:27:00,,,
MEDAN KIDD -TANJUNG RAMBUTAN -CHEMOR,myBas,PEKAN TANJONG RAMBUTAN,PEKAN TANJONG RAMBUTAN Bus Stop,4.67045927,101.1564204,06:28:00,,,
MEDAN KIDD -TANJUNG RAMBUTAN -CHEMOR,myBas,TMN INTAN JAYA,TMN INTAN JAYA Bus Stop,4.67830949,101.16207948,06:29:00,,,
MEDAN KIDD -TANJUNG RAMBUTAN -CHEMOR,myBas,SMK TANJONG RAMBUTAN,SMK TANJONG RAMBUTAN Bus Stop,4.68574906,101.15983352,06:30:00,,,
MEDAN KIDD -TANJUNG RAMBUTAN -CHEMOR,myBas,TMN BAHAGIA,TMN BAHAGIA Bus Stop,4.6931098,101.15406811,06:31:00,,,
MEDAN KIDD -TANJUNG RAMBUTAN -CHEMOR,myBas,CHANGKAT KINDING,CHANGKAT KINDING Bus Stop,4.70033012,101.14991874,06:32:00,,,
MEDAN KIDD -TANJUNG RAMBUTAN -CHEMOR,myBas,KG TERSUSUN TANAH HITAM,KG TERSUSUN TANAH HITAM Bus Stop,4.72548437,101.14223152,06:33:00,,,
MEDAN KIDD -TANJUNG RAMBUTAN -CHEMOR,myBas,KLINIK KESIHATAN TANAH HITAM,KLINIK KESIHATAN TANAH HITAM Bus Stop,4.72743305,101.13649964,06:34:00,,,
MEDAN KIDD -TANJUNG RAMBUTAN -CHEMOR,myBas,KILANG KIN HENG TIMBER INDUSTRIES SDN BHD,KILANG KIN HENG TIMBER INDUSTRIES SDN BHD Bus Stop,4.7234458,101.12999169,06:35:00,,,
MEDAN KIDD -TANJUNG RAMBUTAN -CHEMOR,myBas,PASAR CHEMOR,PASAR CHEMOR Bus Stop,4.72072091,101.12180918,06:36:00,,,
MEDAN KIDD -TANJUNG RAMBUTAN -CHEMOR,myBas,BHP CHEMOR,BHP CHEMOR Bus Stop,4.72261079,101.12140954,06:37:00,,,
MEDAN KIDD -TANJUNG RAMBUTAN -CHEMOR,myBas,BATU 10,BATU 10 Bus Stop,4.72626878,101.1216241,06:38:00,,,
MEDAN KIDD -TANJUNG RAMBUTAN -CHEMOR,myBas,CHEMOR,CHEMOR Bus Stop,4.72867514,101.12145638,06:39:00,,,
MEDAN KIDD -TANJUNG RAMBUTAN -CHEMOR,myBas,CHEMOR RIA,CHEMOR RIA Bus Stop,4.73298367,101.12021298,06:40:00,,,
MEDAN KIDD -TANJUNG RAMBUTAN -CHEMOR,myBas,KANTHAN BARU,KANTHAN BARU Bus Stop,4.73673622,101.11927793,06:41:00,,,
MEDAN KIDD -TANJUNG RAMBUTAN -CHEMOR,myBas,KANTHAN 1,KANTHAN 1 Bus Stop,4.73967689,101.11864598,06:42:00,,,
MEDAN KIDD -TANJUNG RAMBUTAN -CHEMOR,myBas,KANTHAN 2,KANTHAN 2 Bus Stop,4.74835855,101.11716079,06:43:00,,,
MEDAN KIDD -TANJUNG RAMBUTAN -CHEMOR,myBas,KANTHAN 3,KANTHAN 3 Bus Stop,4.75166957,101.11729141,06:44:00,,,
MEDAN KIDD -TANJUNG RAMBUTAN -CHEMOR,myBas,EU YAN SANG JALAN SULTAN ISKANDA,EU YAN SANG JALAN SULTAN ISKANDA Bus Stop,4.59203758,101.08653318,06:37:00,,,
MEDAN KIDD -TANJUNG RAMBUTAN -CHEMOR,myBas,ELLOW STREET,ELLOW STREET Bus Stop,4.59402006,101.08122467,06:38:00,,,
MEDAN KIDD -TANJUNG RAMBUTAN -CHEMOR,myBas,PEKAN LAMA,PEKAN LAMA Bus Stop,4.59540253,101.07682545,06:39:00,,,
MEDAN KIDD -TANJUNG RAMBUTAN -CHEMOR,myBas,STESEN KTM IPOH JALAN SULTAN ISKANDAR,STESEN KTM IPOH JALAN SULTAN ISKANDAR Bus Stop,4.59593283,101.07452968,06:40:00,,,
MEDAN KIDD-TANJUNG RAMBUTAN,myBas,STESEN BAS MEDAN KIDD,STESEN BAS MEDAN KIDD Bus Stop,4.594224,101.07236,07:00:00,,,
MEDAN KIDD-TANJUNG RAMBUTAN,myBas,STESEN KTM IPOH JALAN PANGLIMA,STESEN KTM IPOH JALAN PANGLIMA Bus Stop,4.5973861,101.0734409,07:01:00,,,
MEDAN KIDD-TANJUNG RAMBUTAN,myBas,SM ST MICHAEL,SM ST MICHAEL Bus Stop,4.60004898,101.07675076,07:02:00,,,
MEDAN KIDD-TANJUNG RAMBUTAN,myBas,BANGUNAN SERI KINTA,BANGUNAN SERI KINTA Bus Stop,4.59802514,101.0798217,07:03:00,,,
MEDAN KIDD-TANJUNG RAMBUTAN,myBas,PUBLIC BANK JALAN SULTAN IDRIS SHAH,PUBLIC BANK JALAN SULTAN IDRIS SHAH Bus Stop,4.59750374,101.08201861,07:04:00,,,
MEDAN KIDD-TANJUNG RAMBUTAN,myBas,GERBANG MALAM,GERBANG MALAM Bus Stop,4.59672038,101.08479738,07:05:00,,,
MEDAN KIDD-TANJUNG RAMBUTAN,myBas,IPOH PARADE,IPOH PARADE Bus Stop,4.59498523,101.08967363,07:06:00,,,
MEDAN KIDD-TANJUNG RAMBUTAN,myBas,IPOH LEARNING TRAINING INSTITUTE,IPOH LEARNING TRAINING INSTITUTE Bus Stop,4.59279094,101.0919482,07:07:00,,,
MEDAN KIDD-TANJUNG RAMBUTAN,myBas,KPJ IPOH,KPJ IPOH Bus Stop,4.59432218,101.09620749,07:08:00,,,
MEDAN KIDD-TANJUNG RAMBUTAN,myBas,SEKOLAH RAJA PEREMPUAN TA AYAH,SEKOLAH RAJA PEREMPUAN TA AYAH Bus Stop,4.5965226,101.10208647,07:09:00,,,
MEDAN KIDD-TANJUNG RAMBUTAN,myBas,TOKONG SIAM,TOKONG SIAM Bus Stop,4.60092593,101.11423102,07:10:00,,,
MEDAN KIDD-TANJUNG RAMBUTAN,myBas,HOSPITAL PANTAI IPOH,HOSPITAL PANTAI IPOH Bus Stop,4.60324122,101.1201328,07:11:00,,,
MEDAN KIDD-TANJUNG RAMBUTAN,myBas,PERUMAHAN PEGAWAI TENTERA JALAN TAMBUN,PERUMAHAN PEGAWAI TENTERA JALAN TAMBUN Bus Stop,4.60518833,101.12399789,07:12:00,,,
MEDAN KIDD-TANJUNG RAMBUTAN,myBas,PUSAT LATIHAN ASKAR WATANIAH,PUSAT LATIHAN ASKAR WATANIAH Bus Stop,4.60648156,101.12653255,07:13:00,,,
MEDAN KIDD-TANJUNG RAMBUTAN,myBas,KG BARU TAMBUN,KG BARU TAMBUN Bus Stop,4.60940641,101.13327026,07:14:00,,,
MEDAN KIDD-TANJUNG RAMBUTAN,myBas,PEKAN TAMBUN,PEKAN TAMBUN Bus Stop,4.610155,101.13943934,07:15:00,,,
MEDAN KIDD-TANJUNG RAMBUTAN,myBas,SHELL JALAN TAMBUN,SHELL JALAN TAMBUN Bus Stop,4.61636011,101.14493332,07:16:00,,,
MEDAN KIDD-TANJUNG RAMBUTAN,myBas,EXTREME PARK TAMBUN,EXTREME PARK TAMBUN Bus Stop,4.62020206,101.14649891,07:17:00,,,
MEDAN KIDD-TANJUNG RAMBUTAN,myBas,GIANT TAMBUN,GIANT TAMBUN Bus Stop,4.62261355,101.14927232,07:18:00,,,
MEDAN KIDD-TANJUNG RAMBUTAN,myBas,MCDONALDS TAMBUN,MCDONALDS TAMBUN Bus Stop,4.62580568,101.15103721,07:19:00,,,
MEDAN KIDD-TANJUNG RAMBUTAN,myBas,BHP JALAN TAMBUN LAMA,BHP JALAN TAMBUN LAMA Bus Stop,4.62802909,101.15072476,07:20:00,,,
MEDAN KIDD-TANJUNG RAMBUTAN,myBas,BATU 6,BATU 6 Bus Stop,4.63270321,101.1512196,07:21:00,,,
MEDAN KIDD-TANJUNG RAMBUTAN,myBas,TMN PERPADUAN 1,TMN PERPADUAN 1 Bus Stop,4.63590932,101.1545067,07:22:00,,,
MEDAN KIDD-TANJUNG RAMBUTAN,myBas,TMN MEWAH,TMN MEWAH Bus Stop,4.63893231,101.15491033,07:23:00,,,
MEDAN KIDD-TANJUNG RAMBUTAN,myBas,GIATMARA TAMBUN,GIATMARA TAMBUN Bus Stop,4.64331671,101.15781784,07:24:00,,,
MEDAN KIDD-TANJUNG RAMBUTAN,myBas,TMN UK RAYA,TMN UK RAYA Bus Stop,4.64722522,101.15924477,07:25:00,,,
MEDAN KIDD-TANJUNG RAMBUTAN,myBas,KG MELAYU BATU 8,KG MELAYU BATU 8 Bus Stop,4.65209077,101.15913212,07:26:00,,,
MEDAN KIDD-TANJUNG RAMBUTAN,myBas,KG TERSUSUN BATU 8,KG TERSUSUN BATU 8 Bus Stop,4.65526673,101.15908384,07:27:00,,,
MEDAN KIDD-TANJUNG RAMBUTAN,myBas,TMN TANJONG PERDANA,TMN TANJONG PERDANA Bus Stop,4.65836947,101.15948533,07:28:00,,,
MEDAN KIDD-TANJUNG RAMBUTAN,myBas,TMN INDAH,TMN INDAH Bus Stop,4.66211822,101.16110933,07:29:00,,,
MEDAN KIDD-TANJUNG RAMBUTAN,myBas,TMN JOTHI,TMN JOTHI Bus Stop,4.66446303,101.16028547,07:30:00,,,
MEDAN KIDD-TANJUNG RAMBUTAN,myBas,KLINIK KESIHATAN TANJONG RAMBUTAN,KLINIK KESIHATAN TANJONG RAMBUTAN Bus Stop,4.66560187,101.15805923,07:31:00,,,
MEDAN KIDD-TANJUNG RAMBUTAN,myBas,SK TANJONG RAMBUTAN,SK TANJONG RAMBUTAN Bus Stop,4.66697595,101.15659475,07:32:00,,,
MEDAN KIDD-TANJUNG RAMBUTAN,myBas,PEKAN TANJONG RAMBUTAN,PEKAN TANJONG RAMBUTAN Bus Stop,4.67045927,101.1564204,07:33:00,,,
MEDAN KIDD-TANJUNG RAMBUTAN,myBas,EU YAN SANG JALAN SULTAN ISKANDA,EU YAN SANG JALAN SULTAN ISKANDA Bus Stop,4.59203758,101.08653318,07:26:00,,,
MEDAN KIDD-TANJUNG RAMBUTAN,myBas,ELLOW STREET,ELLOW STREET Bus Stop,4.59402006,101.08122467,07:27:00,,,
MEDAN KIDD-TANJUNG RAMBUTAN,myBas,PEKAN LAMA,PEKAN LAMA Bus Stop,4.59540253,101.07682545,07:28:00,,,
MEDAN KIDD-TANJUNG RAMBUTAN,myBas,STESEN KTM IPOH JALAN SULTAN ISKANDAR,STESEN KTM IPOH JALAN SULTAN ISKANDAR Bus Stop,4.59593283,101.07452968,07:29:00,,,
TERMINAL MEDAN KIDD- GOPENG - KAMPAR,myBas,STESEN BAS MEDAN KIDD,STESEN BAS MEDAN KIDD Bus Stop,4.594224,101.07236,06:00:00,,,
TERMINAL MEDAN KIDD- GOPENG - KAMPAR,myBas,MASJID JAMEK,MASJID JAMEK Bus Stop,4.58996906,101.07749826,06:01:00,,,
TERMINAL MEDAN KIDD- GOPENG - KAMPAR,myBas,SRI MAJU,SRI MAJU Bus Stop,4.58934219,101.08142454,06:02:00,,,
TERMINAL MEDAN KIDD- GOPENG - KAMPAR,myBas,TAIWA,TAIWA Bus Stop,4.591351,101.082428,06:03:00,,,
TERMINAL MEDAN KIDD- GOPENG - KAMPAR,myBas,SKMGS,SKMGS Bus Stop,4.5870456,101.0845866,06:04:00,,,
TERMINAL MEDAN KIDD- GOPENG - KAMPAR,myBas,SHELL JALAN RAJA PERMAISURI BAINUN,SHELL JALAN RAJA PERMAISURI BAINUN Bus Stop,4.585155,101.0869401,06:05:00,,,
TERMINAL MEDAN KIDD- GOPENG - KAMPAR,myBas,THE STORE,THE STORE Bus Stop,4.58435002,101.09129877,06:06:00,,,
TERMINAL MEDAN KIDD- GOPENG - KAMPAR,myBas,QUEST INTERNATIONAL UNIVERSITY PERAK,QUEST INTERNATIONAL UNIVERSITY PERAK Bus Stop,4.58324331,101.09453903,06:07:00,,,
TERMINAL MEDAN KIDD- GOPENG - KAMPAR,myBas,SMJK PEREMPUAN PERAK,SMJK PEREMPUAN PERAK Bus Stop,4.5830021,101.09628796,06:08:00,,,
TERMINAL MEDAN KIDD- GOPENG - KAMPAR,myBas,PCSH,PCSH Bus Stop,4.58187464,101.10121062,06:09:00,,,
TERMINAL MEDAN KIDD- GOPENG - KAMPAR,myBas,HENTIAN BAS MEDAN GOPENG,HENTIAN BAS MEDAN GOPENG Bus Stop,4.57384753,101.11145317,06:10:00,,,
TERMINAL MEDAN KIDD- GOPENG - KAMPAR,myBas,GUNUNG RAPAT,GUNUNG RAPAT Bus Stop,4.569829,101.113394,06:11:00,,,
TERMINAL MEDAN KIDD- GOPENG - KAMPAR,myBas,SAM POH TONG TEMPLE,SAM POH TONG TEMPLE Bus Stop,4.56592808,101.1136204,06:12:00,,,
TERMINAL MEDAN KIDD- GOPENG - KAMPAR,myBas,SYMPHONY SUITES HOTEL,SYMPHONY SUITES HOTEL Bus Stop,4.56144089,101.11272828,06:13:00,,,
TERMINAL MEDAN KIDD- GOPENG - KAMPAR,myBas,TMN TAUFIQ,TMN TAUFIQ Bus Stop,4.56017961,101.11220419,06:14:00,,,
TERMINAL MEDAN KIDD- GOPENG - KAMPAR,myBas,TMN SOON CHOON,TMN SOON CHOON Bus Stop,4.55683211,101.11358284,06:15:00,,,
TERMINAL MEDAN KIDD- GOPENG - KAMPAR,myBas,PROTON PULAI HEIGHTS,PROTON PULAI HEIGHTS Bus Stop,4.55354236,101.11623431,06:16:00,,,
TERMINAL MEDAN KIDD- GOPENG - KAMPAR,myBas,SENGAT,SENGAT Bus Stop,4.54214318,101.12188873,06:17:00,,,
TERMINAL MEDAN KIDD- GOPENG - KAMPAR,myBas,TMN BERSATU,TMN BERSATU Bus Stop,4.53876548,101.1246711,06:18:00,,,
TERMINAL MEDAN KIDD- GOPENG - KAMPAR,myBas,KLINIK KESIHATAN DESA SIMPANG PULAI,KLINIK KESIHATAN DESA SIMPANG PULAI Bus Stop,4.53058629,101.12970829,06:19:00,,,
TERMINAL MEDAN KIDD- GOPENG - KAMPAR,myBas,SIMPANG CAMERON HIGHLANDS,SIMPANG CAMERON HIGHLANDS Bus Stop,4.52832959,101.13061669,06:20:00,,,
TERMINAL MEDAN KIDD- GOPENG - KAMPAR,myBas,SR ISLAM PINTAR,SR ISLAM PINTAR Bus Stop,4.52179469,101.13377452,06:21:00,,,
TERMINAL MEDAN KIDD- GOPENG - KAMPAR,myBas,KG KEPAYANG 1,KG KEPAYANG 1 Bus Stop,4.518259,101.135712,06:22:00,,,
TERMINAL MEDAN KIDD- GOPENG - KAMPAR,myBas,SRI RAIA,SRI RAIA Bus Stop,4.51079434,101.1406517,06:23:00,,,
TERMINAL MEDAN KIDD- GOPENG - KAMPAR,myBas,TMN TEKAH,TMN TEKAH Bus Stop,4.50026979,101.14772737,06:24:00,,,
TERMINAL MEDAN KIDD- GOPENG - KAMPAR,myBas,RTC GOPENG,RTC GOPENG Bus Stop,4.49288807,101.15110789,06:25:00,,,
TERMINAL MEDAN KIDD- GOPENG - KAMPAR,myBas,KOLEJ KEMAS,KOLEJ KEMAS Bus Stop,4.48923169,101.15325272,06:26:00,,,
TERMINAL MEDAN KIDD- GOPENG - KAMPAR,myBas,STESEN BAS GOPENG,STESEN BAS GOPENG Bus Stop,4.474362,101.1677,06:27:00,,,
TERMINAL MEDAN KIDD- GOPENG - KAMPAR,myBas,TAMAN GOPENG,TAMAN GOPENG Bus Stop,4.46787238,101.16403959,06:28:00,,,
TERMINAL MEDAN KIDD- GOPENG - KAMPAR,myBas,KOPISAN,KOPISAN Bus Stop,4.463439,101.16343,06:29:00,,,
TERMINAL MEDAN KIDD- GOPENG - KAMPAR,myBas,KG PULAI,KG PULAI Bus Stop,4.45668765,101.16495032,06:30:00,,,
TERMINAL MEDAN KIDD- GOPENG - KAMPAR,myBas,KK GOPENG,KK GOPENG Bus Stop,4.45357024,101.16541662,06:31:00,,,
TERMINAL MEDAN KIDD- GOPENG - KAMPAR,myBas,KG LAWAN KUDA,KG LAWAN KUDA Bus Stop,4.45045468,101.16607939,06:32:00,,,
TERMINAL MEDAN KIDD- GOPENG - KAMPAR,myBas,KG GUNUNG MESAH HULU,KG GUNUNG MESAH HULU Bus Stop,4.44646338,101.16675685,06:33:00,,,
TERMINAL MEDAN KIDD- GOPENG - KAMPAR,myBas,KG GUNUNG MESAH HILIR 1,KG GUNUNG MESAH HILIR 1 Bus Stop,4.44374916,101.16723066,06:34:00,,,
TERMINAL MEDAN KIDD- GOPENG - KAMPAR,myBas,KG GUNUNG MESAH HILIR 2,KG GUNUNG MESAH HILIR 2 Bus Stop,4.43473644,101.16675643,06:35:00,,,
TERMINAL MEDAN KIDD- GOPENG - KAMPAR,myBas,KG GUNUNG PANGJANG 1,KG GUNUNG PANGJANG 1 Bus Stop,4.43024533,101.16501465,06:36:00,,,
TERMINAL MEDAN KIDD- GOPENG - KAMPAR,myBas,SPG JALAN IMAM IBRAHIM,SPG JALAN IMAM IBRAHIM Bus Stop,4.42523568,101.16511857,06:37:00,,,
TERMINAL MEDAN KIDD- GOPENG - KAMPAR,myBas,KLINIK DESA GUNUNG PANJANG,KLINIK DESA GUNUNG PANJANG Bus Stop,4.42068871,101.16352425,06:38:00,,,
TERMINAL MEDAN KIDD- GOPENG - KAMPAR,myBas,KG G PANJANG,KG G PANJANG Bus Stop,4.41713254,101.16137747,06:39:00,,,
TERMINAL MEDAN KIDD- GOPENG - KAMPAR,myBas,SPG GUA TEMPURUNG,SPG GUA TEMPURUNG Bus Stop,4.41504612,101.16062056,06:40:00,,,
TERMINAL MEDAN KIDD- GOPENG - KAMPAR,myBas,KUBOI,KUBOI Bus Stop,4.41085456,101.15878927,06:41:00,,,
TERMINAL MEDAN KIDD- GOPENG - KAMPAR,myBas,MASJID JAMEK JERAM,MASJID JAMEK JERAM Bus Stop,4.40598787,101.15803886,06:42:00,,,
TERMINAL MEDAN KIDD- GOPENG - KAMPAR,myBas,TANAH PERKUBURAN KG JERAM,TANAH PERKUBURAN KG JERAM Bus Stop,4.40336184,101.15779337,06:43:00,,,
TERMINAL MEDAN KIDD- GOPENG - KAMPAR,myBas,KG TENGAH,KG TENGAH Bus Stop,4.40169211,101.15766805,06:44:00,,,
TERMINAL MEDAN KIDD- GOPENG - KAMPAR,myBas,KG JERAM,KG JERAM Bus Stop,4.39647255,101.1571561,06:45:00,,,
TERMINAL MEDAN KIDD- GOPENG - KAMPAR,myBas,BALAI POLIS KUALA DEPANG,BALAI POLIS KUALA DEPANG Bus Stop,4.38798377,101.15691986,06:46:00,,,
TERMINAL MEDAN KIDD- GOPENG - KAMPAR,myBas,MEDAN CAHAYA KG DEPANG,MEDAN CAHAYA KG DEPANG Bus Stop,4.38398483,101.1565288,06:47:00,,,
TERMINAL MEDAN KIDD- GOPENG - KAMPAR,myBas,KG KUALA DEPANG,KG KUALA DEPANG Bus Stop,4.37707893,101.15607897,06:48:00,,,
TERMINAL MEDAN KIDD- GOPENG - KAMPAR,myBas,KG PASIR,KG PASIR Bus Stop,4.3740562,101.15596617,06:49:00,,,
TERMINAL MEDAN KIDD- GOPENG - KAMPAR,myBas,KG NYOR,KG NYOR Bus Stop,4.37179238,101.15587123,06:50:00,,,
TERMINAL MEDAN KIDD- GOPENG - KAMPAR,myBas,BATU 20,BATU 20 Bus Stop,4.369443,101.155887,06:51:00,,,
TERMINAL MEDAN KIDD- GOPENG - KAMPAR,myBas,BATU KARANG 1,BATU KARANG 1 Bus Stop,4.36515464,101.15607193,06:52:00,,,
TERMINAL MEDAN KIDD- GOPENG - KAMPAR,myBas,BATU KARANG 2,BATU KARANG 2 Bus Stop,4.35717594,101.15641835,06:53:00,,,
TERMINAL MEDAN KIDD- GOPENG - KAMPAR,myBas,KAMPAR JAYA 1,KAMPAR JAYA 1 Bus Stop,4.35172141,101.15660864,06:54:00,,,
TERMINAL MEDAN KIDD- GOPENG - KAMPAR,myBas,KAMPAR JAYA 2,KAMPAR JAYA 2 Bus Stop,4.33633857,101.15609676,06:55:00,,,
TERMINAL MEDAN KIDD- GOPENG - KAMPAR,myBas,SMK KAMPAR,SMK KAMPAR Bus Stop,4.327381,101.154612,06:56:00,,,
TERMINAL MEDAN KIDD- GOPENG - KAMPAR,myBas,BANDAR BARU KAMPAR 1,BANDAR BARU KAMPAR 1 Bus Stop,4.32520669,101.14774539,06:57:00,,,
TERMINAL MEDAN KIDD- GOPENG - KAMPAR,myBas,BANDAR BARU KAMPAR 2,BANDAR BARU KAMPAR 2 Bus Stop,4.32593416,101.14429542,06:58:00,,,
TERMINAL MEDAN KIDD- GOPENG - KAMPAR,myBas,TERMINAL 1 KAMPAR,TERMINAL 1 KAMPAR Bus Stop,4.31598506,101.14922771,06:59:00,,,
MEDAN KIDD-PASIR PUTEH-PENGKALAN SENTOSA,myBas,STESEN BAS MEDAN KIDD,STESEN BAS MEDAN KIDD Bus Stop,4.594224,101.07236,05:55:00,,,
MEDAN KIDD-PASIR PUTEH-PENGKALAN SENTOSA,myBas,DATO SAGOR,DATO SAGOR Bus Stop,4.5951322,101.07762574,05:56:00,,,
MEDAN KIDD-PASIR PUTEH-PENGKALAN SENTOSA,myBas,HOTEL BAJET ONE STOP,HOTEL BAJET ONE STOP Bus Stop,4.59619446,101.07698199,05:57:00,,,
MEDAN KIDD-PASIR PUTEH-PENGKALAN SENTOSA,myBas,BANGUNAN SERI KINTA,BANGUNAN SERI KINTA Bus Stop,4.59802514,101.07982171,05:58:00,,,
MEDAN KIDD-PASIR PUTEH-PENGKALAN SENTOSA,myBas,PUBLIC BANK JALAN SULTAN IDRIS SHAH,PUBLIC BANK JALAN SULTAN IDRIS SHAH Bus Stop,4.59750374,101.08201861,05:59:00,,,
MEDAN KIDD-PASIR PUTEH-PENGKALAN SENTOSA,myBas,MEDAN SELERA TMN KANAK-KANAK,MEDAN SELERA TMN KANAK-KANAK Bus Stop,4.59606535,101.08394443,06:00:00,,,
MEDAN KIDD-PASIR PUTEH-PENGKALAN SENTOSA,myBas,KAMDAR JALAN RAJA MUSA AZIZ,KAMDAR JALAN RAJA MUSA AZIZ Bus Stop,4.59496384,101.08362257,06:01:00,,,
MEDAN KIDD-PASIR PUTEH-PENGKALAN SENTOSA,myBas,TAIWA,TAIWA Bus Stop,4.591351,101.082428,06:02:00,,,
MEDAN KIDD-PASIR PUTEH-PENGKALAN SENTOSA,myBas,SIMPANG PASIR PUTEH,SIMPANG PASIR PUTEH Bus Stop,4.58735923,101.08268651,06:03:00,,,
MEDAN KIDD-PASIR PUTEH-PENGKALAN SENTOSA,myBas,PETRON PASIR PUTEH,PETRON PASIR PUTEH Bus Stop,4.58478973,101.08160157,06:04:00,,,
MEDAN KIDD-PASIR PUTEH-PENGKALAN SENTOSA,myBas,PASAR PASIR PUTEH,PASAR PASIR PUTEH Bus Stop,4.58167457,101.08224996,06:05:00,,,
MEDAN KIDD-PASIR PUTEH-PENGKALAN SENTOSA,myBas,SMK JALAN PASIR PUTEH,SMK JALAN PASIR PUTEH Bus Stop,4.57963255,101.08201196,06:06:00,,,
MEDAN KIDD-PASIR PUTEH-PENGKALAN SENTOSA,myBas,SEN HENG JALAN PASIR PUTEH,SEN HENG JALAN PASIR PUTEH Bus Stop,4.57621639,101.080935,06:07:00,,,
MEDAN KIDD-PASIR PUTEH-PENGKALAN SENTOSA,myBas,BALAI POLIS JALAN PASIR PUTEH,BALAI POLIS JALAN PASIR PUTEH Bus Stop,4.57439246,101.08093768,06:08:00,,,
MEDAN KIDD-PASIR PUTEH-PENGKALAN SENTOSA,myBas,TOKONG PASIR PUTEH,TOKONG PASIR PUTEH Bus Stop,4.57153747,101.08050585,06:09:00,,,
MEDAN KIDD-PASIR PUTEH-PENGKALAN SENTOSA,myBas,HYUNDAI,HYUNDAI Bus Stop,4.56727525,101.07937896,06:10:00,,,
MEDAN KIDD-PASIR PUTEH-PENGKALAN SENTOSA,myBas,SMK PINJI,SMK PINJI Bus Stop,4.56553611,101.07915923,06:11:00,,,
MEDAN KIDD-PASIR PUTEH-PENGKALAN SENTOSA,myBas,TMN BOON BAK,TMN BOON BAK Bus Stop,4.56371425,101.07837081,06:12:00,,,
MEDAN KIDD-PASIR PUTEH-PENGKALAN SENTOSA,myBas,SPBK,SPBK Bus Stop,4.55869302,101.07605338,06:13:00,,,
MEDAN KIDD-PASIR PUTEH-PENGKALAN SENTOSA,myBas,PETRONAS PASIR PUTEH,PETRONAS PASIR PUTEH Bus Stop,4.55417441,101.07521117,06:14:00,,,
MEDAN KIDD-PASIR PUTEH-PENGKALAN SENTOSA,myBas,TELEKOM PASIR PUTEH,TELEKOM PASIR PUTEH Bus Stop,4.55296859,101.07498045,06:15:00,,,
MEDAN KIDD-PASIR PUTEH-PENGKALAN SENTOSA,myBas,FOOD 66,FOOD 66 Bus Stop,4.5492761,101.07402563,06:16:00,,,
MEDAN KIDD-PASIR PUTEH-PENGKALAN SENTOSA,myBas,TMN PASIR PUTEH SELATAN,TMN PASIR PUTEH SELATAN Bus Stop,4.54677708,101.07381639,06:17:00,,,
MEDAN KIDD-PASIR PUTEH-PENGKALAN SENTOSA,myBas,AEON STATION 18,AEON STATION 18 Bus Stop,4.54354889,101.07221782,06:18:00,,,
MEDAN KIDD-PASIR PUTEH-PENGKALAN SENTOSA,myBas,TESCO STATION 18 1,TESCO STATION 18 1 Bus Stop,4.54476813,101.06905282,06:19:00,,,
MEDAN KIDD-PASIR PUTEH-PENGKALAN SENTOSA,myBas,KAMDAR STATION 18,KAMDAR STATION 18 Bus Stop,4.5468029,101.06831843,06:20:00,,,
MEDAN KIDD-PASIR PUTEH-PENGKALAN SENTOSA,myBas,TESCO STATION 18 2,TESCO STATION 18 2 Bus Stop,4.54419594,101.06944978,06:21:00,,,
MEDAN KIDD-PASIR PUTEH-PENGKALAN SENTOSA,myBas,KG PENGKALAN PEGOH 1,KG PENGKALAN PEGOH 1 Bus Stop,4.54204388,101.072676,06:22:00,,,
MEDAN KIDD-PASIR PUTEH-PENGKALAN SENTOSA,myBas,KG PENGKALAN PEGOH 2,KG PENGKALAN PEGOH 2 Bus Stop,4.5418887,101.0732979,06:23:00,,,
MEDAN KIDD-PASIR PUTEH-PENGKALAN SENTOSA,myBas,DESA PAKATAN 1,DESA PAKATAN 1 Bus Stop,4.54150612,101.07541502,06:24:00,,,
MEDAN KIDD-PASIR PUTEH-PENGKALAN SENTOSA,myBas,DESA PAKATAN 2,DESA PAKATAN 2 Bus Stop,4.54267724,101.07762516,06:25:00,,,
MEDAN KIDD-PASIR PUTEH-PENGKALAN SENTOSA,myBas,DESA PAKATAN 3,DESA PAKATAN 3 Bus Stop,4.5429767,101.07964754,06:26:00,,,
MEDAN KIDD-PASIR PUTEH-PENGKALAN SENTOSA,myBas,PASAR PENGKALAN,PASAR PENGKALAN Bus Stop,4.54307296,101.0833329,06:27:00,,,
MEDAN KIDD-PASIR PUTEH-PENGKALAN SENTOSA,myBas,MEDAN PENGKALAN RIA,MEDAN PENGKALAN RIA Bus Stop,4.53965545,101.08269466,06:28:00,,,
MEDAN KIDD-PASIR PUTEH-PENGKALAN SENTOSA,myBas,MEDAN PENGKALAN IMPIAN,MEDAN PENGKALAN IMPIAN Bus Stop,4.53718145,101.08204066,06:29:00,,,
MEDAN KIDD-PASIR PUTEH-PENGKALAN SENTOSA,myBas,PENGKALAN PEGOH SEBERANG,PENGKALAN PEGOH SEBERANG Bus Stop,4.53541373,101.08497455,06:30:00,,,
MEDAN KIDD-PASIR PUTEH-PENGKALAN SENTOSA,myBas,MASJID AL HIDAYAH,MASJID AL HIDAYAH Bus Stop,4.53433573,101.08735151,06:31:00,,,
MEDAN KIDD-PASIR PUTEH-PENGKALAN SENTOSA,myBas,SK PENGKALAN,SK PENGKALAN Bus Stop,4.53107292,101.08537674,06:32:00,,,
MEDAN KIDD-PASIR PUTEH-PENGKALAN SENTOSA,myBas,TAIKO,TAIKO Bus Stop,4.53022265,101.08237267,06:33:00,,,
MEDAN KIDD-PASIR PUTEH-PENGKALAN SENTOSA,myBas,KAWASAN PERINDUSTRIAN PENGKALAN PEGOH 1,KAWASAN PERINDUSTRIAN PENGKALAN PEGOH 1 Bus Stop,4.52985901,101.07683659,06:34:00,,,
MEDAN KIDD-PASIR PUTEH-PENGKALAN SENTOSA,myBas,KAWASAN PERINDUSTRIAN PENGKALAN PEGOH 2,KAWASAN PERINDUSTRIAN PENGKALAN PEGOH 2 Bus Stop,4.52980018,101.07416511,06:35:00,,,
MEDAN KIDD-PASIR PUTEH-PENGKALAN SENTOSA,myBas,SK PENGKALAN PEGOH 1,SK PENGKALAN PEGOH 1 Bus Stop,4.53170929,101.06992185,06:36:00,,,
MEDAN KIDD-PASIR PUTEH-PENGKALAN SENTOSA,myBas,SK PENGKALAN PEGOH 2,SK PENGKALAN PEGOH 2 Bus Stop,4.5329553,101.06922984,06:37:00,,,
MEDAN KIDD-PASIR PUTEH-PENGKALAN SENTOSA,myBas,MASJID PENGKALAN PEGOH,MASJID PENGKALAN PEGOH Bus Stop,4.5354152,101.06857002,06:38:00,,,
MEDAN KIDD-PASIR PUTEH-PENGKALAN SENTOSA,myBas,TMN DESA AMAN,TMN DESA AMAN Bus Stop,4.5375596,101.06927812,06:39:00,,,
MEDAN KIDD-PASIR PUTEH-PENGKALAN SENTOSA,myBas,PASAR BINA 1,PASAR BINA 1 Bus Stop,4.54084931,101.07011232,06:40:00,,,
MEDAN KIDD-PASIR PUTEH-PENGKALAN SENTOSA,myBas,PASAR BINA 2,PASAR BINA 2 Bus Stop,4.54166987,101.06772524,06:41:00,,,
MEDAN KIDD-PASIR PUTEH-PENGKALAN SENTOSA,myBas,DESA PENGKALAN MUTIARA,DESA PENGKALAN MUTIARA Bus Stop,4.54098206,101.06475592,06:42:00,,,
MEDAN KIDD-PASIR PUTEH-PENGKALAN SENTOSA,myBas,KAWASAN PERINDUSTRIAN LAHAT 1,KAWASAN PERINDUSTRIAN LAHAT 1 Bus Stop,4.53871174,101.05717984,06:43:00,,,
MEDAN KIDD-PASIR PUTEH-PENGKALAN SENTOSA,myBas,KAWASAN PERINDUSTRIAN LAHAT 2,KAWASAN PERINDUSTRIAN LAHAT 2 Bus Stop,4.52500866,101.05527163,06:44:00,,,
MEDAN KIDD-PASIR PUTEH-PENGKALAN SENTOSA,myBas,PENGKALAN SENTOSA,PENGKALAN SENTOSA Bus Stop,4.52200325,101.05482101,06:45:00,,,
MEDAN KIDD-PASIR PUTEH-PENGKALAN SENTOSA,myBas,ELLOW STREET,ELLOW STREET Bus Stop,4.59402006,101.08122467,06:38:00,,,
MEDAN KIDD-PASIR PUTEH-PENGKALAN SENTOSA,myBas,STESEN KTM IPOH JALAN SULTAN ISKANDAR,STESEN KTM IPOH JALAN SULTAN ISKANDAR Bus Stop,4.59593283,101.07452968,06:40:00,,,
MEDAN KIDD-BATU GAJAH-SRI ISKANDAR,myBas,STESEN BAS MEDAN KIDD,STESEN BAS MEDAN KIDD Bus Stop,4.594224,101.07236,06:00:00,,,
MEDAN KIDD-BATU GAJAH-SRI ISKANDAR,myBas,ACS IPOH,ACS IPOH Bus Stop,4.59044011,101.07339263,06:01:00,,,
MEDAN KIDD-BATU GAJAH-SRI ISKANDAR,myBas,FALIM,FALIM Bus Stop,4.58333447,101.0669833,06:02:00,,,
MEDAN KIDD-BATU GAJAH-SRI ISKANDAR,myBas,AEON FALIM,AEON FALIM Bus Stop,4.57998089,101.06079698,06:03:00,,,
MEDAN KIDD-BATU GAJAH-SRI ISKANDAR,myBas,KIA FALIM,KIA FALIM Bus Stop,4.57829115,101.06450915,06:04:00,,,
MEDAN KIDD-BATU GAJAH-SRI ISKANDAR,myBas,PASAR BORONG 1,PASAR BORONG 1 Bus Stop,4.57486352,101.06156945,06:05:00,,,
MEDAN KIDD-BATU GAJAH-SRI ISKANDAR,myBas,PASAR BORONG 2,PASAR BORONG 2 Bus Stop,4.57383625,101.06014793,06:06:00,,,
MEDAN KIDD-BATU GAJAH-SRI ISKANDAR,myBas,VETERINAR,VETERINAR Bus Stop,4.57275667,101.05755687,06:07:00,,,
MEDAN KIDD-BATU GAJAH-SRI ISKANDAR,myBas,CIMB JALAN LEE MING HIN,CIMB JALAN LEE MING HIN Bus Stop,4.56791196,101.0504061,06:08:00,,,
MEDAN KIDD-BATU GAJAH-SRI ISKANDAR,myBas,PASAR MENGLEMBU,PASAR MENGLEMBU Bus Stop,4.56497575,101.04755211,06:09:00,,,
MEDAN KIDD-BATU GAJAH-SRI ISKANDAR,myBas,BUKIT MERAH,BUKIT MERAH Bus Stop,4.55740428,101.04483783,06:10:00,,,
MEDAN KIDD-BATU GAJAH-SRI ISKANDAR,myBas,INDUSTRI BUKIT MERAH,INDUSTRI BUKIT MERAH Bus Stop,4.55001406,101.04308903,06:11:00,,,
MEDAN KIDD-BATU GAJAH-SRI ISKANDAR,myBas,KG BARU BUKIT MERAH,KG BARU BUKIT MERAH Bus Stop,4.54767185,101.04230583,06:12:00,,,
MEDAN KIDD-BATU GAJAH-SRI ISKANDAR,myBas,SLEI,SLEI Bus Stop,4.54584299,101.041646,06:13:00,,,
MEDAN KIDD-BATU GAJAH-SRI ISKANDAR,myBas,LAHAT,LAHAT Bus Stop,4.54056494,101.03757977,06:14:00,,,
MEDAN KIDD-BATU GAJAH-SRI ISKANDAR,myBas,BALAI POLIS LAHAT,BALAI POLIS LAHAT Bus Stop,4.53928152,101.03588998,06:15:00,,,
MEDAN KIDD-BATU GAJAH-SRI ISKANDAR,myBas,MEDAN LAHAT BARU,MEDAN LAHAT BARU Bus Stop,4.53362041,101.03336657,06:16:00,,,
MEDAN KIDD-BATU GAJAH-SRI ISKANDAR,myBas,LAHAT RIMA,LAHAT RIMA Bus Stop,4.53098201,101.03220999,06:17:00,,,
MEDAN KIDD-BATU GAJAH-SRI ISKANDAR,myBas,PRIMA MATEL,PRIMA MATEL Bus Stop,4.52471074,101.03037649,06:18:00,,,
MEDAN KIDD-BATU GAJAH-SRI ISKANDAR,myBas,KACA,KACA Bus Stop,4.51128099,101.02706552,06:19:00,,,
MEDAN KIDD-BATU GAJAH-SRI ISKANDAR,myBas,PAPAN,PAPAN Bus Stop,4.50474595,101.01536036,06:20:00,,,
MEDAN KIDD-BATU GAJAH-SRI ISKANDAR,myBas,TMN PUSING,TMN PUSING Bus Stop,4.50157015,101.01297575,06:21:00,,,
MEDAN KIDD-BATU GAJAH-SRI ISKANDAR,myBas,PEKAN PUSING,PEKAN PUSING Bus Stop,4.49571873,101.01072013,06:22:00,,,
MEDAN KIDD-BATU GAJAH-SRI ISKANDAR,myBas,MASJID HASNI PUSING,MASJID HASNI PUSING Bus Stop,4.49428549,101.01253331,06:23:00,,,
MEDAN KIDD-BATU GAJAH-SRI ISKANDAR,myBas,TAITUNG,TAITUNG Bus Stop,4.49226397,101.02138996,06:24:00,,,
MEDAN KIDD-BATU GAJAH-SRI ISKANDAR,myBas,TMN SAUJANA,TMN SAUJANA Bus Stop,4.49127791,101.0255151,06:25:00,,,
MEDAN KIDD-BATU GAJAH-SRI ISKANDAR,myBas,TMN MEWAH,TMN MEWAH Bus Stop,4.49046172,101.02784872,06:26:00,,,
MEDAN KIDD-BATU GAJAH-SRI ISKANDAR,myBas,SMK SULTAN YUSUF,SMK SULTAN YUSUF Bus Stop,4.48458429,101.03418946,06:27:00,,,
MEDAN KIDD-BATU GAJAH-SRI ISKANDAR,myBas,KG SERI INDAH,KG SERI INDAH Bus Stop,4.48087278,101.03868484,06:28:00,,,
MEDAN KIDD-BATU GAJAH-SRI ISKANDAR,myBas,BATU GAJAH,BATU GAJAH Bus Stop,4.47470113,101.04182839,06:29:00,,,
MEDAN KIDD-BATU GAJAH-SRI ISKANDAR,myBas,ARKED BATU GAJAH,ARKED BATU GAJAH Bus Stop,4.47155112,101.04240775,06:30:00,,,
MEDAN KIDD-BATU GAJAH-SRI ISKANDAR,myBas,MASJID TOH PUAN BESAR HATIJAH 1,MASJID TOH PUAN BESAR HATIJAH 1 Bus Stop,4.4693768,101.0429659,06:31:00,,,
MEDAN KIDD-BATU GAJAH-SRI ISKANDAR,myBas,KUAN TI TEMPLE 1,KUAN TI TEMPLE 1 Bus Stop,4.46680734,101.04307294,06:32:00,,,
MEDAN KIDD-BATU GAJAH-SRI ISKANDAR,myBas,KTM BATU GAJAH,KTM BATU GAJAH Bus Stop,4.46109018,101.04920983,06:33:00,,,
MEDAN KIDD-BATU GAJAH-SRI ISKANDAR,myBas,KUAN TI TEMPLE 2,KUAN TI TEMPLE 2 Bus Stop,4.46648111,101.04301929,06:34:00,,,
MEDAN KIDD-BATU GAJAH-SRI ISKANDAR,myBas,MASJID TOH PUAN BESAR HATIJAH 2,MASJID TOH PUAN BESAR HATIJAH 2 Bus Stop,4.46907495,101.04285836,06:35:00,,,
MEDAN KIDD-BATU GAJAH-SRI ISKANDAR,myBas,MAYBANK BATU GAJAH,MAYBANK BATU GAJAH Bus Stop,4.47175157,101.04156006,06:36:00,,,
MEDAN KIDD-BATU GAJAH-SRI ISKANDAR,myBas,KFC BATU GAJAH,KFC BATU GAJAH Bus Stop,4.47262073,101.04037464,06:37:00,,,
MEDAN KIDD-BATU GAJAH-SRI ISKANDAR,myBas,CLUB GOLF KINTA,CLUB GOLF KINTA Bus Stop,4.47023353,101.03662761,06:38:00,,,
MEDAN KIDD-BATU GAJAH-SRI ISKANDAR,myBas,TMN ANGGERIK,TMN ANGGERIK Bus Stop,4.46780744,101.0269475,06:39:00,,,
MEDAN KIDD-BATU GAJAH-SRI ISKANDAR,myBas,TMN BEMBAN AWAM 1,TMN BEMBAN AWAM 1 Bus Stop,4.46531803,101.01430566,06:40:00,,,
MEDAN KIDD-BATU GAJAH-SRI ISKANDAR,myBas,BEMBAN 1,BEMBAN 1 Bus Stop,4.45889934,101.01311251,06:41:00,,,
MEDAN KIDD-BATU GAJAH-SRI ISKANDAR,myBas,TMN BEMBAN AWAM 2,TMN BEMBAN AWAM 2 Bus Stop,4.46527521,101.0142252,06:42:00,,,
MEDAN KIDD-BATU GAJAH-SRI ISKANDAR,myBas,BEMBAN RAYA,BEMBAN RAYA Bus Stop,4.46791975,101.01251721,06:43:00,,,
MEDAN KIDD-BATU GAJAH-SRI ISKANDAR,myBas,INDUSTRI BEMBAN 1,INDUSTRI BEMBAN 1 Bus Stop,4.46775803,101.00968939,06:44:00,,,
MEDAN KIDD-BATU GAJAH-SRI ISKANDAR,myBas,INDUSTRI BEMBAN 2,INDUSTRI BEMBAN 2 Bus Stop,4.46762561,101.00342989,06:45:00,,,
MEDAN KIDD-BATU GAJAH-SRI ISKANDAR,myBas,SJK SEPUTEH,SJK SEPUTEH Bus Stop,4.46785023,100.99855363,06:46:00,,,
MEDAN KIDD-BATU GAJAH-SRI ISKANDAR,myBas,TMN SEPUTEH,TMN SEPUTEH Bus Stop,4.46617092,100.99619329,06:47:00,,,
MEDAN KIDD-BATU GAJAH-SRI ISKANDAR,myBas,TMN SEPUTEH PERMAI,TMN SEPUTEH PERMAI Bus Stop,4.45766363,100.99703327,06:48:00,,,
MEDAN KIDD-BATU GAJAH-SRI ISKANDAR,myBas,AKADEMI,AKADEMI Bus Stop,4.44437697,100.99824786,06:49:00,,,
MEDAN KIDD-BATU GAJAH-SRI ISKANDAR,myBas,KLINIK KESIHATAN TRONOH,KLINIK KESIHATAN TRONOH Bus Stop,4.42348626,100.99389195,06:50:00,,,
MEDAN KIDD-BATU GAJAH-SRI ISKANDAR,myBas,TMN TIMAH,TMN TIMAH Bus Stop,4.41610003,100.98793745,06:51:00,,,
MEDAN KIDD-BATU GAJAH-SRI ISKANDAR,myBas,TMN TASIK PUTRA,TMN TASIK PUTRA Bus Stop,4.40062447,100.98426155,06:52:00,,,
MEDAN KIDD-BATU GAJAH-SRI ISKANDAR,myBas,HENTIAN UTP,HENTIAN UTP Bus Stop,4.38749575,100.98087251,06:53:00,,,
MEDAN KIDD-BATU GAJAH-SRI ISKANDAR,myBas,TMN MAJU,TMN MAJU Bus Stop,4.36494183,100.97754882,06:54:00,,,
MEDAN KIDD-BATU GAJAH-SRI ISKANDAR,myBas,BILLION SERI ISKANDAR,BILLION SERI ISKANDAR Bus Stop,4.35506589,100.96949995,06:55:00,,,
MEDAN KIDD-BATU GAJAH-SRI ISKANDAR,myBas,HENTIAN UITM,HENTIAN UITM Bus Stop,4.3531589,100.96594915,06:56:00,,,
MEDAN KIDD-LTSAS-TAMAN BOTANI,myBas,STESEN BAS MEDAN KIDD,STESEN BAS MEDAN KIDD Bus Stop,4.594224,101.07236,05:40:00,,,
MEDAN KIDD-LTSAS-TAMAN BOTANI,myBas,STESEN KTM IPOH JALAN PANGLIMA,STESEN KTM IPOH JALAN PANGLIMA Bus Stop,4.5973861,101.0734409,05:41:00,,,
MEDAN KIDD-LTSAS-TAMAN BOTANI,myBas,SM ST MICHAEL,SM ST MICHAEL Bus Stop,4.60004898,101.07675076,05:42:00,,,
MEDAN KIDD-LTSAS-TAMAN BOTANI,myBas,BANGUNAN SERI KINTA,BANGUNAN SERI KINTA Bus Stop,4.59802514,101.0798217,05:43:00,,,
MEDAN KIDD-LTSAS-TAMAN BOTANI,myBas,PUBLIC BANK JALAN SULTAN IDRIS SHAH,PUBLIC BANK JALAN SULTAN IDRIS SHAH Bus Stop,4.59750374,101.08201861,05:44:00,,,
MEDAN KIDD-LTSAS-TAMAN BOTANI,myBas,MEDAN SELERA TMN KANAK-KANAK,MEDAN SELERA TMN KANAK-KANAK Bus Stop,4.59606535,101.08394444,05:45:00,,,
MEDAN KIDD-LTSAS-TAMAN BOTANI,myBas,KAMDAR JALAN RAJA MUSA AZIZ,KAMDAR JALAN RAJA MUSA AZIZ Bus Stop,4.59496384,101.08362257,05:46:00,,,
MEDAN KIDD-LTSAS-TAMAN BOTANI,myBas,TAIWA,TAIWA Bus Stop,4.591351,101.082428,05:47:00,,,
MEDAN KIDD-LTSAS-TAMAN BOTANI,myBas,SIMPANG PASIR PUTEH,SIMPANG PASIR PUTEH Bus Stop,4.58735923,101.0826865,05:48:00,,,
MEDAN KIDD-LTSAS-TAMAN BOTANI,myBas,TOKONG TOW SOH KEONG,TOKONG TOW SOH KEONG Bus Stop,4.58572249,101.08263012,05:49:00,,,
MEDAN KIDD-LTSAS-TAMAN BOTANI,myBas,SHELL JALAN RAJA PERMAISURI BAINUN,SHELL JALAN RAJA PERMAISURI BAINUN Bus Stop,4.585155,101.0869401,05:50:00,,,
MEDAN KIDD-LTSAS-TAMAN BOTANI,myBas,THE STORE,THE STORE Bus Stop,4.58435002,101.09129876,05:51:00,,,
MEDAN KIDD-LTSAS-TAMAN BOTANI,myBas,QUEST INTERNATIONAL UNIVERSITY PERAK,QUEST INTERNATIONAL UNIVERSITY PERAK Bus Stop,4.58324331,101.09453903,05:52:00,,,
MEDAN KIDD-LTSAS-TAMAN BOTANI,myBas,SMJK PEREMPUAN PERAK,SMJK PEREMPUAN PERAK Bus Stop,4.5830021,101.09628797,05:53:00,,,
MEDAN KIDD-LTSAS-TAMAN BOTANI,myBas,PCSH,PCSH Bus Stop,4.58187464,101.10121062,05:54:00,,,
MEDAN KIDD-LTSAS-TAMAN BOTANI,myBas,LIP SOON CAR 1,LIP SOON CAR 1 Bus Stop,4.57816222,101.1042271,05:55:00,,,
MEDAN KIDD-LTSAS-TAMAN BOTANI,myBas,CARSEM M SITE 1,CARSEM M SITE 1 Bus Stop,4.57309137,101.10370372,05:56:00,,,
MEDAN KIDD-LTSAS-TAMAN BOTANI,myBas,TMN MAJU RAPAT,TMN MAJU RAPAT Bus Stop,4.57172463,101.10215664,05:57:00,,,
MEDAN KIDD-LTSAS-TAMAN BOTANI,myBas,LAPANGAN TERBANG SULTAN AZLAN SHAH,LAPANGAN TERBANG SULTAN AZLAN SHAH Bus Stop,4.57004556,101.09854639,05:58:00,,,
MEDAN KIDD-LTSAS-TAMAN BOTANI,myBas,TMN MAJU RAPAT 2,TMN MAJU RAPAT 2 Bus Stop,4.57174549,101.10215663,05:59:00,,,
MEDAN KIDD-LTSAS-TAMAN BOTANI,myBas,CARSEM M SITE 2,CARSEM M SITE 2 Bus Stop,4.57299512,101.1037808,06:00:00,,,
MEDAN KIDD-LTSAS-TAMAN BOTANI,myBas,LIP SOON CAR 2,LIP SOON CAR 2 Bus Stop,4.57835472,101.10444366,06:01:00,,,
MEDAN KIDD-LTSAS-TAMAN BOTANI,myBas,HENTIAN BAS MEDAN GOPENG,HENTIAN BAS MEDAN GOPENG Bus Stop,4.57384753,101.11145318,06:02:00,,,
MEDAN KIDD-LTSAS-TAMAN BOTANI,myBas,OLD TOWN GUNUNG RAPAT,OLD TOWN GUNUNG RAPAT Bus Stop,4.57163587,101.1133449,06:03:00,,,
MEDAN KIDD-LTSAS-TAMAN BOTANI,myBas,PASAR GUNUNG RAPAT,PASAR GUNUNG RAPAT Bus Stop,4.5721625,101.1153397,06:04:00,,,
MEDAN KIDD-LTSAS-TAMAN BOTANI,myBas,SRJKC GUNUNG RAPAT,SRJKC GUNUNG RAPAT Bus Stop,4.57376197,101.11873269,06:05:00,,,
MEDAN KIDD-LTSAS-TAMAN BOTANI,myBas,TMN SAUJANA,TMN SAUJANA Bus Stop,4.57520575,101.12206936,06:06:00,,,
MEDAN KIDD-LTSAS-TAMAN BOTANI,myBas,IPOH JAYA 1,IPOH JAYA 1 Bus Stop,4.5764144,101.12375831,06:07:00,,,
MEDAN KIDD-LTSAS-TAMAN BOTANI,myBas,PEKAN RAZAKI,PEKAN RAZAKI Bus Stop,4.58296928,101.12367695,06:08:00,,,
MEDAN KIDD-LTSAS-TAMAN BOTANI,myBas,RESTORAN SAHUL,RESTORAN SAHUL Bus Stop,4.58361169,101.12080872,06:10:00,,,
MEDAN KIDD-LTSAS-TAMAN BOTANI,myBas,IPOH JAYA 2,IPOH JAYA 2 Bus Stop,4.5764144,101.1237295,06:11:00,,,
MEDAN KIDD-LTSAS-TAMAN BOTANI,myBas,SMK SERI AMPANG,SMK SERI AMPANG Bus Stop,4.57693293,101.12573862,06:12:00,,,
MEDAN KIDD-LTSAS-TAMAN BOTANI,myBas,MAYBANK AMPANG,MAYBANK AMPANG Bus Stop,4.57784197,101.12856567,06:13:00,,,
MEDAN KIDD-LTSAS-TAMAN BOTANI,myBas,WIRA JAYA BARAT 4,WIRA JAYA BARAT 4 Bus Stop,4.57781524,101.13173604,06:14:00,,,
MEDAN KIDD-LTSAS-TAMAN BOTANI,myBas,WIRA JAYA BARAT 3,WIRA JAYA BARAT 3 Bus Stop,4.57775922,101.13408086,06:15:00,,,
MEDAN KIDD-LTSAS-TAMAN BOTANI,myBas,SM GUNUNG RAPAT,SM GUNUNG RAPAT Bus Stop,4.57186901,101.13307714,06:16:00,,,
MEDAN KIDD-LTSAS-TAMAN BOTANI,myBas,TMN RAPAT SETIA,TMN RAPAT SETIA Bus Stop,4.5712247,101.1293056,06:17:00,,,
MEDAN KIDD-LTSAS-TAMAN BOTANI,myBas,MASJID SULTAN YUSUFF,MASJID SULTAN YUSUFF Bus Stop,4.57175671,101.12596393,06:18:00,,,
MEDAN KIDD-LTSAS-TAMAN BOTANI,myBas,TMN SAIKAT,TMN SAIKAT Bus Stop,4.56781571,101.11925304,06:19:00,,,
MEDAN KIDD-LTSAS-TAMAN BOTANI,myBas,SAM POH TONG TEMPLE,SAM POH TONG TEMPLE Bus Stop,4.56592808,101.1136204,06:20:00,,,
MEDAN KIDD-LTSAS-TAMAN BOTANI,myBas,SYMPHONY SUITES HOTEL,SYMPHONY SUITES HOTEL Bus Stop,4.56144089,101.11272828,06:21:00,,,
MEDAN KIDD-LTSAS-TAMAN BOTANI,myBas,TMN TAUFIQ,TMN TAUFIQ Bus Stop,4.56017961,101.11220419,06:22:00,,,
MEDAN KIDD-LTSAS-TAMAN BOTANI,myBas,TMN SOON CHOON,TMN SOON CHOON Bus Stop,4.55683211,101.11358284,06:23:00,,,
MEDAN KIDD-LTSAS-TAMAN BOTANI,myBas,PROTON PULAI HEIGHTS,PROTON PULAI HEIGHTS Bus Stop,4.55354236,101.11623432,06:24:00,,,
MEDAN KIDD-LTSAS-TAMAN BOTANI,myBas,SM SHEN JAI,SM SHEN JAI Bus Stop,4.54852036,101.11323997,06:25:00,,,
MEDAN KIDD-LTSAS-TAMAN BOTANI,myBas,LAPANGAN SIBER,LAPANGAN SIBER Bus Stop,4.54580021,101.11137271,06:26:00,,,
MEDAN KIDD-LTSAS-TAMAN BOTANI,myBas,SJKC BANDAR SERI BOTANI,SJKC BANDAR SERI BOTANI Bus Stop,4.54084302,101.10612631,06:27:00,,,
MEDAN KIDD-LTSAS-TAMAN BOTANI,myBas,SERI TECOMA,SERI TECOMA Bus Stop,4.53783767,101.10506952,06:28:00,,,
MEDAN KIDD-LTSAS-TAMAN BOTANI,myBas,SERI MARGOSA,SERI MARGOSA Bus Stop,4.53821351,101.09990331,06:29:00,,,
MEDAN KIDD-LTSAS-TAMAN BOTANI,myBas,ELLOW STREET,ELLOW STREET Bus Stop,4.59402006,101.08122467,06:22:00,,,
MEDAN KIDD-LTSAS-TAMAN BOTANI,myBas,PEKAN LAMA,PEKAN LAMA Bus Stop,4.59540253,101.07682545,06:23:00,,,
MEDAN KIDD-LTSAS-TAMAN BOTANI,myBas,STESEN KTM IPOH JALAN SULTAN ISKANDAR,STESEN KTM IPOH JALAN SULTAN ISKANDAR Bus Stop,4.59593283,101.07452968,06:24:00,,,
BANDARAYA IPOH,myBas,STESEN BAS MEDAN KIDD,STESEN BAS MEDAN KIDD Bus Stop,4.594224,101.07236,06:30:00,,,
BANDARAYA IPOH,myBas,STESEN KTM IPOH JALAN PANGLIMA,STESEN KTM IPOH JALAN PANGLIMA Bus Stop,4.5973861,101.0734409,06:31:00,,,
BANDARAYA IPOH,myBas,BANK ISLAM IPOH,BANK ISLAM IPOH Bus Stop,4.60272255,101.07674003,06:32:00,,,
BANDARAYA IPOH,myBas,JKR IPOH,JKR IPOH Bus Stop,4.60426359,101.07706837,06:33:00,,,
BANDARAYA IPOH,myBas,PEJABAT SUK NEGERI PERAK,PEJABAT SUK NEGERI PERAK Bus Stop,4.60594269,101.07978096,06:34:00,,,
BANDARAYA IPOH,myBas,SK ST MICHAEL,SK ST MICHAEL Bus Stop,4.60124139,101.0787195,06:35:00,,,
BANDARAYA IPOH,myBas,BANGUNAN SERI KINTA,BANGUNAN SERI KINTA Bus Stop,4.59802514,101.0798217,06:36:00,,,
BANDARAYA IPOH,myBas,PASAR AYAM AMANJAYA IPOH,PASAR AYAM AMANJAYA IPOH Bus Stop,4.59534883,101.08127296,06:37:00,,,
BANDARAYA IPOH,myBas,UTC IPOH PERAK,UTC IPOH PERAK Bus Stop,4.59623076,101.08298888,06:38:00,,,
BANDARAYA IPOH,myBas,GERBANG MALAM,GERBANG MALAM Bus Stop,4.59672038,101.08479738,06:39:00,,,
BANDARAYA IPOH,myBas,RHB GREENHILL,RHB GREENHILL Bus Stop,4.59691022,101.08731298,06:40:00,,,
BANDARAYA IPOH,myBas,IPOH PARADE,IPOH PARADE Bus Stop,4.59777645,101.08958244,06:41:00,,,
BANDARAYA IPOH,myBas,MAYBANK GREENTOWN,MAYBANK GREENTOWN Bus Stop,4.59796247,101.09206055,06:42:00,,,
BANDARAYA IPOH,myBas,CIMB GREENTOWN,CIMB GREENTOWN Bus Stop,4.59830947,101.09461549,06:43:00,,,
BANDARAYA IPOH,myBas,WISMA PERKESO 1,WISMA PERKESO 1 Bus Stop,4.6009473,101.09936714,06:44:00,,,
BANDARAYA IPOH,myBas,FLAT ASHBY ROAD,FLAT ASHBY ROAD Bus Stop,4.60282414,101.09613776,06:45:00,,,
BANDARAYA IPOH,myBas,ANGSANA MALL,ANGSANA MALL Bus Stop,4.60349788,101.09486639,06:46:00,,,
BANDARAYA IPOH,myBas,HOSPITAL RAJA PERMAISURI BAINUN 1,HOSPITAL RAJA PERMAISURI BAINUN 1 Bus Stop,4.60450314,101.09071434,06:47:00,,,
BANDARAYA IPOH,myBas,SMK ANDERSON,SMK ANDERSON Bus Stop,4.60420905,101.0882628,06:48:00,,,
BANDARAYA IPOH,myBas,KLINIK GREENTOWN,KLINIK GREENTOWN Bus Stop,4.6017868,101.08647645,06:49:00,,,
BANDARAYA IPOH,myBas,RUBY JALAN RAJA MUSA AZIZ,RUBY JALAN RAJA MUSA AZIZ Bus Stop,4.59721671,101.08420489,06:50:00,,,
BANDARAYA IPOH,myBas,MEDAN SELERA TMN KANAK-KANAK,MEDAN SELERA TMN KANAK-KANAK Bus Stop,4.59606535,101.08394443,06:51:00,,,
BANDARAYA IPOH,myBas,KAMDAR JALAN RAJA MUSA AZIZ,KAMDAR JALAN RAJA MUSA AZIZ Bus Stop,4.59496384,101.08362257,06:52:00,,,
BANDARAYA IPOH,myBas,ELLOW STREET,ELLOW STREET Bus Stop,4.59402006,101.08122467,06:53:00,,,
BANDARAYA IPOH,myBas,PEKAN LAMA,PEKAN LAMA Bus Stop,4.59540253,101.07682545,06:54:00,,,
BANDARAYA IPOH,myBas,STESEN KTM IPOH JALAN SULTAN ISKANDAR,STESEN KTM IPOH JALAN SULTAN ISKANDAR Bus Stop,4.59593283,101.07452968,06:55:00,,,
BANDARAYA IPOH,myBas,STESEN BAS MEDAN KIDD 2,STESEN BAS MEDAN KIDD 2 Bus Stop,4.594224,101.07236,06:56:00,,,
STESEN BAS MEDAN KIDD - BERCHAM VIA TAMAN IPOH,myBas,STESEN BAS MEDAN KIDD,STESEN BAS MEDAN KIDD Bus Stop,4.594224,101.07236,06:00:00,,,
STESEN BAS MEDAN KIDD - BERCHAM VIA TAMAN IPOH,myBas,DATO SAGOR,DATO SAGOR Bus Stop,4.59703464,101.07438623,06:01:00,,,
STESEN BAS MEDAN KIDD - BERCHAM VIA TAMAN IPOH,myBas,HOTEL BAJET ONE STOP,HOTEL BAJET ONE STOP Bus Stop,4.59619446,101.07698199,06:02:00,,,
STESEN BAS MEDAN KIDD - BERCHAM VIA TAMAN IPOH,myBas,BANGUNAN SERI KINTA,BANGUNAN SERI KINTA Bus Stop,4.59802514,101.0798217,06:03:00,,,
STESEN BAS MEDAN KIDD - BERCHAM VIA TAMAN IPOH,myBas,PASAR AYAM AMANJAYA IPOH,PASAR AYAM AMANJAYA IPOH Bus Stop,4.59534883,101.08127295,06:04:00,,,
STESEN BAS MEDAN KIDD - BERCHAM VIA TAMAN IPOH,myBas,UTC IPOH PERAK,UTC IPOH PERAK Bus Stop,4.59623076,101.08298887,06:05:00,,,
STESEN BAS MEDAN KIDD - BERCHAM VIA TAMAN IPOH,myBas,PEKAN BARU,PEKAN BARU Bus Stop,4.59829767,101.08352909,06:06:00,,,
STESEN BAS MEDAN KIDD - BERCHAM VIA TAMAN IPOH,myBas,WALLCOURT,WALLCOURT Bus Stop,4.60053009,101.08496871,06:07:00,,,
STESEN BAS MEDAN KIDD - BERCHAM VIA TAMAN IPOH,myBas,KLINIK GREENTOWN,KLINIK GREENTOWN Bus Stop,4.6017868,101.08647644,06:08:00,,,
STESEN BAS MEDAN KIDD - BERCHAM VIA TAMAN IPOH,myBas,SMK ANDERSON,SMK ANDERSON Bus Stop,4.60420905,101.08826279,06:09:00,,,
STESEN BAS MEDAN KIDD - BERCHAM VIA TAMAN IPOH,myBas,HOSPITAL RAJA PERMAISURI BAINUN 1,HOSPITAL RAJA PERMAISURI BAINUN 1 Bus Stop,4.60450314,101.09071433,06:10:00,,,
STESEN BAS MEDAN KIDD - BERCHAM VIA TAMAN IPOH,myBas,ANGSANA MALL,ANGSANA MALL Bus Stop,4.60349788,101.09486639,06:11:00,,,
STESEN BAS MEDAN KIDD - BERCHAM VIA TAMAN IPOH,myBas,FLAT ASHBY ROAD,FLAT ASHBY ROAD Bus Stop,4.60282414,101.09613776,06:12:00,,,
STESEN BAS MEDAN KIDD - BERCHAM VIA TAMAN IPOH,myBas,SK SRI KINTA IPOH,SK SRI KINTA IPOH Bus Stop,4.60325824,101.09839075,06:13:00,,,
STESEN BAS MEDAN KIDD - BERCHAM VIA TAMAN IPOH,myBas,KG KEPAYANG 1,KG KEPAYANG 1 Bus Stop,4.60969516,101.09999477,06:14:00,,,
STESEN BAS MEDAN KIDD - BERCHAM VIA TAMAN IPOH,myBas,STADIUM  NEGERI PERAK 1,STADIUM  NEGERI PERAK 1 Bus Stop,4.61151316,101.10299349,06:15:00,,,
STESEN BAS MEDAN KIDD - BERCHAM VIA TAMAN IPOH,myBas,BALAI BOMBA JALAN DATO LAU PAK KHUAN 1,BALAI BOMBA JALAN DATO LAU PAK KHUAN 1 Bus Stop,4.61200508,101.10577762,06:16:00,,,
STESEN BAS MEDAN KIDD - BERCHAM VIA TAMAN IPOH,myBas,KFC JALAN DATO LAU PAK KHUAN 1,KFC JALAN DATO LAU PAK KHUAN 1 Bus Stop,4.61224035,101.10779464,06:17:00,,,
STESEN BAS MEDAN KIDD - BERCHAM VIA TAMAN IPOH,myBas,PEJABAT POS JALAN DATO LAU PAK KHUAN 1,PEJABAT POS JALAN DATO LAU PAK KHUAN 1 Bus Stop,4.61239542,101.10957026,06:18:00,,,
STESEN BAS MEDAN KIDD - BERCHAM VIA TAMAN IPOH,myBas,HOSPITAL FATIMAH 1,HOSPITAL FATIMAH 1 Bus Stop,4.61252909,101.1122632,06:19:00,,,
STESEN BAS MEDAN KIDD - BERCHAM VIA TAMAN IPOH,myBas,IPOH GARDEN CHURCH 1,IPOH GARDEN CHURCH 1 Bus Stop,4.60987696,101.11589491,06:20:00,,,
STESEN BAS MEDAN KIDD - BERCHAM VIA TAMAN IPOH,myBas,AEON KINTA CITY,AEON KINTA CITY Bus Stop,4.61474277,101.11968219,06:21:00,,,
STESEN BAS MEDAN KIDD - BERCHAM VIA TAMAN IPOH,myBas,IPOH GARDEN EAST,IPOH GARDEN EAST Bus Stop,4.61498338,101.12527192,06:22:00,,,
STESEN BAS MEDAN KIDD - BERCHAM VIA TAMAN IPOH,myBas,TMN PERAK,TMN PERAK Bus Stop,4.61643243,101.12671494,06:23:00,,,
STESEN BAS MEDAN KIDD - BERCHAM VIA TAMAN IPOH,myBas,TMN IPOH BOULEVARD TIMUR,TMN IPOH BOULEVARD TIMUR Bus Stop,4.61935189,101.1295259,06:24:00,,,
STESEN BAS MEDAN KIDD - BERCHAM VIA TAMAN IPOH,myBas,TMN IPOH INDAH,TMN IPOH INDAH Bus Stop,4.62059239,101.13150001,06:25:00,,,
STESEN BAS MEDAN KIDD - BERCHAM VIA TAMAN IPOH,myBas,TMN SYABAS,TMN SYABAS Bus Stop,4.62100411,101.13349557,06:26:00,,,
STESEN BAS MEDAN KIDD - BERCHAM VIA TAMAN IPOH,myBas,TMN IPOH PERDANA,TMN IPOH PERDANA Bus Stop,4.62066291,101.13606358,06:27:00,,,
STESEN BAS MEDAN KIDD - BERCHAM VIA TAMAN IPOH,myBas,UPLANDS,UPLANDS Bus Stop,4.61587122,101.1409464,06:28:00,,,
STESEN BAS MEDAN KIDD - BERCHAM VIA TAMAN IPOH,myBas,BANDAR BARU TAMBUN,BANDAR BARU TAMBUN Bus Stop,4.61504734,101.14388216,06:29:00,,,
STESEN BAS MEDAN KIDD - BERCHAM VIA TAMAN IPOH,myBas,SHELL JALAN TAMBUN,SHELL JALAN TAMBUN Bus Stop,4.61636011,101.14493332,06:30:00,,,
STESEN BAS MEDAN KIDD - BERCHAM VIA TAMAN IPOH,myBas,EXTREME PARK TAMBUN,EXTREME PARK TAMBUN Bus Stop,4.62020206,101.14649891,06:31:00,,,
STESEN BAS MEDAN KIDD - BERCHAM VIA TAMAN IPOH,myBas,GIANT TAMBUN,GIANT TAMBUN Bus Stop,4.62261355,101.14927232,06:32:00,,,
STESEN BAS MEDAN KIDD - BERCHAM VIA TAMAN IPOH,myBas,MCDONALDS TAMBUN,MCDONALDS TAMBUN Bus Stop,4.62580568,101.15103721,06:33:00,,,
STESEN BAS MEDAN KIDD - BERCHAM VIA TAMAN IPOH,myBas,BHP JALAN TAMBUN LAMA,BHP JALAN TAMBUN LAMA Bus Stop,4.62802909,101.15072476,06:34:00,,,
STESEN BAS MEDAN KIDD - BERCHAM VIA TAMAN IPOH,myBas,BATU 6,BATU 6 Bus Stop,4.63270321,101.1512196,06:35:00,,,
STESEN BAS MEDAN KIDD - BERCHAM VIA TAMAN IPOH,myBas,TMN PERPADUAN 2,TMN PERPADUAN 2 Bus Stop,4.63590932,101.1545067,06:36:00,,,
STESEN BAS MEDAN KIDD - BERCHAM VIA TAMAN IPOH,myBas,TMN PERPADUAN 1,TMN PERPADUAN 1 Bus Stop,4.63590932,101.1545067,06:37:00,,,
STESEN BAS MEDAN KIDD - BERCHAM VIA TAMAN IPOH,myBas,PUSAT KOMERSIL JLN PERPADUAN,PUSAT KOMERSIL JLN PERPADUAN Bus Stop,4.63806077,101.14841402,06:38:00,,,
STESEN BAS MEDAN KIDD - BERCHAM VIA TAMAN IPOH,myBas,SK PAKATAN JAYA,SK PAKATAN JAYA Bus Stop,4.63873447,101.14430487,06:39:00,,,
STESEN BAS MEDAN KIDD - BERCHAM VIA TAMAN IPOH,myBas,FLAT PERPADUAN,FLAT PERPADUAN Bus Stop,4.63944488,101.13738015,06:40:00,,,
STESEN BAS MEDAN KIDD - BERCHAM VIA TAMAN IPOH,myBas,KLINIK 1 MALAYSIA BERCHAM,KLINIK 1 MALAYSIA BERCHAM Bus Stop,4.63988076,101.13524369,06:41:00,,,
STESEN BAS MEDAN KIDD - BERCHAM VIA TAMAN IPOH,myBas,KOMPLEKS SUKAN PING PONG DAN BADMINTON BERCHAM,KOMPLEKS SUKAN PING PONG DAN BADMINTON BERCHAM Bus Stop,4.64100388,101.12870856,06:42:00,,,
STESEN BAS MEDAN KIDD - BERCHAM VIA TAMAN IPOH,myBas,PERUMAHAN PEGAWAI KASTAM BERCHAM,PERUMAHAN PEGAWAI KASTAM BERCHAM Bus Stop,4.64379401,101.1270442,06:43:00,,,
STESEN BAS MEDAN KIDD - BERCHAM VIA TAMAN IPOH,myBas,GERAJA METHODIST TAMIL BERCHAM,GERAJA METHODIST TAMIL BERCHAM Bus Stop,4.6414353,101.12673458,06:44:00,,,
STESEN BAS MEDAN KIDD - BERCHAM VIA TAMAN IPOH,myBas,PERSATUAN PEMULIHAN SULTAN AZLAN SHAH,PERSATUAN PEMULIHAN SULTAN AZLAN SHAH Bus Stop,4.63959043,101.12601339,06:45:00,,,
STESEN BAS MEDAN KIDD - BERCHAM VIA TAMAN IPOH,myBas,SK TASEK DERMAWAN,SK TASEK DERMAWAN Bus Stop,4.64010327,101.1229223,06:46:00,,,
STESEN BAS MEDAN KIDD - BERCHAM VIA TAMAN IPOH,myBas,KG TERSUSUN TASEK 2,KG TERSUSUN TASEK 2 Bus Stop,4.63883072,101.12231076,06:47:00,,,
STESEN BAS MEDAN KIDD - BERCHAM VIA TAMAN IPOH,myBas,KG TERSUSUN TASEK 1,KG TERSUSUN TASEK 1 Bus Stop,4.63695932,101.12199962,06:48:00,,,
STESEN BAS MEDAN KIDD - BERCHAM VIA TAMAN IPOH,myBas,FLAT TMN MEWAH,FLAT TMN MEWAH Bus Stop,4.63354801,101.12142563,06:49:00,,,
STESEN BAS MEDAN KIDD - BERCHAM VIA TAMAN IPOH,myBas,TMN MEWAH,TMN MEWAH Bus Stop,4.63156432,101.12032056,06:50:00,,,
STESEN BAS MEDAN KIDD - BERCHAM VIA TAMAN IPOH,myBas,TMN RIA,TMN RIA Bus Stop,4.62967151,101.12115741,06:51:00,,,
STESEN BAS MEDAN KIDD - BERCHAM VIA TAMAN IPOH,myBas,PETRON BERCHAM,PETRON BERCHAM Bus Stop,4.62602386,101.12244585,06:52:00,,,
STESEN BAS MEDAN KIDD - BERCHAM VIA TAMAN IPOH,myBas,TESCO EXTRA IPOH,TESCO EXTRA IPOH Bus Stop,4.62581638,101.11947298,06:53:00,,,
STESEN BAS MEDAN KIDD - BERCHAM VIA TAMAN IPOH,myBas,JPJ NEGERI PERAK,JPJ NEGERI PERAK Bus Stop,4.61860866,101.11634552,06:54:00,,,
STESEN BAS MEDAN KIDD - BERCHAM VIA TAMAN IPOH,myBas,TESCO HYPER IPOH,TESCO HYPER IPOH Bus Stop,4.61573997,101.11856884,06:55:00,,,
STESEN BAS MEDAN KIDD - BERCHAM VIA TAMAN IPOH,myBas,AEON KINTA CITY 2,AEON KINTA CITY 2 Bus Stop,4.61474277,101.11968219,06:56:00,,,
STESEN BAS MEDAN KIDD - BERCHAM VIA TAMAN IPOH,myBas,IPOH GARDEN CHURCH 2,IPOH GARDEN CHURCH 2 Bus Stop,4.60987696,101.11589491,06:57:00,,,
STESEN BAS MEDAN KIDD - BERCHAM VIA TAMAN IPOH,myBas,HOSPITAL FATIMAH 2,HOSPITAL FATIMAH 2 Bus Stop,4.61252909,101.1122632,06:58:00,,,
STESEN BAS MEDAN KIDD - BERCHAM VIA TAMAN IPOH,myBas,PEJABAT POS JALAN DATO LAU PAK KHUAN 2,PEJABAT POS JALAN DATO LAU PAK KHUAN 2 Bus Stop,4.61239542,101.10957026,06:59:00,,,
STESEN BAS MEDAN KIDD - BERCHAM VIA TAMAN IPOH,myBas,KFC JALAN DATO LAU PAK KHUAN 2,KFC JALAN DATO LAU PAK KHUAN 2 Bus Stop,4.61224035,101.10779464,07:00:00,,,
STESEN BAS MEDAN KIDD - BERCHAM VIA TAMAN IPOH,myBas,BALAI BOMBA JALAN DATO LAU PAK KHUAN 2,BALAI BOMBA JALAN DATO LAU PAK KHUAN 2 Bus Stop,4.61200508,101.10577762,07:01:00,,,
STESEN BAS MEDAN KIDD - BERCHAM VIA TAMAN IPOH,myBas,STADIUM NEGERI PERAK 2,STADIUM NEGERI PERAK 2 Bus Stop,4.61151316,101.10299348,07:02:00,,,
STESEN BAS MEDAN KIDD - BERCHAM VIA TAMAN IPOH,myBas,KG KEPAYANG 2,KG KEPAYANG 2 Bus Stop,4.60969516,101.09999478,07:03:00,,,
STESEN BAS MEDAN KIDD - BERCHAM VIA TAMAN IPOH,myBas,PERUMAHAN PEGAWAI KASTAM FAIR PARK,PERUMAHAN PEGAWAI KASTAM FAIR PARK Bus Stop,4.60744938,101.09776855,07:04:00,,,
STESEN BAS MEDAN KIDD - BERCHAM VIA TAMAN IPOH,myBas,SK SERI KEPAYANG FAIR PARK,SK SERI KEPAYANG FAIR PARK Bus Stop,4.60686121,101.09452307,07:05:00,,,
STESEN BAS MEDAN KIDD - BERCHAM VIA TAMAN IPOH,myBas,CALTEX JALAN KAMARUDDIN ISA,CALTEX JALAN KAMARUDDIN ISA Bus Stop,4.6059184,101.09375945,07:06:00,,,
STESEN BAS MEDAN KIDD - BERCHAM VIA TAMAN IPOH,myBas,HOSPITAL RAJA PERMAISURI BAINUN 2,HOSPITAL RAJA PERMAISURI BAINUN 2 Bus Stop,4.60450314,101.09071433,07:07:00,,,
STESEN BAS MEDAN KIDD - BERCHAM VIA TAMAN IPOH,myBas,SMK ANDERSON 2,SMK ANDERSON 2 Bus Stop,4.60420905,101.0882628,07:08:00,,,
STESEN BAS MEDAN KIDD - BERCHAM VIA TAMAN IPOH,myBas,KLINIK GREENTOWN 2,KLINIK GREENTOWN 2 Bus Stop,4.6017868,101.08647644,07:09:00,,,
STESEN BAS MEDAN KIDD - BERCHAM VIA TAMAN IPOH,myBas,RUBY JALAN RAJA MUSA AZIZ,RUBY JALAN RAJA MUSA AZIZ Bus Stop,4.59721671,101.08420489,07:10:00,,,
STESEN BAS MEDAN KIDD - BERCHAM VIA TAMAN IPOH,myBas,MEDAN SELERA TMN KANAK-KANAK,MEDAN SELERA TMN KANAK-KANAK Bus Stop,4.59606535,101.08394443,07:11:00,,,
STESEN BAS MEDAN KIDD - BERCHAM VIA TAMAN IPOH,myBas,KAMDAR JALAN RAJA MUSA AZIZ,KAMDAR JALAN RAJA MUSA AZIZ Bus Stop,4.59496384,101.08362257,07:12:00,,,
STESEN BAS MEDAN KIDD - BERCHAM VIA TAMAN IPOH,myBas,ELLOW STREET,ELLOW STREET Bus Stop,4.59402006,101.08122467,07:13:00,,,
STESEN BAS MEDAN KIDD - BERCHAM VIA TAMAN IPOH,myBas,PEKAN LAMA,PEKAN LAMA Bus Stop,4.59540253,101.07682545,07:14:00,,,
STESEN BAS MEDAN KIDD - BERCHAM VIA TAMAN IPOH,myBas,STESEN KTM IPOH JALAN SULTAN ISKANDAR,STESEN KTM IPOH JALAN SULTAN ISKANDAR Bus Stop,4.59593283,101.07452968,07:15:00,,,
STESEN BAS MEDAN KIDD - BERCHAM VIA TAMAN IPOH,myBas,STESEN BAS MEDAN KIDD 2,STESEN BAS MEDAN KIDD 2 Bus Stop,4.594224,101.07236,07:16:00,,,
STESEN BAS MEDAN KIDD - BERCHAM VIA KG SIMEE,myBas,STESEN BAS MEDAN KIDD,STESEN BAS MEDAN KIDD Bus Stop,4.594224,101.07236,07:00:00,,,
STESEN BAS MEDAN KIDD - BERCHAM VIA KG SIMEE,myBas,DATO SAGOR,DATO SAGOR Bus Stop,4.59703464,101.07438622,07:01:00,,,
STESEN BAS MEDAN KIDD - BERCHAM VIA KG SIMEE,myBas,HOTEL BAJET ONE STOP,HOTEL BAJET ONE STOP Bus Stop,4.59619446,101.07698199,07:02:00,,,
STESEN BAS MEDAN KIDD - BERCHAM VIA KG SIMEE,myBas,BANGUNAN SERI KINTA,BANGUNAN SERI KINTA Bus Stop,4.59802514,101.0798217,07:03:00,,,
STESEN BAS MEDAN KIDD - BERCHAM VIA KG SIMEE,myBas,PASAR AYAM AMANJAYA IPOH,PASAR AYAM AMANJAYA IPOH Bus Stop,4.59534883,101.08127295,07:04:00,,,
STESEN BAS MEDAN KIDD - BERCHAM VIA KG SIMEE,myBas,UTC IPOH PERAK,UTC IPOH PERAK Bus Stop,4.59623076,101.08298887,07:05:00,,,
STESEN BAS MEDAN KIDD - BERCHAM VIA KG SIMEE,myBas,PEKAN BARU,PEKAN BARU Bus Stop,4.59829767,101.08352909,07:06:00,,,
STESEN BAS MEDAN KIDD - BERCHAM VIA KG SIMEE,myBas,WALLCOURT,WALLCOURT Bus Stop,4.60053009,101.08496871,07:07:00,,,
STESEN BAS MEDAN KIDD - BERCHAM VIA KG SIMEE,myBas,KLINIK GREENTOWN,KLINIK GREENTOWN Bus Stop,4.6017868,101.08647644,07:08:00,,,
STESEN BAS MEDAN KIDD - BERCHAM VIA KG SIMEE,myBas,SMK ANDERSON,SMK ANDERSON Bus Stop,4.60420905,101.08826279,07:09:00,,,
STESEN BAS MEDAN KIDD - BERCHAM VIA KG SIMEE,myBas,HOSPITAL RAJA PERMAISURI BAINUN 1,HOSPITAL RAJA PERMAISURI BAINUN 1 Bus Stop,4.60450314,101.09071433,07:10:00,,,
STESEN BAS MEDAN KIDD - BERCHAM VIA KG SIMEE,myBas,CALTEX JALAN KAMARUDDIN ISA,CALTEX JALAN KAMARUDDIN ISA Bus Stop,4.6059184,101.09375944,07:11:00,,,
STESEN BAS MEDAN KIDD - BERCHAM VIA KG SIMEE,myBas,SK SERI KEPAYANG FAIR PARK,SK SERI KEPAYANG FAIR PARK Bus Stop,4.60686121,101.09452307,07:12:00,,,
STESEN BAS MEDAN KIDD - BERCHAM VIA KG SIMEE,myBas,PERUMAHAN PEGAWAI KASTAM FAIR PARK,PERUMAHAN PEGAWAI KASTAM FAIR PARK Bus Stop,4.60744938,101.09776854,07:13:00,,,
STESEN BAS MEDAN KIDD - BERCHAM VIA KG SIMEE,myBas,KG KEPAYANG 1,KG KEPAYANG 1 Bus Stop,4.60969516,101.09999478,07:14:00,,,
STESEN BAS MEDAN KIDD - BERCHAM VIA KG SIMEE,myBas,STADIUM  NEGERI PERAK 1,STADIUM  NEGERI PERAK 1 Bus Stop,4.61151316,101.10299348,07:15:00,,,
STESEN BAS MEDAN KIDD - BERCHAM VIA KG SIMEE,myBas,TMN STAR 1,TMN STAR 1 Bus Stop,4.61439377,101.10504524,07:16:00,,,
STESEN BAS MEDAN KIDD - BERCHAM VIA KG SIMEE,myBas,RUMAH ORANG-ORANG TUA SIMEE 1,RUMAH ORANG-ORANG TUA SIMEE 1 Bus Stop,4.61609022,101.1063838,07:17:00,,,
STESEN BAS MEDAN KIDD - BERCHAM VIA KG SIMEE,myBas,KG SIMEE 1,KG SIMEE 1 Bus Stop,4.615949,101.10776332,07:18:00,,,
STESEN BAS MEDAN KIDD - BERCHAM VIA KG SIMEE,myBas,SJKT SIMEE 1,SJKT SIMEE 1 Bus Stop,4.61731468,101.11280501,07:19:00,,,
STESEN BAS MEDAN KIDD - BERCHAM VIA KG SIMEE,myBas,KLINIK KESIHATAN SIMEE 1,KLINIK KESIHATAN SIMEE 1 Bus Stop,4.61717031,101.11539602,07:20:00,,,
STESEN BAS MEDAN KIDD - BERCHAM VIA KG SIMEE,myBas,JPJ NEGERI PERAK,JPJ NEGERI PERAK Bus Stop,4.61860866,101.11634552,07:21:00,,,
STESEN BAS MEDAN KIDD - BERCHAM VIA KG SIMEE,myBas,TESCO EXTRA IPOH,TESCO EXTRA IPOH Bus Stop,4.62581638,101.11947298,07:22:00,,,
STESEN BAS MEDAN KIDD - BERCHAM VIA KG SIMEE,myBas,PETRON BERCHAM,PETRON BERCHAM Bus Stop,4.62602386,101.12244585,07:23:00,,,
STESEN BAS MEDAN KIDD - BERCHAM VIA KG SIMEE,myBas,TMN RIA,TMN RIA Bus Stop,4.62966617,101.12116277,07:24:00,,,
STESEN BAS MEDAN KIDD - BERCHAM VIA KG SIMEE,myBas,TMN MEWAH,TMN MEWAH Bus Stop,4.63156432,101.12032056,07:25:00,,,
STESEN BAS MEDAN KIDD - BERCHAM VIA KG SIMEE,myBas,FLAT TMN MEWAH,FLAT TMN MEWAH Bus Stop,4.63354801,101.12142562,07:26:00,,,
STESEN BAS MEDAN KIDD - BERCHAM VIA KG SIMEE,myBas,KG TERSUSUN TASEK 1,KG TERSUSUN TASEK 1 Bus Stop,4.63695932,101.12199962,07:27:00,,,
STESEN BAS MEDAN KIDD - BERCHAM VIA KG SIMEE,myBas,KG TERSUSUN TASEK 2,KG TERSUSUN TASEK 2 Bus Stop,4.63883072,101.12231075,07:28:00,,,
STESEN BAS MEDAN KIDD - BERCHAM VIA KG SIMEE,myBas,SK TASEK DERMAWAN,SK TASEK DERMAWAN Bus Stop,4.64010327,101.1229223,07:29:00,,,
STESEN BAS MEDAN KIDD - BERCHAM VIA KG SIMEE,myBas,PERSATUAN PEMULIHAN SULTAN AZLAN SHAH,PERSATUAN PEMULIHAN SULTAN AZLAN SHAH Bus Stop,4.63959043,101.12601339,07:30:00,,,
STESEN BAS MEDAN KIDD - BERCHAM VIA KG SIMEE,myBas,GERAJA METHODIST TAMIL BERCHAM,GERAJA METHODIST TAMIL BERCHAM Bus Stop,4.64142393,101.12668812,07:31:00,,,
STESEN BAS MEDAN KIDD - BERCHAM VIA KG SIMEE,myBas,PERUMAHAN PEGAWAI KASTAM BERCHAM,PERUMAHAN PEGAWAI KASTAM BERCHAM Bus Stop,4.64379401,101.12704419,07:32:00,,,
STESEN BAS MEDAN KIDD - BERCHAM VIA KG SIMEE,myBas,KOMPLEKS SUKAN PING PONG DAN BADMINTON BERCHAM,KOMPLEKS SUKAN PING PONG DAN BADMINTON BERCHAM Bus Stop,4.64100388,101.12870856,07:33:00,,,
STESEN BAS MEDAN KIDD - BERCHAM VIA KG SIMEE,myBas,KLINIK 1 MALAYSIA BERCHAM,KLINIK 1 MALAYSIA BERCHAM Bus Stop,4.63988076,101.13524369,07:34:00,,,
STESEN BAS MEDAN KIDD - BERCHAM VIA KG SIMEE,myBas,FLAT PERPADUAN,FLAT PERPADUAN Bus Stop,4.63944488,101.13738014,07:35:00,,,
STESEN BAS MEDAN KIDD - BERCHAM VIA KG SIMEE,myBas,SK PAKATAN JAYA,SK PAKATAN JAYA Bus Stop,4.63873447,101.14430487,07:36:00,,,
STESEN BAS MEDAN KIDD - BERCHAM VIA KG SIMEE,myBas,PUSAT KOMERSIL JLN PERPADUAN,PUSAT KOMERSIL JLN PERPADUAN Bus Stop,4.63806077,101.14841401,07:37:00,,,
STESEN BAS MEDAN KIDD - BERCHAM VIA KG SIMEE,myBas,TMN PERPADUAN 1,TMN PERPADUAN 1 Bus Stop,4.63590932,101.1545067,07:38:00,,,
STESEN BAS MEDAN KIDD - BERCHAM VIA KG SIMEE,myBas,TMN PERPADUAN 2,TMN PERPADUAN 2 Bus Stop,4.63590932,101.1545067,07:39:00,,,
STESEN BAS MEDAN KIDD - BERCHAM VIA KG SIMEE,myBas,GIANT TAMBUN,GIANT TAMBUN Bus Stop,4.62261355,101.14927232,07:40:00,,,
STESEN BAS MEDAN KIDD - BERCHAM VIA KG SIMEE,myBas,EXTREME PARK TAMBUN,EXTREME PARK TAMBUN Bus Stop,4.62020206,101.14649891,07:41:00,,,
STESEN BAS MEDAN KIDD - BERCHAM VIA KG SIMEE,myBas,SHELL JALAN TAMBUN,SHELL JALAN TAMBUN Bus Stop,4.61636011,101.14493332,07:42:00,,,
STESEN BAS MEDAN KIDD - BERCHAM VIA KG SIMEE,myBas,BANDAR BARU TAMBUN,BANDAR BARU TAMBUN Bus Stop,4.61504734,101.14388215,07:43:00,,,
STESEN BAS MEDAN KIDD - BERCHAM VIA KG SIMEE,myBas,UPLANDS,UPLANDS Bus Stop,4.61587122,101.14094639,07:44:00,,,
STESEN BAS MEDAN KIDD - BERCHAM VIA KG SIMEE,myBas,TMN IPOH PERDANA,TMN IPOH PERDANA Bus Stop,4.62066291,101.13606358,07:45:00,,,
STESEN BAS MEDAN KIDD - BERCHAM VIA KG SIMEE,myBas,TMN SYABAS,TMN SYABAS Bus Stop,4.62100411,101.13349556,07:46:00,,,
STESEN BAS MEDAN KIDD - BERCHAM VIA KG SIMEE,myBas,TMN IPOH INDAH,TMN IPOH INDAH Bus Stop,4.62059239,101.1315,07:47:00,,,
STESEN BAS MEDAN KIDD - BERCHAM VIA KG SIMEE,myBas,TMN IPOH BOULEVARD TIMUR,TMN IPOH BOULEVARD TIMUR Bus Stop,4.61935189,101.12952589,07:48:00,,,
STESEN BAS MEDAN KIDD - BERCHAM VIA KG SIMEE,myBas,TMN PERAK,TMN PERAK Bus Stop,4.61643243,101.12671494,07:49:00,,,
STESEN BAS MEDAN KIDD - BERCHAM VIA KG SIMEE,myBas,IPOH GARDEN EAST,IPOH GARDEN EAST Bus Stop,4.61498338,101.12527191,07:50:00,,,
STESEN BAS MEDAN KIDD - BERCHAM VIA KG SIMEE,myBas,AEON KINTA CITY,AEON KINTA CITY Bus Stop,4.61474277,101.11968219,07:51:00,,,
STESEN BAS MEDAN KIDD - BERCHAM VIA KG SIMEE,myBas,KLINIK KESIHATAN SIMEE 2,KLINIK KESIHATAN SIMEE 2 Bus Stop,4.61717031,101.11539602,07:52:00,,,
STESEN BAS MEDAN KIDD - BERCHAM VIA KG SIMEE,myBas,SJKT SIMEE 2,SJKT SIMEE 2 Bus Stop,4.61731468,101.112805,07:53:00,,,
STESEN BAS MEDAN KIDD - BERCHAM VIA KG SIMEE,myBas,KG SIMEE 2,KG SIMEE 2 Bus Stop,4.615949,101.10776331,07:54:00,,,
STESEN BAS MEDAN KIDD - BERCHAM VIA KG SIMEE,myBas,RUMAH ORANG-ORANG TUA SIMEE 2,RUMAH ORANG-ORANG TUA SIMEE 2 Bus Stop,4.61609022,101.1063838,07:55:00,,,
STESEN BAS MEDAN KIDD - BERCHAM VIA KG SIMEE,myBas,TMN STAR 2,TMN STAR 2 Bus Stop,4.61439377,101.10504524,07:56:00,,,
STESEN BAS MEDAN KIDD - BERCHAM VIA KG SIMEE,myBas,STADIUM NEGERI PERAK 2,STADIUM NEGERI PERAK 2 Bus Stop,4.61151316,101.10299348,07:57:00,,,
STESEN BAS MEDAN KIDD - BERCHAM VIA KG SIMEE,myBas,KG KEPAYANG 2,KG KEPAYANG 2 Bus Stop,4.60969516,101.09999477,07:58:00,,,
STESEN BAS MEDAN KIDD - BERCHAM VIA KG SIMEE,myBas,PERUMAHAN PEGAWAI KASTAM FAIR PARK 2,PERUMAHAN PEGAWAI KASTAM FAIR PARK 2 Bus Stop,4.60744938,101.09776854,07:59:00,,,
STESEN BAS MEDAN KIDD - BERCHAM VIA KG SIMEE,myBas,SK SERI KEPAYANG FAIR PARK 2,SK SERI KEPAYANG FAIR PARK 2 Bus Stop,4.60686121,101.09452307,08:00:00,,,
STESEN BAS MEDAN KIDD - BERCHAM VIA KG SIMEE,myBas,CALTEX JALAN KAMARUDDIN ISA 2,CALTEX JALAN KAMARUDDIN ISA 2 Bus Stop,4.6059184,101.09375944,08:01:00,,,
STESEN BAS MEDAN KIDD - BERCHAM VIA KG SIMEE,myBas,HOSPITAL RAJA PERMAISURI BAINUN 2,HOSPITAL RAJA PERMAISURI BAINUN 2 Bus Stop,4.60450314,101.09071433,08:02:00,,,
STESEN BAS MEDAN KIDD - BERCHAM VIA KG SIMEE,myBas,SMK ANDERSON 2,SMK ANDERSON 2 Bus Stop,4.60420905,101.0882628,08:03:00,,,
STESEN BAS MEDAN KIDD - BERCHAM VIA KG SIMEE,myBas,KLINIK GREENTOWN 2,KLINIK GREENTOWN 2 Bus Stop,4.6017868,101.08647644,08:04:00,,,
STESEN BAS MEDAN KIDD - BERCHAM VIA KG SIMEE,myBas,RUBY JALAN RAJA MUSA AZIZ,RUBY JALAN RAJA MUSA AZIZ Bus Stop,4.59721671,101.08420489,08:05:00,,,
STESEN BAS MEDAN KIDD - BERCHAM VIA KG SIMEE,myBas,MEDAN SELERA TMN KANAK-KANAK,MEDAN SELERA TMN KANAK-KANAK Bus Stop,4.59606535,101.08394443,08:06:00,,,
STESEN BAS MEDAN KIDD - BERCHAM VIA KG SIMEE,myBas,KAMDAR JALAN RAJA MUSA AZIZ,KAMDAR JALAN RAJA MUSA AZIZ Bus Stop,4.59496384,101.08362257,08:07:00,,,
STESEN BAS MEDAN KIDD - BERCHAM VIA KG SIMEE,myBas,ELLOW STREET,ELLOW STREET Bus Stop,4.59402006,101.08122467,08:08:00,,,
STESEN BAS MEDAN KIDD - BERCHAM VIA KG SIMEE,myBas,PEKAN LAMA,PEKAN LAMA Bus Stop,4.59540253,101.07682545,08:09:00,,,
STESEN BAS MEDAN KIDD - BERCHAM VIA KG SIMEE,myBas,STESEN KTM IPOH JALAN SULTAN ISKANDAR,STESEN KTM IPOH JALAN SULTAN ISKANDAR Bus Stop,4.59593283,101.07452968,08:10:00,,,
STESEN BAS MEDAN KIDD - BERCHAM VIA KG SIMEE,myBas,STESEN BAS MEDAN KIDD 2,STESEN BAS MEDAN KIDD 2 Bus Stop,4.594224,101.07236,08:11:00,,,
STESEN BAS MEDAN KIDD-MANJOI-BUNTONG,myBas,STESEN BAS MEDAN KIDD,STESEN BAS MEDAN KIDD Bus Stop,4.594224,101.07236,06:05:00,,,
STESEN BAS MEDAN KIDD-MANJOI-BUNTONG,myBas,KG LUMPUR 1,KG LUMPUR 1 Bus Stop,4.59635379,101.07082654,06:06:00,,,
STESEN BAS MEDAN KIDD-MANJOI-BUNTONG,myBas,KUARTERS KTM SUNGAI PARI 1,KUARTERS KTM SUNGAI PARI 1 Bus Stop,4.59357834,101.06931531,06:07:00,,,
STESEN BAS MEDAN KIDD-MANJOI-BUNTONG,myBas,SJKT KERAJAAN IPOH 1,SJKT KERAJAAN IPOH 1 Bus Stop,4.59195872,101.06803894,06:08:00,,,
STESEN BAS MEDAN KIDD-MANJOI-BUNTONG,myBas,KEDAI GAS SUNGAI PARI 1,KEDAI GAS SUNGAI PARI 1 Bus Stop,4.59158977,101.06640316,06:09:00,,,
STESEN BAS MEDAN KIDD-MANJOI-BUNTONG,myBas,CALTEX SUNGAI PARI 1,CALTEX SUNGAI PARI 1 Bus Stop,4.5922742,101.06506169,06:10:00,,,
STESEN BAS MEDAN KIDD-MANJOI-BUNTONG,myBas,BALAI POLIS KG BARU BUNTUNG 1,BALAI POLIS KG BARU BUNTUNG 1 Bus Stop,4.5922973,101.0635507,06:11:00,,,
STESEN BAS MEDAN KIDD-MANJOI-BUNTONG,myBas,SJKT METHODIST BUNTONG 1,SJKT METHODIST BUNTONG 1 Bus Stop,4.59157622,101.06083664,06:12:00,,,
STESEN BAS MEDAN KIDD-MANJOI-BUNTONG,myBas,SIMPANG KG TERSUSUN SUNGAI PARI 1,SIMPANG KG TERSUSUN SUNGAI PARI 1 Bus Stop,4.59110182,101.05819579,06:13:00,,,
STESEN BAS MEDAN KIDD-MANJOI-BUNTONG,myBas,FLAT HARMONI 1,FLAT HARMONI 1 Bus Stop,4.5911807,101.05627745,06:14:00,,,
STESEN BAS MEDAN KIDD-MANJOI-BUNTONG,myBas,SRKJC YUH HUA,SRKJC YUH HUA Bus Stop,4.59313117,101.05489056,06:15:00,,,
STESEN BAS MEDAN KIDD-MANJOI-BUNTONG,myBas,TMN PERTAMA 1,TMN PERTAMA 1 Bus Stop,4.59578359,101.05484286,06:16:00,,,
STESEN BAS MEDAN KIDD-MANJOI-BUNTONG,myBas,TMN PERTAMA 2,TMN PERTAMA 2 Bus Stop,4.59815611,101.05565108,06:17:00,,,
STESEN BAS MEDAN KIDD-MANJOI-BUNTONG,myBas,PASAR MALAM TMN PERTAMA,PASAR MALAM TMN PERTAMA Bus Stop,4.59823466,101.0579233,06:18:00,,,
STESEN BAS MEDAN KIDD-MANJOI-BUNTONG,myBas,MAGNUM TMN PERTAMA,MAGNUM TMN PERTAMA Bus Stop,4.59922444,101.05987485,06:19:00,,,
STESEN BAS MEDAN KIDD-MANJOI-BUNTONG,myBas,PADANG TMN PERTAMA,PADANG TMN PERTAMA Bus Stop,4.60154767,101.06097597,06:20:00,,,
STESEN BAS MEDAN KIDD-MANJOI-BUNTONG,myBas,PEJABAT KEBAJIKAN MASYARAKAT DAERAH KINTA,PEJABAT KEBAJIKAN MASYARAKAT DAERAH KINTA Bus Stop,4.60572076,101.062624,06:21:00,,,
STESEN BAS MEDAN KIDD-MANJOI-BUNTONG,myBas,MAYBANK SILIBIN,MAYBANK SILIBIN Bus Stop,4.60749216,101.06240093,06:22:00,,,
STESEN BAS MEDAN KIDD-MANJOI-BUNTONG,myBas,KFC SILIBIN,KFC SILIBIN Bus Stop,4.60936511,101.06161867,06:23:00,,,
STESEN BAS MEDAN KIDD-MANJOI-BUNTONG,myBas,SEKOLAH AGAMA RAKYAT ITTIHADIAH,SEKOLAH AGAMA RAKYAT ITTIHADIAH Bus Stop,4.61211543,101.06284643,06:24:00,,,
STESEN BAS MEDAN KIDD-MANJOI-BUNTONG,myBas,KEDAI CIK WAN JALAN MADRASAH,KEDAI CIK WAN JALAN MADRASAH Bus Stop,4.61477527,101.06470587,06:25:00,,,
STESEN BAS MEDAN KIDD-MANJOI-BUNTONG,myBas,KG SUNGAI TAPAH 1,KG SUNGAI TAPAH 1 Bus Stop,4.61721271,101.06403133,06:26:00,,,
STESEN BAS MEDAN KIDD-MANJOI-BUNTONG,myBas,KG SUNGAI TAPAH 2,KG SUNGAI TAPAH 2 Bus Stop,4.61931491,101.06405637,06:27:00,,,
STESEN BAS MEDAN KIDD-MANJOI-BUNTONG,myBas,MASJID AR-RAHMAN,MASJID AR-RAHMAN Bus Stop,4.62050186,101.06328975,06:28:00,,,
STESEN BAS MEDAN KIDD-MANJOI-BUNTONG,myBas,PETRONAS JELAPANG,PETRONAS JELAPANG Bus Stop,4.6213413,101.0593027,06:29:00,,,
STESEN BAS MEDAN KIDD-MANJOI-BUNTONG,myBas,CIMB BANK SILIBIN,CIMB BANK SILIBIN Bus Stop,4.61851144,101.05813048,06:30:00,,,
STESEN BAS MEDAN KIDD-MANJOI-BUNTONG,myBas,BILLION SILIBIN,BILLION SILIBIN Bus Stop,4.61706099,101.0575172,06:31:00,,,
STESEN BAS MEDAN KIDD-MANJOI-BUNTONG,myBas,KLINIK KESIHATAN JELAPANG,KLINIK KESIHATAN JELAPANG Bus Stop,4.61444868,101.05714917,06:32:00,,,
STESEN BAS MEDAN KIDD-MANJOI-BUNTONG,myBas,TMN SILIBIN,TMN SILIBIN Bus Stop,4.6124275,101.05662882,06:33:00,,,
STESEN BAS MEDAN KIDD-MANJOI-BUNTONG,myBas,TMN RISHAH 1,TMN RISHAH 1 Bus Stop,4.60951904,101.05513565,06:34:00,,,
STESEN BAS MEDAN KIDD-MANJOI-BUNTONG,myBas,TMN RISHAH 2,TMN RISHAH 2 Bus Stop,4.60800701,101.0532618,06:35:00,,,
STESEN BAS MEDAN KIDD-MANJOI-BUNTONG,myBas,BALAI POLIS TMN RISHAH,BALAI POLIS TMN RISHAH Bus Stop,4.60582527,101.05162606,06:36:00,,,
STESEN BAS MEDAN KIDD-MANJOI-BUNTONG,myBas,TMN TINGGI,TMN TINGGI Bus Stop,4.60150249,101.049951,06:37:00,,,
STESEN BAS MEDAN KIDD-MANJOI-BUNTONG,myBas,TMN BUNTONG JAYA,TMN BUNTONG JAYA Bus Stop,4.59858757,101.04916108,06:38:00,,,
STESEN BAS MEDAN KIDD-MANJOI-BUNTONG,myBas,TMN KLEDANG EMAS,TMN KLEDANG EMAS Bus Stop,4.59536012,101.04799258,06:39:00,,,
STESEN BAS MEDAN KIDD-MANJOI-BUNTONG,myBas,KG BUNTONG 3,KG BUNTONG 3 Bus Stop,4.59229269,101.04733448,06:40:00,,,
STESEN BAS MEDAN KIDD-MANJOI-BUNTONG,myBas,DEWAN BUNTONG 3,DEWAN BUNTONG 3 Bus Stop,4.5892133,101.04656525,06:41:00,,,
STESEN BAS MEDAN KIDD-MANJOI-BUNTONG,myBas,SK BUNTONG,SK BUNTONG Bus Stop,4.58743814,101.0461646,06:42:00,,,
STESEN BAS MEDAN KIDD-MANJOI-BUNTONG,myBas,DESA RISHAH,DESA RISHAH Bus Stop,4.58544977,101.04573842,06:43:00,,,
STESEN BAS MEDAN KIDD-MANJOI-BUNTONG,myBas,TMN KLEDANG,TMN KLEDANG Bus Stop,4.58451446,101.03893009,06:44:00,,,
STESEN BAS MEDAN KIDD-MANJOI-BUNTONG,myBas,TMN KLEDANG PERMAI,TMN KLEDANG PERMAI Bus Stop,4.58201069,101.03839423,06:45:00,,,
STESEN BAS MEDAN KIDD-MANJOI-BUNTONG,myBas,PHL,PHL Bus Stop,4.58021603,101.03894723,06:46:00,,,
STESEN BAS MEDAN KIDD-MANJOI-BUNTONG,myBas,KAWASAN PERINDUSTRIAN CHADAN RAYA,KAWASAN PERINDUSTRIAN CHADAN RAYA Bus Stop,4.57976666,101.04079119,06:47:00,,,
STESEN BAS MEDAN KIDD-MANJOI-BUNTONG,myBas,TMN GELOMBANG,TMN GELOMBANG Bus Stop,4.5775673,101.04663272,06:48:00,,,
STESEN BAS MEDAN KIDD-MANJOI-BUNTONG,myBas,TMN KLEDANG UTARA,TMN KLEDANG UTARA Bus Stop,4.57854025,101.04810842,06:49:00,,,
STESEN BAS MEDAN KIDD-MANJOI-BUNTONG,myBas,TMN WANG,TMN WANG Bus Stop,4.58061957,101.05073842,06:50:00,,,
STESEN BAS MEDAN KIDD-MANJOI-BUNTONG,myBas,MEDAN SELERA TMN MAS,MEDAN SELERA TMN MAS Bus Stop,4.58160226,101.05223644,06:51:00,,,
STESEN BAS MEDAN KIDD-MANJOI-BUNTONG,myBas,KLINIK KESIHATAN BUNTONG,KLINIK KESIHATAN BUNTONG Bus Stop,4.58415773,101.05268585,06:52:00,,,
STESEN BAS MEDAN KIDD-MANJOI-BUNTONG,myBas,MASJID AL ANSAR TMN MAS,MASJID AL ANSAR TMN MAS Bus Stop,4.58688935,101.05349041,06:53:00,,,
STESEN BAS MEDAN KIDD-MANJOI-BUNTONG,myBas,FLAT HARMONI 2,FLAT HARMONI 2 Bus Stop,4.5911807,101.05627745,06:54:00,,,
STESEN BAS MEDAN KIDD-MANJOI-BUNTONG,myBas,SIMPANG KG TERSUSUN SUNGAI PARI 2,SIMPANG KG TERSUSUN SUNGAI PARI 2 Bus Stop,4.59110182,101.05819578,06:55:00,,,
STESEN BAS MEDAN KIDD-MANJOI-BUNTONG,myBas,SJKT METHODIST BUNTONG 2,SJKT METHODIST BUNTONG 2 Bus Stop,4.59157622,101.06083663,06:56:00,,,
STESEN BAS MEDAN KIDD-MANJOI-BUNTONG,myBas,BALAI POLIS KG BARU BUNTUNG 2,BALAI POLIS KG BARU BUNTUNG 2 Bus Stop,4.5922973,101.0635507,06:57:00,,,
STESEN BAS MEDAN KIDD-MANJOI-BUNTONG,myBas,CALTEX SUNGAI PARI 2,CALTEX SUNGAI PARI 2 Bus Stop,4.59217135,101.06503148,06:58:00,,,
STESEN BAS MEDAN KIDD-MANJOI-BUNTONG,myBas,KEDAI GAS SUNGAI PARI 2,KEDAI GAS SUNGAI PARI 2 Bus Stop,4.5916045,101.06640315,06:59:00,,,
STESEN BAS MEDAN KIDD-MANJOI-BUNTONG,myBas,SJKT KERAJAAN IPOH 2,SJKT KERAJAAN IPOH 2 Bus Stop,4.59195872,101.06803894,07:00:00,,,
STESEN BAS MEDAN KIDD-MANJOI-BUNTONG,myBas,KUARTERS KTM SUNGAI PARI 2,KUARTERS KTM SUNGAI PARI 2 Bus Stop,4.59357834,101.0693153,07:01:00,,,
STESEN BAS MEDAN KIDD-MANJOI-BUNTONG,myBas,KG LUMPUR 2,KG LUMPUR 2 Bus Stop,4.59635379,101.07082653,07:02:00,,,
STESEN BAS MEDAN KIDD-MANJOI-BUNTONG,myBas,STESEN BAS MEDAN KIDD 2,STESEN BAS MEDAN KIDD 2 Bus Stop,4.594224,101.07236,07:03:00,,,
STESEN BAS MEDAN KIDD-CHEMPAKA-AMPANG,myBas,STESEN BAS MEDAN KIDD,STESEN BAS MEDAN KIDD Bus Stop,4.594224,101.07236,05:55:00,,,
STESEN BAS MEDAN KIDD-CHEMPAKA-AMPANG,myBas,DATO SAGOR,DATO SAGOR Bus Stop,4.59701975,101.07437609,05:56:00,,,
STESEN BAS MEDAN KIDD-CHEMPAKA-AMPANG,myBas,HOTEL BAJET ONE STOP,HOTEL BAJET ONE STOP Bus Stop,4.59619446,101.07698199,05:57:00,,,
STESEN BAS MEDAN KIDD-CHEMPAKA-AMPANG,myBas,BANGUNAN SERI KINTA,BANGUNAN SERI KINTA Bus Stop,4.59802514,101.0798217,05:58:00,,,
STESEN BAS MEDAN KIDD-CHEMPAKA-AMPANG,myBas,PASAR AYAM AMANJAYA IPOH,PASAR AYAM AMANJAYA IPOH Bus Stop,4.59534883,101.08127295,05:59:00,,,
STESEN BAS MEDAN KIDD-CHEMPAKA-AMPANG,myBas,UTC IPOH PERAK,UTC IPOH PERAK Bus Stop,4.59623076,101.08298887,06:00:00,,,
STESEN BAS MEDAN KIDD-CHEMPAKA-AMPANG,myBas,PEKAN BARU 1,PEKAN BARU 1 Bus Stop,4.59829767,101.08352909,06:01:00,,,
STESEN BAS MEDAN KIDD-CHEMPAKA-AMPANG,myBas,WALLCOURT,WALLCOURT Bus Stop,4.60053009,101.08496871,06:02:00,,,
STESEN BAS MEDAN KIDD-CHEMPAKA-AMPANG,myBas,KLINIK GREENTOWN,KLINIK GREENTOWN Bus Stop,4.6017868,101.08647644,06:03:00,,,
STESEN BAS MEDAN KIDD-CHEMPAKA-AMPANG,myBas,SMK ANDERSON,SMK ANDERSON Bus Stop,4.60420905,101.08826279,06:04:00,,,
STESEN BAS MEDAN KIDD-CHEMPAKA-AMPANG,myBas,HOSPITAL RAJA PERMAISURI BAINUN 1,HOSPITAL RAJA PERMAISURI BAINUN 1 Bus Stop,4.60450314,101.09071433,06:05:00,,,
STESEN BAS MEDAN KIDD-CHEMPAKA-AMPANG,myBas,ANGSANA MALL,ANGSANA MALL Bus Stop,4.60316636,101.09494686,06:06:00,,,
STESEN BAS MEDAN KIDD-CHEMPAKA-AMPANG,myBas,FLAT ASHBY ROAD,FLAT ASHBY ROAD Bus Stop,4.60282414,101.09613776,06:07:00,,,
STESEN BAS MEDAN KIDD-CHEMPAKA-AMPANG,myBas,WISMA PERKESO 1,WISMA PERKESO 1 Bus Stop,4.6009473,101.09936714,06:08:00,,,
STESEN BAS MEDAN KIDD-CHEMPAKA-AMPANG,myBas,TOKONG SIAM,TOKONG SIAM Bus Stop,4.60092593,101.11423102,06:09:00,,,
STESEN BAS MEDAN KIDD-CHEMPAKA-AMPANG,myBas,STAR,STAR Bus Stop,4.59736293,101.12003001,06:10:00,,,
STESEN BAS MEDAN KIDD-CHEMPAKA-AMPANG,myBas,JABATAN KIMIA MALAYSIA 1,JABATAN KIMIA MALAYSIA 1 Bus Stop,4.59607244,101.11992333,06:11:00,,,
STESEN BAS MEDAN KIDD-CHEMPAKA-AMPANG,myBas,POLITEKNIK UNGKU OMAR,POLITEKNIK UNGKU OMAR Bus Stop,4.59009127,101.12534108,06:12:00,,,
STESEN BAS MEDAN KIDD-CHEMPAKA-AMPANG,myBas,MASJID SULTAN AZLAN SHAH,MASJID SULTAN AZLAN SHAH Bus Stop,4.58917817,101.12640917,06:13:00,,,
STESEN BAS MEDAN KIDD-CHEMPAKA-AMPANG,myBas,SK SERI AMPANG 1,SK SERI AMPANG 1 Bus Stop,4.58396194,101.12721652,06:14:00,,,
STESEN BAS MEDAN KIDD-CHEMPAKA-AMPANG,myBas,PETRON AMPANG,PETRON AMPANG Bus Stop,4.57999579,101.12755997,06:15:00,,,
STESEN BAS MEDAN KIDD-CHEMPAKA-AMPANG,myBas,WIRA JAYA BARAT 1,WIRA JAYA BARAT 1 Bus Stop,4.57998989,101.13299345,06:16:00,,,
STESEN BAS MEDAN KIDD-CHEMPAKA-AMPANG,myBas,WIRA JAYA BARAT 2,WIRA JAYA BARAT 2 Bus Stop,4.5788814,101.13551987,06:17:00,,,
STESEN BAS MEDAN KIDD-CHEMPAKA-AMPANG,myBas,TMN GUNUNG VIEW,TMN GUNUNG VIEW Bus Stop,4.57412024,101.13824308,06:18:00,,,
STESEN BAS MEDAN KIDD-CHEMPAKA-AMPANG,myBas,TMN RAPAT DAMAI,TMN RAPAT DAMAI Bus Stop,4.57370312,101.13765108,06:19:00,,,
STESEN BAS MEDAN KIDD-CHEMPAKA-AMPANG,myBas,WIRA JAYA BARAT 3,WIRA JAYA BARAT 3 Bus Stop,4.57775922,101.13408086,06:20:00,,,
STESEN BAS MEDAN KIDD-CHEMPAKA-AMPANG,myBas,WIRA JAYA BARAT 4,WIRA JAYA BARAT 4 Bus Stop,4.57781524,101.13173604,06:21:00,,,
STESEN BAS MEDAN KIDD-CHEMPAKA-AMPANG,myBas,MAYBANK AMPANG,MAYBANK AMPANG Bus Stop,4.57784197,101.12856566,06:22:00,,,
STESEN BAS MEDAN KIDD-CHEMPAKA-AMPANG,myBas,SK SERI AMPANG 2,SK SERI AMPANG 2 Bus Stop,4.58396194,101.12721651,06:23:00,,,
STESEN BAS MEDAN KIDD-CHEMPAKA-AMPANG,myBas,PASAR AWAM AMPANG BARU,PASAR AWAM AMPANG BARU Bus Stop,4.58734132,101.13104463,06:24:00,,,
STESEN BAS MEDAN KIDD-CHEMPAKA-AMPANG,myBas,DESA CEMPAKA,DESA CEMPAKA Bus Stop,4.59129232,101.13216653,06:25:00,,,
STESEN BAS MEDAN KIDD-CHEMPAKA-AMPANG,myBas,DEWAN KOMUNITI 1 MALAYSIA,DEWAN KOMUNITI 1 MALAYSIA Bus Stop,4.59419384,101.12955809,06:26:00,,,
STESEN BAS MEDAN KIDD-CHEMPAKA-AMPANG,myBas,TMN CEMPAKA 1,TMN CEMPAKA 1 Bus Stop,4.5950895,101.12625629,06:27:00,,,
STESEN BAS MEDAN KIDD-CHEMPAKA-AMPANG,myBas,TMN CEMPAKA 2,TMN CEMPAKA 2 Bus Stop,4.59395503,101.1241861,06:28:00,,,
STESEN BAS MEDAN KIDD-CHEMPAKA-AMPANG,myBas,JABATAN KIMIA MALAYSIA 2,JABATAN KIMIA MALAYSIA 2 Bus Stop,4.59607244,101.11992333,06:29:00,,,
STESEN BAS MEDAN KIDD-CHEMPAKA-AMPANG,myBas,STAR 2,STAR 2 Bus Stop,4.597416,101.12032875,06:30:00,,,
STESEN BAS MEDAN KIDD-CHEMPAKA-AMPANG,myBas,TOKONG SIAM 2,TOKONG SIAM 2 Bus Stop,4.6008913,101.11455368,06:31:00,,,
STESEN BAS MEDAN KIDD-CHEMPAKA-AMPANG,myBas,WISMA PERKESO 2,WISMA PERKESO 2 Bus Stop,4.6009473,101.09936714,06:32:00,,,
STESEN BAS MEDAN KIDD-CHEMPAKA-AMPANG,myBas,FLAT ASHBY ROAD 2,FLAT ASHBY ROAD 2 Bus Stop,4.60282414,101.09613776,06:33:00,,,
STESEN BAS MEDAN KIDD-CHEMPAKA-AMPANG,myBas,ANGSANA MALL 2,ANGSANA MALL 2 Bus Stop,4.60349788,101.09486639,06:34:00,,,
STESEN BAS MEDAN KIDD-CHEMPAKA-AMPANG,myBas,HOSPITAL RAJA PERMAISURI BAINUN 2,HOSPITAL RAJA PERMAISURI BAINUN 2 Bus Stop,4.60450314,101.09071433,06:35:00,,,
STESEN BAS MEDAN KIDD-CHEMPAKA-AMPANG,myBas,SMK ANDERSON 2,SMK ANDERSON 2 Bus Stop,4.60420905,101.0882628,06:36:00,,,
STESEN BAS MEDAN KIDD-CHEMPAKA-AMPANG,myBas,KLINIK GREENTOWN 2,KLINIK GREENTOWN 2 Bus Stop,4.6017868,101.08647644,06:37:00,,,
STESEN BAS MEDAN KIDD-CHEMPAKA-AMPANG,myBas,RUBY JALAN RAJA MUSA AZIZ,RUBY JALAN RAJA MUSA AZIZ Bus Stop,4.59721671,101.08420489,06:38:00,,,
STESEN BAS MEDAN KIDD-CHEMPAKA-AMPANG,myBas,MEDAN SELERA TMN KANAK-KANAK,MEDAN SELERA TMN KANAK-KANAK Bus Stop,4.59606535,101.08394443,06:39:00,,,
STESEN BAS MEDAN KIDD-CHEMPAKA-AMPANG,myBas,KAMDAR JALAN RAJA MUSA AZIZ,KAMDAR JALAN RAJA MUSA AZIZ Bus Stop,4.59496384,101.08362257,06:40:00,,,
STESEN BAS MEDAN KIDD-CHEMPAKA-AMPANG,myBas,ELLOW STREET,ELLOW STREET Bus Stop,4.59402006,101.08122467,06:41:00,,,
STESEN BAS MEDAN KIDD-CHEMPAKA-AMPANG,myBas,PEKAN LAMA,PEKAN LAMA Bus Stop,4.59540253,101.07682545,06:42:00,,,
STESEN BAS MEDAN KIDD-CHEMPAKA-AMPANG,myBas,STESEN KTM IPOH JALAN SULTAN ISKANDAR,STESEN KTM IPOH JALAN SULTAN ISKANDAR Bus Stop,4.59593283,101.07452968,06:43:00,,,
STESEN BAS MEDAN KIDD-CHEMPAKA-AMPANG,myBas,STESEN BAS MEDAN KIDD 2,STESEN BAS MEDAN KIDD 2 Bus Stop,4.594224,101.07236,06:44:00,,,
JB Sentral  KSL - JB Sentral,myBas,JB Sentral,JB Sentral Bus Stop,1.46352,103.76496,07:00:00,,,
JB Sentral  KSL - JB Sentral,myBas,Wisma Peladang,Wisma Peladang Bus Stop,1.45602,103.7654,07:01:00,,,
JB Sentral  KSL - JB Sentral,myBas,Opp Pejabat Pos Besar,Opp Pejabat Pos Besar Bus Stop,1.45487,103.76126,07:02:00,,,
JB Sentral  KSL - JB Sentral,myBas,Opp Johor Tourist Information Center,Opp Johor Tourist Information Center Bus Stop,1.45723,103.75915,07:03:00,,,
JB Sentral  KSL - JB Sentral,myBas,Opp Menara TH,Opp Menara TH Bus Stop,1.45782,103.75904,07:04:00,,,
JB Sentral  KSL - JB Sentral,myBas,Opp Wisma Persekutuan,Opp Wisma Persekutuan Bus Stop,1.45996,103.75839,07:05:00,,,
JB Sentral  KSL - JB Sentral,myBas,Opp Sekolah Kebangsaan IJ Convent,Opp Sekolah Kebangsaan IJ Convent Bus Stop,1.46386,103.75489,07:06:00,,,
JB Sentral  KSL - JB Sentral,myBas,Opp Pusat Khidmat Pelanggan TNB JB,Opp Pusat Khidmat Pelanggan TNB JB Bus Stop,1.46653,103.75269,07:07:00,,,
JB Sentral  KSL - JB Sentral,myBas,Opp IPK Johor,Opp IPK Johor Bus Stop,1.47642,103.76329,07:08:00,,,
JB Sentral  KSL - JB Sentral,myBas,Grand Paragon Hotel,Grand Paragon Hotel Bus Stop,1.48056,103.76221,07:09:00,,,
JB Sentral  KSL - JB Sentral,myBas,KSL City,KSL City Bus Stop,1.48571,103.76297,07:10:00,,,
JB Sentral  KSL - JB Sentral,myBas,Opp Holiday Plaza,Opp Holiday Plaza Bus Stop,1.48807,103.75941,07:11:00,,,
JB Sentral  KSL - JB Sentral,myBas,Pusat Latihan JPJ Kebun Teh,Pusat Latihan JPJ Kebun Teh Bus Stop,1.48341167311875,103.754095,07:12:00,,,
JB Sentral  KSL - JB Sentral,myBas,Danga City Mall,Danga City Mall Bus Stop,1.4758,103.75446,07:13:00,,,
JB Sentral  KSL - JB Sentral,myBas,Pusat Khidmat Pelanggan TNB @ Johor Bahr,Pusat Khidmat Pelanggan TNB @ Johor Bahr Bus Stop,1.46692,103.75249,07:14:00,,,
JB Sentral  KSL - JB Sentral,myBas,Sekolah Kebangsaan IJ Convent,Sekolah Kebangsaan IJ Convent Bus Stop,1.46453,103.75429,07:15:00,,,
JB Sentral  KSL - JB Sentral,myBas,Wisma Persekutuan,Wisma Persekutuan Bus Stop,1.46062,103.75777,07:16:00,,,
JB Sentral  KSL - JB Sentral,myBas,Menara TH,Menara TH Bus Stop,1.45822,103.75896,07:17:00,,,
JB Sentral  KSL - JB Sentral,myBas,Johor Tourist Information Center,Johor Tourist Information Center Bus Stop,1.4568,103.75929,07:18:00,,,
JB Sentral  KSL - JB Sentral,myBas,Pejabat Pos Besar,Pejabat Pos Besar Bus Stop,1.45546,103.76188,07:19:00,,,
JB Sentral  KSL - JB Sentral,myBas,Opp Wisma Peladang,Opp Wisma Peladang Bus Stop,1.45652,103.76484,07:20:00,,,
JB Sentral  KSL - JB Sentral,myBas,Jb Sentral 2,Jb Sentral 2 Bus Stop,1.46297,103.76529,07:21:00,,,
JB Sentral - Terminal Bas Kota Tinggi,myBas,JB Sentral,JB Sentral Bus Stop,1.46352,103.76496,09:00:00,,,
JB Sentral - Terminal Bas Kota Tinggi,myBas,Wisma Peladang,Wisma Peladang Bus Stop,1.45602,103.7654,09:01:00,,,
JB Sentral - Terminal Bas Kota Tinggi,myBas,Opp Pejabat Pos Besar,Opp Pejabat Pos Besar Bus Stop,1.45487,103.76126,09:02:00,,,
JB Sentral - Terminal Bas Kota Tinggi,myBas,Opp Johor Tourist Information Center,Opp Johor Tourist Information Center Bus Stop,1.45723,103.75915,09:03:00,,,
JB Sentral - Terminal Bas Kota Tinggi,myBas,Opp Menara TH,Opp Menara TH Bus Stop,1.45782,103.75904,09:04:00,,,
JB Sentral - Terminal Bas Kota Tinggi,myBas,Opp Wisma Persekutuan,Opp Wisma Persekutuan Bus Stop,1.45996,103.75839,09:05:00,,,
JB Sentral - Terminal Bas Kota Tinggi,myBas,Opp Sekolah Kebangsaan IJ Convent,Opp Sekolah Kebangsaan IJ Convent Bus Stop,1.46386,103.75489,09:06:00,,,
JB Sentral - Terminal Bas Kota Tinggi,myBas,Opp Pusat Khidmat Pelanggan TNB JB,Opp Pusat Khidmat Pelanggan TNB JB Bus Stop,1.46653,103.75269,09:07:00,,,
JB Sentral - Terminal Bas Kota Tinggi,myBas,Opp IPK Johor,Opp IPK Johor Bus Stop,1.47642,103.76329,09:08:00,,,
JB Sentral - Terminal Bas Kota Tinggi,myBas,OPP Plaza Pelangi,OPP Plaza Pelangi Bus Stop,1.4805,103.76435,09:09:00,,,
JB Sentral - Terminal Bas Kota Tinggi,myBas,Crystal Crown,Crystal Crown Bus Stop,1.48652,103.76603,09:10:00,,,
JB Sentral - Terminal Bas Kota Tinggi,myBas,Caltex Taman Melodies,Caltex Taman Melodies Bus Stop,1.49052,103.76696,09:11:00,,,
JB Sentral - Terminal Bas Kota Tinggi,myBas,OPP Taman Sentosa,OPP Taman Sentosa Bus Stop,1.49345,103.76645,09:12:00,,,
JB Sentral - Terminal Bas Kota Tinggi,myBas,OPP Hospital Columbia ,OPP Hospital Columbia  Bus Stop,1.50051,103.76503,09:13:00,,,
JB Sentral - Terminal Bas Kota Tinggi,myBas,OPP Mutiara Motors,OPP Mutiara Motors Bus Stop,1.50383,103.76416,09:14:00,,,
JB Sentral - Terminal Bas Kota Tinggi,myBas,Restoran Aliff,Restoran Aliff Bus Stop,1.50571,103.76267,09:15:00,,,
JB Sentral - Terminal Bas Kota Tinggi,myBas,KG Melayu Majidee,KG Melayu Majidee Bus Stop,1.50975,103.76089,09:16:00,,,
JB Sentral - Terminal Bas Kota Tinggi,myBas,Majidee,Majidee Bus Stop,1.51431,103.75807,09:17:00,,,
JB Sentral - Terminal Bas Kota Tinggi,myBas,Pasar Borong Pandan,Pasar Borong Pandan Bus Stop,1.52263,103.76554,09:18:00,,,
JB Sentral - Terminal Bas Kota Tinggi,myBas,Petron Pandan,Petron Pandan Bus Stop,1.5249,103.77105,09:19:00,,,
JB Sentral - Terminal Bas Kota Tinggi,myBas,Shell Pandan,Shell Pandan Bus Stop,1.52682,103.77553,09:20:00,,,
JB Sentral - Terminal Bas Kota Tinggi,myBas,OPP The Store Pandan,OPP The Store Pandan Bus Stop,1.53212,103.78216,09:21:00,,,
JB Sentral - Terminal Bas Kota Tinggi,myBas,Smart Pandan,Smart Pandan Bus Stop,1.5336,103.78338,09:22:00,,,
JB Sentral - Terminal Bas Kota Tinggi,myBas,OPP Shell Bakawali,OPP Shell Bakawali Bus Stop,1.54323,103.79129,09:23:00,,,
JB Sentral - Terminal Bas Kota Tinggi,myBas,Shell Tebrau,Shell Tebrau Bus Stop,1.54705,103.7955,09:24:00,,,
JB Sentral - Terminal Bas Kota Tinggi,myBas,Toppen Tebrau,Toppen Tebrau Bus Stop,1.5514,103.79759,09:25:00,,,
JB Sentral - Terminal Bas Kota Tinggi,myBas,IKEA Tebrau Jalan Tebrau,IKEA Tebrau Jalan Tebrau Bus Stop,1.55211,103.80101,09:26:00,,,
JB Sentral - Terminal Bas Kota Tinggi,myBas,OPP Taman Desa Jaya,OPP Taman Desa Jaya Bus Stop,1.55742,103.8011,09:27:00,,,
JB Sentral - Terminal Bas Kota Tinggi,myBas,OPP Taman Desa Cemerlang,OPP Taman Desa Cemerlang Bus Stop,1.56612,103.80811,09:28:00,,,
JB Sentral - Terminal Bas Kota Tinggi,myBas,OPP Kuil Arulmigu Sri Muniswarar,OPP Kuil Arulmigu Sri Muniswarar Bus Stop,1.56895,103.81229,09:29:00,,,
JB Sentral - Terminal Bas Kota Tinggi,myBas,KFC Taman Puteri Wangsa,KFC Taman Puteri Wangsa Bus Stop,1.57196,103.81358,09:30:00,,,
JB Sentral - Terminal Bas Kota Tinggi,myBas,Taman Dato Chellam,Taman Dato Chellam Bus Stop,1.57694,103.8179,09:31:00,,,
JB Sentral - Terminal Bas Kota Tinggi,myBas,Taman Gunung Emas,Taman Gunung Emas Bus Stop,1.58793,103.81809,09:32:00,,,
JB Sentral - Terminal Bas Kota Tinggi,myBas,NSK Ulu Tiram,NSK Ulu Tiram Bus Stop,1.59493,103.82056,09:33:00,,,
JB Sentral - Terminal Bas Kota Tinggi,myBas,Perhentian Bas dan Kereta Sewa Ulu Tiram,Perhentian Bas dan Kereta Sewa Ulu Tiram Bus Stop,1.59808,103.82244,09:34:00,,,
JB Sentral - Terminal Bas Kota Tinggi,myBas,Taman Tiram Jaya,Taman Tiram Jaya Bus Stop,1.60307,103.82071,09:36:00,,,
JB Sentral - Terminal Bas Kota Tinggi,myBas,Todays Mall,Todays Mall Bus Stop,1.60837,103.8218,09:38:00,,,
JB Sentral - Terminal Bas Kota Tinggi,myBas,OPP Pulada,OPP Pulada Bus Stop,1.63064,103.82491,09:40:00,,,
JB Sentral - Terminal Bas Kota Tinggi,myBas,TKPM Ulu Tiram,TKPM Ulu Tiram Bus Stop,1.63439,103.829,09:42:00,,,
JB Sentral - Terminal Bas Kota Tinggi,myBas,Opp Hentian Bas Taman Sri Saujana,Opp Hentian Bas Taman Sri Saujana Bus Stop,1.67211,103.85071,09:44:00,,,
JB Sentral - Terminal Bas Kota Tinggi,myBas,Opp Petronas Taman Sri Saujana,Opp Petronas Taman Sri Saujana Bus Stop,1.67563,103.85224,09:46:00,,,
JB Sentral - Terminal Bas Kota Tinggi,myBas,Ladang Tai Tak,Ladang Tai Tak Bus Stop,1.68594,103.86432,09:48:00,,,
JB Sentral - Terminal Bas Kota Tinggi,myBas,Kuil Sri Maha Mariamman,Kuil Sri Maha Mariamman Bus Stop,1.69147,103.86961,09:50:00,,,
JB Sentral - Terminal Bas Kota Tinggi,myBas,Kawasan Perindustrian Jalan Johor,Kawasan Perindustrian Jalan Johor Bus Stop,1.70071,103.87949,09:52:00,,,
JB Sentral - Terminal Bas Kota Tinggi,myBas,Pasar Borong Kota Tinggi,Pasar Borong Kota Tinggi Bus Stop,1.70473,103.87907,09:54:00,,,
JB Sentral - Terminal Bas Kota Tinggi,myBas,Gereja Bethany,Gereja Bethany Bus Stop,1.71113,103.88055,09:56:00,,,
JB Sentral - Terminal Bas Kota Tinggi,myBas,Taman Kota Intan,Taman Kota Intan Bus Stop,1.71739,103.88422,09:58:00,,,
JB Sentral - Terminal Bas Kota Tinggi,myBas,Taman Sri Lalang,Taman Sri Lalang Bus Stop,1.71905,103.89008,10:00:00,,,
JB Sentral - Terminal Bas Kota Tinggi,myBas,Opp Econsave Sri Lalang,Opp Econsave Sri Lalang Bus Stop,1.71939,103.89344,10:02:00,,,
JB Sentral - Terminal Bas Kota Tinggi,myBas,SMK Tun Habab,SMK Tun Habab Bus Stop,1.7217,103.89742,10:04:00,,,
JB Sentral - Terminal Bas Kota Tinggi,myBas,Padang Awam MDKT,Padang Awam MDKT Bus Stop,1.72427,103.89871,10:06:00,,,
JB Sentral - Terminal Bas Kota Tinggi,myBas,Jalan Tun Sri Lanang,Jalan Tun Sri Lanang Bus Stop,1.72956,103.90005,10:08:00,,,
JB Sentral - Terminal Bas Kota Tinggi,myBas,Terminal Bas Kota Tinggi,Terminal Bas Kota Tinggi Bus Stop,1.72902,103.90209,10:10:00,,,
JB Sentral - Terminal Bas Kota Tinggi,myBas,Opp Jalan Tun Sri Lanang,Opp Jalan Tun Sri Lanang Bus Stop,1.72947,103.90009,07:02:00,,,
JB Sentral - Terminal Bas Kota Tinggi,myBas,OPP SMK Tun Habab,OPP SMK Tun Habab Bus Stop,1.72145,103.8972,07:06:00,,,
JB Sentral - Terminal Bas Kota Tinggi,myBas,Econsave Sri Lalang,Econsave Sri Lalang Bus Stop,1.71927,103.89346,07:08:00,,,
JB Sentral - Terminal Bas Kota Tinggi,myBas,Opp Taman Sri Lalang,Opp Taman Sri Lalang Bus Stop,1.71892,103.8901,07:10:00,,,
JB Sentral - Terminal Bas Kota Tinggi,myBas,Opp Taman Kota Intan,Opp Taman Kota Intan Bus Stop,1.71732,103.8844,07:12:00,,,
JB Sentral - Terminal Bas Kota Tinggi,myBas,Opp Gereja Bethany,Opp Gereja Bethany Bus Stop,1.71147,103.88072,07:14:00,,,
JB Sentral - Terminal Bas Kota Tinggi,myBas,Opp Pasar Borong Kota Tinggi,Opp Pasar Borong Kota Tinggi Bus Stop,1.7052,103.87919,07:16:00,,,
JB Sentral - Terminal Bas Kota Tinggi,myBas,Opp Kawasan Perindustrian Jalan Johor,Opp Kawasan Perindustrian Jalan Johor Bus Stop,1.70023,103.87952,07:18:00,,,
JB Sentral - Terminal Bas Kota Tinggi,myBas,Opp Kuil Sri Maha Mariamman,Opp Kuil Sri Maha Mariamman Bus Stop,1.69173,103.8701,07:20:00,,,
JB Sentral - Terminal Bas Kota Tinggi,myBas,OPP Ladang Tai Tak,OPP Ladang Tai Tak Bus Stop,1.686,103.86444,07:22:00,,,
JB Sentral - Terminal Bas Kota Tinggi,myBas,Petronas Taman Sri Saujana,Petronas Taman Sri Saujana Bus Stop,1.67567,103.85238,07:24:00,,,
JB Sentral - Terminal Bas Kota Tinggi,myBas,Hentian Bas Taman Sri Saujana,Hentian Bas Taman Sri Saujana Bus Stop,1.67217,103.85088,07:26:00,,,
JB Sentral - Terminal Bas Kota Tinggi,myBas,Opp TKPM Ulu Tiram,Opp TKPM Ulu Tiram Bus Stop,1.6341,103.82907,07:28:00,,,
JB Sentral - Terminal Bas Kota Tinggi,myBas,Pulada,Pulada Bus Stop,1.62952,103.82371,07:30:00,,,
JB Sentral - Terminal Bas Kota Tinggi,myBas,OPP Todays Mall,OPP Todays Mall Bus Stop,1.60695,103.82202,07:32:00,,,
JB Sentral - Terminal Bas Kota Tinggi,myBas,opp Taman Tiram Jaya,opp Taman Tiram Jaya Bus Stop,1.60291,103.82083,07:34:00,,,
JB Sentral - Terminal Bas Kota Tinggi,myBas,Opp NSK Ulu Tiram,Opp NSK Ulu Tiram Bus Stop,1.59334,103.82017,07:37:00,,,
JB Sentral - Terminal Bas Kota Tinggi,myBas,Opp Taman Gunung Emas,Opp Taman Gunung Emas Bus Stop,1.58755,103.8181,07:38:00,,,
JB Sentral - Terminal Bas Kota Tinggi,myBas,OPP Taman Dato Chellam,OPP Taman Dato Chellam Bus Stop,1.57587,103.81756,07:39:00,,,
JB Sentral - Terminal Bas Kota Tinggi,myBas,Opp KFC Taman Puteri Wangsa,Opp KFC Taman Puteri Wangsa Bus Stop,1.57183,103.81368,07:40:00,,,
JB Sentral - Terminal Bas Kota Tinggi,myBas,Kuil Arulmigu Sri Muniswarar,Kuil Arulmigu Sri Muniswarar Bus Stop,1.56971,103.81274,07:41:00,,,
JB Sentral - Terminal Bas Kota Tinggi,myBas,Taman Desa Cemerlang,Taman Desa Cemerlang Bus Stop,1.56584,103.80837,07:42:00,,,
JB Sentral - Terminal Bas Kota Tinggi,myBas,Taman Desa Jaya,Taman Desa Jaya Bus Stop,1.55817,103.80122,07:43:00,,,
JB Sentral - Terminal Bas Kota Tinggi,myBas,Opp IKEA Tebrau Jalan Tebrau,Opp IKEA Tebrau Jalan Tebrau Bus Stop,1.55247,103.80138,07:44:00,,,
JB Sentral - Terminal Bas Kota Tinggi,myBas,Opp Shell Tebrau,Opp Shell Tebrau Bus Stop,1.54684,103.79545,07:46:00,,,
JB Sentral - Terminal Bas Kota Tinggi,myBas,Shell Bakawali,Shell Bakawali Bus Stop,1.54388,103.792,07:47:00,,,
JB Sentral - Terminal Bas Kota Tinggi,myBas,Opp Smart Pandan,Opp Smart Pandan Bus Stop,1.53383,103.78399,07:48:00,,,
JB Sentral - Terminal Bas Kota Tinggi,myBas,The Store Pandan,The Store Pandan Bus Stop,1.53165,103.782,07:49:00,,,
JB Sentral - Terminal Bas Kota Tinggi,myBas,OPP Shell Pandan,OPP Shell Pandan Bus Stop,1.52639,103.77486,07:50:00,,,
JB Sentral - Terminal Bas Kota Tinggi,myBas,OPP Petron Pandan,OPP Petron Pandan Bus Stop,1.52486,103.77133,07:51:00,,,
JB Sentral - Terminal Bas Kota Tinggi,myBas,OPP Pasar Borong Pandan,OPP Pasar Borong Pandan Bus Stop,1.52257,103.7658,07:52:00,,,
JB Sentral - Terminal Bas Kota Tinggi,myBas,OPP Majidee,OPP Majidee Bus Stop,1.51474,103.75813,07:53:00,,,
JB Sentral - Terminal Bas Kota Tinggi,myBas,OPP KG Melayu Majidee,OPP KG Melayu Majidee Bus Stop,1.50984,103.7611,07:54:00,,,
JB Sentral - Terminal Bas Kota Tinggi,myBas,OPP Restoran Aliff,OPP Restoran Aliff Bus Stop,1.50609,103.76255,07:55:00,,,
JB Sentral - Terminal Bas Kota Tinggi,myBas,Mutiara Motors,Mutiara Motors Bus Stop,1.50372,103.76451,07:56:00,,,
JB Sentral - Terminal Bas Kota Tinggi,myBas,Hospital Columbia ,Hospital Columbia  Bus Stop,1.50113,103.76521,07:57:00,,,
JB Sentral - Terminal Bas Kota Tinggi,myBas,Taman Sentosa,Taman Sentosa Bus Stop,1.49432,103.76647,07:58:00,,,
JB Sentral - Terminal Bas Kota Tinggi,myBas,OPP Caltex Taman Melodies,OPP Caltex Taman Melodies Bus Stop,1.49166,103.76699,07:59:00,,,
JB Sentral - Terminal Bas Kota Tinggi,myBas,OPP Crystal Crown,OPP Crystal Crown Bus Stop,1.48677,103.76628,08:00:00,,,
JB Sentral - Terminal Bas Kota Tinggi,myBas,Plaza Pelangi,Plaza Pelangi Bus Stop,1.48106,103.76468,08:01:00,,,
JB Sentral - Terminal Bas Kota Tinggi,myBas,IPK Johor,IPK Johor Bus Stop,1.47738,103.7637,08:02:00,,,
JB Sentral - Terminal Bas Kota Tinggi,myBas,Pusat Khidmat Pelanggan TNB @ Johor Bahr,Pusat Khidmat Pelanggan TNB @ Johor Bahr Bus Stop,1.46692,103.75249,08:03:00,,,
JB Sentral - Terminal Bas Kota Tinggi,myBas,Sekolah Kebangsaan IJ Convent,Sekolah Kebangsaan IJ Convent Bus Stop,1.46453,103.75429,08:04:00,,,
JB Sentral - Terminal Bas Kota Tinggi,myBas,Wisma Persekutuan,Wisma Persekutuan Bus Stop,1.46062,103.75777,08:05:00,,,
JB Sentral - Terminal Bas Kota Tinggi,myBas,Menara TH,Menara TH Bus Stop,1.45822,103.75896,08:06:00,,,
JB Sentral - Terminal Bas Kota Tinggi,myBas,Johor Tourist Information Center,Johor Tourist Information Center Bus Stop,1.4568,103.75929,08:07:00,,,
JB Sentral - Terminal Bas Kota Tinggi,myBas,Pejabat Pos Besar,Pejabat Pos Besar Bus Stop,1.45546,103.76188,08:08:00,,,
JB Sentral - Terminal Bas Kota Tinggi,myBas,Opp Wisma Peladang,Opp Wisma Peladang Bus Stop,1.45652,103.76484,08:09:00,,,
JB Sentral - AEON Dato Onn via Setia Indah,myBas,JB Sentral,JB Sentral Bus Stop,1.46352,103.76496,05:50:00,,,
JB Sentral - AEON Dato Onn via Setia Indah,myBas,Wisma Peladang,Wisma Peladang Bus Stop,1.45602,103.7654,05:51:00,,,
JB Sentral - AEON Dato Onn via Setia Indah,myBas,Opp Pejabat Pos Besar,Opp Pejabat Pos Besar Bus Stop,1.45487,103.76126,05:52:00,,,
JB Sentral - AEON Dato Onn via Setia Indah,myBas,Opp Johor Tourist Information Center,Opp Johor Tourist Information Center Bus Stop,1.45723,103.75915,05:53:00,,,
JB Sentral - AEON Dato Onn via Setia Indah,myBas,Opp Menara TH,Opp Menara TH Bus Stop,1.45782,103.75904,05:54:00,,,
JB Sentral - AEON Dato Onn via Setia Indah,myBas,Opp Wisma Persekutuan,Opp Wisma Persekutuan Bus Stop,1.45996,103.75839,05:55:00,,,
JB Sentral - AEON Dato Onn via Setia Indah,myBas,Opp Sekolah Kebangsaan IJ Convent,Opp Sekolah Kebangsaan IJ Convent Bus Stop,1.46386,103.75489,05:56:00,,,
JB Sentral - AEON Dato Onn via Setia Indah,myBas,Opp Pusat Khidmat Pelanggan TNB JB,Opp Pusat Khidmat Pelanggan TNB JB Bus Stop,1.46653,103.75269,05:57:00,,,
JB Sentral - AEON Dato Onn via Setia Indah,myBas,Opp IPK Johor,Opp IPK Johor Bus Stop,1.47642,103.76329,05:58:00,,,
JB Sentral - AEON Dato Onn via Setia Indah,myBas,OPP Plaza Pelangi,OPP Plaza Pelangi Bus Stop,1.4805,103.76435,05:59:00,,,
JB Sentral - AEON Dato Onn via Setia Indah,myBas,Crystal Crown,Crystal Crown Bus Stop,1.48652,103.76603,06:00:00,,,
JB Sentral - AEON Dato Onn via Setia Indah,myBas,Caltex Taman Melodies,Caltex Taman Melodies Bus Stop,1.49052,103.76696,06:01:00,,,
JB Sentral - AEON Dato Onn via Setia Indah,myBas,OPP Taman Sentosa,OPP Taman Sentosa Bus Stop,1.49345,103.76645,06:02:00,,,
JB Sentral - AEON Dato Onn via Setia Indah,myBas,OPP Hospital Columbia ,OPP Hospital Columbia  Bus Stop,1.50051,103.76503,06:03:00,,,
JB Sentral - AEON Dato Onn via Setia Indah,myBas,OPP Mutiara Motors,OPP Mutiara Motors Bus Stop,1.50383,103.76416,06:04:00,,,
JB Sentral - AEON Dato Onn via Setia Indah,myBas,Restoran Aliff,Restoran Aliff Bus Stop,1.50571,103.76267,06:05:00,,,
JB Sentral - AEON Dato Onn via Setia Indah,myBas,KG Melayu Majidee,KG Melayu Majidee Bus Stop,1.50975,103.76089,06:06:00,,,
JB Sentral - AEON Dato Onn via Setia Indah,myBas,Majidee,Majidee Bus Stop,1.51431,103.75807,06:07:00,,,
JB Sentral - AEON Dato Onn via Setia Indah,myBas,Pasar Borong Pandan,Pasar Borong Pandan Bus Stop,1.52263,103.76554,06:08:00,,,
JB Sentral - AEON Dato Onn via Setia Indah,myBas,Petron Pandan,Petron Pandan Bus Stop,1.5249,103.77105,06:09:00,,,
JB Sentral - AEON Dato Onn via Setia Indah,myBas,Opp Poliklinik Penawar Taman Istimewa,Opp Poliklinik Penawar Taman Istimewa Bus Stop,1.52956,103.76822,06:10:00,,,
JB Sentral - AEON Dato Onn via Setia Indah,myBas,Surau Hajjah Fatimah,Surau Hajjah Fatimah Bus Stop,1.53091,103.76627,06:11:00,,,
JB Sentral - AEON Dato Onn via Setia Indah,myBas,Restoran Pokok Ceri,Restoran Pokok Ceri Bus Stop,1.53266,103.76376,06:12:00,,,
JB Sentral - AEON Dato Onn via Setia Indah,myBas,Opp Universal Cable,Opp Universal Cable Bus Stop,1.53553,103.75949,06:13:00,,,
JB Sentral - AEON Dato Onn via Setia Indah,myBas,Masjid Kampung Kangkar Tebrau,Masjid Kampung Kangkar Tebrau Bus Stop,1.53383,103.75577,06:14:00,,,
JB Sentral - AEON Dato Onn via Setia Indah,myBas,Bus Stop SK Kangkar Tebrau,Bus Stop SK Kangkar Tebrau Bus Stop,1.53313,103.75485,06:15:00,,,
JB Sentral - AEON Dato Onn via Setia Indah,myBas,U turn Kangkar tebrau,U turn Kangkar tebrau Bus Stop,1.53137,103.7523,06:16:00,,,
JB Sentral - AEON Dato Onn via Setia Indah,myBas,JCY Jalan Firma 3,JCY Jalan Firma 3 Bus Stop,1.53296,103.75137,06:17:00,,,
JB Sentral - AEON Dato Onn via Setia Indah,myBas,Hostel Jalan Firma 3,Hostel Jalan Firma 3 Bus Stop,1.53535,103.7529,06:18:00,,,
JB Sentral - AEON Dato Onn via Setia Indah,myBas,Kilang Bika,Kilang Bika Bus Stop,1.53622,103.75155,06:19:00,,,
JB Sentral - AEON Dato Onn via Setia Indah,myBas,Simpang Jalan Firma 3/1,Simpang Jalan Firma 3/1 Bus Stop,1.53424,103.74937,06:20:00,,,
JB Sentral - AEON Dato Onn via Setia Indah,myBas,MASJID KAMPUNG KANGKAR TEBRAU/SK KANGKAR,MASJID KAMPUNG KANGKAR TEBRAU/SK KANGKAR Bus Stop,1.53372,103.75552,06:21:00,,,
JB Sentral - AEON Dato Onn via Setia Indah,myBas,Bus Stop Universal Cable,Bus Stop Universal Cable Bus Stop,1.53558,103.75965,06:22:00,,,
JB Sentral - AEON Dato Onn via Setia Indah,myBas,Opp Taman Delima,Opp Taman Delima Bus Stop,1.53648,103.76272,06:23:00,,,
JB Sentral - AEON Dato Onn via Setia Indah,myBas,Flat Jalan Bertam 1,Flat Jalan Bertam 1 Bus Stop,1.53816,103.763,06:24:00,,,
JB Sentral - AEON Dato Onn via Setia Indah,myBas,Bus Stop Opp Shell Jalan Daya,Bus Stop Opp Shell Jalan Daya Bus Stop,1.54654,103.76079,06:25:00,,,
JB Sentral - AEON Dato Onn via Setia Indah,myBas,Taman Daya,Taman Daya Bus Stop,1.54698,103.75797,06:26:00,,,
JB Sentral - AEON Dato Onn via Setia Indah,myBas,Flat Jalan Nipah 11,Flat Jalan Nipah 11 Bus Stop,1.54623,103.75707,06:27:00,,,
JB Sentral - AEON Dato Onn via Setia Indah,myBas,Jalan Rumbia 39 1,Jalan Rumbia 39 1 Bus Stop,1.54638,103.75572,06:28:00,,,
JB Sentral - AEON Dato Onn via Setia Indah,myBas,Jalan Rumbia 39 2,Jalan Rumbia 39 2 Bus Stop,1.54858,103.75494,06:29:00,,,
JB Sentral - AEON Dato Onn via Setia Indah,myBas,SMK Taman Daya,SMK Taman Daya Bus Stop,1.55249962420733,103.75425904,06:30:00,,,
JB Sentral - AEON Dato Onn via Setia Indah,myBas,Sekolah Agama Taman Daya,Sekolah Agama Taman Daya Bus Stop,1.55426886334,103.754164686,06:31:00,,,
JB Sentral - AEON Dato Onn via Setia Indah,myBas,99 SPEEDMART JALAN NIBONG,99 SPEEDMART JALAN NIBONG Bus Stop,1.55492,103.75588,06:32:00,,,
JB Sentral - AEON Dato Onn via Setia Indah,myBas,Bus Stop TM Auto Tyre,Bus Stop TM Auto Tyre Bus Stop,1.55524,103.75822,06:33:00,,,
JB Sentral - AEON Dato Onn via Setia Indah,myBas,Opp Tadika Mutiara Taman Daya,Opp Tadika Mutiara Taman Daya Bus Stop,1.55827,103.75814,06:34:00,,,
JB Sentral - AEON Dato Onn via Setia Indah,myBas,Opp Hankook Tyre,Opp Hankook Tyre Bus Stop,1.55907,103.75816,06:35:00,,,
JB Sentral - AEON Dato Onn via Setia Indah,myBas,Opp Petron Jalan Daya,Opp Petron Jalan Daya Bus Stop,1.56122,103.7583,06:36:00,,,
JB Sentral - AEON Dato Onn via Setia Indah,myBas,TD Point,TD Point Bus Stop,1.56660507485,103.75894841,06:37:00,,,
JB Sentral - AEON Dato Onn via Setia Indah,myBas,Taman Setia Indah,Taman Setia Indah Bus Stop,1.56891,103.75934,06:38:00,,,
JB Sentral - AEON Dato Onn via Setia Indah,myBas,Jalan Setia 1 Opp Setia Park,Jalan Setia 1 Opp Setia Park Bus Stop,1.56961,103.75623,06:39:00,,,
JB Sentral - AEON Dato Onn via Setia Indah,myBas,PPR Setia Indah,PPR Setia Indah Bus Stop,1.57011,103.75416,06:40:00,,,
JB Sentral - AEON Dato Onn via Setia Indah,myBas,Tadika Setia indah,Tadika Setia indah Bus Stop,1.57255,103.75127,06:41:00,,,
JB Sentral - AEON Dato Onn via Setia Indah,myBas,Simpang Jalan Setia 4/12,Simpang Jalan Setia 4/12 Bus Stop,1.57444,103.74918,06:42:00,,,
JB Sentral - AEON Dato Onn via Setia Indah,myBas,Pintu Gerbang Bandar Dato' Onn,Pintu Gerbang Bandar Dato' Onn Bus Stop,1.57104,103.74464,06:43:00,,,
JB Sentral - AEON Dato Onn via Setia Indah,myBas,Perjiranan 9 Dato Onn,Perjiranan 9 Dato Onn Bus Stop,1.57097,103.73942,06:44:00,,,
JB Sentral - AEON Dato Onn via Setia Indah,myBas,Perjiranan 8 Dato Onn,Perjiranan 8 Dato Onn Bus Stop,1.57234,103.73696,06:45:00,,,
JB Sentral - AEON Dato Onn via Setia Indah,myBas,Opp Pangsapuri Kasturi,Opp Pangsapuri Kasturi Bus Stop,1.56499,103.73296,06:46:00,,,
JB Sentral - AEON Dato Onn via Setia Indah,myBas,AEON Dato Onn,AEON Dato Onn Bus Stop,1.56337,103.734,06:47:00,,,
JB Sentral - AEON Dato Onn via Setia Indah,myBas,Opp Pintu Gerbang Bandar Dato' Onn,Opp Pintu Gerbang Bandar Dato' Onn Bus Stop,1.57098,103.74435,07:51:00,,,
JB Sentral - AEON Dato Onn via Setia Indah,myBas,Taman Seri Austin,Taman Seri Austin Bus Stop,1.5769,103.74831,07:52:00,,,
JB Sentral - AEON Dato Onn via Setia Indah,myBas,Macdonalds Seri Austin,Macdonalds Seri Austin Bus Stop,1.57833,103.75057,07:53:00,,,
JB Sentral - AEON Dato Onn via Setia Indah,myBas,Opp Jalan Setia 3/12,Opp Jalan Setia 3/12 Bus Stop,1.57647,103.75917,07:54:00,,,
JB Sentral - AEON Dato Onn via Setia Indah,myBas,Hentian Setia Indah,Hentian Setia Indah Bus Stop,1.57332,103.75941,07:55:00,,,
JB Sentral - AEON Dato Onn via Setia Indah,myBas,Opp Taman Setia Indah,Opp Taman Setia Indah Bus Stop,1.5688,103.7594,07:56:00,,,
JB Sentral - AEON Dato Onn via Setia Indah,myBas,Bus Stop Opp TD Point,Bus Stop Opp TD Point Bus Stop,1.56645,103.75927,07:57:00,,,
JB Sentral - AEON Dato Onn via Setia Indah,myBas,Bus Stop Petron Jalan Daya,Bus Stop Petron Jalan Daya Bus Stop,1.56133,103.75843,07:58:00,,,
JB Sentral - AEON Dato Onn via Setia Indah,myBas,Hankook Tyre,Hankook Tyre Bus Stop,1.55911,103.75829,07:59:00,,,
JB Sentral - AEON Dato Onn via Setia Indah,myBas,Tadika Mutiara Taman Daya,Tadika Mutiara Taman Daya Bus Stop,1.55832,103.75825,08:00:00,,,
JB Sentral - AEON Dato Onn via Setia Indah,myBas,Opp TM Auto Tyre,Opp TM Auto Tyre Bus Stop,1.55529,103.75833,08:01:00,,,
JB Sentral - AEON Dato Onn via Setia Indah,myBas,Opp Gerai Muafakat Johor,Opp Gerai Muafakat Johor Bus Stop,1.55014,103.75864,08:02:00,,,
JB Sentral - AEON Dato Onn via Setia Indah,myBas,Bus Stop TNB Taman Daya,Bus Stop TNB Taman Daya Bus Stop,1.53845,103.76317,08:03:00,,,
JB Sentral - AEON Dato Onn via Setia Indah,myBas,Taman Delima,Taman Delima Bus Stop,1.53661,103.76285,08:04:00,,,
JB Sentral - AEON Dato Onn via Setia Indah,myBas,Opp Restoran Pokok Ceri,Opp Restoran Pokok Ceri Bus Stop,1.53259,103.76388,08:15:00,,,
JB Sentral - AEON Dato Onn via Setia Indah,myBas,Opp Surau Hajjah Fatimah,Opp Surau Hajjah Fatimah Bus Stop,1.53099,103.76613,08:16:00,,,
JB Sentral - AEON Dato Onn via Setia Indah,myBas,Poliklinik Penawar Taman Istimewa,Poliklinik Penawar Taman Istimewa Bus Stop,1.52963,103.76809,08:17:00,,,
JB Sentral - AEON Dato Onn via Setia Indah,myBas,Shell Pandan,Shell Pandan Bus Stop,1.52682,103.77553,08:18:00,,,
JB Sentral - AEON Dato Onn via Setia Indah,myBas,OPP Shell Pandan,OPP Shell Pandan Bus Stop,1.52639,103.77486,08:19:00,,,
JB Sentral - AEON Dato Onn via Setia Indah,myBas,OPP Petron Pandan,OPP Petron Pandan Bus Stop,1.52486,103.77133,08:20:00,,,
JB Sentral - AEON Dato Onn via Setia Indah,myBas,OPP Pasar Borong Pandan,OPP Pasar Borong Pandan Bus Stop,1.52257,103.7658,08:21:00,,,
JB Sentral - AEON Dato Onn via Setia Indah,myBas,OPP Majidee,OPP Majidee Bus Stop,1.51474,103.75813,08:22:00,,,
JB Sentral - AEON Dato Onn via Setia Indah,myBas,OPP KG Melayu Majidee,OPP KG Melayu Majidee Bus Stop,1.50984,103.7611,08:23:00,,,
JB Sentral - AEON Dato Onn via Setia Indah,myBas,OPP Restoran Aliff,OPP Restoran Aliff Bus Stop,1.50609,103.76255,08:24:00,,,
JB Sentral - AEON Dato Onn via Setia Indah,myBas,Mutiara Motors,Mutiara Motors Bus Stop,1.50372,103.76451,08:25:00,,,
JB Sentral - AEON Dato Onn via Setia Indah,myBas,Hospital Columbia ,Hospital Columbia  Bus Stop,1.50113,103.76521,08:26:00,,,
JB Sentral - AEON Dato Onn via Setia Indah,myBas,Taman Sentosa,Taman Sentosa Bus Stop,1.49432,103.76647,08:27:00,,,
JB Sentral - AEON Dato Onn via Setia Indah,myBas,OPP Caltex Taman Melodies,OPP Caltex Taman Melodies Bus Stop,1.49166,103.76699,08:28:00,,,
JB Sentral - AEON Dato Onn via Setia Indah,myBas,OPP Crystal Crown,OPP Crystal Crown Bus Stop,1.48677,103.76628,08:29:00,,,
JB Sentral - AEON Dato Onn via Setia Indah,myBas,Plaza Pelangi,Plaza Pelangi Bus Stop,1.48106,103.76468,08:30:00,,,
JB Sentral - AEON Dato Onn via Setia Indah,myBas,IPK Johor,IPK Johor Bus Stop,1.47738,103.7637,08:31:00,,,
JB Sentral - AEON Dato Onn via Setia Indah,myBas,Pusat Khidmat Pelanggan TNB @ Johor Bahr,Pusat Khidmat Pelanggan TNB @ Johor Bahr Bus Stop,1.46692,103.75249,08:32:00,,,
JB Sentral - AEON Dato Onn via Setia Indah,myBas,Sekolah Kebangsaan IJ Convent,Sekolah Kebangsaan IJ Convent Bus Stop,1.46453,103.75429,08:33:00,,,
JB Sentral - AEON Dato Onn via Setia Indah,myBas,Wisma Persekutuan,Wisma Persekutuan Bus Stop,1.46062,103.75777,08:34:00,,,
JB Sentral - AEON Dato Onn via Setia Indah,myBas,Menara TH,Menara TH Bus Stop,1.45822,103.75896,08:35:00,,,
JB Sentral - AEON Dato Onn via Setia Indah,myBas,Johor Tourist Information Center,Johor Tourist Information Center Bus Stop,1.4568,103.75929,08:36:00,,,
JB Sentral - AEON Dato Onn via Setia Indah,myBas,Pejabat Pos Besar,Pejabat Pos Besar Bus Stop,1.45546,103.76188,08:37:00,,,
JB Sentral - AEON Dato Onn via Setia Indah,myBas,Opp Wisma Peladang,Opp Wisma Peladang Bus Stop,1.45652,103.76484,08:38:00,,,
JB Sentral - Larkin Sentral via Mahmoodiah,myBas,JB Sentral,JB Sentral Bus Stop,1.46352,103.76496,05:00:00,,,
JB Sentral - Larkin Sentral via Mahmoodiah,myBas,Wisma Peladang,Wisma Peladang Bus Stop,1.45602,103.7654,05:01:00,,,
JB Sentral - Larkin Sentral via Mahmoodiah,myBas,Opp Pejabat Pos Besar,Opp Pejabat Pos Besar Bus Stop,1.45487,103.76126,05:02:00,,,
JB Sentral - Larkin Sentral via Mahmoodiah,myBas,Opp Johor Tourist Information Center,Opp Johor Tourist Information Center Bus Stop,1.45723,103.75915,05:03:00,,,
JB Sentral - Larkin Sentral via Mahmoodiah,myBas,Opp Menara TH,Opp Menara TH Bus Stop,1.45782,103.75904,05:04:00,,,
JB Sentral - Larkin Sentral via Mahmoodiah,myBas,Opp Wisma Persekutuan,Opp Wisma Persekutuan Bus Stop,1.45996,103.75839,05:05:00,,,
JB Sentral - Larkin Sentral via Mahmoodiah,myBas,Opp Sekolah Kebangsaan IJ Convent,Opp Sekolah Kebangsaan IJ Convent Bus Stop,1.46386,103.75489,05:06:00,,,
JB Sentral - Larkin Sentral via Mahmoodiah,myBas,Warung Saga,Warung Saga Bus Stop,1.46532,103.75289,05:08:00,,,
JB Sentral - Larkin Sentral via Mahmoodiah,myBas,Klinik Kesihatan Mahmoodiah,Klinik Kesihatan Mahmoodiah Bus Stop,1.46298,103.74831,05:10:00,,,
JB Sentral - Larkin Sentral via Mahmoodiah,myBas,Perkuburan Mahmoodiah,Perkuburan Mahmoodiah Bus Stop,1.46262,103.74703,05:12:00,,,
JB Sentral - Larkin Sentral via Mahmoodiah,myBas,Restoran ZZ,Restoran ZZ Bus Stop,1.46114,103.74504,05:14:00,,,
JB Sentral - Larkin Sentral via Mahmoodiah,myBas,Restoran Yasin,Restoran Yasin Bus Stop,1.46113,103.74457,05:16:00,,,
JB Sentral - Larkin Sentral via Mahmoodiah,myBas,Pusat Latihan JPJ Kebun Teh,Pusat Latihan JPJ Kebun Teh Bus Stop,1.48341167311875,103.754095,05:18:00,,,
JB Sentral - Larkin Sentral via Mahmoodiah,myBas,Bank Muamalat Kebun Teh,Bank Muamalat Kebun Teh Bus Stop,1.4847,103.75279,05:20:00,,,
JB Sentral - Larkin Sentral via Mahmoodiah,myBas,Impian Business Park,Impian Business Park Bus Stop,1.48729,103.75137,05:22:00,,,
JB Sentral - Larkin Sentral via Mahmoodiah,myBas,Kacang Pool Hj,Kacang Pool Hj Bus Stop,1.49054,103.75143,05:24:00,,,
JB Sentral - Larkin Sentral via Mahmoodiah,myBas,SJK (C) Foon Yew 3,SJK (C) Foon Yew 3 Bus Stop,1.49207,103.75142,05:26:00,,,
JB Sentral - Larkin Sentral via Mahmoodiah,myBas,Taman Dato Onn,Taman Dato Onn Bus Stop,1.49341,103.75142,05:28:00,,,
JB Sentral - Larkin Sentral via Mahmoodiah,myBas,Opp Stadium Larkin,Opp Stadium Larkin Bus Stop,1.49565,103.75094,05:30:00,,,
JB Sentral - Larkin Sentral via Mahmoodiah,myBas,Sekolah Agama Dato Onn,Sekolah Agama Dato Onn Bus Stop,1.49795,103.74806,05:32:00,,,
JB Sentral - Larkin Sentral via Mahmoodiah,myBas,Ranhill SAJ Sdn Bhd,Ranhill SAJ Sdn Bhd Bus Stop,1.49713,103.74549,05:34:00,,,
JB Sentral - Larkin Sentral via Mahmoodiah,myBas,Larkin Sentral,Larkin Sentral Bus Stop,1.49487,103.74263,05:36:00,,,
JB Sentral - Larkin Sentral via Mahmoodiah,myBas,Stadium Larkin,Stadium Larkin Bus Stop,1.49654,103.75074,06:24:00,,,
JB Sentral - Larkin Sentral via Mahmoodiah,myBas,Opp Jalan Tun Abdul Razak,Opp Jalan Tun Abdul Razak Bus Stop,1.48034,103.75299,06:36:00,,,
JB Sentral - Larkin Sentral via Mahmoodiah,myBas,Danga City Mall,Danga City Mall Bus Stop,1.4758,103.75446,06:38:00,,,
JB Sentral - Larkin Sentral via Mahmoodiah,myBas,Sekolah Kebangsaan IJ Convent,Sekolah Kebangsaan IJ Convent Bus Stop,1.46453,103.75429,06:50:00,,,
JB Sentral - Larkin Sentral via Mahmoodiah,myBas,Wisma Persekutuan,Wisma Persekutuan Bus Stop,1.46062,103.75777,06:51:00,,,
JB Sentral - Larkin Sentral via Mahmoodiah,myBas,Menara TH,Menara TH Bus Stop,1.45822,103.75896,06:52:00,,,
JB Sentral - Larkin Sentral via Mahmoodiah,myBas,Johor Tourist Information Center,Johor Tourist Information Center Bus Stop,1.4568,103.75929,06:53:00,,,
JB Sentral - Larkin Sentral via Mahmoodiah,myBas,Pejabat Pos Besar,Pejabat Pos Besar Bus Stop,1.45546,103.76188,06:54:00,,,
JB Sentral - Larkin Sentral via Mahmoodiah,myBas,Opp Wisma Peladang,Opp Wisma Peladang Bus Stop,1.45652,103.76484,06:55:00,,,
JB Sentral - Mid Valley Southkey,myBas,JB Sentral,JB Sentral Bus Stop,1.46352,103.76496,05:00:00,,,
JB Sentral - Mid Valley Southkey,myBas,Wisma Peladang,Wisma Peladang Bus Stop,1.45602,103.7654,05:01:00,,,
JB Sentral - Mid Valley Southkey,myBas,Opp Pejabat Pos Besar,Opp Pejabat Pos Besar Bus Stop,1.45487,103.76126,05:02:00,,,
JB Sentral - Mid Valley Southkey,myBas,Opp Johor Tourist Information Center,Opp Johor Tourist Information Center Bus Stop,1.45723,103.75915,05:03:00,,,
JB Sentral - Mid Valley Southkey,myBas,Opp Menara TH,Opp Menara TH Bus Stop,1.45782,103.75904,05:04:00,,,
JB Sentral - Mid Valley Southkey,myBas,Opp Wisma Persekutuan,Opp Wisma Persekutuan Bus Stop,1.45996,103.75839,05:05:00,,,
JB Sentral - Mid Valley Southkey,myBas,Opp Sekolah Kebangsaan IJ Convent,Opp Sekolah Kebangsaan IJ Convent Bus Stop,1.46386,103.75489,05:06:00,,,
JB Sentral - Mid Valley Southkey,myBas,Opp Pusat Khidmat Pelanggan TNB JB,Opp Pusat Khidmat Pelanggan TNB JB Bus Stop,1.46653,103.75269,05:07:00,,,
JB Sentral - Mid Valley Southkey,myBas,Opp IPK Johor,Opp IPK Johor Bus Stop,1.47642,103.76329,05:08:00,,,
JB Sentral - Mid Valley Southkey,myBas,OPP Plaza Pelangi,OPP Plaza Pelangi Bus Stop,1.4805,103.76435,05:09:00,,,
JB Sentral - Mid Valley Southkey,myBas,Crystal Crown,Crystal Crown Bus Stop,1.48652,103.76603,05:10:00,,,
JB Sentral - Mid Valley Southkey,myBas,Caltex Taman Melodies,Caltex Taman Melodies Bus Stop,1.49052,103.76696,05:11:00,,,
JB Sentral - Mid Valley Southkey,myBas,Opp Wisma Daiman,Opp Wisma Daiman Bus Stop,1.4952,103.76674,05:12:00,,,
JB Sentral - Mid Valley Southkey,myBas,Opp Taman Sentosa Jalan Bakar Batu,Opp Taman Sentosa Jalan Bakar Batu Bus Stop,1.49565,103.77237,05:14:00,,,
JB Sentral - Mid Valley Southkey,myBas,CIMB Southkey,CIMB Southkey Bus Stop,1.49598,103.77645,05:16:00,,,
JB Sentral - Mid Valley Southkey,myBas,Opp MBSB Mid Valley,Opp MBSB Mid Valley Bus Stop,1.49753,103.77726,05:18:00,,,
JB Sentral - Mid Valley Southkey,myBas,SOGO Mid Valley,SOGO Mid Valley Bus Stop,1.50061,103.77667,05:20:00,,,
JB Sentral - Mid Valley Southkey,myBas,Southkey Park & Ride,Southkey Park & Ride Bus Stop,1.49817,103.77907,04:02:00,,,
JB Sentral - Mid Valley Southkey,myBas,MBSB Mid Valley,MBSB Mid Valley Bus Stop,1.4976,103.77735,04:04:00,,,
JB Sentral - Mid Valley Southkey,myBas,Opp CIMB Southkey,Opp CIMB Southkey Bus Stop,1.49582,103.77659,04:06:00,,,
JB Sentral - Mid Valley Southkey,myBas,Taman Sentosa Jalan Bakar Batu,Taman Sentosa Jalan Bakar Batu Bus Stop,1.49549,103.7722,04:08:00,,,
JB Sentral - Mid Valley Southkey,myBas,Wisma Daiman,Wisma Daiman Bus Stop,1.49506,103.7668,04:10:00,,,
JB Sentral - Mid Valley Southkey,myBas,Taman Sentosa,Taman Sentosa Bus Stop,1.49432,103.76647,04:12:00,,,
JB Sentral - Mid Valley Southkey,myBas,OPP Caltex Taman Melodies,OPP Caltex Taman Melodies Bus Stop,1.49166,103.76699,04:13:00,,,
JB Sentral - Mid Valley Southkey,myBas,OPP Crystal Crown,OPP Crystal Crown Bus Stop,1.48677,103.76628,04:14:00,,,
JB Sentral - Mid Valley Southkey,myBas,Plaza Pelangi,Plaza Pelangi Bus Stop,1.48106,103.76468,04:15:00,,,
JB Sentral - Mid Valley Southkey,myBas,IPK Johor,IPK Johor Bus Stop,1.47738,103.7637,04:16:00,,,
JB Sentral - Mid Valley Southkey,myBas,Pusat Khidmat Pelanggan TNB @ Johor Bahr,Pusat Khidmat Pelanggan TNB @ Johor Bahr Bus Stop,1.46692,103.75249,04:17:00,,,
JB Sentral - Mid Valley Southkey,myBas,Sekolah Kebangsaan IJ Convent,Sekolah Kebangsaan IJ Convent Bus Stop,1.46453,103.75429,04:18:00,,,
JB Sentral - Mid Valley Southkey,myBas,Wisma Persekutuan,Wisma Persekutuan Bus Stop,1.46062,103.75777,04:19:00,,,
JB Sentral - Mid Valley Southkey,myBas,Menara TH,Menara TH Bus Stop,1.45822,103.75896,04:20:00,,,
JB Sentral - Mid Valley Southkey,myBas,Johor Tourist Information Center,Johor Tourist Information Center Bus Stop,1.4568,103.75929,04:21:00,,,
JB Sentral - Mid Valley Southkey,myBas,Pejabat Pos Besar,Pejabat Pos Besar Bus Stop,1.45546,103.76188,04:22:00,,,
JB Sentral - Mid Valley Southkey,myBas,Opp Wisma Peladang,Opp Wisma Peladang Bus Stop,1.45652,103.76484,04:23:00,,,
B5 Johor Street Market / Plaza Angsana - Toppen Tebrau,myBas,B5 Johor Street Market / Plaza Angsana,B5 Johor Street Market / Plaza Angsana Bus Stop,1.49582,103.70333,05:40:00,,,
B5 Johor Street Market / Plaza Angsana - Toppen Tebrau,myBas,Opp SK Pengkalan Rinting,Opp SK Pengkalan Rinting Bus Stop,1.49447,103.70527,05:41:00,,,
B5 Johor Street Market / Plaza Angsana - Toppen Tebrau,myBas,Opp Klinik Kesihatan Tampoi,Opp Klinik Kesihatan Tampoi Bus Stop,1.49263,103.70768,05:42:00,,,
B5 Johor Street Market / Plaza Angsana - Toppen Tebrau,myBas,Bandar Baru UDA,Bandar Baru UDA Bus Stop,1.48961,103.71202,05:44:00,,,
B5 Johor Street Market / Plaza Angsana - Toppen Tebrau,myBas,Skudai Kanan,Skudai Kanan Bus Stop,1.49101,103.71464,05:46:00,,,
B5 Johor Street Market / Plaza Angsana - Toppen Tebrau,myBas,Jalan Padi Mahsuri 11,Jalan Padi Mahsuri 11 Bus Stop,1.49492,103.71769,05:48:00,,,
B5 Johor Street Market / Plaza Angsana - Toppen Tebrau,myBas,SK Bandar Baru Uda 2,SK Bandar Baru Uda 2 Bus Stop,1.49431,103.7208,05:50:00,,,
B5 Johor Street Market / Plaza Angsana - Toppen Tebrau,myBas,MPC Bndar Baru Uda,MPC Bndar Baru Uda Bus Stop,1.49305,103.72251,05:52:00,,,
B5 Johor Street Market / Plaza Angsana - Toppen Tebrau,myBas,Taman Suria Muafakat,Taman Suria Muafakat Bus Stop,1.48805,103.72266,05:54:00,,,
B5 Johor Street Market / Plaza Angsana - Toppen Tebrau,myBas,Pusat Kegiatan Kurikulum,Pusat Kegiatan Kurikulum Bus Stop,1.48892,103.72769,05:56:00,,,
B5 Johor Street Market / Plaza Angsana - Toppen Tebrau,myBas,Asrama Putera Jalan Tun Abdul Razak,Asrama Putera Jalan Tun Abdul Razak Bus Stop,1.49049,103.73158,05:58:00,,,
B5 Johor Street Market / Plaza Angsana - Toppen Tebrau,myBas,Sekolah Tun Fatimah,Sekolah Tun Fatimah Bus Stop,1.49102,103.735121,06:00:00,,,
B5 Johor Street Market / Plaza Angsana - Toppen Tebrau,myBas,OPP DEWAN JKR JOHOR BAHRU,OPP DEWAN JKR JOHOR BAHRU Bus Stop,1.49164263335481,103.740645515202,06:02:00,,,
B5 Johor Street Market / Plaza Angsana - Toppen Tebrau,myBas,Larkin Sentral,Larkin Sentral Bus Stop,1.49487,103.74263,06:04:00,,,
B5 Johor Street Market / Plaza Angsana - Toppen Tebrau,myBas,Jejantas Datin Halimah,Jejantas Datin Halimah Bus Stop,1.49607,103.73822,06:05:00,,,
B5 Johor Street Market / Plaza Angsana - Toppen Tebrau,myBas,Apartment Larkin Indah,Apartment Larkin Indah Bus Stop,1.49804,103.73695,06:06:00,,,
B5 Johor Street Market / Plaza Angsana - Toppen Tebrau,myBas,Kolej Vokasional ERT Azizah,Kolej Vokasional ERT Azizah Bus Stop,1.50188,103.7353,06:07:00,,,
B5 Johor Street Market / Plaza Angsana - Toppen Tebrau,myBas,Kondominium Datin Halimah,Kondominium Datin Halimah Bus Stop,1.50346,103.73481,06:08:00,,,
B5 Johor Street Market / Plaza Angsana - Toppen Tebrau,myBas,Pejabat Fama Negeri Johor,Pejabat Fama Negeri Johor Bus Stop,1.50582,103.73362,06:09:00,,,
B5 Johor Street Market / Plaza Angsana - Toppen Tebrau,myBas,BHP Tampoi,BHP Tampoi Bus Stop,1.51107,103.73334,06:10:00,,,
B5 Johor Street Market / Plaza Angsana - Toppen Tebrau,myBas,Opp 23 Motorspot,Opp 23 Motorspot Bus Stop,1.51228,103.73371,06:11:00,,,
B5 Johor Street Market / Plaza Angsana - Toppen Tebrau,myBas,Malaya Glass Factory,Malaya Glass Factory Bus Stop,1.51364,103.73534,06:12:00,,,
B5 Johor Street Market / Plaza Angsana - Toppen Tebrau,myBas,CIDB Johor,CIDB Johor Bus Stop,1.51479,103.73728,06:13:00,,,
B5 Johor Street Market / Plaza Angsana - Toppen Tebrau,myBas,Simpang 4 Kampung Ungku Mohsin,Simpang 4 Kampung Ungku Mohsin Bus Stop,1.5154,103.74049,06:14:00,,,
B5 Johor Street Market / Plaza Angsana - Toppen Tebrau,myBas,Opp Paragon Market Place,Opp Paragon Market Place Bus Stop,1.516,103.74275,06:15:00,,,
B5 Johor Street Market / Plaza Angsana - Toppen Tebrau,myBas,Shell Taman Gembira,Shell Taman Gembira Bus Stop,1.51809,103.74445,06:16:00,,,
B5 Johor Street Market / Plaza Angsana - Toppen Tebrau,myBas,Petron Taman Gembira,Petron Taman Gembira Bus Stop,1.51955,103.74556,06:17:00,,,
B5 Johor Street Market / Plaza Angsana - Toppen Tebrau,myBas,F&N,F&N Bus Stop,1.52076,103.74687,06:18:00,,,
B5 Johor Street Market / Plaza Angsana - Toppen Tebrau,myBas,Opp MSU Jalan Tampoi,Opp MSU Jalan Tampoi Bus Stop,1.5209,103.75063,06:19:00,,,
B5 Johor Street Market / Plaza Angsana - Toppen Tebrau,myBas, Opp Jejantas Kampung Melayu, Opp Jejantas Kampung Melayu Bus Stop,1.51862,103.75315,06:20:00,,,
B5 Johor Street Market / Plaza Angsana - Toppen Tebrau,myBas,Opp Jejantas Kampung Ubi,Opp Jejantas Kampung Ubi Bus Stop,1.51839,103.75644,06:21:00,,,
B5 Johor Street Market / Plaza Angsana - Toppen Tebrau,myBas,Al Mizan,Al Mizan Bus Stop,1.51877,103.75876,06:22:00,,,
B5 Johor Street Market / Plaza Angsana - Toppen Tebrau,myBas,Pasar Borong Pandan,Pasar Borong Pandan Bus Stop,1.52263,103.76554,06:23:00,,,
B5 Johor Street Market / Plaza Angsana - Toppen Tebrau,myBas,Petron Pandan,Petron Pandan Bus Stop,1.5249,103.77105,06:24:00,,,
B5 Johor Street Market / Plaza Angsana - Toppen Tebrau,myBas,Shell Pandan,Shell Pandan Bus Stop,1.52682,103.77553,06:25:00,,,
B5 Johor Street Market / Plaza Angsana - Toppen Tebrau,myBas,OPP The Store Pandan,OPP The Store Pandan Bus Stop,1.53212,103.78216,06:26:00,,,
B5 Johor Street Market / Plaza Angsana - Toppen Tebrau,myBas,Smart Pandan,Smart Pandan Bus Stop,1.5336,103.78338,06:27:00,,,
B5 Johor Street Market / Plaza Angsana - Toppen Tebrau,myBas,OPP Shell Bakawali,OPP Shell Bakawali Bus Stop,1.54323,103.79129,06:28:00,,,
B5 Johor Street Market / Plaza Angsana - Toppen Tebrau,myBas,Shell Tebrau,Shell Tebrau Bus Stop,1.54705,103.7955,06:29:00,,,
B5 Johor Street Market / Plaza Angsana - Toppen Tebrau,myBas,Toppen Tebrau,Toppen Tebrau Bus Stop,1.5514,103.79759,06:30:00,,,
B5 Johor Street Market / Plaza Angsana - Toppen Tebrau,myBas,Opp Shell Tebrau,Opp Shell Tebrau Bus Stop,1.54684,103.79545,04:01:00,,,
B5 Johor Street Market / Plaza Angsana - Toppen Tebrau,myBas,Shell Bakawali,Shell Bakawali Bus Stop,1.54388,103.792,04:02:00,,,
B5 Johor Street Market / Plaza Angsana - Toppen Tebrau,myBas,Opp Smart Pandan,Opp Smart Pandan Bus Stop,1.53383,103.78399,04:03:00,,,
B5 Johor Street Market / Plaza Angsana - Toppen Tebrau,myBas,The Store Pandan,The Store Pandan Bus Stop,1.53165,103.782,04:04:00,,,
B5 Johor Street Market / Plaza Angsana - Toppen Tebrau,myBas,OPP Shell Pandan,OPP Shell Pandan Bus Stop,1.52639,103.77486,04:05:00,,,
B5 Johor Street Market / Plaza Angsana - Toppen Tebrau,myBas,OPP Petron Pandan,OPP Petron Pandan Bus Stop,1.52486,103.77133,04:06:00,,,
B5 Johor Street Market / Plaza Angsana - Toppen Tebrau,myBas,OPP Pasar Borong Pandan,OPP Pasar Borong Pandan Bus Stop,1.52257,103.7658,04:07:00,,,
B5 Johor Street Market / Plaza Angsana - Toppen Tebrau,myBas,Opp Al Mizan,Opp Al Mizan Bus Stop,1.5198,103.76002,04:08:00,,,
B5 Johor Street Market / Plaza Angsana - Toppen Tebrau,myBas,Jejantas Kampung Ubi,Jejantas Kampung Ubi Bus Stop,1.51829,103.75546,04:09:00,,,
B5 Johor Street Market / Plaza Angsana - Toppen Tebrau,myBas,Jenjantas Kampug Melayu,Jenjantas Kampug Melayu Bus Stop,1.5185,103.75312,04:10:00,,,
B5 Johor Street Market / Plaza Angsana - Toppen Tebrau,myBas,MSU Jalan Tampoi,MSU Jalan Tampoi Bus Stop,1.5208,103.75059,04:11:00,,,
B5 Johor Street Market / Plaza Angsana - Toppen Tebrau,myBas,Opp F&N,Opp F&N Bus Stop,1.52065,103.74692,04:12:00,,,
B5 Johor Street Market / Plaza Angsana - Toppen Tebrau,myBas,Opp Petron Taman Gembira,Opp Petron Taman Gembira Bus Stop,1.51938,103.74577,04:13:00,,,
B5 Johor Street Market / Plaza Angsana - Toppen Tebrau,myBas,Opp Shell Taman Gembira,Opp Shell Taman Gembira Bus Stop,1.51802,103.74456,04:14:00,,,
B5 Johor Street Market / Plaza Angsana - Toppen Tebrau,myBas,Paragon Market Place,Paragon Market Place Bus Stop,1.51594,103.74284,04:15:00,,,
B5 Johor Street Market / Plaza Angsana - Toppen Tebrau,myBas,Opp Simpang 4 Kampung Ungku Mohsin,Opp Simpang 4 Kampung Ungku Mohsin Bus Stop,1.51531,103.74072,04:16:00,,,
B5 Johor Street Market / Plaza Angsana - Toppen Tebrau,myBas,Opp CIDB Johor,Opp CIDB Johor Bus Stop,1.51457,103.73727,04:17:00,,,
B5 Johor Street Market / Plaza Angsana - Toppen Tebrau,myBas,Opp Malaya Glass Factory,Opp Malaya Glass Factory Bus Stop,1.51365,103.73552,04:18:00,,,
B5 Johor Street Market / Plaza Angsana - Toppen Tebrau,myBas,23 Motorspot,23 Motorspot Bus Stop,1.51219,103.73375,04:19:00,,,
B5 Johor Street Market / Plaza Angsana - Toppen Tebrau,myBas,Opp BHP Tampoi,Opp BHP Tampoi Bus Stop,1.51121,103.73359,04:20:00,,,
B5 Johor Street Market / Plaza Angsana - Toppen Tebrau,myBas,Opp Pejabat Fama Negeri Johor,Opp Pejabat Fama Negeri Johor Bus Stop,1.50616,103.73375,04:21:00,,,
B5 Johor Street Market / Plaza Angsana - Toppen Tebrau,myBas,OPP Kondo Datin Halimah,OPP Kondo Datin Halimah Bus Stop,1.50409,103.73447,04:22:00,,,
B5 Johor Street Market / Plaza Angsana - Toppen Tebrau,myBas,Opp Kolej Vokasional ERT Azizah,Opp Kolej Vokasional ERT Azizah Bus Stop,1.50235,103.73544,04:23:00,,,
B5 Johor Street Market / Plaza Angsana - Toppen Tebrau,myBas,Opp Apartment Larkin Indah ,Opp Apartment Larkin Indah  Bus Stop,1.49802,103.73717,04:24:00,,,
B5 Johor Street Market / Plaza Angsana - Toppen Tebrau,myBas,Opp Jejantas Datin Halimah,Opp Jejantas Datin Halimah Bus Stop,1.49608,103.73834,04:25:00,,,
B5 Johor Street Market / Plaza Angsana - Toppen Tebrau,myBas,DEWAN JKR JOHOR BAHRU,DEWAN JKR JOHOR BAHRU Bus Stop,1.491747,103.740822,04:28:00,,,
B5 Johor Street Market / Plaza Angsana - Toppen Tebrau,myBas,Opp SMK Bandar Baru Uda,Opp SMK Bandar Baru Uda Bus Stop,1.49665,103.71755,04:42:00,,,
B5 Johor Street Market / Plaza Angsana - Toppen Tebrau,myBas,Pangsapuri Ledang Jalan Padi Mahsuri,Pangsapuri Ledang Jalan Padi Mahsuri Bus Stop,1.49763,103.71266,04:44:00,,,
B5 Johor Street Market / Plaza Angsana - Toppen Tebrau,myBas,Opp Lembaga Nanas Malaysia BBU,Opp Lembaga Nanas Malaysia BBU Bus Stop,1.49909,103.71063,04:46:00,,,
B5 Johor Street Market / Plaza Angsana - Toppen Tebrau,myBas,RHB Bandar Baru UDA,RHB Bandar Baru UDA Bus Stop,1.50034,103.70824,04:48:00,,,
B5 Johor Street Market / Plaza Angsana - Toppen Tebrau,myBas,Jalan Dato Esa,Jalan Dato Esa Bus Stop,1.49967,103.70644,04:50:00,,,
B5 Johor Street Market / Plaza Angsana - Toppen Tebrau,myBas,SJK C Tampoi,SJK C Tampoi Bus Stop,1.500556,103.704948,04:51:00,,,
Terminal Masai  PPR Seri Alam - Terminal Masai,myBas,Terminal Bas Masai,Terminal Bas Masai Bus Stop,1.48682,103.88541,06:00:00,,,
Terminal Masai  PPR Seri Alam - Terminal Masai,myBas,JNT Taman Masai Utama,JNT Taman Masai Utama Bus Stop,1.48808399686518,103.881531500317,06:02:00,,,
Terminal Masai  PPR Seri Alam - Terminal Masai,myBas,Opp Kampung Baru Masai,Opp Kampung Baru Masai Bus Stop,1.49044030563854,103.88084737898,06:04:00,,,
Terminal Masai  PPR Seri Alam - Terminal Masai,myBas,Dewanraya Bandar Seri Alam Jalan Suria,Dewanraya Bandar Seri Alam Jalan Suria Bus Stop,1.49621,103.88088,06:06:00,,,
Terminal Masai  PPR Seri Alam - Terminal Masai,myBas,Jalan Suria 80,Jalan Suria 80 Bus Stop,1.49608,103.88322,06:08:00,,,
Terminal Masai  PPR Seri Alam - Terminal Masai,myBas,SK Seri Alam 2,SK Seri Alam 2 Bus Stop,1.49544,103.88458,06:10:00,,,
Terminal Masai  PPR Seri Alam - Terminal Masai,myBas,Pangsapuri Sri Intan,Pangsapuri Sri Intan Bus Stop,1.49743,103.87618,06:12:00,,,
Terminal Masai  PPR Seri Alam - Terminal Masai,myBas,Jalan Tasek 10,Jalan Tasek 10 Bus Stop,1.50048,103.8799,06:14:00,,,
Terminal Masai  PPR Seri Alam - Terminal Masai,myBas,Jalan Tasek 15,Jalan Tasek 15 Bus Stop,1.50046,103.88249,06:16:00,,,
Terminal Masai  PPR Seri Alam - Terminal Masai,myBas,Jalan Tasek 20,Jalan Tasek 20 Bus Stop,1.5012,103.88461,06:18:00,,,
Terminal Masai  PPR Seri Alam - Terminal Masai,myBas,Jalan Tasek 24,Jalan Tasek 24 Bus Stop,1.50219,103.88573,06:20:00,,,
Terminal Masai  PPR Seri Alam - Terminal Masai,myBas,Pangsapuri Sri Ilham,Pangsapuri Sri Ilham Bus Stop,1.50398,103.88519,06:22:00,,,
Terminal Masai  PPR Seri Alam - Terminal Masai,myBas,PPR Seri Alam,PPR Seri Alam Bus Stop,1.50785,103.88826,06:24:00,,,
Terminal Masai  PPR Seri Alam - Terminal Masai,myBas,Opp Vista Seri Alam,Opp Vista Seri Alam Bus Stop,1.50793,103.88601,06:26:00,,,
Terminal Masai  PPR Seri Alam - Terminal Masai,myBas,SJK C NAM HENG,SJK C NAM HENG Bus Stop,1.50316,103.87965,06:28:00,,,
Terminal Masai  PPR Seri Alam - Terminal Masai,myBas,Regency Specialist Hospital,Regency Specialist Hospital Bus Stop,1.49699,103.87177,06:30:00,,,
Terminal Masai  PPR Seri Alam - Terminal Masai,myBas,Opp Beside Todays Market Jalan Suria,Opp Beside Todays Market Jalan Suria Bus Stop,1.49374,103.8735,06:32:00,,,
Terminal Masai  PPR Seri Alam - Terminal Masai,myBas,Maybank Bandar Seri Alam,Maybank Bandar Seri Alam Bus Stop,1.49317,103.87432,06:34:00,,,
Terminal Masai  PPR Seri Alam - Terminal Masai,myBas,SMK Dato Penggawa Timur,SMK Dato Penggawa Timur Bus Stop,1.49259,103.87802,06:36:00,,,
Terminal Masai  PPR Seri Alam - Terminal Masai,myBas,Kampung Baru Masai,Kampung Baru Masai Bus Stop,1.49044,103.88103,06:38:00,,,
Terminal Masai  PPR Seri Alam - Terminal Masai,myBas,OPP JNT Taman Masai Utama,OPP JNT Taman Masai Utama Bus Stop,1.48789,103.88181,06:40:00,,,
Terminal Masai  PPR Seri Alam - Terminal Masai,myBas,Terminal Bas Masai 2,Terminal Bas Masai 2 Bus Stop,1.48661,103.88494,06:42:00,,,
Terminal Bas Masai - Lotus Kota Masai,myBas,Terminal Bas Masai,Terminal Bas Masai Bus Stop,1.48682,103.88541,05:00:00,,,
Terminal Bas Masai - Lotus Kota Masai,myBas,Opp U - Sentral Masai,Opp U - Sentral Masai Bus Stop,1.48631,103.88932,05:02:00,,,
Terminal Bas Masai - Lotus Kota Masai,myBas,Opp KipMall Masai,Opp KipMall Masai Bus Stop,1.48148,103.89174,05:04:00,,,
Terminal Bas Masai - Lotus Kota Masai,myBas,OPP KPJ Pasir Gudang,OPP KPJ Pasir Gudang Bus Stop,1.47808,103.89549,05:06:00,,,
Terminal Bas Masai - Lotus Kota Masai,myBas,Opp Sekolah Islam At-Tahfiz Taman Mawar,Opp Sekolah Islam At-Tahfiz Taman Mawar Bus Stop,1.46823441552008,103.898782424642,05:08:00,,,
Terminal Bas Masai - Lotus Kota Masai,myBas,Terminal Bas Pasir Gudang,Terminal Bas Pasir Gudang Bus Stop,1.46583,103.90133,05:10:00,,,
Terminal Bas Masai - Lotus Kota Masai,myBas,Opp SMK Pasir Gudang,Opp SMK Pasir Gudang Bus Stop,1.47041,103.90556,05:12:00,,,
Terminal Bas Masai - Lotus Kota Masai,myBas,Bukit Layang Layang,Bukit Layang Layang Bus Stop,1.4736,103.90788,05:14:00,,,
Terminal Bas Masai - Lotus Kota Masai,myBas,Kilang Panasonic,Kilang Panasonic Bus Stop,1.47413,103.92565,05:16:00,,,
Terminal Bas Masai - Lotus Kota Masai,myBas,Opp E&Y Nazir,Opp E&Y Nazir Bus Stop,1.47411,103.93146,05:18:00,,,
Terminal Bas Masai - Lotus Kota Masai,myBas, opp Jalan Canngung 6, opp Jalan Canngung 6 Bus Stop,1.47575,103.93361,05:20:00,,,
Terminal Bas Masai - Lotus Kota Masai,myBas,Masjid Taman Pasir Putih,Masjid Taman Pasir Putih Bus Stop,1.47723,103.93356,05:22:00,,,
Terminal Bas Masai - Lotus Kota Masai,myBas,Opp Sampan Shellout,Opp Sampan Shellout Bus Stop,1.48445,103.93728,05:24:00,,,
Terminal Bas Masai - Lotus Kota Masai,myBas,Opp Eco Business Park 3,Opp Eco Business Park 3 Bus Stop,1.48449,103.94197,05:26:00,,,
Terminal Bas Masai - Lotus Kota Masai,myBas,Opp Jalan Mangga,Opp Jalan Mangga Bus Stop,1.48452,103.94631,05:28:00,,,
Terminal Bas Masai - Lotus Kota Masai,myBas,Opp Jalan Nanas 13,Opp Jalan Nanas 13 Bus Stop,1.48297,103.9483,05:30:00,,,
Terminal Bas Masai - Lotus Kota Masai,myBas,Simpang Jalan Mangga 13,Simpang Jalan Mangga 13 Bus Stop,1.48197,103.9483,05:32:00,,,
Terminal Bas Masai - Lotus Kota Masai,myBas,Jalan Nanas 20/7,Jalan Nanas 20/7 Bus Stop,1.47833,103.94832,05:34:00,,,
Terminal Bas Masai - Lotus Kota Masai,myBas,Simpang Jalan Persiaran Cermai,Simpang Jalan Persiaran Cermai Bus Stop,1.47681,103.94926,05:36:00,,,
Terminal Bas Masai - Lotus Kota Masai,myBas,Jalan Delima,Jalan Delima Bus Stop,1.47423,103.95499,05:37:00,,,
Terminal Bas Masai - Lotus Kota Masai,myBas,Jalan Tembikai Utama,Jalan Tembikai Utama Bus Stop,1.4749,103.95566,05:38:00,,,
Terminal Bas Masai - Lotus Kota Masai,myBas,SMK Kota Masai 2,SMK Kota Masai 2 Bus Stop,1.47949,103.95562,05:39:00,,,
Terminal Bas Masai - Lotus Kota Masai,myBas,Jalan Tembika 11,Jalan Tembika 11 Bus Stop,1.48052,103.95518,05:40:00,,,
Terminal Bas Masai - Lotus Kota Masai,myBas,Sekolah Agama Kota Masai,Sekolah Agama Kota Masai Bus Stop,1.48048,103.95195,05:41:00,,,
Terminal Bas Masai - Lotus Kota Masai,myBas,Rakyat Grocer / Dewan Serbaguna,Rakyat Grocer / Dewan Serbaguna Bus Stop,1.48046,103.95028,05:42:00,,,
Terminal Bas Masai - Lotus Kota Masai,myBas,Opp Simpang Jalan Mangga 13,Opp Simpang Jalan Mangga 13 Bus Stop,1.48146,103.9483,05:43:00,,,
Terminal Bas Masai - Lotus Kota Masai,myBas,Jalan Nanas 13,Jalan Nanas 13 Bus Stop,1.48267,103.9483,05:44:00,,,
Terminal Bas Masai - Lotus Kota Masai,myBas,Opp Jalan Nanas 1,Opp Jalan Nanas 1 Bus Stop,1.48453,103.94994,05:45:00,,,
Terminal Bas Masai - Lotus Kota Masai,myBas,Opp Pasaraya Yos Jalan Tembikai 2,Opp Pasaraya Yos Jalan Tembikai 2 Bus Stop,1.48457,103.95351,05:46:00,,,
Terminal Bas Masai - Lotus Kota Masai,myBas,Simpang Jalan Pulasan 15,Simpang Jalan Pulasan 15 Bus Stop,1.48608,103.95563,05:47:00,,,
Terminal Bas Masai - Lotus Kota Masai,myBas,Padang Jalan Pulasan,Padang Jalan Pulasan Bus Stop,1.4881,103.95565,05:48:00,,,
Terminal Bas Masai - Lotus Kota Masai,myBas,Simpang Jalan Pulasan 3,Simpang Jalan Pulasan 3 Bus Stop,1.48961,103.95563,05:49:00,,,
Terminal Bas Masai - Lotus Kota Masai,myBas,Opp Jalan Eco Perniagaan 27,Opp Jalan Eco Perniagaan 27 Bus Stop,1.49038,103.94046,05:50:00,,,
Terminal Bas Masai - Lotus Kota Masai,myBas,Lotus Kota Masai 2,Lotus Kota Masai 2 Bus Stop,1.48488,103.93397,05:51:00,,,
Terminal Bas Masai - Lotus Kota Masai,myBas,Lotus Kota Masai,Lotus Kota Masai Bus Stop,1.48444,103.9359,04:00:00,,,
Terminal Bas Masai - Lotus Kota Masai,myBas,Jalan Eco Perniagaan 27,Jalan Eco Perniagaan 27 Bus Stop,1.49061,103.94044,04:01:00,,,
Terminal Bas Masai - Lotus Kota Masai,myBas,Pasaraya Yos Jalan Tembikai 2,Pasaraya Yos Jalan Tembikai 2 Bus Stop,1.48443,103.95374,04:05:00,,,
Terminal Bas Masai - Lotus Kota Masai,myBas,Jalan Nanas 1,Jalan Nanas 1 Bus Stop,1.48445,103.95004,04:06:00,,,
Terminal Bas Masai - Lotus Kota Masai,myBas,Jalan Mangga,Jalan Mangga Bus Stop,1.48439,103.94642,04:23:00,,,
Terminal Bas Masai - Lotus Kota Masai,myBas,Eco Business Park 3,Eco Business Park 3 Bus Stop,1.48437,103.94193,04:25:00,,,
Terminal Bas Masai - Lotus Kota Masai,myBas,Sampan Shellout,Sampan Shellout Bus Stop,1.48431,103.93738,04:27:00,,,
Terminal Bas Masai - Lotus Kota Masai,myBas,Opp Masjid Taman Pasir Putih,Opp Masjid Taman Pasir Putih Bus Stop,1.47727,103.93366,04:29:00,,,
Terminal Bas Masai - Lotus Kota Masai,myBas,Jalan Canngung 6,Jalan Canngung 6 Bus Stop,1.4758,103.9337,04:31:00,,,
Terminal Bas Masai - Lotus Kota Masai,myBas,E&Y Nazir,E&Y Nazir Bus Stop,1.47404,103.93158,04:33:00,,,
Terminal Bas Masai - Lotus Kota Masai,myBas,Opp Kilang Panasonic,Opp Kilang Panasonic Bus Stop,1.47402,103.92572,04:35:00,,,
Terminal Bas Masai - Lotus Kota Masai,myBas,Opp Bukit Layang Layang,Opp Bukit Layang Layang Bus Stop,1.47371,103.90809,04:37:00,,,
Terminal Bas Masai - Lotus Kota Masai,myBas,SMK Pasir Gudang,SMK Pasir Gudang Bus Stop,1.470404951062544,103.90605105629392,04:39:00,,,
Terminal Bas Masai - Lotus Kota Masai,myBas,KPJ Pasir Gudang,KPJ Pasir Gudang Bus Stop,1.478150071894286,103.8952428371244,04:43:00,,,
Terminal Bas Masai - Lotus Kota Masai,myBas,KipMall Masai,KipMall Masai Bus Stop,1.48153,103.89167,04:45:00,,,
Terminal Bas Masai - Lotus Kota Masai,myBas,U - Sentral Masai,U - Sentral Masai Bus Stop,1.48606,103.89003,04:47:00,,,
JB Sentral - Terminal Bas Masai,myBas,JB Sentral,JB Sentral Bus Stop,1.46352,103.76496,06:00:00,,,
JB Sentral - Terminal Bas Masai,myBas,Wisma Peladang,Wisma Peladang Bus Stop,1.45602,103.7654,06:01:00,,,
JB Sentral - Terminal Bas Masai,myBas,Opp Pejabat Pos Besar,Opp Pejabat Pos Besar Bus Stop,1.45487,103.76126,06:02:00,,,
JB Sentral - Terminal Bas Masai,myBas,Opp Johor Tourist Information Center,Opp Johor Tourist Information Center Bus Stop,1.45723,103.75915,06:03:00,,,
JB Sentral - Terminal Bas Masai,myBas,Opp Menara TH,Opp Menara TH Bus Stop,1.45782,103.75904,06:04:00,,,
JB Sentral - Terminal Bas Masai,myBas,Opp Wisma Persekutuan,Opp Wisma Persekutuan Bus Stop,1.45996,103.75839,06:05:00,,,
JB Sentral - Terminal Bas Masai,myBas,Opp Sekolah Kebangsaan IJ Convent,Opp Sekolah Kebangsaan IJ Convent Bus Stop,1.46386,103.75489,06:06:00,,,
JB Sentral - Terminal Bas Masai,myBas,Opp Pusat Khidmat Pelanggan TNB JB,Opp Pusat Khidmat Pelanggan TNB JB Bus Stop,1.46653,103.75269,06:07:00,,,
JB Sentral - Terminal Bas Masai,myBas,Opp IPK Johor,Opp IPK Johor Bus Stop,1.47642,103.76329,06:08:00,,,
JB Sentral - Terminal Bas Masai,myBas,OPP Plaza Pelangi,OPP Plaza Pelangi Bus Stop,1.4805,103.76435,06:09:00,,,
JB Sentral - Terminal Bas Masai,myBas,Crystal Crown,Crystal Crown Bus Stop,1.48652,103.76603,06:10:00,,,
JB Sentral - Terminal Bas Masai,myBas,Caltex Taman Melodies,Caltex Taman Melodies Bus Stop,1.49052,103.76696,06:11:00,,,
JB Sentral - Terminal Bas Masai,myBas,OPP Taman Sentosa,OPP Taman Sentosa Bus Stop,1.49345,103.76645,06:12:00,,,
JB Sentral - Terminal Bas Masai,myBas,OPP Hospital Columbia ,OPP Hospital Columbia  Bus Stop,1.50051,103.76503,06:13:00,,,
JB Sentral - Terminal Bas Masai,myBas,OPP Mutiara Motors,OPP Mutiara Motors Bus Stop,1.50383,103.76416,06:14:00,,,
JB Sentral - Terminal Bas Masai,myBas,Restoran Aliff,Restoran Aliff Bus Stop,1.50571,103.76267,06:15:00,,,
JB Sentral - Terminal Bas Masai,myBas,KG Melayu Majidee,KG Melayu Majidee Bus Stop,1.50975,103.76089,06:16:00,,,
JB Sentral - Terminal Bas Masai,myBas,Majidee,Majidee Bus Stop,1.51431,103.75807,06:17:00,,,
JB Sentral - Terminal Bas Masai,myBas,Pasar Borong Pandan,Pasar Borong Pandan Bus Stop,1.52263,103.76554,06:18:00,,,
JB Sentral - Terminal Bas Masai,myBas,Petron Pandan,Petron Pandan Bus Stop,1.5249,103.77105,06:19:00,,,
JB Sentral - Terminal Bas Masai,myBas,Shell Pandan,Shell Pandan Bus Stop,1.52682,103.77553,06:20:00,,,
JB Sentral - Terminal Bas Masai,myBas,OPP The Store Pandan,OPP The Store Pandan Bus Stop,1.53212,103.78216,06:21:00,,,
JB Sentral - Terminal Bas Masai,myBas,Smart Pandan,Smart Pandan Bus Stop,1.5336,103.78338,06:22:00,,,
JB Sentral - Terminal Bas Masai,myBas,Opp Desa Perwira,Opp Desa Perwira Bus Stop,1.53525,103.78947,06:23:00,,,
JB Sentral - Terminal Bas Masai,myBas,Opp Taman Molek,Opp Taman Molek Bus Stop,1.53273,103.7921,06:24:00,,,
JB Sentral - Terminal Bas Masai,myBas,Balai Polis Johor Jaya,Balai Polis Johor Jaya Bus Stop,1.5298,103.79458,06:25:00,,,
JB Sentral - Terminal Bas Masai,myBas,Opp Tangki Air Tmn Molek,Opp Tangki Air Tmn Molek Bus Stop,1.52844,103.79586,06:26:00,,,
JB Sentral - Terminal Bas Masai,myBas,TAMAN ROSMERAH,TAMAN ROSMERAH Bus Stop,1.5270125301749276,103.79859711640934,06:27:00,,,
JB Sentral - Terminal Bas Masai,myBas,Opp Restoran Pekin Johor Jaya,Opp Restoran Pekin Johor Jaya Bus Stop,1.52427,103.80767,06:28:00,,,
JB Sentral - Terminal Bas Masai,myBas,Prima Regency 1,Prima Regency 1 Bus Stop,1.52357,103.81146,06:29:00,,,
JB Sentral - Terminal Bas Masai,myBas,Opp Prima Regency 2,Opp Prima Regency 2 Bus Stop,1.52327,103.81269,06:30:00,,,
JB Sentral - Terminal Bas Masai,myBas,Kia Motors Plentong,Kia Motors Plentong Bus Stop,1.52596,103.817,06:31:00,,,
JB Sentral - Terminal Bas Masai,myBas,Taman Bunga Ros,Taman Bunga Ros Bus Stop,1.52119,103.82066,06:32:00,,,
JB Sentral - Terminal Bas Masai,myBas,Taman Ria Plentong,Taman Ria Plentong Bus Stop,1.52035,103.82453,06:33:00,,,
JB Sentral - Terminal Bas Masai,myBas,Sri Plentong,Sri Plentong Bus Stop,1.51908,103.82585,06:34:00,,,
JB Sentral - Terminal Bas Masai,myBas,Jalan Masai Lama 2,Jalan Masai Lama 2 Bus Stop,1.51079,103.83374,06:35:00,,,
JB Sentral - Terminal Bas Masai,myBas,Opp Petron Pasir Gudang East,Opp Petron Pasir Gudang East Bus Stop,1.50328747466317,103.853511051888,06:36:00,,,
JB Sentral - Terminal Bas Masai,myBas,JALAN BAYU,JALAN BAYU Bus Stop,1.50138,103.85679,06:37:00,,,
JB Sentral - Terminal Bas Masai,myBas,Jalan Bayu 11 (Caltex ),Jalan Bayu 11 (Caltex ) Bus Stop,1.4998,103.86314,06:38:00,,,
JB Sentral - Terminal Bas Masai,myBas,Todays Market (Jalan Masai Lama),Todays Market (Jalan Masai Lama) Bus Stop,1.49345,103.87231,06:39:00,,,
JB Sentral - Terminal Bas Masai,myBas,Maybank Bandar Seri Alam,Maybank Bandar Seri Alam Bus Stop,1.49317,103.87432,06:40:00,,,
JB Sentral - Terminal Bas Masai,myBas,SMK Dato Penggawa Timur,SMK Dato Penggawa Timur Bus Stop,1.49259,103.87802,06:41:00,,,
JB Sentral - Terminal Bas Masai,myBas,Kampung Baru Masai,Kampung Baru Masai Bus Stop,1.49044,103.88103,06:42:00,,,
JB Sentral - Terminal Bas Masai,myBas,OPP JNT Taman Masai Utama,OPP JNT Taman Masai Utama Bus Stop,1.48789,103.88181,06:43:00,,,
JB Sentral - Terminal Bas Masai,myBas,Terminal Bas Masai,Terminal Bas Masai Bus Stop,1.48682,103.88541,06:44:00,,,
JB Sentral - Terminal Bas Masai,myBas,JNT Taman Masai Utama,JNT Taman Masai Utama Bus Stop,1.48808399686518,103.881531500317,08:01:00,,,
JB Sentral - Terminal Bas Masai,myBas,Opp Kampung Baru Masai,Opp Kampung Baru Masai Bus Stop,1.49044030563854,103.88084737898,08:02:00,,,
JB Sentral - Terminal Bas Masai,myBas,Opp SMK Dato Penggawa Timur,Opp SMK Dato Penggawa Timur Bus Stop,1.49245,103.87819,08:03:00,,,
JB Sentral - Terminal Bas Masai,myBas,Opp Maybank Bandar Seri Alam,Opp Maybank Bandar Seri Alam Bus Stop,1.493078,103.874256,08:04:00,,,
JB Sentral - Terminal Bas Masai,myBas,Opp Todays Market (Jalan Masai Lama),Opp Todays Market (Jalan Masai Lama) Bus Stop,1.49342,103.87228,08:05:00,,,
JB Sentral - Terminal Bas Masai,myBas,Opp Jalan Bayu 11 (Caltex),Opp Jalan Bayu 11 (Caltex) Bus Stop,1.49964132979013,103.863302917783,08:06:00,,,
JB Sentral - Terminal Bas Masai,myBas,Petron Pasir Gudang East,Petron Pasir Gudang East Bus Stop,1.50338,103.85309,08:08:00,,,
JB Sentral - Terminal Bas Masai,myBas,Jalan Masai Lama 1,Jalan Masai Lama 1 Bus Stop,1.51627,103.82765,08:09:00,,,
JB Sentral - Terminal Bas Masai,myBas,Opp Sri Plentong,Opp Sri Plentong Bus Stop,1.51938133843487,103.825353217762,08:10:00,,,
JB Sentral - Terminal Bas Masai,myBas,Opp Taman Ria Plentong,Opp Taman Ria Plentong Bus Stop,1.52042,103.82433,08:11:00,,,
JB Sentral - Terminal Bas Masai,myBas,Opp Taman Bunga Ros,Opp Taman Bunga Ros Bus Stop,1.52122,103.82044,08:12:00,,,
JB Sentral - Terminal Bas Masai,myBas,OPP Kia Motors Plentong,OPP Kia Motors Plentong Bus Stop,1.52614,103.81684,08:13:00,,,
JB Sentral - Terminal Bas Masai,myBas,Prima Regency 2,Prima Regency 2 Bus Stop,1.52325,103.81282,08:14:00,,,
JB Sentral - Terminal Bas Masai,myBas,OPP Prima Regency 1,OPP Prima Regency 1 Bus Stop,1.52343,103.81139,08:15:00,,,
JB Sentral - Terminal Bas Masai,myBas,Restoran Pekin Johor Jaya,Restoran Pekin Johor Jaya Bus Stop,1.52418,103.80761,08:16:00,,,
JB Sentral - Terminal Bas Masai,myBas,Warung Abadi,Warung Abadi Bus Stop,1.52543,103.80451,08:17:00,,,
JB Sentral - Terminal Bas Masai,myBas,ROSMERAH 9 ,ROSMERAH 9  Bus Stop,1.526422,103.800695,08:18:00,,,
JB Sentral - Terminal Bas Masai,myBas,Opp Taman Rosmerah,Opp Taman Rosmerah Bus Stop,1.526865,103.798388,08:19:00,,,
JB Sentral - Terminal Bas Masai,myBas,Tangki Air Taman Molek,Tangki Air Taman Molek Bus Stop,1.52799,103.79592,08:20:00,,,
JB Sentral - Terminal Bas Masai,myBas,Opp Balai Polis Johor Jaya,Opp Balai Polis Johor Jaya Bus Stop,1.52979,103.79442,08:21:00,,,
JB Sentral - Terminal Bas Masai,myBas,Taman Molek,Taman Molek Bus Stop,1.53196,103.79258,08:22:00,,,
JB Sentral - Terminal Bas Masai,myBas,Desa Perwira,Desa Perwira Bus Stop,1.53513,103.78953,08:23:00,,,
JB Sentral - Terminal Bas Masai,myBas,Opp Smart Pandan,Opp Smart Pandan Bus Stop,1.53383,103.78399,08:24:00,,,
JB Sentral - Terminal Bas Masai,myBas,The Store Pandan,The Store Pandan Bus Stop,1.53165,103.782,08:25:00,,,
JB Sentral - Terminal Bas Masai,myBas,OPP Shell Pandan,OPP Shell Pandan Bus Stop,1.52639,103.77486,08:26:00,,,
JB Sentral - Terminal Bas Masai,myBas,OPP Petron Pandan,OPP Petron Pandan Bus Stop,1.52486,103.77133,08:27:00,,,
JB Sentral - Terminal Bas Masai,myBas,OPP Pasar Borong Pandan,OPP Pasar Borong Pandan Bus Stop,1.52257,103.7658,08:28:00,,,
JB Sentral - Terminal Bas Masai,myBas,OPP Majidee,OPP Majidee Bus Stop,1.51474,103.75813,08:29:00,,,
JB Sentral - Terminal Bas Masai,myBas,OPP KG Melayu Majidee,OPP KG Melayu Majidee Bus Stop,1.50984,103.7611,08:30:00,,,
JB Sentral - Terminal Bas Masai,myBas,OPP Restoran Aliff,OPP Restoran Aliff Bus Stop,1.50609,103.76255,08:31:00,,,
JB Sentral - Terminal Bas Masai,myBas,Mutiara Motors,Mutiara Motors Bus Stop,1.50372,103.76451,08:32:00,,,
JB Sentral - Terminal Bas Masai,myBas,Hospital Columbia ,Hospital Columbia  Bus Stop,1.50113,103.76521,08:33:00,,,
JB Sentral - Terminal Bas Masai,myBas,Taman Sentosa,Taman Sentosa Bus Stop,1.49432,103.76647,08:34:00,,,
JB Sentral - Terminal Bas Masai,myBas,OPP Caltex Taman Melodies,OPP Caltex Taman Melodies Bus Stop,1.49166,103.76699,08:35:00,,,
JB Sentral - Terminal Bas Masai,myBas,OPP Crystal Crown,OPP Crystal Crown Bus Stop,1.48677,103.76628,08:36:00,,,
JB Sentral - Terminal Bas Masai,myBas,Plaza Pelangi,Plaza Pelangi Bus Stop,1.48106,103.76468,08:37:00,,,
JB Sentral - Terminal Bas Masai,myBas,IPK Johor,IPK Johor Bus Stop,1.47738,103.7637,08:38:00,,,
JB Sentral - Terminal Bas Masai,myBas,Pusat Khidmat Pelanggan TNB @ Johor Bahr,Pusat Khidmat Pelanggan TNB @ Johor Bahr Bus Stop,1.46692,103.75249,08:39:00,,,
JB Sentral - Terminal Bas Masai,myBas,Sekolah Kebangsaan IJ Convent,Sekolah Kebangsaan IJ Convent Bus Stop,1.46453,103.75429,08:40:00,,,
JB Sentral - Terminal Bas Masai,myBas,Wisma Persekutuan,Wisma Persekutuan Bus Stop,1.46062,103.75777,08:41:00,,,
JB Sentral - Terminal Bas Masai,myBas,Menara TH,Menara TH Bus Stop,1.45822,103.75896,08:42:00,,,
JB Sentral - Terminal Bas Masai,myBas,Johor Tourist Information Center,Johor Tourist Information Center Bus Stop,1.4568,103.75929,08:43:00,,,
JB Sentral - Terminal Bas Masai,myBas,Pejabat Pos Besar,Pejabat Pos Besar Bus Stop,1.45546,103.76188,08:44:00,,,
JB Sentral - Terminal Bas Masai,myBas,Opp Wisma Peladang,Opp Wisma Peladang Bus Stop,1.45652,103.76484,08:45:00,,,
JB Sentral - Permas Jaya,myBas,JB Sentral,JB Sentral Bus Stop,1.46352,103.76496,05:00:00,,,
JB Sentral - Permas Jaya,myBas,OPP R&F Mall,OPP R&F Mall Bus Stop,1.459885,103.768063,05:01:00,,,
JB Sentral - Permas Jaya,myBas,MENARA MSC CYBERPORT,MENARA MSC CYBERPORT Bus Stop,1.46215,103.77208,05:02:00,,,
JB Sentral - Permas Jaya,myBas,Foon Yew High School,Foon Yew High School Bus Stop,1.46739,103.77919,05:03:00,,,
JB Sentral - Permas Jaya,myBas,The Zone,The Zone Bus Stop,1.46913,103.78136,05:04:00,,,
JB Sentral - Permas Jaya,myBas,Flat Sri Stulang,Flat Sri Stulang Bus Stop,1.47145,103.78108,05:05:00,,,
JB Sentral - Permas Jaya,myBas,Medan Selera Stulang Walk,Medan Selera Stulang Walk Bus Stop,1.4730171542615644,103.77987335015806,05:06:00,,,
JB Sentral - Permas Jaya,myBas,Pasir Pelangi,Pasir Pelangi Bus Stop,1.47749,103.78088,05:07:00,,,
JB Sentral - Permas Jaya,myBas,Masjid Pasir Pelangi,Masjid Pasir Pelangi Bus Stop,1.4881,103.78599,05:08:00,,,
JB Sentral - Permas Jaya,myBas,Opp Shell Taman Iskandar,Opp Shell Taman Iskandar Bus Stop,1.49061,103.78544,05:09:00,,,
JB Sentral - Permas Jaya,myBas,Opp Pangsapuri Pasir Pelangi,Opp Pangsapuri Pasir Pelangi Bus Stop,1.49401,103.78373,05:10:00,,,
JB Sentral - Permas Jaya,myBas,Bakar Batu,Bakar Batu Bus Stop,1.49612,103.78418,05:11:00,,,
JB Sentral - Permas Jaya,myBas,Petronas Bayu Puteri,Petronas Bayu Puteri Bus Stop,1.49709,103.78918,05:12:00,,,
JB Sentral - Permas Jaya,myBas,Shell Jambatan Permas,Shell Jambatan Permas Bus Stop,1.492396,103.805058,05:13:00,,,
JB Sentral - Permas Jaya,myBas,RENAISSANCE,RENAISSANCE Bus Stop,1.49401,103.81302,05:14:00,,,
JB Sentral - Permas Jaya,myBas,GIATMARA Pasir Gudang,GIATMARA Pasir Gudang Bus Stop,1.49293,103.81651,05:15:00,,,
JB Sentral - Permas Jaya,myBas,Jalan Permas 13/1,Jalan Permas 13/1 Bus Stop,1.49033,103.81699,05:16:00,,,
JB Sentral - Permas Jaya,myBas,Jalan Permas 16/1,Jalan Permas 16/1 Bus Stop,1.48949,103.81995,05:17:00,,,
JB Sentral - Permas Jaya,myBas,Jalan Permas 17/1,Jalan Permas 17/1 Bus Stop,1.48871,103.8227,05:18:00,,,
JB Sentral - Permas Jaya,myBas,SMK Permas Jaya 3,SMK Permas Jaya 3 Bus Stop,1.48961,103.82391,05:19:00,,,
JB Sentral - Permas Jaya,myBas,Jalan Permas 15/2,Jalan Permas 15/2 Bus Stop,1.49217,103.82505,05:20:00,,,
JB Sentral - Permas Jaya,myBas,AEON (Parking),AEON (Parking) Bus Stop,1.49472,103.81859,05:21:00,,,
JB Sentral - Permas Jaya,myBas,AEON (Side) Permas Jaya,AEON (Side) Permas Jaya Bus Stop,1.49601,103.81972,05:22:00,,,
JB Sentral - Permas Jaya,myBas,Jalan Permas 8/1,Jalan Permas 8/1 Bus Stop,1.4976411016065534,103.82173363612982,05:23:00,,,
JB Sentral - Permas Jaya,myBas,Dewan Serbaguna Permas Jaya,Dewan Serbaguna Permas Jaya Bus Stop,1.497679,103.824135,05:24:00,,,
JB Sentral - Permas Jaya,myBas,Pangsapuri Permas Jaya Zon 1,Pangsapuri Permas Jaya Zon 1 Bus Stop,1.49921,103.82691,05:25:00,,,
JB Sentral - Permas Jaya,myBas,Masjid Permas 8,Masjid Permas 8 Bus Stop,1.50005,103.8248,05:26:00,,,
JB Sentral - Permas Jaya,myBas,Jalan Permas 7,Jalan Permas 7 Bus Stop,1.50008,103.82568,05:27:00,,,
JB Sentral - Permas Jaya,myBas,Mon Glori,Mon Glori Bus Stop,1.50002,103.82199,05:28:00,,,
JB Sentral - Permas Jaya,myBas,SK Permas Jaya 3,SK Permas Jaya 3 Bus Stop,1.50009,103.82034,05:29:00,,,
JB Sentral - Permas Jaya,myBas,Opp Jalan Permas Utara,Opp Jalan Permas Utara Bus Stop,1.50425,103.81774,05:30:00,,,
JB Sentral - Permas Jaya,myBas,Jalan Permas 4/6,Jalan Permas 4/6 Bus Stop,1.5048017608247064,103.81974099739148,05:31:00,,,
JB Sentral - Permas Jaya,myBas,Pasar Mini Jin Seng,Pasar Mini Jin Seng Bus Stop,1.505826491720921,103.82084023674494,05:32:00,,,
JB Sentral - Permas Jaya,myBas,Jalan Permas 3,Jalan Permas 3 Bus Stop,1.508526657665778,103.82071478919563,05:33:00,,,
JB Sentral - Permas Jaya,myBas,Poliklinik Rozikin,Poliklinik Rozikin Bus Stop,1.51094,103.82061,05:34:00,,,
JB Sentral - Permas Jaya,myBas,Jalan Permas 1/18,Jalan Permas 1/18 Bus Stop,1.51325381842701,103.820600548499,05:35:00,,,
JB Sentral - Permas Jaya,myBas,SK Permas Jaya 1,SK Permas Jaya 1 Bus Stop,1.51485,103.82077,05:36:00,,,
JB Sentral - Permas Jaya,myBas,Jalan Permas 1/6,Jalan Permas 1/6 Bus Stop,1.5170530435237872,103.82175917720528,05:37:00,,,
JB Sentral - Permas Jaya,myBas,Jalan Permas 1/2,Jalan Permas 1/2 Bus Stop,1.51785,103.82169,05:38:00,,,
JB Sentral - Permas Jaya,myBas,Hub Permas Jaya,Hub Permas Jaya Bus Stop,1.51877,103.82025,05:39:00,,,
JB Sentral - Permas Jaya,myBas,Jalan Permas Utara,Jalan Permas Utara Bus Stop,1.50422457867991,103.81780302827,06:47:00,,,
JB Sentral - Permas Jaya,myBas,Aeon (Back),Aeon (Back) Bus Stop,1.49764,103.81871,07:11:00,,,
JB Sentral - Permas Jaya,myBas,UNI Klinik,UNI Klinik Bus Stop,1.49766,103.81722,07:14:00,,,
JB Sentral - Permas Jaya,myBas,AEON (MAIN) Permas Jaya,AEON (MAIN) Permas Jaya Bus Stop,1.4958,103.81655,07:17:00,,,
JB Sentral - Permas Jaya,myBas,Opp RENAISSANCE,Opp RENAISSANCE Bus Stop,1.49391,103.81311,07:38:00,,,
JB Sentral - Permas Jaya,myBas,Opp Petronas Bayu Puteri,Opp Petronas Bayu Puteri Bus Stop,1.49699,103.78998,07:44:00,,,
JB Sentral - Permas Jaya,myBas,Kg Bakar Batu,Kg Bakar Batu Bus Stop,1.49596,103.78445,07:47:00,,,
JB Sentral - Permas Jaya,myBas,Pangsapuri Pasir Pelangi,Pangsapuri Pasir Pelangi Bus Stop,1.49412,103.78397,07:50:00,,,
JB Sentral - Permas Jaya,myBas,Shell Taman Iskandar,Shell Taman Iskandar Bus Stop,1.49095,103.78567,07:53:00,,,
JB Sentral - Permas Jaya,myBas,Opp Masjid Pasir Pelangi,Opp Masjid Pasir Pelangi Bus Stop,1.48809,103.78629,07:56:00,,,
JB Sentral - Permas Jaya,myBas,Istana Pasir Pelangi,Istana Pasir Pelangi Bus Stop,1.47813,103.7813,07:59:00,,,
JB Sentral - Permas Jaya,myBas,Opp Foon Yew High School,Opp Foon Yew High School Bus Stop,1.46723,103.7791,08:11:00,,,
JB Sentral - Permas Jaya,myBas,Opp Menara MSC Cyberport,Opp Menara MSC Cyberport Bus Stop,1.46209,103.77256,08:14:00,,,
JB Sentral - Permas Jaya,myBas,R&F Mall,R&F Mall Bus Stop,1.46001,103.76859,08:17:00,,,
JB Sentral - Taman Scientex Pasir Gudang,myBas,JB Sentral,JB Sentral Bus Stop,1.46352,103.76496,06:00:00,,,
JB Sentral - Taman Scientex Pasir Gudang,myBas,Wisma Peladang,Wisma Peladang Bus Stop,1.45602,103.7654,06:01:00,,,
JB Sentral - Taman Scientex Pasir Gudang,myBas,Opp Pejabat Pos Besar,Opp Pejabat Pos Besar Bus Stop,1.45487,103.76126,06:02:00,,,
JB Sentral - Taman Scientex Pasir Gudang,myBas,Opp Johor Tourist Information Center,Opp Johor Tourist Information Center Bus Stop,1.45723,103.75915,06:03:00,,,
JB Sentral - Taman Scientex Pasir Gudang,myBas,Opp Menara TH,Opp Menara TH Bus Stop,1.45782,103.75904,06:04:00,,,
JB Sentral - Taman Scientex Pasir Gudang,myBas,Opp Wisma Persekutuan,Opp Wisma Persekutuan Bus Stop,1.45996,103.75839,06:05:00,,,
JB Sentral - Taman Scientex Pasir Gudang,myBas,Opp Sekolah Kebangsaan IJ Convent,Opp Sekolah Kebangsaan IJ Convent Bus Stop,1.46386,103.75489,06:06:00,,,
JB Sentral - Taman Scientex Pasir Gudang,myBas,Opp Pusat Khidmat Pelanggan TNB JB,Opp Pusat Khidmat Pelanggan TNB JB Bus Stop,1.46653,103.75269,06:07:00,,,
JB Sentral - Taman Scientex Pasir Gudang,myBas,Opp IPK Johor,Opp IPK Johor Bus Stop,1.47642,103.76329,06:08:00,,,
JB Sentral - Taman Scientex Pasir Gudang,myBas,OPP Plaza Pelangi,OPP Plaza Pelangi Bus Stop,1.4805,103.76435,06:09:00,,,
JB Sentral - Taman Scientex Pasir Gudang,myBas,Crystal Crown,Crystal Crown Bus Stop,1.48652,103.76603,06:10:00,,,
JB Sentral - Taman Scientex Pasir Gudang,myBas,Caltex Taman Melodies,Caltex Taman Melodies Bus Stop,1.49052,103.76696,06:11:00,,,
JB Sentral - Taman Scientex Pasir Gudang,myBas,OPP Taman Sentosa,OPP Taman Sentosa Bus Stop,1.49345,103.76645,06:12:00,,,
JB Sentral - Taman Scientex Pasir Gudang,myBas,Opp Wisma Daiman,Opp Wisma Daiman Bus Stop,1.4952,103.76674,06:13:00,,,
JB Sentral - Taman Scientex Pasir Gudang,myBas,Opp Taman Sentosa Jalan Bakar Batu,Opp Taman Sentosa Jalan Bakar Batu Bus Stop,1.49565,103.77237,06:14:00,,,
JB Sentral - Taman Scientex Pasir Gudang,myBas,CIMB Southkey,CIMB Southkey Bus Stop,1.49598,103.77645,06:15:00,,,
JB Sentral - Taman Scientex Pasir Gudang,myBas,COURTs Southkey,COURTs Southkey Bus Stop,1.49608,103.77817,06:16:00,,,
JB Sentral - Taman Scientex Pasir Gudang,myBas,Bakar Batu,Bakar Batu Bus Stop,1.49612,103.78418,06:17:00,,,
JB Sentral - Taman Scientex Pasir Gudang,myBas,Petronas Bayu Puteri,Petronas Bayu Puteri Bus Stop,1.49709,103.78918,06:18:00,,,
JB Sentral - Taman Scientex Pasir Gudang,myBas,Opp Shell Jambatan Permas,Opp Shell Jambatan Permas Bus Stop,1.49247,103.80522,06:19:00,,,
JB Sentral - Taman Scientex Pasir Gudang,myBas,RENAISSANCE,RENAISSANCE Bus Stop,1.49401,103.81302,06:20:00,,,
JB Sentral - Taman Scientex Pasir Gudang,myBas,AEON (Parking),AEON (Parking) Bus Stop,1.49472,103.81859,06:21:00,,,
JB Sentral - Taman Scientex Pasir Gudang,myBas,Jalan Permas 9/17,Jalan Permas 9/17 Bus Stop,1.494457517116118,103.82299059967562,06:22:00,,,
JB Sentral - Taman Scientex Pasir Gudang,myBas,Cahaya Kota Puteri 1,Cahaya Kota Puteri 1 Bus Stop,1.49043,103.83971,06:23:00,,,
JB Sentral - Taman Scientex Pasir Gudang,myBas,Opp Meridin Bayvue,Opp Meridin Bayvue Bus Stop,1.47482,103.86784,06:24:00,,,
JB Sentral - Taman Scientex Pasir Gudang,myBas,Jalan Sierra Perdana 3/18,Jalan Sierra Perdana 3/18 Bus Stop,1.47509,103.87032,06:25:00,,,
JB Sentral - Taman Scientex Pasir Gudang,myBas,Jalan Sierra Perdana 1/12,Jalan Sierra Perdana 1/12 Bus Stop,1.47764,103.87139,06:26:00,,,
JB Sentral - Taman Scientex Pasir Gudang,myBas,7 Eleven Sierra Perdana,7 Eleven Sierra Perdana Bus Stop,1.47965,103.86961,06:27:00,,,
JB Sentral - Taman Scientex Pasir Gudang,myBas,KRT Sierra Perdana,KRT Sierra Perdana Bus Stop,1.48216,103.86661,06:28:00,,,
JB Sentral - Taman Scientex Pasir Gudang,myBas,Flat Balau Block G,Flat Balau Block G Bus Stop,1.48329,103.86748,06:29:00,,,
JB Sentral - Taman Scientex Pasir Gudang,myBas,Padang Bola Balau,Padang Bola Balau Bus Stop,1.48424,103.8685,06:30:00,,,
JB Sentral - Taman Scientex Pasir Gudang,myBas,Simpang Kg Sg Rinting,Simpang Kg Sg Rinting Bus Stop,1.48791,103.86969,06:31:00,,,
JB Sentral - Taman Scientex Pasir Gudang,myBas,Mydin Taman Rinting 2,Mydin Taman Rinting 2 Bus Stop,1.49136,103.8676,06:32:00,,,
JB Sentral - Taman Scientex Pasir Gudang,myBas,Petronas Jalan Rinting,Petronas Jalan Rinting Bus Stop,1.49244,103.86747,06:33:00,,,
JB Sentral - Taman Scientex Pasir Gudang,myBas,Lebuhraya Pasir Gudang 1,Lebuhraya Pasir Gudang 1 Bus Stop,1.4888,103.87596,06:34:00,,,
JB Sentral - Taman Scientex Pasir Gudang,myBas,Lebuhraya Pasir Gudang 2,Lebuhraya Pasir Gudang 2 Bus Stop,1.48444,103.88021,06:35:00,,,
JB Sentral - Taman Scientex Pasir Gudang,myBas,Stadium Pasir Gudang,Stadium Pasir Gudang Bus Stop,1.46321,103.89618,06:36:00,,,
JB Sentral - Taman Scientex Pasir Gudang,myBas,TMIYC,TMIYC Bus Stop,1.46642,103.89763,06:37:00,,,
JB Sentral - Taman Scientex Pasir Gudang,myBas,Terminal Bas Pasir Gudang,Terminal Bas Pasir Gudang Bus Stop,1.46583,103.90133,06:38:00,,,
JB Sentral - Taman Scientex Pasir Gudang,myBas,Opp SMK Pasir Gudang,Opp SMK Pasir Gudang Bus Stop,1.47041,103.90556,06:39:00,,,
JB Sentral - Taman Scientex Pasir Gudang,myBas,Bukit Layang Layang,Bukit Layang Layang Bus Stop,1.4736,103.90788,06:40:00,,,
JB Sentral - Taman Scientex Pasir Gudang,myBas,Taman Dahlia Jalan Sekuntum 2,Taman Dahlia Jalan Sekuntum 2 Bus Stop,1.48327,103.90498,06:41:00,,,
JB Sentral - Taman Scientex Pasir Gudang,myBas,Opp Taman Cendana Blok 10,Opp Taman Cendana Blok 10 Bus Stop,1.48836385309527,103.906682735588,06:42:00,,,
JB Sentral - Taman Scientex Pasir Gudang,myBas,Taman Cendana Blok 34,Taman Cendana Blok 34 Bus Stop,1.4879311461244105,103.91186043209818,06:43:00,,,
JB Sentral - Taman Scientex Pasir Gudang,myBas,Dewan Serbaguna Taman Cendana 2,Dewan Serbaguna Taman Cendana 2 Bus Stop,1.48796,103.91253,06:44:00,,,
JB Sentral - Taman Scientex Pasir Gudang,myBas,Opp Kolej Komuniti Pasir Gudang,Opp Kolej Komuniti Pasir Gudang Bus Stop,1.49622,103.91305,06:45:00,,,
JB Sentral - Taman Scientex Pasir Gudang,myBas,Simpang Nuri Utama,Simpang Nuri Utama Bus Stop,1.49928,103.91558,06:46:00,,,
JB Sentral - Taman Scientex Pasir Gudang,myBas,Opp Kuarters Guru Taman Scientex,Opp Kuarters Guru Taman Scientex Bus Stop,1.50231,103.91594,06:47:00,,,
JB Sentral - Taman Scientex Pasir Gudang,myBas,Opp Politeknik Pasir Gudang,Opp Politeknik Pasir Gudang Bus Stop,1.50578,103.91615,06:48:00,,,
JB Sentral - Taman Scientex Pasir Gudang,myBas,Flat Pelanduk,Flat Pelanduk Bus Stop,1.50998,103.91641,06:49:00,,,
JB Sentral - Taman Scientex Pasir Gudang,myBas,Jalan Kenari Taman Scientex,Jalan Kenari Taman Scientex Bus Stop,1.5148,103.91625,06:50:00,,,
JB Sentral - Taman Scientex Pasir Gudang,myBas,Jalan Kenari 15 Taman Scientex,Jalan Kenari 15 Taman Scientex Bus Stop,1.5168,103.91624,06:51:00,,,
JB Sentral - Taman Scientex Pasir Gudang,myBas,Jalan Kenari 8 Taman Scientex,Jalan Kenari 8 Taman Scientex Bus Stop,1.51908,103.91624,06:52:00,,,
JB Sentral - Taman Scientex Pasir Gudang,myBas,Jalan Kenari 3 Taman Scientex,Jalan Kenari 3 Taman Scientex Bus Stop,1.52121,103.91627,06:53:00,,,
JB Sentral - Taman Scientex Pasir Gudang,myBas,Jalan Merbah 2 Taman Scientex,Jalan Merbah 2 Taman Scientex Bus Stop,1.52291,103.9164,06:54:00,,,
JB Sentral - Taman Scientex Pasir Gudang,myBas,Jalan Merak 4 Taman Scientex,Jalan Merak 4 Taman Scientex Bus Stop,1.51995,103.91639,06:55:00,,,
JB Sentral - Taman Scientex Pasir Gudang,myBas,Opp Jalan Kenari 8 Taman Scientex,Opp Jalan Kenari 8 Taman Scientex Bus Stop,1.51907,103.91637,04:01:00,,,
JB Sentral - Taman Scientex Pasir Gudang,myBas,Opp Jalan Kenari 15 Taman Scientex,Opp Jalan Kenari 15 Taman Scientex Bus Stop,1.51674,103.91639,04:02:00,,,
JB Sentral - Taman Scientex Pasir Gudang,myBas,Opp Jalan Kenari Taman Scientex,Opp Jalan Kenari Taman Scientex Bus Stop,1.51476,103.91639,04:03:00,,,
JB Sentral - Taman Scientex Pasir Gudang,myBas,Opp Flat Pelanduk,Opp Flat Pelanduk Bus Stop,1.51011,103.91654,04:04:00,,,
JB Sentral - Taman Scientex Pasir Gudang,myBas,Politeknik Pasir Gudang,Politeknik Pasir Gudang Bus Stop,1.50574,103.91628,04:05:00,,,
JB Sentral - Taman Scientex Pasir Gudang,myBas,Kuarters Guru Taman Scientex,Kuarters Guru Taman Scientex Bus Stop,1.50236,103.91606,04:06:00,,,
JB Sentral - Taman Scientex Pasir Gudang,myBas,Opp Simpang Nuri Utama,Opp Simpang Nuri Utama Bus Stop,1.4993,103.91572,04:07:00,,,
JB Sentral - Taman Scientex Pasir Gudang,myBas,Kolej Komuniti Pasir Gudang,Kolej Komuniti Pasir Gudang Bus Stop,1.49615,103.91326,04:08:00,,,
JB Sentral - Taman Scientex Pasir Gudang,myBas,Opp Dewan Serbaguna Taman Cendana 2,Opp Dewan Serbaguna Taman Cendana 2 Bus Stop,1.48771,103.91217,04:09:00,,,
JB Sentral - Taman Scientex Pasir Gudang,myBas,Opp Taman Cendana Blok 34,Opp Taman Cendana Blok 34 Bus Stop,1.4878,103.91074,04:10:00,,,
JB Sentral - Taman Scientex Pasir Gudang,myBas,Taman Cendana Blok 10,Taman Cendana Blok 10 Bus Stop,1.48834,103.90683,04:11:00,,,
JB Sentral - Taman Scientex Pasir Gudang,myBas,SK Taman Cendana,SK Taman Cendana Bus Stop,1.4866,103.90475,04:12:00,,,
JB Sentral - Taman Scientex Pasir Gudang,myBas,Opp Bukit Layang Layang,Opp Bukit Layang Layang Bus Stop,1.47371,103.90809,04:14:00,,,
JB Sentral - Taman Scientex Pasir Gudang,myBas,SMK Pasir Gudang,SMK Pasir Gudang Bus Stop,1.470404951062544,103.90605105629392,04:15:00,,,
JB Sentral - Taman Scientex Pasir Gudang,myBas,Opp Lebuhraya Pasir Gudang 2,Opp Lebuhraya Pasir Gudang 2 Bus Stop,1.48437,103.87989,04:17:00,,,
JB Sentral - Taman Scientex Pasir Gudang,myBas,Opp Lebuhraya Pasir Gudang 1,Opp Lebuhraya Pasir Gudang 1 Bus Stop,1.48871,103.87581,04:18:00,,,
JB Sentral - Taman Scientex Pasir Gudang,myBas,Opp Petronas Jalan Rinting,Opp Petronas Jalan Rinting Bus Stop,1.49227,103.86749,04:19:00,,,
JB Sentral - Taman Scientex Pasir Gudang,myBas,Opp Jalan Sierra Perdana 3/18,Opp Jalan Sierra Perdana 3/18 Bus Stop,1.475,103.87039,04:27:00,,,
JB Sentral - Taman Scientex Pasir Gudang,myBas,Meridin Bayvue,Meridin Bayvue Bus Stop,1.47495,103.86728,04:28:00,,,
JB Sentral - Taman Scientex Pasir Gudang,myBas,Opp Cahaya Kota Puteri 1,Opp Cahaya Kota Puteri 1 Bus Stop,1.49023,103.8396,04:29:00,,,
JB Sentral - Taman Scientex Pasir Gudang,myBas,Jalan Permas 15/1,Jalan Permas 15/1 Bus Stop,1.4942047671808223,103.82300167603404,04:30:00,,,
JB Sentral - Taman Scientex Pasir Gudang,myBas,Opp RENAISSANCE,Opp RENAISSANCE Bus Stop,1.49391,103.81311,04:31:00,,,
JB Sentral - Taman Scientex Pasir Gudang,myBas,Shell Jambatan Permas,Shell Jambatan Permas Bus Stop,1.492396,103.805058,04:32:00,,,
JB Sentral - Taman Scientex Pasir Gudang,myBas,Opp Petronas Bayu Puteri,Opp Petronas Bayu Puteri Bus Stop,1.49699,103.78998,04:33:00,,,
JB Sentral - Taman Scientex Pasir Gudang,myBas,Kg Bakar Batu,Kg Bakar Batu Bus Stop,1.49596,103.78445,04:34:00,,,
JB Sentral - Taman Scientex Pasir Gudang,myBas,Opp COURTs Southkey,Opp COURTs Southkey Bus Stop,1.49597,103.77853,04:35:00,,,
JB Sentral - Taman Scientex Pasir Gudang,myBas,Opp CIMB Southkey,Opp CIMB Southkey Bus Stop,1.49582,103.77659,04:36:00,,,
JB Sentral - Taman Scientex Pasir Gudang,myBas,Taman Sentosa Jalan Bakar Batu,Taman Sentosa Jalan Bakar Batu Bus Stop,1.49549,103.7722,04:37:00,,,
JB Sentral - Taman Scientex Pasir Gudang,myBas,Wisma Daiman,Wisma Daiman Bus Stop,1.49506,103.7668,04:38:00,,,
JB Sentral - Taman Scientex Pasir Gudang,myBas,Taman Sentosa,Taman Sentosa Bus Stop,1.49432,103.76647,04:39:00,,,
JB Sentral - Taman Scientex Pasir Gudang,myBas,OPP Caltex Taman Melodies,OPP Caltex Taman Melodies Bus Stop,1.49166,103.76699,04:40:00,,,
JB Sentral - Taman Scientex Pasir Gudang,myBas,OPP Crystal Crown,OPP Crystal Crown Bus Stop,1.48677,103.76628,04:41:00,,,
JB Sentral - Taman Scientex Pasir Gudang,myBas,Plaza Pelangi,Plaza Pelangi Bus Stop,1.48106,103.76468,04:42:00,,,
JB Sentral - Taman Scientex Pasir Gudang,myBas,IPK Johor,IPK Johor Bus Stop,1.47738,103.7637,04:43:00,,,
JB Sentral - Taman Scientex Pasir Gudang,myBas,Pusat Khidmat Pelanggan TNB @ Johor Bahr,Pusat Khidmat Pelanggan TNB @ Johor Bahr Bus Stop,1.46692,103.75249,04:44:00,,,
JB Sentral - Taman Scientex Pasir Gudang,myBas,Sekolah Kebangsaan IJ Convent,Sekolah Kebangsaan IJ Convent Bus Stop,1.46453,103.75429,04:45:00,,,
JB Sentral - Taman Scientex Pasir Gudang,myBas,Wisma Persekutuan,Wisma Persekutuan Bus Stop,1.46062,103.75777,04:46:00,,,
JB Sentral - Taman Scientex Pasir Gudang,myBas,Menara TH,Menara TH Bus Stop,1.45822,103.75896,04:47:00,,,
JB Sentral - Taman Scientex Pasir Gudang,myBas,Johor Tourist Information Center,Johor Tourist Information Center Bus Stop,1.4568,103.75929,04:48:00,,,
JB Sentral - Taman Scientex Pasir Gudang,myBas,Pejabat Pos Besar,Pejabat Pos Besar Bus Stop,1.45546,103.76188,04:49:00,,,
JB Sentral - Taman Scientex Pasir Gudang,myBas,Opp Wisma Peladang,Opp Wisma Peladang Bus Stop,1.45652,103.76484,04:50:00,,,
Terminal Kulai - Taman Putri Kulai,myBas,Terminal Kulai,Terminal Kulai Bus Stop,1.66247,103.59879,04:40:00,,,
Terminal Kulai - Taman Putri Kulai,myBas,SMK Munshi Abdullah Kulai,SMK Munshi Abdullah Kulai Bus Stop,1.66457,103.59569,04:42:00,,,
Terminal Kulai - Taman Putri Kulai,myBas,Jejantas Taman Sri Kulai,Jejantas Taman Sri Kulai Bus Stop,1.66669,103.5913,04:44:00,,,
Terminal Kulai - Taman Putri Kulai,myBas,Shell Kulai,Shell Kulai Bus Stop,1.66805,103.58817,04:46:00,,,
Terminal Kulai - Taman Putri Kulai,myBas,Opp Simpang Jln Sengkang,Opp Simpang Jln Sengkang Bus Stop,1.66891,103.58294,04:48:00,,,
Terminal Kulai - Taman Putri Kulai,myBas,Taman Kota Kulai,Taman Kota Kulai Bus Stop,1.66866,103.58029,04:50:00,,,
Terminal Kulai - Taman Putri Kulai,myBas,Opp Lotus Kulai,Opp Lotus Kulai Bus Stop,1.6676,103.57679,04:52:00,,,
Terminal Kulai - Taman Putri Kulai,myBas,Taman Desa Baiduri,Taman Desa Baiduri Bus Stop,1.66623,103.57721,04:54:00,,,
Terminal Kulai - Taman Putri Kulai,myBas,Opp Taman Putri Persiaran Sri Putri 3(1),Opp Taman Putri Persiaran Sri Putri 3(1) Bus Stop,1.66361,103.57816,04:56:00,,,
Terminal Kulai - Taman Putri Kulai,myBas,Stadium Kulai,Stadium Kulai Bus Stop,1.66064,103.57552,04:58:00,,,
Terminal Kulai - Taman Putri Kulai,myBas,Opp Econsave Taman Putri,Opp Econsave Taman Putri Bus Stop,1.65845,103.57844,05:00:00,,,
Terminal Kulai - Taman Putri Kulai,myBas,Opp Taman Putri Persiaran Sri Putri 3(2),Opp Taman Putri Persiaran Sri Putri 3(2) Bus Stop,1.65682,103.58255,05:02:00,,,
Terminal Kulai - Taman Putri Kulai,myBas,Flat Taman Putri,Flat Taman Putri Bus Stop,1.65378,103.58232,05:04:00,,,
Terminal Kulai - Taman Putri Kulai,myBas,Opp Taman Putri Persiaran Sri Putri 3(3),Opp Taman Putri Persiaran Sri Putri 3(3) Bus Stop,1.65093,103.58009,05:06:00,,,
Terminal Kulai - Taman Putri Kulai,myBas,Taman Putri Kulai,Taman Putri Kulai Bus Stop,1.65132,103.57801,05:08:00,,,
Terminal Kulai - Taman Putri Kulai,myBas,OPP SMK Kota Kulai,OPP SMK Kota Kulai Bus Stop,1.65393,103.57565,05:10:00,,,
Terminal Kulai - Taman Putri Kulai,myBas,Perumahan Flat Cengal,Perumahan Flat Cengal Bus Stop,1.65417,103.5739,05:12:00,,,
Terminal Kulai - Taman Putri Kulai,myBas,Terminal Putri Kulai,Terminal Putri Kulai Bus Stop,1.65547,103.57217,05:14:00,,,
Terminal Kulai - Taman Putri Kulai,myBas,Opp Perumahan Flat Cengal,Opp Perumahan Flat Cengal Bus Stop,1.65523,103.57459,04:02:00,,,
Terminal Kulai - Taman Putri Kulai,myBas,SMK Kota Kulai,SMK Kota Kulai Bus Stop,1.65426,103.5754,04:04:00,,,
Terminal Kulai - Taman Putri Kulai,myBas,Taman Putri Persiaran Sri Putri 3(3),Taman Putri Persiaran Sri Putri 3(3) Bus Stop,1.65097,103.57995,04:08:00,,,
Terminal Kulai - Taman Putri Kulai,myBas,Opp Flat Taman Putri,Opp Flat Taman Putri Bus Stop,1.65361,103.58214,04:10:00,,,
Terminal Kulai - Taman Putri Kulai,myBas,Taman Putri Persiaran Sri Putri 3(2),Taman Putri Persiaran Sri Putri 3(2) Bus Stop,1.65695,103.58219,04:12:00,,,
Terminal Kulai - Taman Putri Kulai,myBas,Econsave Taman Putri,Econsave Taman Putri Bus Stop,1.65842,103.57844,04:14:00,,,
Terminal Kulai - Taman Putri Kulai,myBas,Taman Putri Persiaran Sri Putri 3(1),Taman Putri Persiaran Sri Putri 3(1) Bus Stop,1.66303,103.57765,04:18:00,,,
Terminal Kulai - Taman Putri Kulai,myBas,Opp Jalan Sri Putri 1/15,Opp Jalan Sri Putri 1/15 Bus Stop,1.66662,103.57665,04:20:00,,,
Terminal Kulai - Taman Putri Kulai,myBas,Lotus Kulai,Lotus Kulai Bus Stop,1.66745,103.57659,04:22:00,,,
Terminal Kulai - Taman Putri Kulai,myBas,Opp Taman Kota Kulai,Opp Taman Kota Kulai Bus Stop,1.66877,103.58028,04:24:00,,,
Terminal Kulai - Taman Putri Kulai,myBas,Spg Jln Sengkang,Spg Jln Sengkang Bus Stop,1.66906,103.58279,04:26:00,,,
Terminal Kulai - Taman Putri Kulai,myBas,OPP Shell Kulai,OPP Shell Kulai Bus Stop,1.66826,103.58785,04:28:00,,,
Terminal Kulai - Taman Putri Kulai,myBas,Opp Jejantas Taman Sri Kulai,Opp Jejantas Taman Sri Kulai Bus Stop,1.66658,103.59165,04:30:00,,,
Terminal Kulai - Taman Putri Kulai,myBas,Opp SMK Munshi Abdullah,Opp SMK Munshi Abdullah Bus Stop,1.66448,103.59633,04:32:00,,,
JB Sentral - Terminal Kulai,myBas,JB Sentral,JB Sentral Bus Stop,1.46352,103.76496,08:15:00,,,
JB Sentral - Terminal Kulai,myBas,Wisma Peladang,Wisma Peladang Bus Stop,1.45602,103.7654,08:16:00,,,
JB Sentral - Terminal Kulai,myBas,Opp Pejabat Pos Besar,Opp Pejabat Pos Besar Bus Stop,1.45487,103.76126,08:17:00,,,
JB Sentral - Terminal Kulai,myBas,Lot 10,Lot 10 Bus Stop,1.45426,103.75828,08:18:00,,,
JB Sentral - Terminal Kulai,myBas,OPP Pusat Islam Negeri Johor,OPP Pusat Islam Negeri Johor Bus Stop,1.45671,103.74825,08:19:00,,,
JB Sentral - Terminal Kulai,myBas,OPP Dataran Bandaraya Johor Bahru / Sri ,OPP Dataran Bandaraya Johor Bahru / Sri  Bus Stop,1.45938,103.73828,08:20:00,,,
JB Sentral - Terminal Kulai,myBas,Opp Johor International School,Opp Johor International School Bus Stop,1.4628,103.73158,08:21:00,,,
JB Sentral - Terminal Kulai,myBas,Beletime / OPP M-Suites,Beletime / OPP M-Suites Bus Stop,1.46453,103.72975,08:22:00,,,
JB Sentral - Terminal Kulai,myBas,Danga Bay,Danga Bay Bus Stop,1.47321,103.72495,08:23:00,,,
JB Sentral - Terminal Kulai,myBas,Tune Hotel,Tune Hotel Bus Stop,1.48411,103.71892,08:24:00,,,
JB Sentral - Terminal Kulai,myBas,Opp Bandar Baru Uda,Opp Bandar Baru Uda Bus Stop,1.48883,103.71243,08:25:00,,,
JB Sentral - Terminal Kulai,myBas,Klinik Kesihatan Tampoi,Klinik Kesihatan Tampoi Bus Stop,1.49244,103.70725,08:26:00,,,
JB Sentral - Terminal Kulai,myBas,SK Pengkalan Rinting,SK Pengkalan Rinting Bus Stop,1.49382,103.70509,08:27:00,,,
JB Sentral - Terminal Kulai,myBas,Opp Plaza Angsana,Opp Plaza Angsana Bus Stop,1.49493,103.70351,08:28:00,,,
JB Sentral - Terminal Kulai,myBas,Kampong Pasir,Kampong Pasir Bus Stop,1.49665,103.7014,08:29:00,,,
JB Sentral - Terminal Kulai,myBas,SK Kampung Pasir / OPP Giant Tampoi,SK Kampung Pasir / OPP Giant Tampoi Bus Stop,1.49887,103.6983,08:30:00,,,
JB Sentral - Terminal Kulai,myBas,OPP Kompleks Pekan Rabu,OPP Kompleks Pekan Rabu Bus Stop,1.50074,103.69568,08:31:00,,,
JB Sentral - Terminal Kulai,myBas,Kipmart Tampoi,Kipmart Tampoi Bus Stop,1.50824,103.68931,08:32:00,,,
JB Sentral - Terminal Kulai,myBas,OPP TAMAN JOHOR,OPP TAMAN JOHOR Bus Stop,1.51163,103.68694,08:33:00,,,
JB Sentral - Terminal Kulai,myBas,Opp Paradigm Mall,Opp Paradigm Mall Bus Stop,1.51525,103.68457,08:34:00,,,
JB Sentral - Terminal Kulai,myBas,Mcdonalds Taman Sutera,Mcdonalds Taman Sutera Bus Stop,1.52311,103.67908,08:35:00,,,
JB Sentral - Terminal Kulai,myBas,OPP Petron TUTA,OPP Petron TUTA Bus Stop,1.52808,103.67058,08:36:00,,,
JB Sentral - Terminal Kulai,myBas,TM Skudai,TM Skudai Bus Stop,1.53504,103.66477,08:37:00,,,
JB Sentral - Terminal Kulai,myBas,MBIP Skudai,MBIP Skudai Bus Stop,1.53675,103.66318,08:38:00,,,
JB Sentral - Terminal Kulai,myBas,Pejabat Pos Skudai,Pejabat Pos Skudai Bus Stop,1.53952,103.66067,08:39:00,,,
JB Sentral - Terminal Kulai,myBas,Opp Skudai Parade,Opp Skudai Parade Bus Stop,1.5415614731517646,103.65878422583812,08:40:00,,,
JB Sentral - Terminal Kulai,myBas,Shell Taman Puteri Skudai,Shell Taman Puteri Skudai Bus Stop,1.54483,103.65729,08:41:00,,,
JB Sentral - Terminal Kulai,myBas,Opp Kuarters PUB,Opp Kuarters PUB Bus Stop,1.55379,103.65847,08:42:00,,,
JB Sentral - Terminal Kulai,myBas,UTM Skudai,UTM Skudai Bus Stop,1.56496,103.6605,08:43:00,,,
JB Sentral - Terminal Kulai,myBas,Taman Teknologi,Taman Teknologi Bus Stop,1.57097,103.66052,08:44:00,,,
JB Sentral - Terminal Kulai,myBas,Opp kampung Sepakat,Opp kampung Sepakat Bus Stop,1.58197,103.65337,08:45:00,,,
JB Sentral - Terminal Kulai,myBas,Taman Scientex Senai,Taman Scientex Senai Bus Stop,1.58407,103.65027,08:46:00,,,
JB Sentral - Terminal Kulai,myBas,Sepakat Jaya,Sepakat Jaya Bus Stop,1.59027,103.64784,08:48:00,,,
JB Sentral - Terminal Kulai,myBas,SK Senai,SK Senai Bus Stop,1.59554,103.64551,08:50:00,,,
JB Sentral - Terminal Kulai,myBas,OPP Hab Pekan Senai,OPP Hab Pekan Senai Bus Stop,1.59991,103.64467,08:52:00,,,
JB Sentral - Terminal Kulai,myBas,Masjid Jamek Bandar Senai,Masjid Jamek Bandar Senai Bus Stop,1.60573,103.64764,08:54:00,,,
JB Sentral - Terminal Kulai,myBas,BSN Senai,BSN Senai Bus Stop,1.61283,103.64722,08:56:00,,,
JB Sentral - Terminal Kulai,myBas,Pejabat LLM,Pejabat LLM Bus Stop,1.62027,103.6458,08:57:00,,,
JB Sentral - Terminal Kulai,myBas,Caltex Saleng,Caltex Saleng Bus Stop,1.62932,103.63714,08:58:00,,,
JB Sentral - Terminal Kulai,myBas,Petronas Saleng,Petronas Saleng Bus Stop,1.63249,103.63364,08:59:00,,,
JB Sentral - Terminal Kulai,myBas,TJ Mart Saleng,TJ Mart Saleng Bus Stop,1.63327,103.63275,09:00:00,,,
JB Sentral - Terminal Kulai,myBas,7-Eleven Saleng,7-Eleven Saleng Bus Stop,1.63523,103.63033,09:01:00,,,
JB Sentral - Terminal Kulai,myBas,Hospital Kulai,Hospital Kulai Bus Stop,1.63918,103.62508,09:02:00,,,
JB Sentral - Terminal Kulai,myBas,Pertubuhan Peladang ,Pertubuhan Peladang  Bus Stop,1.64544,103.61591,09:03:00,,,
JB Sentral - Terminal Kulai,myBas,Indahpura Iris Park,Indahpura Iris Park Bus Stop,1.64748,103.61371,09:04:00,,,
JB Sentral - Terminal Kulai,myBas,Public Bank Kulai,Public Bank Kulai Bus Stop,1.65118,103.61097,09:05:00,,,
JB Sentral - Terminal Kulai,myBas,Opp Medan Selera Kulai,Opp Medan Selera Kulai Bus Stop,1.65428,103.60954,09:06:00,,,
JB Sentral - Terminal Kulai,myBas,MPKU,MPKU Bus Stop,1.65895,103.60669,09:07:00,,,
JB Sentral - Terminal Kulai,myBas,OPP Arked Mara ,OPP Arked Mara  Bus Stop,1.66083,103.60428,09:08:00,,,
JB Sentral - Terminal Kulai,myBas,Terminal Kulai,Terminal Kulai Bus Stop,1.66247,103.59879,09:09:00,,,
JB Sentral - Terminal Kulai,myBas,Arked Mara,Arked Mara Bus Stop,1.66109,103.60393,06:16:00,,,
JB Sentral - Terminal Kulai,myBas,Opp MPKU,Opp MPKU Bus Stop,1.65905,103.60679,06:17:00,,,
JB Sentral - Terminal Kulai,myBas,Medan Selera Kulai,Medan Selera Kulai Bus Stop,1.65438,103.60962,06:18:00,,,
JB Sentral - Terminal Kulai,myBas,OPP Public Bank Kulai,OPP Public Bank Kulai Bus Stop,1.65099,103.61133,06:19:00,,,
JB Sentral - Terminal Kulai,myBas,OPP Indahpura Iris Park,OPP Indahpura Iris Park Bus Stop,1.64841,103.61313,06:20:00,,,
JB Sentral - Terminal Kulai,myBas,OPP Pertubuhan Peladang ,OPP Pertubuhan Peladang  Bus Stop,1.64518,103.61653,06:21:00,,,
JB Sentral - Terminal Kulai,myBas,OPP Hospital Kulai,OPP Hospital Kulai Bus Stop,1.63981,103.62447,06:22:00,,,
JB Sentral - Terminal Kulai,myBas,OPP 7-Eleven Saleng,OPP 7-Eleven Saleng Bus Stop,1.63584,103.62972,06:23:00,,,
JB Sentral - Terminal Kulai,myBas,Opp TJ Mart Saleng,Opp TJ Mart Saleng Bus Stop,1.633561327222587,103.63262677813464,06:24:00,,,
JB Sentral - Terminal Kulai,myBas,OPP Petronas Saleng,OPP Petronas Saleng Bus Stop,1.63293,103.63332,06:25:00,,,
JB Sentral - Terminal Kulai,myBas,OPP Caltex Saleng,OPP Caltex Saleng Bus Stop,1.62874,103.63793,06:26:00,,,
JB Sentral - Terminal Kulai,myBas,OPP Pejabat LLM,OPP Pejabat LLM Bus Stop,1.62052,103.64603,06:27:00,,,
JB Sentral - Terminal Kulai,myBas,OPP BSN Senai,OPP BSN Senai Bus Stop,1.61284,103.64736,06:28:00,,,
JB Sentral - Terminal Kulai,myBas,Opp Masjid Jamek Bandar Senai,Opp Masjid Jamek Bandar Senai Bus Stop,1.60639,103.64782,06:30:00,,,
JB Sentral - Terminal Kulai,myBas,Hab Pekan Senai,Hab Pekan Senai Bus Stop,1.60129,103.64505,06:32:00,,,
JB Sentral - Terminal Kulai,myBas,OPP SK Senai,OPP SK Senai Bus Stop,1.59698,103.64551,06:34:00,,,
JB Sentral - Terminal Kulai,myBas,OPP Sepakat Jaya,OPP Sepakat Jaya Bus Stop,1.5911,103.64792,06:36:00,,,
JB Sentral - Terminal Kulai,myBas,Opp Taman Scientex Senai,Opp Taman Scientex Senai Bus Stop,1.58417,103.65035,06:38:00,,,
JB Sentral - Terminal Kulai,myBas,Kampung Sepakat,Kampung Sepakat Bus Stop,1.58173,103.65426,06:39:00,,,
JB Sentral - Terminal Kulai,myBas,Opp Taman Teknologi,Opp Taman Teknologi Bus Stop,1.57091,103.6608,06:40:00,,,
JB Sentral - Terminal Kulai,myBas,Opp UTM Skudai,Opp UTM Skudai Bus Stop,1.5654,103.66071,06:41:00,,,
JB Sentral - Terminal Kulai,myBas,Kuarters PUB,Kuarters PUB Bus Stop,1.55472,103.65882,06:42:00,,,
JB Sentral - Terminal Kulai,myBas,Opp Shell Tmn Puteri Skudai,Opp Shell Tmn Puteri Skudai Bus Stop,1.54437,103.65784,06:43:00,,,
JB Sentral - Terminal Kulai,myBas,Skudai Parade,Skudai Parade Bus Stop,1.54212,103.65897,06:44:00,,,
JB Sentral - Terminal Kulai,myBas,Opp Pejabat Pos Skudai,Opp Pejabat Pos Skudai Bus Stop,1.53982,103.6606,06:45:00,,,
JB Sentral - Terminal Kulai,myBas,Opp MBIP Skudai,Opp MBIP Skudai Bus Stop,1.5375,103.66291,06:46:00,,,
JB Sentral - Terminal Kulai,myBas,Opp TM Skudai,Opp TM Skudai Bus Stop,1.5356996391339357,103.66472268303048,06:47:00,,,
JB Sentral - Terminal Kulai,myBas,Petron TUTA,Petron TUTA Bus Stop,1.52811,103.67087,06:48:00,,,
JB Sentral - Terminal Kulai,myBas,Opp Mcdonalds Taman Sutera,Opp Mcdonalds Taman Sutera Bus Stop,1.52261,103.67966,06:49:00,,,
JB Sentral - Terminal Kulai,myBas,Paradigm Mall,Paradigm Mall Bus Stop,1.51513,103.68491,06:50:00,,,
JB Sentral - Terminal Kulai,myBas,Taman Johor,Taman Johor Bus Stop,1.51153,103.68748,06:51:00,,,
JB Sentral - Terminal Kulai,myBas,OPP Kipmart Tampoi,OPP Kipmart Tampoi Bus Stop,1.50922,103.68902,06:52:00,,,
JB Sentral - Terminal Kulai,myBas,Kompleks Pekan Rabu,Kompleks Pekan Rabu Bus Stop,1.50081,103.69585,06:53:00,,,
JB Sentral - Terminal Kulai,myBas,Opp SK Kampung Pasir / Giant Tampoi,Opp SK Kampung Pasir / Giant Tampoi Bus Stop,1.49892,103.69862,06:54:00,,,
JB Sentral - Terminal Kulai,myBas,Opp Kampung Pasir,Opp Kampung Pasir Bus Stop,1.49698,103.70152,06:55:00,,,
JB Sentral - Terminal Kulai,myBas,B5 Johor Street Market / Plaza Angsana,B5 Johor Street Market / Plaza Angsana Bus Stop,1.49582,103.70333,06:56:00,,,
JB Sentral - Terminal Kulai,myBas,Opp SK Pengkalan Rinting,Opp SK Pengkalan Rinting Bus Stop,1.49447,103.70527,06:57:00,,,
JB Sentral - Terminal Kulai,myBas,Opp Klinik Kesihatan Tampoi,Opp Klinik Kesihatan Tampoi Bus Stop,1.49263,103.70768,06:58:00,,,
JB Sentral - Terminal Kulai,myBas,Bandar Baru UDA,Bandar Baru UDA Bus Stop,1.48961,103.71202,06:59:00,,,
JB Sentral - Terminal Kulai,myBas,Opp Tune Hotel,Opp Tune Hotel Bus Stop,1.48383,103.7197,07:00:00,,,
JB Sentral - Terminal Kulai,myBas,OPP Danga Bay,OPP Danga Bay Bus Stop,1.47516,103.72474,07:01:00,,,
JB Sentral - Terminal Kulai,myBas,Opp Beletime / M-Suites,Opp Beletime / M-Suites Bus Stop,1.46473,103.72993,07:02:00,,,
JB Sentral - Terminal Kulai,myBas,Johor International School,Johor International School Bus Stop,1.46304,103.73155,07:03:00,,,
JB Sentral - Terminal Kulai,myBas,Dataran Bandaraya Johor Bahru / Sri Gela,Dataran Bandaraya Johor Bahru / Sri Gela Bus Stop,1.45947,103.73857,07:04:00,,,
JB Sentral - Terminal Kulai,myBas,Hospital Sultanah Aminah,Hospital Sultanah Aminah Bus Stop,1.45748,103.74656,07:05:00,,,
JB Sentral - Terminal Kulai,myBas,Pusat Islam Negeri Johor,Pusat Islam Negeri Johor Bus Stop,1.45676,103.74912,07:06:00,,,
JB Sentral - Terminal Kulai,myBas,Pejabat Pos Besar,Pejabat Pos Besar Bus Stop,1.45546,103.76188,07:07:00,,,
JB Sentral - Terminal Kulai,myBas,Opp Wisma Peladang,Opp Wisma Peladang Bus Stop,1.45652,103.76484,07:08:00,,,
JB Sentral - Taman Pulai Mutiara,myBas,JB Sentral,JB Sentral Bus Stop,1.46352,103.76496,10:20:00,,,
JB Sentral - Taman Pulai Mutiara,myBas,Wisma Peladang,Wisma Peladang Bus Stop,1.45602,103.7654,10:21:00,,,
JB Sentral - Taman Pulai Mutiara,myBas,Opp Pejabat Pos Besar,Opp Pejabat Pos Besar Bus Stop,1.45487,103.76126,10:22:00,,,
JB Sentral - Taman Pulai Mutiara,myBas,Lot 10,Lot 10 Bus Stop,1.45426,103.75828,10:23:00,,,
JB Sentral - Taman Pulai Mutiara,myBas,OPP Pusat Islam Negeri Johor,OPP Pusat Islam Negeri Johor Bus Stop,1.45671,103.74825,10:24:00,,,
JB Sentral - Taman Pulai Mutiara,myBas,OPP Dataran Bandaraya Johor Bahru / Sri ,OPP Dataran Bandaraya Johor Bahru / Sri  Bus Stop,1.45938,103.73828,10:25:00,,,
JB Sentral - Taman Pulai Mutiara,myBas,Opp Johor International School,Opp Johor International School Bus Stop,1.4628,103.73158,10:26:00,,,
JB Sentral - Taman Pulai Mutiara,myBas,Beletime / OPP M-Suites,Beletime / OPP M-Suites Bus Stop,1.46453,103.72975,10:27:00,,,
JB Sentral - Taman Pulai Mutiara,myBas,Danga Bay,Danga Bay Bus Stop,1.47321,103.72495,10:28:00,,,
JB Sentral - Taman Pulai Mutiara,myBas,Tune Hotel,Tune Hotel Bus Stop,1.48411,103.71892,10:29:00,,,
JB Sentral - Taman Pulai Mutiara,myBas,Opp Bandar Baru Uda,Opp Bandar Baru Uda Bus Stop,1.48883,103.71243,10:30:00,,,
JB Sentral - Taman Pulai Mutiara,myBas,Klinik Kesihatan Tampoi,Klinik Kesihatan Tampoi Bus Stop,1.49244,103.70725,10:32:00,,,
JB Sentral - Taman Pulai Mutiara,myBas,SK Pengkalan Rinting,SK Pengkalan Rinting Bus Stop,1.49382,103.70509,10:34:00,,,
JB Sentral - Taman Pulai Mutiara,myBas,Opp Plaza Angsana,Opp Plaza Angsana Bus Stop,1.49493,103.70351,10:36:00,,,
JB Sentral - Taman Pulai Mutiara,myBas,Kampong Pasir,Kampong Pasir Bus Stop,1.49665,103.7014,10:38:00,,,
JB Sentral - Taman Pulai Mutiara,myBas,SK Kampung Pasir / OPP Giant Tampoi,SK Kampung Pasir / OPP Giant Tampoi Bus Stop,1.49887,103.6983,10:40:00,,,
JB Sentral - Taman Pulai Mutiara,myBas,OPP Kompleks Pekan Rabu,OPP Kompleks Pekan Rabu Bus Stop,1.50074,103.69568,10:42:00,,,
JB Sentral - Taman Pulai Mutiara,myBas,Kipmart Tampoi,Kipmart Tampoi Bus Stop,1.50824,103.68931,10:44:00,,,
JB Sentral - Taman Pulai Mutiara,myBas,OPP TAMAN JOHOR,OPP TAMAN JOHOR Bus Stop,1.51163,103.68694,10:46:00,,,
JB Sentral - Taman Pulai Mutiara,myBas,Opp Paradigm Mall,Opp Paradigm Mall Bus Stop,1.51525,103.68457,10:48:00,,,
JB Sentral - Taman Pulai Mutiara,myBas,Mcdonalds Taman Sutera,Mcdonalds Taman Sutera Bus Stop,1.52311,103.67908,10:49:00,,,
JB Sentral - Taman Pulai Mutiara,myBas,OPP Petron TUTA,OPP Petron TUTA Bus Stop,1.52808,103.67058,10:50:00,,,
JB Sentral - Taman Pulai Mutiara,myBas,TM Skudai,TM Skudai Bus Stop,1.53504,103.66477,10:51:00,,,
JB Sentral - Taman Pulai Mutiara,myBas,MBIP Skudai,MBIP Skudai Bus Stop,1.53675,103.66318,10:52:00,,,
JB Sentral - Taman Pulai Mutiara,myBas,Pejabat Pos Skudai,Pejabat Pos Skudai Bus Stop,1.53952,103.66067,10:53:00,,,
JB Sentral - Taman Pulai Mutiara,myBas,Opp Skudai Parade,Opp Skudai Parade Bus Stop,1.5415614731517646,103.65878422583812,10:54:00,,,
JB Sentral - Taman Pulai Mutiara,myBas,Shell Taman Puteri Skudai,Shell Taman Puteri Skudai Bus Stop,1.54483,103.65729,10:55:00,,,
JB Sentral - Taman Pulai Mutiara,myBas,SMK Skudai,SMK Skudai Bus Stop,1.54873,103.65399,10:56:00,,,
JB Sentral - Taman Pulai Mutiara,myBas,TAMAN SRI SKUDAI,TAMAN SRI SKUDAI Bus Stop,1.54969,103.65196,10:57:00,,,
JB Sentral - Taman Pulai Mutiara,myBas,Taman Desa Skudai,Taman Desa Skudai Bus Stop,1.5464369805422322,103.64456754648978,10:58:00,,,
JB Sentral - Taman Pulai Mutiara,myBas,BHP Tmn Desa Skudai,BHP Tmn Desa Skudai Bus Stop,1.54457,103.64393,10:59:00,,,
JB Sentral - Taman Pulai Mutiara,myBas,Opp Hostel Kilang,Opp Hostel Kilang Bus Stop,1.54114,103.64133,11:00:00,,,
JB Sentral - Taman Pulai Mutiara,myBas,Desa Skudai Apartment,Desa Skudai Apartment Bus Stop,1.5370151718432798,103.63498075905956,11:02:00,,,
JB Sentral - Taman Pulai Mutiara,myBas,Perumahan Staf UTM Desa Skudai,Perumahan Staf UTM Desa Skudai Bus Stop,1.5365,103.63342,11:04:00,,,
JB Sentral - Taman Pulai Mutiara,myBas,SMK Taman Universiti 2,SMK Taman Universiti 2 Bus Stop,1.535683633544582,103.63262492860024,11:06:00,,,
JB Sentral - Taman Pulai Mutiara,myBas,Terminal Taman Universiti,Terminal Taman Universiti Bus Stop,1.53833,103.62836,11:08:00,,,
JB Sentral - Taman Pulai Mutiara,myBas,Medan Selera MBIP,Medan Selera MBIP Bus Stop,1.53558,103.62818,11:09:00,,,
JB Sentral - Taman Pulai Mutiara,myBas,SK Taman Universiti 4,SK Taman Universiti 4 Bus Stop,1.53427,103.62701,11:10:00,,,
JB Sentral - Taman Pulai Mutiara,myBas,Opp Masjid Tan Sri Ainuddin,Opp Masjid Tan Sri Ainuddin Bus Stop,1.53022,103.62352,11:11:00,,,
JB Sentral - Taman Pulai Mutiara,myBas,SImpang Jalan Kemuliaan 21,SImpang Jalan Kemuliaan 21 Bus Stop,1.52912,103.62434,11:12:00,,,
JB Sentral - Taman Pulai Mutiara,myBas,SImpang Jalan Kemuliaan 30,SImpang Jalan Kemuliaan 30 Bus Stop,1.52689,103.62491,11:13:00,,,
JB Sentral - Taman Pulai Mutiara,myBas,Surau Al Falah Taman U,Surau Al Falah Taman U Bus Stop,1.52489,103.62155,11:14:00,,,
JB Sentral - Taman Pulai Mutiara,myBas,SK Taman Universiti 3,SK Taman Universiti 3 Bus Stop,1.52658,103.61965,11:15:00,,,
JB Sentral - Taman Pulai Mutiara,myBas,SImpang Jalan Kemuliaan 9,SImpang Jalan Kemuliaan 9 Bus Stop,1.52924,103.61981,11:16:00,,,
JB Sentral - Taman Pulai Mutiara,myBas,Simpang Jalan Kemuliaan 2,Simpang Jalan Kemuliaan 2 Bus Stop,1.53087,103.61999,11:17:00,,,
JB Sentral - Taman Pulai Mutiara,myBas,Opp ZY Motorsport,Opp ZY Motorsport Bus Stop,1.53073,103.61862,11:18:00,,,
JB Sentral - Taman Pulai Mutiara,myBas,Jalan Penyiaran,Jalan Penyiaran Bus Stop,1.52952,103.61659,11:19:00,,,
JB Sentral - Taman Pulai Mutiara,myBas,SK Taman Universiti 2,SK Taman Universiti 2 Bus Stop,1.53212,103.61377,11:20:00,,,
JB Sentral - Taman Pulai Mutiara,myBas,SA Taman Universiti,SA Taman Universiti Bus Stop,1.53401,103.61237,11:21:00,,,
JB Sentral - Taman Pulai Mutiara,myBas,Surau Al Mukminun Taman U,Surau Al Mukminun Taman U Bus Stop,1.53571,103.61411,11:22:00,,,
JB Sentral - Taman Pulai Mutiara,myBas,Simpang Jalan Penyiaran 51,Simpang Jalan Penyiaran 51 Bus Stop,1.53718,103.61565,11:23:00,,,
JB Sentral - Taman Pulai Mutiara,myBas,SK Taman Universiti 1,SK Taman Universiti 1 Bus Stop,1.53608,103.61822,11:24:00,,,
JB Sentral - Taman Pulai Mutiara,myBas,Simpang Jalan Penyiaran 9,Simpang Jalan Penyiaran 9 Bus Stop,1.53385,103.62057,11:25:00,,,
JB Sentral - Taman Pulai Mutiara,myBas,Kelab Sukan dan Rekreasi Taman Universit,Kelab Sukan dan Rekreasi Taman Universit Bus Stop,1.53408,103.62178,11:26:00,,,
JB Sentral - Taman Pulai Mutiara,myBas,Kawasan Perindustrian Taman Universiti,Kawasan Perindustrian Taman Universiti Bus Stop,1.53597,103.62366,11:27:00,,,
JB Sentral - Taman Pulai Mutiara,myBas,Opp Perpustakaan Awam Taman Universiti,Opp Perpustakaan Awam Taman Universiti Bus Stop,1.53792,103.62555,11:28:00,,,
JB Sentral - Taman Pulai Mutiara,myBas,Opp AEON Taman Universiti,Opp AEON Taman Universiti Bus Stop,1.54144,103.62828,11:29:00,,,
JB Sentral - Taman Pulai Mutiara,myBas,Opp Taman Awam MBIP Taman U,Opp Taman Awam MBIP Taman U Bus Stop,1.5426601237850788,103.62695483034852,11:31:00,,,
JB Sentral - Taman Pulai Mutiara,myBas,Opp Pangsapuri Meranti,Opp Pangsapuri Meranti Bus Stop,1.54468,103.62485,11:33:00,,,
JB Sentral - Taman Pulai Mutiara,myBas,U MALL,U MALL Bus Stop,1.54666,103.62268,11:35:00,,,
JB Sentral - Taman Pulai Mutiara,myBas,Taman Pulai Flora,Taman Pulai Flora Bus Stop,1.55067,103.62434,11:37:00,,,
JB Sentral - Taman Pulai Mutiara,myBas,Petron Jalan Sri Pulai,Petron Jalan Sri Pulai Bus Stop,1.56409,103.6188,11:39:00,,,
JB Sentral - Taman Pulai Mutiara,myBas,Medan Selera Taman Sri Pulai 1,Medan Selera Taman Sri Pulai 1 Bus Stop,1.56745,103.61881,11:41:00,,,
JB Sentral - Taman Pulai Mutiara,myBas,Medan Selera Taman Sri Pulai 2,Medan Selera Taman Sri Pulai 2 Bus Stop,1.56848,103.61883,11:43:00,,,
JB Sentral - Taman Pulai Mutiara,myBas,Sekolah Agama Taman Sri Pulai,Sekolah Agama Taman Sri Pulai Bus Stop,1.57026,103.61873,11:45:00,,,
JB Sentral - Taman Pulai Mutiara,myBas,Taman Sri Pulai (Jalan Batai 9),Taman Sri Pulai (Jalan Batai 9) Bus Stop,1.57133,103.61695,11:47:00,,,
JB Sentral - Taman Pulai Mutiara,myBas,Taman Teratai 1,Taman Teratai 1 Bus Stop,1.57142,103.6155,11:49:00,,,
JB Sentral - Taman Pulai Mutiara,myBas,Taman Teratai 2,Taman Teratai 2 Bus Stop,1.57144,103.61345,11:51:00,,,
JB Sentral - Taman Pulai Mutiara,myBas,Jalan Palas 5 Taman Teratai,Jalan Palas 5 Taman Teratai Bus Stop,1.5705908922033176,103.61223047196948,11:53:00,,,
JB Sentral - Taman Pulai Mutiara,myBas,Jalan Teratai Taman Teratai,Jalan Teratai Taman Teratai Bus Stop,1.57005889599442,103.6123976791684,11:55:00,,,
JB Sentral - Taman Pulai Mutiara,myBas,SRI PULAI PERDANA (1),SRI PULAI PERDANA (1) Bus Stop,1.56574,103.61151,11:57:00,,,
JB Sentral - Taman Pulai Mutiara,myBas,Sri Pulai Perdana (2),Sri Pulai Perdana (2) Bus Stop,1.56631,103.60915,11:59:00,,,
JB Sentral - Taman Pulai Mutiara,myBas,Opp Kampung Nesa,Opp Kampung Nesa Bus Stop,1.56651,103.60628,12:01:00,,,
JB Sentral - Taman Pulai Mutiara,myBas,Opp Simpang Empat Bandar Pulai Jaya,Opp Simpang Empat Bandar Pulai Jaya Bus Stop,1.56652,103.59868,12:03:00,,,
JB Sentral - Taman Pulai Mutiara,myBas,Opp SRI PULAI PERDANA 2 (1),Opp SRI PULAI PERDANA 2 (1) Bus Stop,1.56538,103.59822,12:05:00,,,
JB Sentral - Taman Pulai Mutiara,myBas,Opp Pasaraya Songmart SriPulai Perdana 2,Opp Pasaraya Songmart SriPulai Perdana 2 Bus Stop,1.56229030945843,103.598217522922,12:07:00,,,
JB Sentral - Taman Pulai Mutiara,myBas,Petronas Kangkar Pulai,Petronas Kangkar Pulai Bus Stop,1.55812,103.5953,12:09:00,,,
JB Sentral - Taman Pulai Mutiara,myBas,Dewan Raya Kangkar Pulai,Dewan Raya Kangkar Pulai Bus Stop,1.55731,103.5935,12:10:00,,,
JB Sentral - Taman Pulai Mutiara,myBas,Jalan Pulai Bestari 22(1),Jalan Pulai Bestari 22(1) Bus Stop,1.55858,103.59098,12:11:00,,,
JB Sentral - Taman Pulai Mutiara,myBas,Opp JALAN PULAI BESTARI 22 (2),Opp JALAN PULAI BESTARI 22 (2) Bus Stop,1.55766,103.58955,12:12:00,,,
JB Sentral - Taman Pulai Mutiara,myBas,FLAT KANGKAR PULAI (1),FLAT KANGKAR PULAI (1) Bus Stop,1.55383,103.5895,12:13:00,,,
JB Sentral - Taman Pulai Mutiara,myBas,Flat Kangkar Pulai (2),Flat Kangkar Pulai (2) Bus Stop,1.55335579427907,103.58800208828865,12:14:00,,,
JB Sentral - Taman Pulai Mutiara,myBas,Flat Kangkar Pulai (3),Flat Kangkar Pulai (3) Bus Stop,1.5533791962857515,103.58647954609614,12:15:00,,,
JB Sentral - Taman Pulai Mutiara,myBas,Opp SK Kangkar Pulai 2,Opp SK Kangkar Pulai 2 Bus Stop,1.55167,103.5807,12:16:00,,,
JB Sentral - Taman Pulai Mutiara,myBas,Taman Pulai Indah (1 ),Taman Pulai Indah (1 ) Bus Stop,1.5451,103.58074,12:17:00,,,
JB Sentral - Taman Pulai Mutiara,myBas,Taman Pulai Indah (2),Taman Pulai Indah (2) Bus Stop,1.54408,103.58069,12:18:00,,,
JB Sentral - Taman Pulai Mutiara,myBas,Opp Viscaria Pulai Indah,Opp Viscaria Pulai Indah Bus Stop,1.5429,103.58072,12:19:00,,,
JB Sentral - Taman Pulai Mutiara,myBas,Masjid Taman Pulai Indah,Masjid Taman Pulai Indah Bus Stop,1.5382,103.582,12:20:00,,,
JB Sentral - Taman Pulai Mutiara,myBas,Persiaran Pulai Mutiara 1,Persiaran Pulai Mutiara 1 Bus Stop,1.53451,103.58189,12:21:00,,,
JB Sentral - Taman Pulai Mutiara,myBas,Persiaran Pulai Mutiara 2,Persiaran Pulai Mutiara 2 Bus Stop,1.5323,103.58183,12:22:00,,,
JB Sentral - Taman Pulai Mutiara,myBas,Taman Pulai Mutiara 1,Taman Pulai Mutiara 1 Bus Stop,1.5283,103.58275,12:22:00,,,
JB Sentral - Taman Pulai Mutiara,myBas,Taman Pulai Mutiara 2,Taman Pulai Mutiara 2 Bus Stop,1.52856,103.58487,12:23:00,,,
JB Sentral - Taman Pulai Mutiara,myBas,Taman Pulai Mutiara 3,Taman Pulai Mutiara 3 Bus Stop,1.52852,103.58792,12:23:00,,,
JB Sentral - Taman Pulai Mutiara,myBas,Pangsapuri Pulai Mutiara 2,Pangsapuri Pulai Mutiara 2 Bus Stop,1.52489,103.58955,12:24:00,,,
JB Sentral - Taman Pulai Mutiara,myBas,Pangsapuri Pulai Mutiara 1,Pangsapuri Pulai Mutiara 1 Bus Stop,1.52384,103.58836,12:24:00,,,
JB Sentral - Taman Pulai Mutiara,myBas,Taman Pulai Mutiara 4,Taman Pulai Mutiara 4 Bus Stop,1.52378,103.58682,12:25:00,,,
JB Sentral - Taman Pulai Mutiara,myBas,Taman Pulai Mutiara 5,Taman Pulai Mutiara 5 Bus Stop,1.52469,103.58288,12:25:00,,,
JB Sentral - Taman Pulai Mutiara,myBas,Taman Pulai Mutiara 6,Taman Pulai Mutiara 6 Bus Stop,1.52741,103.58221,12:26:00,,,
JB Sentral - Taman Pulai Mutiara,myBas,Opp Persiaran Pulai Mutiara 2,Opp Persiaran Pulai Mutiara 2 Bus Stop,1.53265,103.58174,08:01:00,,,
JB Sentral - Taman Pulai Mutiara,myBas,Opp Persiaran Pulai Mutiara 1,Opp Persiaran Pulai Mutiara 1 Bus Stop,1.53456,103.58178,08:02:00,,,
JB Sentral - Taman Pulai Mutiara,myBas,Opp Masjid Taman Pulai Indah,Opp Masjid Taman Pulai Indah Bus Stop,1.5383,103.58189,08:03:00,,,
JB Sentral - Taman Pulai Mutiara,myBas,Viscaria Pulai Indah,Viscaria Pulai Indah Bus Stop,1.54304,103.58057,08:04:00,,,
JB Sentral - Taman Pulai Mutiara,myBas,Opp Taman Pulai Indah (2),Opp Taman Pulai Indah (2) Bus Stop,1.54409,103.58059,08:05:00,,,
JB Sentral - Taman Pulai Mutiara,myBas,Opp Taman Pulai Indah (1),Opp Taman Pulai Indah (1) Bus Stop,1.54511,103.5806,08:06:00,,,
JB Sentral - Taman Pulai Mutiara,myBas,SK Kangkar Pulai 2,SK Kangkar Pulai 2 Bus Stop,1.55249,103.58055,08:07:00,,,
JB Sentral - Taman Pulai Mutiara,myBas,Opp FLAT KANGKAR PULAI (1),Opp FLAT KANGKAR PULAI (1) Bus Stop,1.55394,103.58939,08:10:00,,,
JB Sentral - Taman Pulai Mutiara,myBas,JALAN PULAI BESTARI 22 (2),JALAN PULAI BESTARI 22 (2) Bus Stop,1.55757,103.58943,08:12:00,,,
JB Sentral - Taman Pulai Mutiara,myBas,Opp Petronas Kangkar Pulai,Opp Petronas Kangkar Pulai Bus Stop,1.55849,103.59523,08:18:00,,,
JB Sentral - Taman Pulai Mutiara,myBas,Pasaraya Songmart SriPulai Perdana 2,Pasaraya Songmart SriPulai Perdana 2 Bus Stop,1.56238093886963,103.598103984863,08:20:00,,,
JB Sentral - Taman Pulai Mutiara,myBas,SRI PULAI PERDANA 2,SRI PULAI PERDANA 2 Bus Stop,1.56549,103.59807,08:22:00,,,
JB Sentral - Taman Pulai Mutiara,myBas,Simpang Empat Bandar Pulai Jaya,Simpang Empat Bandar Pulai Jaya Bus Stop,1.56663,103.59875,08:24:00,,,
JB Sentral - Taman Pulai Mutiara,myBas,Kampung Nesa,Kampung Nesa Bus Stop,1.56663,103.60605,08:26:00,,,
JB Sentral - Taman Pulai Mutiara,myBas,Opp Sri Pulai Perdana (2),Opp Sri Pulai Perdana (2) Bus Stop,1.56659994713035,103.609183181763,08:28:00,,,
JB Sentral - Taman Pulai Mutiara,myBas,Opp SRI PULAI PERDANA (1),Opp SRI PULAI PERDANA (1) Bus Stop,1.56591,103.61144,08:30:00,,,
JB Sentral - Taman Pulai Mutiara,myBas,Opp Sekolah Agama Taman Sri Pulai,Opp Sekolah Agama Taman Sri Pulai Bus Stop,1.57023463566769,103.618928310888,08:42:00,,,
JB Sentral - Taman Pulai Mutiara,myBas,Opp Medan Selera Tmn Sri Pulai 2,Opp Medan Selera Tmn Sri Pulai 2 Bus Stop,1.5684997058957133,103.61897173415962,08:44:00,,,
JB Sentral - Taman Pulai Mutiara,myBas,Opp Medan Selera Taman Sri Pulai 1,Opp Medan Selera Taman Sri Pulai 1 Bus Stop,1.56731,103.6189,08:46:00,,,
JB Sentral - Taman Pulai Mutiara,myBas,Opp Petron Taman Sri Pulai,Opp Petron Taman Sri Pulai Bus Stop,1.56378,103.61888,08:48:00,,,
JB Sentral - Taman Pulai Mutiara,myBas,Opp Taman Pulai Flora,Opp Taman Pulai Flora Bus Stop,1.55029,103.62425,08:50:00,,,
JB Sentral - Taman Pulai Mutiara,myBas,Opp U Mall,Opp U Mall Bus Stop,1.5467278942964342,103.62318690000306,08:52:00,,,
JB Sentral - Taman Pulai Mutiara,myBas,Pangsapuri Meranti,Pangsapuri Meranti Bus Stop,1.54392,103.62594,08:54:00,,,
JB Sentral - Taman Pulai Mutiara,myBas,Taman Awam MBIP Taman U,Taman Awam MBIP Taman U Bus Stop,1.5428,103.62712,08:56:00,,,
JB Sentral - Taman Pulai Mutiara,myBas,AEON Taman Universiti,AEON Taman Universiti Bus Stop,1.54169,103.6282,08:58:00,,,
JB Sentral - Taman Pulai Mutiara,myBas,Perpustakaan Awam Taman Universiti,Perpustakaan Awam Taman Universiti Bus Stop,1.53757,103.62539,09:00:00,,,
JB Sentral - Taman Pulai Mutiara,myBas,Opp Kawasan Perindustrian Taman Universi,Opp Kawasan Perindustrian Taman Universi Bus Stop,1.53599,103.6238,09:01:00,,,
JB Sentral - Taman Pulai Mutiara,myBas,Opp Kelab Sukan dan Rekreasi Taman Unive,Opp Kelab Sukan dan Rekreasi Taman Unive Bus Stop,1.53436,103.62227,09:02:00,,,
JB Sentral - Taman Pulai Mutiara,myBas,ZY Motorsport,ZY Motorsport Bus Stop,1.53075,103.6185,09:10:00,,,
JB Sentral - Taman Pulai Mutiara,myBas,Masjid Tan Sri Ainuddin Taman U,Masjid Tan Sri Ainuddin Taman U Bus Stop,1.53037,103.62349,09:17:00,,,
JB Sentral - Taman Pulai Mutiara,myBas,Al Ikhsan Taman U,Al Ikhsan Taman U Bus Stop,1.53965,103.63174,09:21:00,,,
JB Sentral - Taman Pulai Mutiara,myBas,Tadika Nuri,Tadika Nuri Bus Stop,1.5383874201742262,103.6307336778426,09:23:00,,,
JB Sentral - Taman Pulai Mutiara,myBas,Opp SMK Taman Universiti 2,Opp SMK Taman Universiti 2 Bus Stop,1.5357202654521378,103.6325695816513,09:25:00,,,
JB Sentral - Taman Pulai Mutiara,myBas,Opp Perumahan Staf UTM Desa Skudai,Opp Perumahan Staf UTM Desa Skudai Bus Stop,1.536520270643371,103.63332083998895,09:27:00,,,
JB Sentral - Taman Pulai Mutiara,myBas,Opp Desa Skudai Apartment,Opp Desa Skudai Apartment Bus Stop,1.53708,103.63505,09:29:00,,,
JB Sentral - Taman Pulai Mutiara,myBas,Hostel Kilang,Hostel Kilang Bus Stop,1.54065,103.64076,09:31:00,,,
JB Sentral - Taman Pulai Mutiara,myBas,Opp BHP Tmn Desa Skudai,Opp BHP Tmn Desa Skudai Bus Stop,1.5448,103.64401,09:33:00,,,
JB Sentral - Taman Pulai Mutiara,myBas,Opp Taman Desa Skudai,Opp Taman Desa Skudai Bus Stop,1.5461635191012162,103.64443684740392,09:35:00,,,
JB Sentral - Taman Pulai Mutiara,myBas,Opp TAMAN SRI SKUDAI,Opp TAMAN SRI SKUDAI Bus Stop,1.55066,103.65003,09:37:00,,,
JB Sentral - Taman Pulai Mutiara,myBas,Opp SMK Skudai,Opp SMK Skudai Bus Stop,1.54911,103.65405,09:39:00,,,
JB Sentral - Taman Pulai Mutiara,myBas,Opp Shell Tmn Puteri Skudai,Opp Shell Tmn Puteri Skudai Bus Stop,1.54437,103.65784,09:41:00,,,
JB Sentral - Taman Pulai Mutiara,myBas,Skudai Parade,Skudai Parade Bus Stop,1.54212,103.65897,09:43:00,,,
JB Sentral - Taman Pulai Mutiara,myBas,Opp Pejabat Pos Skudai,Opp Pejabat Pos Skudai Bus Stop,1.53982,103.6606,09:45:00,,,
JB Sentral - Taman Pulai Mutiara,myBas,Opp MBIP Skudai,Opp MBIP Skudai Bus Stop,1.5375,103.66291,09:47:00,,,
JB Sentral - Taman Pulai Mutiara,myBas,Opp TM Skudai,Opp TM Skudai Bus Stop,1.5356996391339357,103.66472268303048,09:49:00,,,
JB Sentral - Taman Pulai Mutiara,myBas,Petron TUTA,Petron TUTA Bus Stop,1.52811,103.67087,09:51:00,,,
JB Sentral - Taman Pulai Mutiara,myBas,Opp Mcdonalds Taman Sutera,Opp Mcdonalds Taman Sutera Bus Stop,1.52261,103.67966,09:53:00,,,
JB Sentral - Taman Pulai Mutiara,myBas,Paradigm Mall,Paradigm Mall Bus Stop,1.51513,103.68491,09:55:00,,,
JB Sentral - Taman Pulai Mutiara,myBas,Taman Johor,Taman Johor Bus Stop,1.51153,103.68748,09:57:00,,,
JB Sentral - Taman Pulai Mutiara,myBas,OPP Kipmart Tampoi,OPP Kipmart Tampoi Bus Stop,1.50922,103.68902,09:59:00,,,
JB Sentral - Taman Pulai Mutiara,myBas,Kompleks Pekan Rabu,Kompleks Pekan Rabu Bus Stop,1.50081,103.69585,10:01:00,,,
JB Sentral - Taman Pulai Mutiara,myBas,Opp SK Kampung Pasir / Giant Tampoi,Opp SK Kampung Pasir / Giant Tampoi Bus Stop,1.49892,103.69862,10:03:00,,,
JB Sentral - Taman Pulai Mutiara,myBas,Opp Kampung Pasir,Opp Kampung Pasir Bus Stop,1.49698,103.70152,10:05:00,,,
JB Sentral - Taman Pulai Mutiara,myBas,B5 Johor Street Market / Plaza Angsana,B5 Johor Street Market / Plaza Angsana Bus Stop,1.49582,103.70333,10:07:00,,,
JB Sentral - Taman Pulai Mutiara,myBas,Opp SK Pengkalan Rinting,Opp SK Pengkalan Rinting Bus Stop,1.49447,103.70527,10:09:00,,,
JB Sentral - Taman Pulai Mutiara,myBas,Opp Klinik Kesihatan Tampoi,Opp Klinik Kesihatan Tampoi Bus Stop,1.49263,103.70768,10:11:00,,,
JB Sentral - Taman Pulai Mutiara,myBas,Bandar Baru UDA,Bandar Baru UDA Bus Stop,1.48961,103.71202,10:13:00,,,
JB Sentral - Taman Pulai Mutiara,myBas,Opp Tune Hotel,Opp Tune Hotel Bus Stop,1.48383,103.7197,10:15:00,,,
JB Sentral - Taman Pulai Mutiara,myBas,OPP Danga Bay,OPP Danga Bay Bus Stop,1.47516,103.72474,10:16:00,,,
JB Sentral - Taman Pulai Mutiara,myBas,Opp Beletime / M-Suites,Opp Beletime / M-Suites Bus Stop,1.46473,103.72993,10:17:00,,,
JB Sentral - Taman Pulai Mutiara,myBas,Johor International School,Johor International School Bus Stop,1.46304,103.73155,10:18:00,,,
JB Sentral - Taman Pulai Mutiara,myBas,Dataran Bandaraya Johor Bahru / Sri Gela,Dataran Bandaraya Johor Bahru / Sri Gela Bus Stop,1.45947,103.73857,10:19:00,,,
JB Sentral - Taman Pulai Mutiara,myBas,Hospital Sultanah Aminah,Hospital Sultanah Aminah Bus Stop,1.45748,103.74656,10:20:00,,,
JB Sentral - Taman Pulai Mutiara,myBas,Pusat Islam Negeri Johor,Pusat Islam Negeri Johor Bus Stop,1.45676,103.74912,10:21:00,,,
JB Sentral - Taman Pulai Mutiara,myBas,Pejabat Pos Besar,Pejabat Pos Besar Bus Stop,1.45546,103.76188,10:22:00,,,
JB Sentral - Bandar Selesa Jaya,myBas,JB Sentral,JB Sentral Bus Stop,1.46352,103.76496,08:40:00,,,
JB Sentral - Bandar Selesa Jaya,myBas,Wisma Peladang,Wisma Peladang Bus Stop,1.45602,103.7654,08:41:00,,,
JB Sentral - Bandar Selesa Jaya,myBas,Opp Pejabat Pos Besar,Opp Pejabat Pos Besar Bus Stop,1.45487,103.76126,08:42:00,,,
JB Sentral - Bandar Selesa Jaya,myBas,Lot 10,Lot 10 Bus Stop,1.45426,103.75828,08:43:00,,,
JB Sentral - Bandar Selesa Jaya,myBas,OPP Pusat Islam Negeri Johor,OPP Pusat Islam Negeri Johor Bus Stop,1.45671,103.74825,08:44:00,,,
JB Sentral - Bandar Selesa Jaya,myBas,Opp Hospital Sultanah Aminah,Opp Hospital Sultanah Aminah Bus Stop,1.45724,103.74661,08:45:00,,,
JB Sentral - Bandar Selesa Jaya,myBas,OPP Dataran Bandaraya Johor Bahru / Sri ,OPP Dataran Bandaraya Johor Bahru / Sri  Bus Stop,1.45938,103.73828,08:46:00,,,
JB Sentral - Bandar Selesa Jaya,myBas,Opp Johor International School,Opp Johor International School Bus Stop,1.4628,103.73158,08:47:00,,,
JB Sentral - Bandar Selesa Jaya,myBas,Beletime / OPP M-Suites,Beletime / OPP M-Suites Bus Stop,1.46453,103.72975,08:48:00,,,
JB Sentral - Bandar Selesa Jaya,myBas,Danga Bay,Danga Bay Bus Stop,1.47321,103.72495,08:49:00,,,
JB Sentral - Bandar Selesa Jaya,myBas,Tune Hotel,Tune Hotel Bus Stop,1.48411,103.71892,08:50:00,,,
JB Sentral - Bandar Selesa Jaya,myBas,Opp Bandar Baru Uda,Opp Bandar Baru Uda Bus Stop,1.48883,103.71243,08:51:00,,,
JB Sentral - Bandar Selesa Jaya,myBas,Klinik Kesihatan Tampoi,Klinik Kesihatan Tampoi Bus Stop,1.49244,103.70725,08:52:00,,,
JB Sentral - Bandar Selesa Jaya,myBas,SK Pengkalan Rinting,SK Pengkalan Rinting Bus Stop,1.49382,103.70509,08:53:00,,,
JB Sentral - Bandar Selesa Jaya,myBas,Opp Plaza Angsana,Opp Plaza Angsana Bus Stop,1.49493,103.70351,08:54:00,,,
JB Sentral - Bandar Selesa Jaya,myBas,Kampong Pasir,Kampong Pasir Bus Stop,1.49665,103.7014,08:55:00,,,
JB Sentral - Bandar Selesa Jaya,myBas,SK Kampung Pasir / OPP Giant Tampoi,SK Kampung Pasir / OPP Giant Tampoi Bus Stop,1.49887,103.6983,08:56:00,,,
JB Sentral - Bandar Selesa Jaya,myBas,OPP Kompleks Pekan Rabu,OPP Kompleks Pekan Rabu Bus Stop,1.50074,103.69568,08:57:00,,,
JB Sentral - Bandar Selesa Jaya,myBas,Kipmart Tampoi,Kipmart Tampoi Bus Stop,1.50824,103.68931,08:58:00,,,
JB Sentral - Bandar Selesa Jaya,myBas,OPP TAMAN JOHOR,OPP TAMAN JOHOR Bus Stop,1.51163,103.68694,08:59:00,,,
JB Sentral - Bandar Selesa Jaya,myBas,Opp Paradigm Mall,Opp Paradigm Mall Bus Stop,1.51525,103.68457,09:00:00,,,
JB Sentral - Bandar Selesa Jaya,myBas,Mcdonalds Taman Sutera,Mcdonalds Taman Sutera Bus Stop,1.52311,103.67908,09:01:00,,,
JB Sentral - Bandar Selesa Jaya,myBas,OPP Petron TUTA,OPP Petron TUTA Bus Stop,1.52808,103.67058,09:02:00,,,
JB Sentral - Bandar Selesa Jaya,myBas,TM Point Skudai / MZ WORLD,TM Point Skudai / MZ WORLD Bus Stop,1.52655,103.66744,09:03:00,,,
JB Sentral - Bandar Selesa Jaya,myBas,Opp KFC TUTA /FARMASI PERENNIAL,Opp KFC TUTA /FARMASI PERENNIAL Bus Stop,1.52431,103.66539,09:04:00,,,
JB Sentral - Bandar Selesa Jaya,myBas,Opp Shell TUTA,Opp Shell TUTA Bus Stop,1.52239,103.66358,09:05:00,,,
JB Sentral - Bandar Selesa Jaya,myBas,Opp TERMINAL TUTA,Opp TERMINAL TUTA Bus Stop,1.51934,103.66074,09:06:00,,,
JB Sentral - Bandar Selesa Jaya,myBas,PERSATUAN PENGANUT BUDHA BAO LIAN SI,PERSATUAN PENGANUT BUDHA BAO LIAN SI Bus Stop,1.51757,103.65909,09:07:00,,,
JB Sentral - Bandar Selesa Jaya,myBas,Opp TAN FURNITURE,Opp TAN FURNITURE Bus Stop,1.5155,103.65717,09:08:00,,,
JB Sentral - Bandar Selesa Jaya,myBas,Opp MCDONALDS TUN AMINAH / KEDAI BUAH,Opp MCDONALDS TUN AMINAH / KEDAI BUAH Bus Stop,1.51406,103.65691,09:09:00,,,
JB Sentral - Bandar Selesa Jaya,myBas,CALTEX TASEK CENTRAL,CALTEX TASEK CENTRAL Bus Stop,1.51284,103.65662,09:10:00,,,
JB Sentral - Bandar Selesa Jaya,myBas,JALAN PENDEKAR 18,JALAN PENDEKAR 18 Bus Stop,1.51234,103.65465,09:11:00,,,
JB Sentral - Bandar Selesa Jaya,myBas,Masjid Hjh. Mominbi Ahmad Angullia,Masjid Hjh. Mominbi Ahmad Angullia Bus Stop,1.51371,103.65247,09:12:00,,,
JB Sentral - Bandar Selesa Jaya,myBas,Opp Blok 33 & 34,Opp Blok 33 & 34 Bus Stop,1.51144,103.65051,09:13:00,,,
JB Sentral - Bandar Selesa Jaya,myBas,Opp Restoran 777,Opp Restoran 777 Bus Stop,1.50965,103.65105,09:14:00,,,
JB Sentral - Bandar Selesa Jaya,myBas,Opp BLOK 58,Opp BLOK 58 Bus Stop,1.50876,103.652,09:15:00,,,
JB Sentral - Bandar Selesa Jaya,myBas,Blok 64,Blok 64 Bus Stop,1.50664,103.6523,09:16:00,,,
JB Sentral - Bandar Selesa Jaya,myBas,Simpang Jalan Tenang 1,Simpang Jalan Tenang 1 Bus Stop,1.5047624297986295,103.6505414492732,09:17:00,,,
JB Sentral - Bandar Selesa Jaya,myBas,Jalan Makmur 15,Jalan Makmur 15 Bus Stop,1.50287,103.6487,09:18:00,,,
JB Sentral - Bandar Selesa Jaya,myBas,Opp SK Taman Damai Jaya,Opp SK Taman Damai Jaya Bus Stop,1.50247,103.64838,09:19:00,,,
JB Sentral - Bandar Selesa Jaya,myBas,Jalan Makmur 1 / Makmur 2,Jalan Makmur 1 / Makmur 2 Bus Stop,1.50069,103.64669,09:20:00,,,
JB Sentral - Bandar Selesa Jaya,myBas,Opp Taman Timur,Opp Taman Timur Bus Stop,1.49916,103.64761,09:21:00,,,
JB Sentral - Bandar Selesa Jaya,myBas,28 mart,28 mart Bus Stop,1.49789,103.64678,09:22:00,,,
JB Sentral - Bandar Selesa Jaya,myBas,Pasaraya Everjoy,Pasaraya Everjoy Bus Stop,1.49474,103.64298,09:23:00,,,
JB Sentral - Bandar Selesa Jaya,myBas,Taman Nusajaya Mas 1,Taman Nusajaya Mas 1 Bus Stop,1.49339,103.64148,09:24:00,,,
JB Sentral - Bandar Selesa Jaya,myBas,Taman Nusa Jaya Mas 2,Taman Nusa Jaya Mas 2 Bus Stop,1.49184,103.64016,09:25:00,,,
JB Sentral - Bandar Selesa Jaya,myBas,Pasaraya Golden Moon,Pasaraya Golden Moon Bus Stop,1.48906,103.63948,09:26:00,,,
JB Sentral - Bandar Selesa Jaya,myBas,Taman Selesa Jaya,Taman Selesa Jaya Bus Stop,1.48795,103.63917,09:27:00,,,
JB Sentral - Bandar Selesa Jaya,myBas,Petronas Selesa Jaya,Petronas Selesa Jaya Bus Stop,1.48552,103.63862,09:28:00,,,
JB Sentral - Bandar Selesa Jaya,myBas,Bandar Selesa Jaya,Bandar Selesa Jaya Bus Stop,1.48445,103.63706,09:29:00,,,
JB Sentral - Bandar Selesa Jaya,myBas,Flat Taman Selesa Jaya,Flat Taman Selesa Jaya Bus Stop,1.48241374139556,103.637886748995,09:30:00,,,
JB Sentral - Bandar Selesa Jaya,myBas,Opp Pasaraya Everjoy,Opp Pasaraya Everjoy Bus Stop,1.49546,103.64333,07:07:00,,,
JB Sentral - Bandar Selesa Jaya,myBas,Taman Timur,Taman Timur Bus Stop,1.49904,103.64754,07:09:00,,,
JB Sentral - Bandar Selesa Jaya,myBas,SK Taman Damai Jaya,SK Taman Damai Jaya Bus Stop,1.50244,103.64829,07:11:00,,,
JB Sentral - Bandar Selesa Jaya,myBas,Restoran 777,Restoran 777 Bus Stop,1.5097,103.65098,07:16:00,,,
JB Sentral - Bandar Selesa Jaya,myBas,Blok 33 & 34,Blok 33 & 34 Bus Stop,1.51146,103.65047,07:17:00,,,
JB Sentral - Bandar Selesa Jaya,myBas,MCDONALDS TUN AMINAH / KEDAI BUAH,MCDONALDS TUN AMINAH / KEDAI BUAH Bus Stop,1.51378,103.65693,07:21:00,,,
JB Sentral - Bandar Selesa Jaya,myBas,TAN FURNITURE,TAN FURNITURE Bus Stop,1.51587,103.65726,07:22:00,,,
JB Sentral - Bandar Selesa Jaya,myBas,Opp PERSATUAN PENGANUT BUDHA BAO LIAN SI,Opp PERSATUAN PENGANUT BUDHA BAO LIAN SI Bus Stop,1.5179,103.65916,07:23:00,,,
JB Sentral - Bandar Selesa Jaya,myBas,TERMINAL TUTA,TERMINAL TUTA Bus Stop,1.51975,103.66089,07:24:00,,,
JB Sentral - Bandar Selesa Jaya,myBas,Shell TUTA,Shell TUTA Bus Stop,1.52264,103.66364,07:25:00,,,
JB Sentral - Bandar Selesa Jaya,myBas,KFC TUTA /FARMASI PERENNIAL,KFC TUTA /FARMASI PERENNIAL Bus Stop,1.52406,103.66498,07:26:00,,,
JB Sentral - Bandar Selesa Jaya,myBas,Caltex Tuta,Caltex Tuta Bus Stop,1.52719,103.66507,07:27:00,,,
JB Sentral - Bandar Selesa Jaya,myBas,BEST VISION,BEST VISION Bus Stop,1.52948,103.665,07:28:00,,,
JB Sentral - Bandar Selesa Jaya,myBas,Petron TUTA,Petron TUTA Bus Stop,1.52811,103.67087,07:29:00,,,
JB Sentral - Bandar Selesa Jaya,myBas,Opp Mcdonalds Taman Sutera,Opp Mcdonalds Taman Sutera Bus Stop,1.52261,103.67966,07:30:00,,,
JB Sentral - Bandar Selesa Jaya,myBas,Paradigm Mall,Paradigm Mall Bus Stop,1.51513,103.68491,07:31:00,,,
JB Sentral - Bandar Selesa Jaya,myBas,Taman Johor,Taman Johor Bus Stop,1.51153,103.68748,07:32:00,,,
JB Sentral - Bandar Selesa Jaya,myBas,OPP Kipmart Tampoi,OPP Kipmart Tampoi Bus Stop,1.50922,103.68902,07:33:00,,,
JB Sentral - Bandar Selesa Jaya,myBas,Kompleks Pekan Rabu,Kompleks Pekan Rabu Bus Stop,1.50081,103.69585,07:34:00,,,
JB Sentral - Bandar Selesa Jaya,myBas,Opp SK Kampung Pasir / Giant Tampoi,Opp SK Kampung Pasir / Giant Tampoi Bus Stop,1.49892,103.69862,07:35:00,,,
JB Sentral - Bandar Selesa Jaya,myBas,Opp Kampung Pasir,Opp Kampung Pasir Bus Stop,1.49698,103.70152,07:36:00,,,
JB Sentral - Bandar Selesa Jaya,myBas,B5 Johor Street Market / Plaza Angsana,B5 Johor Street Market / Plaza Angsana Bus Stop,1.49582,103.70333,07:37:00,,,
JB Sentral - Bandar Selesa Jaya,myBas,Opp SK Pengkalan Rinting,Opp SK Pengkalan Rinting Bus Stop,1.49447,103.70527,07:38:00,,,
JB Sentral - Bandar Selesa Jaya,myBas,Opp Klinik Kesihatan Tampoi,Opp Klinik Kesihatan Tampoi Bus Stop,1.49263,103.70768,07:39:00,,,
JB Sentral - Bandar Selesa Jaya,myBas,Bandar Baru UDA,Bandar Baru UDA Bus Stop,1.48961,103.71202,07:40:00,,,
JB Sentral - Bandar Selesa Jaya,myBas,Opp Tune Hotel,Opp Tune Hotel Bus Stop,1.48383,103.7197,07:41:00,,,
JB Sentral - Bandar Selesa Jaya,myBas,OPP Danga Bay,OPP Danga Bay Bus Stop,1.47516,103.72474,07:42:00,,,
JB Sentral - Bandar Selesa Jaya,myBas,Opp Beletime / M-Suites,Opp Beletime / M-Suites Bus Stop,1.46473,103.72993,07:43:00,,,
JB Sentral - Bandar Selesa Jaya,myBas,Johor International School,Johor International School Bus Stop,1.46304,103.73155,07:44:00,,,
JB Sentral - Bandar Selesa Jaya,myBas,Dataran Bandaraya Johor Bahru / Sri Gela,Dataran Bandaraya Johor Bahru / Sri Gela Bus Stop,1.45947,103.73857,07:45:00,,,
JB Sentral - Bandar Selesa Jaya,myBas,Hospital Sultanah Aminah,Hospital Sultanah Aminah Bus Stop,1.45748,103.74656,07:46:00,,,
JB Sentral - Bandar Selesa Jaya,myBas,Pusat Islam Negeri Johor,Pusat Islam Negeri Johor Bus Stop,1.45676,103.74912,07:47:00,,,
JB Sentral - Bandar Selesa Jaya,myBas,Pejabat Pos Besar,Pejabat Pos Besar Bus Stop,1.45546,103.76188,07:48:00,,,
JB Sentral - Bandar Selesa Jaya,myBas,Opp Wisma Peladang,Opp Wisma Peladang Bus Stop,1.45652,103.76484,07:49:00,,,
JB Sentral - Taman Tan Sri Yaacob,myBas,JB Sentral,JB Sentral Bus Stop,1.46352,103.76496,07:00:00,,,
JB Sentral - Taman Tan Sri Yaacob,myBas,Wisma Peladang,Wisma Peladang Bus Stop,1.45602,103.7654,07:01:00,,,
JB Sentral - Taman Tan Sri Yaacob,myBas,Opp Pejabat Pos Besar,Opp Pejabat Pos Besar Bus Stop,1.45487,103.76126,07:02:00,,,
JB Sentral - Taman Tan Sri Yaacob,myBas,Lot 10,Lot 10 Bus Stop,1.45426,103.75828,07:03:00,,,
JB Sentral - Taman Tan Sri Yaacob,myBas,OPP Pusat Islam Negeri Johor,OPP Pusat Islam Negeri Johor Bus Stop,1.45671,103.74825,07:04:00,,,
JB Sentral - Taman Tan Sri Yaacob,myBas,OPP Dataran Bandaraya Johor Bahru / Sri ,OPP Dataran Bandaraya Johor Bahru / Sri  Bus Stop,1.45938,103.73828,07:05:00,,,
JB Sentral - Taman Tan Sri Yaacob,myBas,Opp Johor International School,Opp Johor International School Bus Stop,1.4628,103.73158,07:06:00,,,
JB Sentral - Taman Tan Sri Yaacob,myBas,Beletime / OPP M-Suites,Beletime / OPP M-Suites Bus Stop,1.46453,103.72975,07:07:00,,,
JB Sentral - Taman Tan Sri Yaacob,myBas,Danga Bay,Danga Bay Bus Stop,1.47321,103.72495,07:08:00,,,
JB Sentral - Taman Tan Sri Yaacob,myBas,Tune Hotel,Tune Hotel Bus Stop,1.48411,103.71892,07:09:00,,,
JB Sentral - Taman Tan Sri Yaacob,myBas,Opp Bandar Baru Uda,Opp Bandar Baru Uda Bus Stop,1.48883,103.71243,07:10:00,,,
JB Sentral - Taman Tan Sri Yaacob,myBas,Klinik Kesihatan Tampoi,Klinik Kesihatan Tampoi Bus Stop,1.49244,103.70725,07:11:00,,,
JB Sentral - Taman Tan Sri Yaacob,myBas,SK Pengkalan Rinting,SK Pengkalan Rinting Bus Stop,1.49382,103.70509,07:12:00,,,
JB Sentral - Taman Tan Sri Yaacob,myBas,Opp Plaza Angsana,Opp Plaza Angsana Bus Stop,1.49493,103.70351,07:13:00,,,
JB Sentral - Taman Tan Sri Yaacob,myBas,Kampong Pasir,Kampong Pasir Bus Stop,1.49665,103.7014,07:14:00,,,
JB Sentral - Taman Tan Sri Yaacob,myBas,SK Kampung Pasir / OPP Giant Tampoi,SK Kampung Pasir / OPP Giant Tampoi Bus Stop,1.49887,103.6983,07:15:00,,,
JB Sentral - Taman Tan Sri Yaacob,myBas,OPP Kompleks Pekan Rabu,OPP Kompleks Pekan Rabu Bus Stop,1.50074,103.69568,07:16:00,,,
JB Sentral - Taman Tan Sri Yaacob,myBas,Petronas Tampoi Utama,Petronas Tampoi Utama Bus Stop,1.50194,103.68721,07:17:00,,,
JB Sentral - Taman Tan Sri Yaacob,myBas,Opp Tampoi Indah,Opp Tampoi Indah Bus Stop,1.50172,103.68519,07:18:00,,,
JB Sentral - Taman Tan Sri Yaacob,myBas,Medan Selera Perling,Medan Selera Perling Bus Stop,1.49835,103.6818,07:19:00,,,
JB Sentral - Taman Tan Sri Yaacob,myBas,Opp SJK C Pei Hwa / Masjid Taman Perling,Opp SJK C Pei Hwa / Masjid Taman Perling Bus Stop,1.49587,103.68331,07:20:00,,,
JB Sentral - Taman Tan Sri Yaacob,myBas,Opp SK TAMAN PERLING,Opp SK TAMAN PERLING Bus Stop,1.49486,103.68435,07:21:00,,,
JB Sentral - Taman Tan Sri Yaacob,myBas,Opp Persisiran Perling Spg Jalan Pucung,Opp Persisiran Perling Spg Jalan Pucung Bus Stop,1.49185,103.68607,07:22:00,,,
JB Sentral - Taman Tan Sri Yaacob,myBas,Surau Al Hidayah,Surau Al Hidayah Bus Stop,1.48928,103.68653,07:23:00,,,
JB Sentral - Taman Tan Sri Yaacob,myBas,Opp Simpang Jalan Belibis ,Opp Simpang Jalan Belibis  Bus Stop,1.48743,103.68685,07:24:00,,,
JB Sentral - Taman Tan Sri Yaacob,myBas,Simpang Jalan Sutera,Simpang Jalan Sutera Bus Stop,1.48529,103.68715,07:25:00,,,
JB Sentral - Taman Tan Sri Yaacob,myBas,Opp Dewan Raya Taman Perling,Opp Dewan Raya Taman Perling Bus Stop,1.48418,103.6868,07:26:00,,,
JB Sentral - Taman Tan Sri Yaacob,myBas,Opp Perling Apartment,Opp Perling Apartment Bus Stop,1.48217,103.68545,07:27:00,,,
JB Sentral - Taman Tan Sri Yaacob,myBas,Opp Shell Taman Perling,Opp Shell Taman Perling Bus Stop,1.47983,103.68344,07:28:00,,,
JB Sentral - Taman Tan Sri Yaacob,myBas,Opp Caltex Taman Perling,Opp Caltex Taman Perling Bus Stop,1.47614,103.67997,07:29:00,,,
JB Sentral - Taman Tan Sri Yaacob,myBas,Perling Height,Perling Height Bus Stop,1.47449,103.67902,07:30:00,,,
JB Sentral - Taman Tan Sri Yaacob,myBas,JALAN ISMAIL SULTAN,JALAN ISMAIL SULTAN Bus Stop,1.47266,103.6765,07:31:00,,,
JB Sentral - Taman Tan Sri Yaacob,myBas,SK Taman Perling 3,SK Taman Perling 3 Bus Stop,1.47284,103.67203,07:32:00,,,
JB Sentral - Taman Tan Sri Yaacob,myBas,Petronas Bukit Indah,Petronas Bukit Indah Bus Stop,1.47567,103.66582,07:33:00,,,
JB Sentral - Taman Tan Sri Yaacob,myBas,7-ELEVEN BUKIT INDAH,7-ELEVEN BUKIT INDAH Bus Stop,1.48032,103.66498,07:34:00,,,
JB Sentral - Taman Tan Sri Yaacob,myBas,Ambank Bukit Indah,Ambank Bukit Indah Bus Stop,1.48151,103.66415,07:35:00,,,
JB Sentral - Taman Tan Sri Yaacob,myBas,Opp Lotus Bukit Indah,Opp Lotus Bukit Indah Bus Stop,1.48166,103.66174,07:36:00,,,
JB Sentral - Taman Tan Sri Yaacob,myBas,Opp AEON Bukit Indah,Opp AEON Bukit Indah Bus Stop,1.4812434724464252,103.65718220942426,07:37:00,,,
JB Sentral - Taman Tan Sri Yaacob,myBas,PERSIARAN INDAH (1),PERSIARAN INDAH (1) Bus Stop,1.47863,103.65573,07:38:00,,,
JB Sentral - Taman Tan Sri Yaacob,myBas,Opp BUKIT INDAH 2,Opp BUKIT INDAH 2 Bus Stop,1.47725,103.652,07:39:00,,,
JB Sentral - Taman Tan Sri Yaacob,myBas,PERSIARAN INDAH (2),PERSIARAN INDAH (2) Bus Stop,1.47779,103.65061,07:40:00,,,
JB Sentral - Taman Tan Sri Yaacob,myBas,PERSIARAN INDAH (3),PERSIARAN INDAH (3) Bus Stop,1.479,103.65006,07:41:00,,,
JB Sentral - Taman Tan Sri Yaacob,myBas,Petronas Bkt Indah Persiaran Indah Utama,Petronas Bkt Indah Persiaran Indah Utama Bus Stop,1.48416,103.64853,07:42:00,,,
JB Sentral - Taman Tan Sri Yaacob,myBas,PERSIARAN INDAH UTAMA,PERSIARAN INDAH UTAMA Bus Stop,1.48677,103.65095,07:43:00,,,
JB Sentral - Taman Tan Sri Yaacob,myBas,JALAN INDAH 1/14 - 1/20,JALAN INDAH 1/14 - 1/20 Bus Stop,1.48848,103.654,07:44:00,,,
JB Sentral - Taman Tan Sri Yaacob,myBas,JALAN INDAH 2/1 - 2/11,JALAN INDAH 2/1 - 2/11 Bus Stop,1.48812,103.65657,07:45:00,,,
JB Sentral - Taman Tan Sri Yaacob,myBas,SIMPANG JALAN INDAH 1/10,SIMPANG JALAN INDAH 1/10 Bus Stop,1.48791,103.661,07:46:00,,,
JB Sentral - Taman Tan Sri Yaacob,myBas,TAMAN NUSA BESTARI 3,TAMAN NUSA BESTARI 3 Bus Stop,1.49319,103.65743,07:47:00,,,
JB Sentral - Taman Tan Sri Yaacob,myBas,HAB TAMAN TAN SRI YAACOB,HAB TAMAN TAN SRI YAACOB Bus Stop,1.49726,103.65983,07:48:00,,,
JB Sentral - Taman Tan Sri Yaacob,myBas,Opp TAMAN NUSA BESTARI 3,Opp TAMAN NUSA BESTARI 3 Bus Stop,1.49334,103.65753,05:31:00,,,
JB Sentral - Taman Tan Sri Yaacob,myBas,Opp SIMPANG JALAN INDAH 1/10,Opp SIMPANG JALAN INDAH 1/10 Bus Stop,1.48781,103.66101,05:32:00,,,
JB Sentral - Taman Tan Sri Yaacob,myBas,Opp JALAN INDAH 2/1 - 2/11,Opp JALAN INDAH 2/1 - 2/11 Bus Stop,1.488,103.65658,05:33:00,,,
JB Sentral - Taman Tan Sri Yaacob,myBas,Opp JALAN INDAH 1/14 - 1/20,Opp JALAN INDAH 1/14 - 1/20 Bus Stop,1.48837,103.654,05:34:00,,,
JB Sentral - Taman Tan Sri Yaacob,myBas,Opp PERSIARAN INDAH UTAMA,Opp PERSIARAN INDAH UTAMA Bus Stop,1.4864,103.65081,05:35:00,,,
JB Sentral - Taman Tan Sri Yaacob,myBas,Opp Petronas Bkt Indah 1,Opp Petronas Bkt Indah 1 Bus Stop,1.48418,103.64871,05:36:00,,,
JB Sentral - Taman Tan Sri Yaacob,myBas,Opp PERSIARAN INDAH (3),Opp PERSIARAN INDAH (3) Bus Stop,1.47927,103.65012,05:37:00,,,
JB Sentral - Taman Tan Sri Yaacob,myBas,Opp PERSIARAN INDAH (2),Opp PERSIARAN INDAH (2) Bus Stop,1.47769,103.65077,05:38:00,,,
JB Sentral - Taman Tan Sri Yaacob,myBas,BUKIT INDAH 2,BUKIT INDAH 2 Bus Stop,1.47744,103.65205,05:39:00,,,
JB Sentral - Taman Tan Sri Yaacob,myBas,Opp PERSIARAN INDAH (1),Opp PERSIARAN INDAH (1) Bus Stop,1.47871,103.65565,05:40:00,,,
JB Sentral - Taman Tan Sri Yaacob,myBas,AEON Bukit Indah,AEON Bukit Indah Bus Stop,1.48102,103.65695,05:41:00,,,
JB Sentral - Taman Tan Sri Yaacob,myBas,Lotus Bukit Indah,Lotus Bukit Indah Bus Stop,1.48173,103.6618,05:42:00,,,
JB Sentral - Taman Tan Sri Yaacob,myBas,Opp AmBank Bukit Indah,Opp AmBank Bukit Indah Bus Stop,1.4816,103.664,05:43:00,,,
JB Sentral - Taman Tan Sri Yaacob,myBas,Opp 7-ELEVEN BUKIT INDAH,Opp 7-ELEVEN BUKIT INDAH Bus Stop,1.48086,103.66502,05:44:00,,,
JB Sentral - Taman Tan Sri Yaacob,myBas,Opp Petronas Bukit Indah,Opp Petronas Bukit Indah Bus Stop,1.47561,103.66595,05:45:00,,,
JB Sentral - Taman Tan Sri Yaacob,myBas,Opp SK Taman Perling 3,Opp SK Taman Perling 3 Bus Stop,1.4731,103.672,05:46:00,,,
JB Sentral - Taman Tan Sri Yaacob,myBas,Opp JALAN ISMAIL SULTAN,Opp JALAN ISMAIL SULTAN Bus Stop,1.47296,103.67717,05:47:00,,,
JB Sentral - Taman Tan Sri Yaacob,myBas,Opp Perling Heights,Opp Perling Heights Bus Stop,1.47431,103.6787,05:48:00,,,
JB Sentral - Taman Tan Sri Yaacob,myBas,Caltex Taman Perling,Caltex Taman Perling Bus Stop,1.47645,103.68007,05:49:00,,,
JB Sentral - Taman Tan Sri Yaacob,myBas,Shell Taman Perling,Shell Taman Perling Bus Stop,1.47963,103.68308,05:50:00,,,
JB Sentral - Taman Tan Sri Yaacob,myBas,Perling Apartment,Perling Apartment Bus Stop,1.48222,103.68531,05:51:00,,,
JB Sentral - Taman Tan Sri Yaacob,myBas,Dewan Raya Taman Perling,Dewan Raya Taman Perling Bus Stop,1.484,103.68659,05:52:00,,,
JB Sentral - Taman Tan Sri Yaacob,myBas,Opp Simpang Jalan Sutera,Opp Simpang Jalan Sutera Bus Stop,1.48531,103.68704,05:53:00,,,
JB Sentral - Taman Tan Sri Yaacob,myBas,Simpang Jalan Belibis,Simpang Jalan Belibis Bus Stop,1.48733,103.68676,05:54:00,,,
JB Sentral - Taman Tan Sri Yaacob,myBas,Opp Surau Al Hidayah,Opp Surau Al Hidayah Bus Stop,1.48939,103.68639,05:55:00,,,
JB Sentral - Taman Tan Sri Yaacob,myBas,Persisiran Perling 1,Persisiran Perling 1 Bus Stop,1.49171,103.68597,05:56:00,,,
JB Sentral - Taman Tan Sri Yaacob,myBas,SK TAMAN PERLING,SK TAMAN PERLING Bus Stop,1.4946,103.68442,05:57:00,,,
JB Sentral - Taman Tan Sri Yaacob,myBas,SJK C Pei Hwa / Masjid Taman Perling,SJK C Pei Hwa / Masjid Taman Perling Bus Stop,1.49568,103.68334,05:58:00,,,
JB Sentral - Taman Tan Sri Yaacob,myBas,Masjid Taman Perling,Masjid Taman Perling Bus Stop,1.49583,103.67892,05:59:00,,,
JB Sentral - Taman Tan Sri Yaacob,myBas,Opp Medan Selera Perling,Opp Medan Selera Perling Bus Stop,1.49791,103.68107,06:00:00,,,
JB Sentral - Taman Tan Sri Yaacob,myBas,Tampoi Indah,Tampoi Indah Bus Stop,1.50184,103.68504,06:01:00,,,
JB Sentral - Taman Tan Sri Yaacob,myBas,Opp Petronas Tampoi Utama,Opp Petronas Tampoi Utama Bus Stop,1.50212,103.68712,06:02:00,,,
JB Sentral - Taman Tan Sri Yaacob,myBas,Kompleks Pekan Rabu,Kompleks Pekan Rabu Bus Stop,1.50081,103.69585,06:03:00,,,
JB Sentral - Taman Tan Sri Yaacob,myBas,Opp SK Kampung Pasir / Giant Tampoi,Opp SK Kampung Pasir / Giant Tampoi Bus Stop,1.49892,103.69862,06:04:00,,,
JB Sentral - Taman Tan Sri Yaacob,myBas,Opp Kampung Pasir,Opp Kampung Pasir Bus Stop,1.49698,103.70152,06:05:00,,,
JB Sentral - Taman Tan Sri Yaacob,myBas,B5 Johor Street Market / Plaza Angsana,B5 Johor Street Market / Plaza Angsana Bus Stop,1.49582,103.70333,06:06:00,,,
JB Sentral - Taman Tan Sri Yaacob,myBas,Opp SK Pengkalan Rinting,Opp SK Pengkalan Rinting Bus Stop,1.49447,103.70527,06:07:00,,,
JB Sentral - Taman Tan Sri Yaacob,myBas,Opp Klinik Kesihatan Tampoi,Opp Klinik Kesihatan Tampoi Bus Stop,1.49263,103.70768,06:08:00,,,
JB Sentral - Taman Tan Sri Yaacob,myBas,Bandar Baru UDA,Bandar Baru UDA Bus Stop,1.48961,103.71202,06:09:00,,,
JB Sentral - Taman Tan Sri Yaacob,myBas,Opp Tune Hotel,Opp Tune Hotel Bus Stop,1.48383,103.7197,06:10:00,,,
JB Sentral - Taman Tan Sri Yaacob,myBas,OPP Danga Bay,OPP Danga Bay Bus Stop,1.47516,103.72474,06:11:00,,,
JB Sentral - Taman Tan Sri Yaacob,myBas,Opp Beletime / M-Suites,Opp Beletime / M-Suites Bus Stop,1.46473,103.72993,06:12:00,,,
JB Sentral - Taman Tan Sri Yaacob,myBas,Johor International School,Johor International School Bus Stop,1.46304,103.73155,06:13:00,,,
JB Sentral - Taman Tan Sri Yaacob,myBas,Dataran Bandaraya Johor Bahru / Sri Gela,Dataran Bandaraya Johor Bahru / Sri Gela Bus Stop,1.45947,103.73857,06:14:00,,,
JB Sentral - Taman Tan Sri Yaacob,myBas,Hospital Sultanah Aminah,Hospital Sultanah Aminah Bus Stop,1.45748,103.74656,06:15:00,,,
JB Sentral - Taman Tan Sri Yaacob,myBas,Pusat Islam Negeri Johor,Pusat Islam Negeri Johor Bus Stop,1.45676,103.74912,06:16:00,,,
JB Sentral - Taman Tan Sri Yaacob,myBas,Pejabat Pos Besar,Pejabat Pos Besar Bus Stop,1.45546,103.76188,06:17:00,,,
JB Sentral - Taman Tan Sri Yaacob,myBas,Opp Wisma Peladang,Opp Wisma Peladang Bus Stop,1.45652,103.76484,06:18:00,,,
JB Sentral - Terminal Sutera Mall,myBas,JB Sentral,JB Sentral Bus Stop,1.46352,103.76496,05:40:00,,,
JB Sentral - Terminal Sutera Mall,myBas,Wisma Peladang,Wisma Peladang Bus Stop,1.45602,103.7654,05:41:00,,,
JB Sentral - Terminal Sutera Mall,myBas,Opp Pejabat Pos Besar,Opp Pejabat Pos Besar Bus Stop,1.45487,103.76126,05:42:00,,,
JB Sentral - Terminal Sutera Mall,myBas,Lot 10,Lot 10 Bus Stop,1.45426,103.75828,05:43:00,,,
JB Sentral - Terminal Sutera Mall,myBas,OPP Pusat Islam Negeri Johor,OPP Pusat Islam Negeri Johor Bus Stop,1.45671,103.74825,05:44:00,,,
JB Sentral - Terminal Sutera Mall,myBas,OPP Dataran Bandaraya Johor Bahru / Sri ,OPP Dataran Bandaraya Johor Bahru / Sri  Bus Stop,1.45938,103.73828,05:45:00,,,
JB Sentral - Terminal Sutera Mall,myBas,Opp Johor International School,Opp Johor International School Bus Stop,1.4628,103.73158,05:46:00,,,
JB Sentral - Terminal Sutera Mall,myBas,Beletime / OPP M-Suites,Beletime / OPP M-Suites Bus Stop,1.46453,103.72975,05:47:00,,,
JB Sentral - Terminal Sutera Mall,myBas,Danga Bay,Danga Bay Bus Stop,1.47321,103.72495,05:48:00,,,
JB Sentral - Terminal Sutera Mall,myBas,Tune Hotel,Tune Hotel Bus Stop,1.48411,103.71892,05:49:00,,,
JB Sentral - Terminal Sutera Mall,myBas,Opp Bandar Baru Uda,Opp Bandar Baru Uda Bus Stop,1.48883,103.71243,05:50:00,,,
JB Sentral - Terminal Sutera Mall,myBas,Klinik Kesihatan Tampoi,Klinik Kesihatan Tampoi Bus Stop,1.49244,103.70725,05:51:00,,,
JB Sentral - Terminal Sutera Mall,myBas,SK Pengkalan Rinting,SK Pengkalan Rinting Bus Stop,1.49382,103.70509,05:52:00,,,
JB Sentral - Terminal Sutera Mall,myBas,Opp Plaza Angsana,Opp Plaza Angsana Bus Stop,1.49493,103.70351,05:53:00,,,
JB Sentral - Terminal Sutera Mall,myBas,Kampong Pasir,Kampong Pasir Bus Stop,1.49665,103.7014,05:54:00,,,
JB Sentral - Terminal Sutera Mall,myBas,SK Kampung Pasir / OPP Giant Tampoi,SK Kampung Pasir / OPP Giant Tampoi Bus Stop,1.49887,103.6983,05:55:00,,,
JB Sentral - Terminal Sutera Mall,myBas,OPP Kompleks Pekan Rabu,OPP Kompleks Pekan Rabu Bus Stop,1.50074,103.69568,05:56:00,,,
JB Sentral - Terminal Sutera Mall,myBas,Kipmart Tampoi,Kipmart Tampoi Bus Stop,1.50824,103.68931,05:57:00,,,
JB Sentral - Terminal Sutera Mall,myBas,OPP TAMAN JOHOR,OPP TAMAN JOHOR Bus Stop,1.51163,103.68694,05:58:00,,,
JB Sentral - Terminal Sutera Mall,myBas,Opp Paradigm Mall,Opp Paradigm Mall Bus Stop,1.51525,103.68457,05:59:00,,,
JB Sentral - Terminal Sutera Mall,myBas,Main Entrance Sutera Mall,Main Entrance Sutera Mall Bus Stop,1.51703,103.67147,06:00:00,,,
JB Sentral - Terminal Sutera Mall,myBas,Hab Sutera Mall,Hab Sutera Mall Bus Stop,1.51801,103.67413,06:02:00,,,
JB Sentral - Terminal Sutera Mall,myBas,Mcdonalds Taman Sutera,Mcdonalds Taman Sutera Bus Stop,1.52311,103.67908,04:04:00,,,
JB Sentral - Terminal Sutera Mall,myBas,OPP Petron TUTA,OPP Petron TUTA Bus Stop,1.52808,103.67058,04:06:00,,,
JB Sentral - Terminal Sutera Mall,myBas,Petron TUTA,Petron TUTA Bus Stop,1.52811,103.67087,04:08:00,,,
JB Sentral - Terminal Sutera Mall,myBas,Opp Mcdonalds Taman Sutera,Opp Mcdonalds Taman Sutera Bus Stop,1.52261,103.67966,04:09:00,,,
JB Sentral - Terminal Sutera Mall,myBas,Paradigm Mall,Paradigm Mall Bus Stop,1.51513,103.68491,04:10:00,,,
JB Sentral - Terminal Sutera Mall,myBas,Taman Johor,Taman Johor Bus Stop,1.51153,103.68748,04:11:00,,,
JB Sentral - Terminal Sutera Mall,myBas,OPP Kipmart Tampoi,OPP Kipmart Tampoi Bus Stop,1.50922,103.68902,04:12:00,,,
JB Sentral - Terminal Sutera Mall,myBas,Kompleks Pekan Rabu,Kompleks Pekan Rabu Bus Stop,1.50081,103.69585,04:13:00,,,
JB Sentral - Terminal Sutera Mall,myBas,Opp SK Kampung Pasir / Giant Tampoi,Opp SK Kampung Pasir / Giant Tampoi Bus Stop,1.49892,103.69862,04:14:00,,,
JB Sentral - Terminal Sutera Mall,myBas,Opp Kampung Pasir,Opp Kampung Pasir Bus Stop,1.49698,103.70152,04:15:00,,,
JB Sentral - Terminal Sutera Mall,myBas,B5 Johor Street Market / Plaza Angsana,B5 Johor Street Market / Plaza Angsana Bus Stop,1.49582,103.70333,04:16:00,,,
JB Sentral - Terminal Sutera Mall,myBas,Opp SK Pengkalan Rinting,Opp SK Pengkalan Rinting Bus Stop,1.49447,103.70527,04:17:00,,,
JB Sentral - Terminal Sutera Mall,myBas,Opp Klinik Kesihatan Tampoi,Opp Klinik Kesihatan Tampoi Bus Stop,1.49263,103.70768,04:18:00,,,
JB Sentral - Terminal Sutera Mall,myBas,Bandar Baru UDA,Bandar Baru UDA Bus Stop,1.48961,103.71202,04:19:00,,,
JB Sentral - Terminal Sutera Mall,myBas,Opp Tune Hotel,Opp Tune Hotel Bus Stop,1.48383,103.7197,04:20:00,,,
JB Sentral - Terminal Sutera Mall,myBas,OPP Danga Bay,OPP Danga Bay Bus Stop,1.47516,103.72474,04:21:00,,,
JB Sentral - Terminal Sutera Mall,myBas,Opp Beletime / M-Suites,Opp Beletime / M-Suites Bus Stop,1.46473,103.72993,04:22:00,,,
JB Sentral - Terminal Sutera Mall,myBas,Johor International School,Johor International School Bus Stop,1.46304,103.73155,04:23:00,,,
JB Sentral - Terminal Sutera Mall,myBas,Dataran Bandaraya Johor Bahru / Sri Gela,Dataran Bandaraya Johor Bahru / Sri Gela Bus Stop,1.45947,103.73857,04:24:00,,,
JB Sentral - Terminal Sutera Mall,myBas,Hospital Sultanah Aminah,Hospital Sultanah Aminah Bus Stop,1.45748,103.74656,04:25:00,,,
JB Sentral - Terminal Sutera Mall,myBas,Pusat Islam Negeri Johor,Pusat Islam Negeri Johor Bus Stop,1.45676,103.74912,04:26:00,,,
JB Sentral - Terminal Sutera Mall,myBas,Pejabat Pos Besar,Pejabat Pos Besar Bus Stop,1.45546,103.76188,04:27:00,,,
JB Sentral - Terminal Sutera Mall,myBas,Opp Wisma Peladang,Opp Wisma Peladang Bus Stop,1.45652,103.76484,04:28:00,,,
Larkin Sentral - Gelang Patah Sentral,myBas,Larkin Sentral,Larkin Sentral Bus Stop,1.49487,103.74263,08:15:00,,,
Larkin Sentral - Gelang Patah Sentral,myBas,DEWAN JKR JOHOR BAHRU,DEWAN JKR JOHOR BAHRU Bus Stop,1.491747,103.740822,08:17:00,,,
Larkin Sentral - Gelang Patah Sentral,myBas,Burger King,Burger King Bus Stop,1.48856,103.72768,08:19:00,,,
Larkin Sentral - Gelang Patah Sentral,myBas,Opp Taman Tasek,Opp Taman Tasek Bus Stop,1.48677,103.72432,08:21:00,,,
Larkin Sentral - Gelang Patah Sentral,myBas,Opp Bandar Baru Uda,Opp Bandar Baru Uda Bus Stop,1.48883,103.71243,08:23:00,,,
Larkin Sentral - Gelang Patah Sentral,myBas,Klinik Kesihatan Tampoi,Klinik Kesihatan Tampoi Bus Stop,1.49244,103.70725,08:25:00,,,
Larkin Sentral - Gelang Patah Sentral,myBas,SK Pengkalan Rinting,SK Pengkalan Rinting Bus Stop,1.49382,103.70509,08:27:00,,,
Larkin Sentral - Gelang Patah Sentral,myBas,Opp Plaza Angsana,Opp Plaza Angsana Bus Stop,1.49493,103.70351,08:29:00,,,
Larkin Sentral - Gelang Patah Sentral,myBas,Kampong Pasir,Kampong Pasir Bus Stop,1.49665,103.7014,08:31:00,,,
Larkin Sentral - Gelang Patah Sentral,myBas,SK Kampung Pasir / OPP Giant Tampoi,SK Kampung Pasir / OPP Giant Tampoi Bus Stop,1.49887,103.6983,08:33:00,,,
Larkin Sentral - Gelang Patah Sentral,myBas,OPP Kompleks Pekan Rabu,OPP Kompleks Pekan Rabu Bus Stop,1.50074,103.69568,08:35:00,,,
Larkin Sentral - Gelang Patah Sentral,myBas,Kipmart Tampoi,Kipmart Tampoi Bus Stop,1.50824,103.68931,08:37:00,,,
Larkin Sentral - Gelang Patah Sentral,myBas,OPP TAMAN JOHOR,OPP TAMAN JOHOR Bus Stop,1.51163,103.68694,08:39:00,,,
Larkin Sentral - Gelang Patah Sentral,myBas,Opp Paradigm Mall,Opp Paradigm Mall Bus Stop,1.51525,103.68457,08:41:00,,,
Larkin Sentral - Gelang Patah Sentral,myBas,Mcdonalds Taman Sutera,Mcdonalds Taman Sutera Bus Stop,1.52311,103.67908,08:43:00,,,
Larkin Sentral - Gelang Patah Sentral,myBas,OPP Petron TUTA,OPP Petron TUTA Bus Stop,1.52808,103.67058,08:45:00,,,
Larkin Sentral - Gelang Patah Sentral,myBas,SJK KUO KUANG,SJK KUO KUANG Bus Stop,1.52824,103.66904,08:47:00,,,
Larkin Sentral - Gelang Patah Sentral,myBas,TM Point Skudai / MZ WORLD,TM Point Skudai / MZ WORLD Bus Stop,1.52655,103.66744,08:49:00,,,
Larkin Sentral - Gelang Patah Sentral,myBas,Opp KFC TUTA /FARMASI PERENNIAL,Opp KFC TUTA /FARMASI PERENNIAL Bus Stop,1.52431,103.66539,08:51:00,,,
Larkin Sentral - Gelang Patah Sentral,myBas,Opp Shell TUTA,Opp Shell TUTA Bus Stop,1.52239,103.66358,08:53:00,,,
Larkin Sentral - Gelang Patah Sentral,myBas,Opp TERMINAL TUTA,Opp TERMINAL TUTA Bus Stop,1.51934,103.66074,08:55:00,,,
Larkin Sentral - Gelang Patah Sentral,myBas,PERSATUAN PENGANUT BUDHA BAO LIAN SI,PERSATUAN PENGANUT BUDHA BAO LIAN SI Bus Stop,1.51757,103.65909,08:57:00,,,
Larkin Sentral - Gelang Patah Sentral,myBas,Opp TAN FURNITURE,Opp TAN FURNITURE Bus Stop,1.5155,103.65717,08:59:00,,,
Larkin Sentral - Gelang Patah Sentral,myBas,Opp MCDONALDS TUN AMINAH / KEDAI BUAH,Opp MCDONALDS TUN AMINAH / KEDAI BUAH Bus Stop,1.51406,103.65691,09:03:00,,,
Larkin Sentral - Gelang Patah Sentral,myBas,OPP CALTEX TASEK SENTRAL,OPP CALTEX TASEK SENTRAL Bus Stop,1.51283,103.65683,09:05:00,,,
Larkin Sentral - Gelang Patah Sentral,myBas,JALAN PENDEKAR 18,JALAN PENDEKAR 18 Bus Stop,1.51234,103.65465,09:07:00,,,
Larkin Sentral - Gelang Patah Sentral,myBas,Masjid Hjh. Mominbi Ahmad Angullia,Masjid Hjh. Mominbi Ahmad Angullia Bus Stop,1.51371,103.65247,09:09:00,,,
Larkin Sentral - Gelang Patah Sentral,myBas,Opp Blok 33 & 34,Opp Blok 33 & 34 Bus Stop,1.51144,103.65051,09:11:00,,,
Larkin Sentral - Gelang Patah Sentral,myBas,Opp Restoran 777,Opp Restoran 777 Bus Stop,1.50965,103.65105,09:13:00,,,
Larkin Sentral - Gelang Patah Sentral,myBas,Opp BLOK 58,Opp BLOK 58 Bus Stop,1.50876,103.652,09:15:00,,,
Larkin Sentral - Gelang Patah Sentral,myBas,SEKOLAH AGAMA TUTA,SEKOLAH AGAMA TUTA Bus Stop,1.50783,103.65202,09:17:00,,,
Larkin Sentral - Gelang Patah Sentral,myBas,SJK (T) TUTA,SJK (T) TUTA Bus Stop,1.50913,103.64846,09:19:00,,,
Larkin Sentral - Gelang Patah Sentral,myBas,2N Shop Jalan Hang Jebat,2N Shop Jalan Hang Jebat Bus Stop,1.51193,103.6455,09:21:00,,,
Larkin Sentral - Gelang Patah Sentral,myBas,Opp 7 ELEVEN SRI ORKID,Opp 7 ELEVEN SRI ORKID Bus Stop,1.5103,103.64242,09:23:00,,,
Larkin Sentral - Gelang Patah Sentral,myBas,TAMAN PERMAINAN TAMAN SRI ORKID,TAMAN PERMAINAN TAMAN SRI ORKID Bus Stop,1.51099,103.63978,09:25:00,,,
Larkin Sentral - Gelang Patah Sentral,myBas,Jalan Sri Orkid 33,Jalan Sri Orkid 33 Bus Stop,1.50781,103.63747,09:27:00,,,
Larkin Sentral - Gelang Patah Sentral,myBas,Hutan Bandar MPJBT,Hutan Bandar MPJBT Bus Stop,1.51239,103.63353,09:29:00,,,
Larkin Sentral - Gelang Patah Sentral,myBas,JALAN SKUDAI-GELANG PATAH / LOTUS MUTIAR,JALAN SKUDAI-GELANG PATAH / LOTUS MUTIAR Bus Stop,1.51301463347767,103.631503337211,09:31:00,,,
Larkin Sentral - Gelang Patah Sentral,myBas,MASJID KG MELAYU LIMA KEDAI,MASJID KG MELAYU LIMA KEDAI Bus Stop,1.5069,103.62547,09:33:00,,,
Larkin Sentral - Gelang Patah Sentral,myBas,Opp PERUMAHAN RAKYAT LIMA KEDAI,Opp PERUMAHAN RAKYAT LIMA KEDAI Bus Stop,1.5043,103.62211,09:35:00,,,
Larkin Sentral - Gelang Patah Sentral,myBas,SURAU NUR HIDAYAH,SURAU NUR HIDAYAH Bus Stop,1.50041,103.61828,09:37:00,,,
Larkin Sentral - Gelang Patah Sentral,myBas,JALAN BESTARI,JALAN BESTARI Bus Stop,1.49561,103.61642,09:39:00,,,
Larkin Sentral - Gelang Patah Sentral,myBas,STADIUM SULTAN IBRAHIM,STADIUM SULTAN IBRAHIM Bus Stop,1.48249,103.61547,09:41:00,,,
Larkin Sentral - Gelang Patah Sentral,myBas,Opp Rumah Rakyat Iskandar,Opp Rumah Rakyat Iskandar Bus Stop,1.4772,103.61496,09:43:00,,,
Larkin Sentral - Gelang Patah Sentral,myBas,NUSA SENTRAL 1 B.STOP,NUSA SENTRAL 1 B.STOP Bus Stop,1.4696966366725628,103.61641993088892,09:45:00,,,
Larkin Sentral - Gelang Patah Sentral,myBas,Nusa Sentral 2 B. Stop,Nusa Sentral 2 B. Stop Bus Stop,1.46828,103.61654,09:47:00,,,
Larkin Sentral - Gelang Patah Sentral,myBas,68 AVENUE,68 AVENUE Bus Stop,1.452768733602306,103.59882698609324,09:49:00,,,
Larkin Sentral - Gelang Patah Sentral,myBas,Opp Petronas Nusa Perintis,Opp Petronas Nusa Perintis Bus Stop,1.45058,103.59523,09:51:00,,,
Larkin Sentral - Gelang Patah Sentral,myBas,CIMB GELANG PATAH,CIMB GELANG PATAH Bus Stop,1.45081,103.594,09:53:00,,,
Larkin Sentral - Gelang Patah Sentral,myBas,SMK Gelang Patah,SMK Gelang Patah Bus Stop,1.44983,103.59106,09:55:00,,,
Larkin Sentral - Gelang Patah Sentral,myBas,PEJABAT POS GELANG PATAH,PEJABAT POS GELANG PATAH Bus Stop,1.44855,103.59053,09:57:00,,,
Larkin Sentral - Gelang Patah Sentral,myBas,Terminal Gelang Patah,Terminal Gelang Patah Bus Stop,1.4468,103.58976,09:59:00,,,
Larkin Sentral - Gelang Patah Sentral,myBas,BALAI POLIS GELANG PATAH,BALAI POLIS GELANG PATAH Bus Stop,1.44739,103.58768,10:01:00,,,
Larkin Sentral - Gelang Patah Sentral,myBas,Selera Kampung Melayu,Selera Kampung Melayu Bus Stop,1.45172,103.58511,10:03:00,,,
Larkin Sentral - Gelang Patah Sentral,myBas,Maybank Taman Nusantara,Maybank Taman Nusantara Bus Stop,1.46231,103.58423,10:05:00,,,
Larkin Sentral - Gelang Patah Sentral,myBas,DOMINOS TAMAN NUSANTARA,DOMINOS TAMAN NUSANTARA Bus Stop,1.4711004033083,103.584793102038,10:07:00,,,
Larkin Sentral - Gelang Patah Sentral,myBas,GP Sentral,GP Sentral Bus Stop,1.47861,103.58321,10:09:00,,,
Larkin Sentral - Gelang Patah Sentral,myBas,OPP DOMINO TAMAN NUSANTARA,OPP DOMINO TAMAN NUSANTARA Bus Stop,1.4717041476809705,103.58520878413884,06:02:00,,,
Larkin Sentral - Gelang Patah Sentral,myBas,Opp Maybank Taman Nusantara,Opp Maybank Taman Nusantara Bus Stop,1.4616,103.58466,06:04:00,,,
Larkin Sentral - Gelang Patah Sentral,myBas,Opp Selera Kampung Melayu,Opp Selera Kampung Melayu Bus Stop,1.45239,103.5852,06:06:00,,,
Larkin Sentral - Gelang Patah Sentral,myBas,OPP BALAI POLIS GELANG PATAH,OPP BALAI POLIS GELANG PATAH Bus Stop,1.44752,103.58779,06:08:00,,,
Larkin Sentral - Gelang Patah Sentral,myBas,OPP PEJABAT POS GELANG PATAH,OPP PEJABAT POS GELANG PATAH Bus Stop,1.44856,103.59043,06:12:00,,,
Larkin Sentral - Gelang Patah Sentral,myBas,Opp SMK Gelang Patah,Opp SMK Gelang Patah Bus Stop,1.44931,103.59066,06:14:00,,,
Larkin Sentral - Gelang Patah Sentral,myBas,Opp CIMB GELANG PATAH,Opp CIMB GELANG PATAH Bus Stop,1.45091,103.59426,06:16:00,,,
Larkin Sentral - Gelang Patah Sentral,myBas,PETRONAS NUSA PERINTIS,PETRONAS NUSA PERINTIS Bus Stop,1.45088,103.59521,06:18:00,,,
Larkin Sentral - Gelang Patah Sentral,myBas,OPP 68 AVENUE,OPP 68 AVENUE Bus Stop,1.45298,103.59857,06:20:00,,,
Larkin Sentral - Gelang Patah Sentral,myBas,OPP Nusa Sentral 2 Bus Stop,OPP Nusa Sentral 2 Bus Stop Bus Stop,1.46834,103.61644,06:22:00,,,
Larkin Sentral - Gelang Patah Sentral,myBas,OPP NUSA SENTRAL 1 B.STOP,OPP NUSA SENTRAL 1 B.STOP Bus Stop,1.46968,103.61611,06:24:00,,,
Larkin Sentral - Gelang Patah Sentral,myBas,Rumah Rakyat Iskandar,Rumah Rakyat Iskandar Bus Stop,1.47724,103.61476,06:26:00,,,
Larkin Sentral - Gelang Patah Sentral,myBas,OPP STADIUM SULTAN IBRAHIM,OPP STADIUM SULTAN IBRAHIM Bus Stop,1.482159253765107,103.61515951194475,06:28:00,,,
Larkin Sentral - Gelang Patah Sentral,myBas,OPP JALAN BESTARI,OPP JALAN BESTARI Bus Stop,1.49566,103.61615,06:30:00,,,
Larkin Sentral - Gelang Patah Sentral,myBas,Opp Surau Nur Hidayah,Opp Surau Nur Hidayah Bus Stop,1.50059,103.61805,06:32:00,,,
Larkin Sentral - Gelang Patah Sentral,myBas,PERUMAHAN RAKYAT LIMA KEDAI,PERUMAHAN RAKYAT LIMA KEDAI Bus Stop,1.50418,103.62169,06:34:00,,,
Larkin Sentral - Gelang Patah Sentral,myBas,OPP MASJID KG MELAYU LIMA KEDAI,OPP MASJID KG MELAYU LIMA KEDAI Bus Stop,1.50719,103.62545,06:36:00,,,
Larkin Sentral - Gelang Patah Sentral,myBas,OPP JALAN SKUDAI-GELANG PATAH / LOTUS MU,OPP JALAN SKUDAI-GELANG PATAH / LOTUS MU Bus Stop,1.51298792394617,103.631228791792,06:38:00,,,
Larkin Sentral - Gelang Patah Sentral,myBas,Opp Hutan Bandar MPJBT,Opp Hutan Bandar MPJBT Bus Stop,1.51305,103.63318,06:40:00,,,
Larkin Sentral - Gelang Patah Sentral,myBas,TAMAN SRI ORKID,TAMAN SRI ORKID Bus Stop,1.509502483226149,103.63720025085274,06:42:00,,,
Larkin Sentral - Gelang Patah Sentral,myBas,Petronas Sri Orkid,Petronas Sri Orkid Bus Stop,1.50751,103.63973,06:44:00,,,
Larkin Sentral - Gelang Patah Sentral,myBas,7 ELEVEN SRI ORKID,7 ELEVEN SRI ORKID Bus Stop,1.51017,103.64219,06:46:00,,,
Larkin Sentral - Gelang Patah Sentral,myBas,PANGSAPURI JASA,PANGSAPURI JASA Bus Stop,1.5121631130543285,103.64402175950327,06:48:00,,,
Larkin Sentral - Gelang Patah Sentral,myBas,OPP 2N SHOP JALAN HANG JEBAT,OPP 2N SHOP JALAN HANG JEBAT Bus Stop,1.51202,103.64548,06:50:00,,,
Larkin Sentral - Gelang Patah Sentral,myBas,OPP SEKOLAH AGAMA TUTA,OPP SEKOLAH AGAMA TUTA Bus Stop,1.50759,103.65168,06:54:00,,,
Larkin Sentral - Gelang Patah Sentral,myBas,BLOK 58,BLOK 58 Bus Stop,1.50866727564498,103.651893131148,06:56:00,,,
Larkin Sentral - Gelang Patah Sentral,myBas,Restoran 777,Restoran 777 Bus Stop,1.5097,103.65098,06:58:00,,,
Larkin Sentral - Gelang Patah Sentral,myBas,Blok 33 & 34,Blok 33 & 34 Bus Stop,1.51146,103.65047,07:00:00,,,
Larkin Sentral - Gelang Patah Sentral,myBas,CALTEX TASEK CENTRAL,CALTEX TASEK CENTRAL Bus Stop,1.51284,103.65662,07:06:00,,,
Larkin Sentral - Gelang Patah Sentral,myBas,MCDONALDS TUN AMINAH / KEDAI BUAH,MCDONALDS TUN AMINAH / KEDAI BUAH Bus Stop,1.51378,103.65693,07:08:00,,,
Larkin Sentral - Gelang Patah Sentral,myBas,TAN FURNITURE,TAN FURNITURE Bus Stop,1.51587,103.65726,07:10:00,,,
Larkin Sentral - Gelang Patah Sentral,myBas,Opp PERSATUAN PENGANUT BUDHA BAO LIAN SI,Opp PERSATUAN PENGANUT BUDHA BAO LIAN SI Bus Stop,1.5179,103.65916,07:12:00,,,
Larkin Sentral - Gelang Patah Sentral,myBas,TERMINAL TUTA,TERMINAL TUTA Bus Stop,1.51975,103.66089,07:14:00,,,
Larkin Sentral - Gelang Patah Sentral,myBas,Shell Tun Aminah,Shell Tun Aminah Bus Stop,1.52242,103.66333,07:16:00,,,
Larkin Sentral - Gelang Patah Sentral,myBas,KFC TUTA /FARMASI PERENNIAL,KFC TUTA /FARMASI PERENNIAL Bus Stop,1.52406,103.66498,07:18:00,,,
Larkin Sentral - Gelang Patah Sentral,myBas,Caltex Tuta,Caltex Tuta Bus Stop,1.52719,103.66507,07:20:00,,,
Larkin Sentral - Gelang Patah Sentral,myBas,BEST VISION,BEST VISION Bus Stop,1.52948,103.665,07:22:00,,,
Larkin Sentral - Gelang Patah Sentral,myBas,Petron TUTA,Petron TUTA Bus Stop,1.52811,103.67087,07:24:00,,,
Larkin Sentral - Gelang Patah Sentral,myBas,Opp Mcdonalds Taman Sutera,Opp Mcdonalds Taman Sutera Bus Stop,1.52261,103.67966,07:26:00,,,
Larkin Sentral - Gelang Patah Sentral,myBas,Paradigm Mall,Paradigm Mall Bus Stop,1.51513,103.68491,07:28:00,,,
Larkin Sentral - Gelang Patah Sentral,myBas,Taman Johor,Taman Johor Bus Stop,1.51153,103.68748,07:30:00,,,
Larkin Sentral - Gelang Patah Sentral,myBas,OPP Kipmart Tampoi,OPP Kipmart Tampoi Bus Stop,1.50922,103.68902,07:32:00,,,
Larkin Sentral - Gelang Patah Sentral,myBas,Kompleks Pekan Rabu,Kompleks Pekan Rabu Bus Stop,1.50081,103.69585,07:34:00,,,
Larkin Sentral - Gelang Patah Sentral,myBas,Opp SK Kampung Pasir / Giant Tampoi,Opp SK Kampung Pasir / Giant Tampoi Bus Stop,1.49892,103.69862,07:36:00,,,
Larkin Sentral - Gelang Patah Sentral,myBas,Opp Kampung Pasir,Opp Kampung Pasir Bus Stop,1.49698,103.70152,07:38:00,,,
Larkin Sentral - Gelang Patah Sentral,myBas,B5 Johor Street Market / Plaza Angsana,B5 Johor Street Market / Plaza Angsana Bus Stop,1.49582,103.70333,07:40:00,,,
Larkin Sentral - Gelang Patah Sentral,myBas,Opp SK Pengkalan Rinting,Opp SK Pengkalan Rinting Bus Stop,1.49447,103.70527,07:42:00,,,
Larkin Sentral - Gelang Patah Sentral,myBas,Opp Klinik Kesihatan Tampoi,Opp Klinik Kesihatan Tampoi Bus Stop,1.49263,103.70768,07:44:00,,,
Larkin Sentral - Gelang Patah Sentral,myBas,Bandar Baru UDA,Bandar Baru UDA Bus Stop,1.48961,103.71202,07:46:00,,,
Larkin Sentral - Gelang Patah Sentral,myBas,Taman Tasek,Taman Tasek Bus Stop,1.4872,103.72468,07:48:00,,,
Larkin Sentral - Gelang Patah Sentral,myBas,Opp Burger King,Opp Burger King Bus Stop,1.48875,103.72764,07:50:00,,,
Larkin Sentral - Gelang Patah Sentral,myBas,OPP DEWAN JKR JOHOR BAHRU,OPP DEWAN JKR JOHOR BAHRU Bus Stop,1.49164263335481,103.740645515202,07:52:00,,,
Terminal Gelang Patah - Pendas,myBas,Terminal Gelang Patah,Terminal Gelang Patah Bus Stop,1.4468,103.58976,06:00:00,,,
Terminal Gelang Patah - Pendas,myBas,Kampung Melayu Muafakat,Kampung Melayu Muafakat Bus Stop,1.44372,103.59126,06:01:00,,,
Terminal Gelang Patah - Pendas,myBas,Kilang Nishinihon,Kilang Nishinihon Bus Stop,1.43387,103.59015,06:02:00,,,
Terminal Gelang Patah - Pendas,myBas,Aspira Square,Aspira Square Bus Stop,1.4203307890303212,103.5940301540909,06:03:00,,,
Terminal Gelang Patah - Pendas,myBas,Kampung Bukit Kecil,Kampung Bukit Kecil Bus Stop,1.39212,103.59031,06:04:00,,,
Terminal Gelang Patah - Pendas,myBas,Kampung Paya Mengkuang,Kampung Paya Mengkuang Bus Stop,1.38623,103.58371,06:05:00,,,
Terminal Gelang Patah - Pendas,myBas,Kampung Tiram Duku,Kampung Tiram Duku Bus Stop,1.38434,103.58133,06:06:00,,,
Terminal Gelang Patah - Pendas,myBas,Kampung Tiram Duku 2,Kampung Tiram Duku 2 Bus Stop,1.3862,103.57669,06:07:00,,,
Terminal Gelang Patah - Pendas,myBas,Opp GIAT MARA,Opp GIAT MARA Bus Stop,1.382,103.56702,06:08:00,,,
Terminal Gelang Patah - Pendas,myBas,SK Tiram Duku,SK Tiram Duku Bus Stop,1.38167,103.56583,06:09:00,,,
Terminal Gelang Patah - Pendas,myBas,Simpang PTP,Simpang PTP Bus Stop,1.37767,103.56101,06:10:00,,,
Terminal Gelang Patah - Pendas,myBas,I - Park,I - Park Bus Stop,1.36865212199267,103.564218289585,06:11:00,,,
Terminal Gelang Patah - Pendas,myBas,Hostel PTP,Hostel PTP Bus Stop,1.3614916758700677,103.55605771057236,06:12:00,,,
Terminal Gelang Patah - Pendas,myBas,Masjid Al Muhamadi Kampung Pekajang,Masjid Al Muhamadi Kampung Pekajang Bus Stop,1.36921,103.55832,06:13:00,,,
Terminal Gelang Patah - Pendas,myBas,Kampung Pekajang,Kampung Pekajang Bus Stop,1.3590311861405275,103.56046891304138,06:14:00,,,
Terminal Gelang Patah - Pendas,myBas,SK Tanjung Adang,SK Tanjung Adang Bus Stop,1.35356,103.56644,06:15:00,,,
Terminal Gelang Patah - Pendas,myBas,Opp Saujana Seafood,Opp Saujana Seafood Bus Stop,1.35224,103.57165,06:16:00,,,
Terminal Gelang Patah - Pendas,myBas,Kampung Pok,Kampung Pok Bus Stop,1.35757,103.58028,06:17:00,,,
Terminal Gelang Patah - Pendas,myBas,Kampung Pok Besar,Kampung Pok Besar Bus Stop,1.3583,103.58216,06:18:00,,,
Terminal Gelang Patah - Pendas,myBas,Sekolah Agama Kenangan Murni Kampung Pok,Sekolah Agama Kenangan Murni Kampung Pok Bus Stop,1.35990146375385,103.586304230186,06:19:00,,,
Terminal Gelang Patah - Pendas,myBas,Opp SK Murni Pok,Opp SK Murni Pok Bus Stop,1.3602483527141052,103.58721388851282,06:20:00,,,
Terminal Gelang Patah - Pendas,myBas,Jeti Kampung Pok,Jeti Kampung Pok Bus Stop,1.36012,103.59131,06:21:00,,,
Terminal Gelang Patah - Pendas,myBas,Pusat Komuniti Desa Pok,Pusat Komuniti Desa Pok Bus Stop,1.354743639374179,103.5946248468514,06:22:00,,,
Terminal Gelang Patah - Pendas,myBas,Kampung Tanjung Kupang,Kampung Tanjung Kupang Bus Stop,1.3511986661526,103.600168092956,06:23:00,,,
Terminal Gelang Patah - Pendas,myBas,Warung Santai Cik Ton,Warung Santai Cik Ton Bus Stop,1.35591,103.60771,06:24:00,,,
Terminal Gelang Patah - Pendas,myBas,SK TG Kupang,SK TG Kupang Bus Stop,1.3595,103.61238,06:25:00,,,
Terminal Gelang Patah - Pendas,myBas,Kampung Ladang ,Kampung Ladang  Bus Stop,1.36596,103.61968,06:26:00,,,
Terminal Gelang Patah - Pendas,myBas,Kampung Ladang 2,Kampung Ladang 2 Bus Stop,1.36983,103.62503,06:27:00,,,
Terminal Gelang Patah - Pendas,myBas,Warung Rosalina Kampung Ladang,Warung Rosalina Kampung Ladang Bus Stop,1.37327,103.62832,06:28:00,,,
Terminal Gelang Patah - Pendas,myBas,Kampung Pendas Baru,Kampung Pendas Baru Bus Stop,1.37868,103.63418,06:29:00,,,
Terminal Gelang Patah - Pendas,myBas,SK Murni Pok,SK Murni Pok Bus Stop,1.35996,103.58738,07:39:00,,,
Terminal Gelang Patah - Pendas,myBas,Saujana Seafood,Saujana Seafood Bus Stop,1.35192,103.57108,07:43:00,,,
Terminal Gelang Patah - Pendas,myBas,Opp SK Tanjung Adang,Opp SK Tanjung Adang Bus Stop,1.35319,103.56495,07:44:00,,,
Terminal Gelang Patah - Pendas,myBas,Opp SK Tiram Duku,Opp SK Tiram Duku Bus Stop,1.38183,103.56577,07:50:00,,,
Terminal Gelang Patah - Pendas,myBas,GIAT MARA,GIAT MARA Bus Stop,1.3821665853917304,103.5670856991648,07:51:00,,,
Terminal Gelang Patah - Pendas,myBas,Opp Kilang Nishinihon,Opp Kilang Nishinihon Bus Stop,1.43396,103.58985,07:57:00,,,
Larkin Sentral - Terminal Feri Puteri Harbour melalui AEON Bukit Indah,myBas,Larkin Sentral,Larkin Sentral Bus Stop,1.49487,103.74263,09:00:00,,,
Larkin Sentral - Terminal Feri Puteri Harbour melalui AEON Bukit Indah,myBas,DEWAN JKR JOHOR BAHRU,DEWAN JKR JOHOR BAHRU Bus Stop,1.491747,103.740822,09:03:00,,,
Larkin Sentral - Terminal Feri Puteri Harbour melalui AEON Bukit Indah,myBas,Burger King,Burger King Bus Stop,1.48856,103.72768,09:06:00,,,
Larkin Sentral - Terminal Feri Puteri Harbour melalui AEON Bukit Indah,myBas,Opp Taman Tasek,Opp Taman Tasek Bus Stop,1.48677,103.72432,09:09:00,,,
Larkin Sentral - Terminal Feri Puteri Harbour melalui AEON Bukit Indah,myBas,Sg Danga,Sg Danga Bus Stop,1.47019,103.69172,09:12:00,,,
Larkin Sentral - Terminal Feri Puteri Harbour melalui AEON Bukit Indah,myBas,Taman D Utama,Taman D Utama Bus Stop,1.47107,103.68612,09:15:00,,,
Larkin Sentral - Terminal Feri Puteri Harbour melalui AEON Bukit Indah,myBas,JALAN ISMAIL SULTAN,JALAN ISMAIL SULTAN Bus Stop,1.47266,103.6765,09:18:00,,,
Larkin Sentral - Terminal Feri Puteri Harbour melalui AEON Bukit Indah,myBas,SK Taman Perling 3,SK Taman Perling 3 Bus Stop,1.47284,103.67203,09:21:00,,,
Larkin Sentral - Terminal Feri Puteri Harbour melalui AEON Bukit Indah,myBas,Petronas Bukit Indah,Petronas Bukit Indah Bus Stop,1.47567,103.66582,09:24:00,,,
Larkin Sentral - Terminal Feri Puteri Harbour melalui AEON Bukit Indah,myBas,7-ELEVEN BUKIT INDAH,7-ELEVEN BUKIT INDAH Bus Stop,1.48032,103.66498,09:27:00,,,
Larkin Sentral - Terminal Feri Puteri Harbour melalui AEON Bukit Indah,myBas,Ambank Bukit Indah,Ambank Bukit Indah Bus Stop,1.48151,103.66415,09:30:00,,,
Larkin Sentral - Terminal Feri Puteri Harbour melalui AEON Bukit Indah,myBas,Opp Lotus Bukit Indah,Opp Lotus Bukit Indah Bus Stop,1.48166,103.66174,09:33:00,,,
Larkin Sentral - Terminal Feri Puteri Harbour melalui AEON Bukit Indah,myBas,Opp AEON Bukit Indah,Opp AEON Bukit Indah Bus Stop,1.4812434724464252,103.65718220942426,09:36:00,,,
Larkin Sentral - Terminal Feri Puteri Harbour melalui AEON Bukit Indah,myBas,PERSIARAN INDAH (1),PERSIARAN INDAH (1) Bus Stop,1.47863,103.65573,09:39:00,,,
Larkin Sentral - Terminal Feri Puteri Harbour melalui AEON Bukit Indah,myBas,Bus Stop Petron Bukit Indah,Bus Stop Petron Bukit Indah Bus Stop,1.47045,103.65377,09:42:00,,,
Larkin Sentral - Terminal Feri Puteri Harbour melalui AEON Bukit Indah,myBas,Indah Court Apartment,Indah Court Apartment Bus Stop,1.46703,103.65325,09:45:00,,,
Larkin Sentral - Terminal Feri Puteri Harbour melalui AEON Bukit Indah,myBas,Opp Nusa Idaman,Opp Nusa Idaman Bus Stop,1.46565,103.65304,09:48:00,,,
Larkin Sentral - Terminal Feri Puteri Harbour melalui AEON Bukit Indah,myBas,Opp Horizon Hills,Opp Horizon Hills Bus Stop,1.46112,103.6524,09:51:00,,,
Larkin Sentral - Terminal Feri Puteri Harbour melalui AEON Bukit Indah,myBas,Opp Legoland,Opp Legoland Bus Stop,1.42762,103.63418,09:54:00,,,
Larkin Sentral - Terminal Feri Puteri Harbour melalui AEON Bukit Indah,myBas,Lebuh Medini Utama,Lebuh Medini Utama Bus Stop,1.42295,103.63257,09:57:00,,,
Larkin Sentral - Terminal Feri Puteri Harbour melalui AEON Bukit Indah,myBas,Opp Ramada,Opp Ramada Bus Stop,1.42089,103.63113,10:00:00,,,
Larkin Sentral - Terminal Feri Puteri Harbour melalui AEON Bukit Indah,myBas,1 Medini Hub,1 Medini Hub Bus Stop,1.4193,103.63671,10:03:00,,,
Larkin Sentral - Terminal Feri Puteri Harbour melalui AEON Bukit Indah,myBas,Persiaran Laksamana,Persiaran Laksamana Bus Stop,1.41894,103.64826,10:06:00,,,
Larkin Sentral - Terminal Feri Puteri Harbour melalui AEON Bukit Indah,myBas,Puteri Harbour,Puteri Harbour Bus Stop,1.41688,103.65638,10:09:00,,,
Larkin Sentral - Terminal Feri Puteri Harbour melalui AEON Bukit Indah,myBas,Puteri Harbour Ferry Terminal,Puteri Harbour Ferry Terminal Bus Stop,1.4142,103.6599,10:12:00,,,
Larkin Sentral - Terminal Feri Puteri Harbour melalui AEON Bukit Indah,myBas,Fraser Place,Fraser Place Bus Stop,1.413472,103.654806,07:03:00,,,
Larkin Sentral - Terminal Feri Puteri Harbour melalui AEON Bukit Indah,myBas,Teega Suits,Teega Suits Bus Stop,1.414111,103.653056,07:06:00,,,
Larkin Sentral - Terminal Feri Puteri Harbour melalui AEON Bukit Indah,myBas,Opp Persiaran Laksamana,Opp Persiaran Laksamana Bus Stop,1.41864,103.64858,07:09:00,,,
Larkin Sentral - Terminal Feri Puteri Harbour melalui AEON Bukit Indah,myBas,Opp Medini Hub,Opp Medini Hub Bus Stop,1.41915,103.63666,07:12:00,,,
Larkin Sentral - Terminal Feri Puteri Harbour melalui AEON Bukit Indah,myBas,Ramada,Ramada Bus Stop,1.42118,103.63101,07:15:00,,,
Larkin Sentral - Terminal Feri Puteri Harbour melalui AEON Bukit Indah,myBas,Opp Lebuh Medini Utama,Opp Lebuh Medini Utama Bus Stop,1.42306,103.6324,07:18:00,,,
Larkin Sentral - Terminal Feri Puteri Harbour melalui AEON Bukit Indah,myBas,Legoland,Legoland Bus Stop,1.42782,103.63396,07:21:00,,,
Larkin Sentral - Terminal Feri Puteri Harbour melalui AEON Bukit Indah,myBas,Horizon Hills,Horizon Hills Bus Stop,1.46013,103.65217,07:24:00,,,
Larkin Sentral - Terminal Feri Puteri Harbour melalui AEON Bukit Indah,myBas,Nusa Idaman,Nusa Idaman Bus Stop,1.46499,103.65284,07:27:00,,,
Larkin Sentral - Terminal Feri Puteri Harbour melalui AEON Bukit Indah,myBas,Opp Indah Court Apartment,Opp Indah Court Apartment Bus Stop,1.46759,103.65325,07:30:00,,,
Larkin Sentral - Terminal Feri Puteri Harbour melalui AEON Bukit Indah,myBas,Opp Petron Bukit Indah,Opp Petron Bukit Indah Bus Stop,1.47093,103.65375,07:33:00,,,
Larkin Sentral - Terminal Feri Puteri Harbour melalui AEON Bukit Indah,myBas,Opp PERSIARAN INDAH (1),Opp PERSIARAN INDAH (1) Bus Stop,1.47871,103.65565,07:36:00,,,
Larkin Sentral - Terminal Feri Puteri Harbour melalui AEON Bukit Indah,myBas,AEON Bukit Indah,AEON Bukit Indah Bus Stop,1.48102,103.65695,07:39:00,,,
Larkin Sentral - Terminal Feri Puteri Harbour melalui AEON Bukit Indah,myBas,Lotus Bukit Indah,Lotus Bukit Indah Bus Stop,1.48173,103.6618,07:42:00,,,
Larkin Sentral - Terminal Feri Puteri Harbour melalui AEON Bukit Indah,myBas,Opp AmBank Bukit Indah,Opp AmBank Bukit Indah Bus Stop,1.4816,103.664,07:45:00,,,
Larkin Sentral - Terminal Feri Puteri Harbour melalui AEON Bukit Indah,myBas,Opp 7-ELEVEN BUKIT INDAH,Opp 7-ELEVEN BUKIT INDAH Bus Stop,1.48086,103.66502,07:48:00,,,
Larkin Sentral - Terminal Feri Puteri Harbour melalui AEON Bukit Indah,myBas,Opp Petronas Bukit Indah,Opp Petronas Bukit Indah Bus Stop,1.47561,103.66595,07:51:00,,,
Larkin Sentral - Terminal Feri Puteri Harbour melalui AEON Bukit Indah,myBas,Opp SK Taman Perling 3,Opp SK Taman Perling 3 Bus Stop,1.4731,103.672,07:54:00,,,
Larkin Sentral - Terminal Feri Puteri Harbour melalui AEON Bukit Indah,myBas,Opp JALAN ISMAIL SULTAN,Opp JALAN ISMAIL SULTAN Bus Stop,1.47296,103.67717,07:57:00,,,
Larkin Sentral - Terminal Feri Puteri Harbour melalui AEON Bukit Indah,myBas,Opp Taman D Utama,Opp Taman D Utama Bus Stop,1.47141055891541,103.685963929207,08:00:00,,,
Larkin Sentral - Terminal Feri Puteri Harbour melalui AEON Bukit Indah,myBas,Opp Sg Danga,Opp Sg Danga Bus Stop,1.47039,103.69187,08:03:00,,,
Larkin Sentral - Terminal Feri Puteri Harbour melalui AEON Bukit Indah,myBas,Taman Tasek,Taman Tasek Bus Stop,1.4872,103.72468,08:06:00,,,
Larkin Sentral - Terminal Feri Puteri Harbour melalui AEON Bukit Indah,myBas,Opp Burger King,Opp Burger King Bus Stop,1.48875,103.72764,08:09:00,,,
Larkin Sentral - Terminal Feri Puteri Harbour melalui AEON Bukit Indah,myBas,OPP DEWAN JKR JOHOR BAHRU,OPP DEWAN JKR JOHOR BAHRU Bus Stop,1.49164263335481,103.740645515202,08:12:00,,,
Larkin Sentral - Pontian,myBas,Larkin Sentral,Larkin Sentral Bus Stop,1.49487,103.74263,08:20:00,,,
Larkin Sentral - Pontian,myBas,DEWAN JKR JOHOR BAHRU,DEWAN JKR JOHOR BAHRU Bus Stop,1.491747,103.740822,08:21:00,,,
Larkin Sentral - Pontian,myBas,Burger King,Burger King Bus Stop,1.48856,103.72768,08:22:00,,,
Larkin Sentral - Pontian,myBas,Opp Taman Tasek,Opp Taman Tasek Bus Stop,1.48677,103.72432,08:23:00,,,
Larkin Sentral - Pontian,myBas,Opp Bandar Baru Uda,Opp Bandar Baru Uda Bus Stop,1.48883,103.71243,08:24:00,,,
Larkin Sentral - Pontian,myBas,Klinik Kesihatan Tampoi,Klinik Kesihatan Tampoi Bus Stop,1.49244,103.70725,08:25:00,,,
Larkin Sentral - Pontian,myBas,SK Pengkalan Rinting,SK Pengkalan Rinting Bus Stop,1.49382,103.70509,08:26:00,,,
Larkin Sentral - Pontian,myBas,Opp Plaza Angsana,Opp Plaza Angsana Bus Stop,1.49493,103.70351,08:27:00,,,
Larkin Sentral - Pontian,myBas,Kampong Pasir,Kampong Pasir Bus Stop,1.49665,103.7014,08:28:00,,,
Larkin Sentral - Pontian,myBas,SK Kampung Pasir / OPP Giant Tampoi,SK Kampung Pasir / OPP Giant Tampoi Bus Stop,1.49887,103.6983,08:29:00,,,
Larkin Sentral - Pontian,myBas,OPP Kompleks Pekan Rabu,OPP Kompleks Pekan Rabu Bus Stop,1.50074,103.69568,08:30:00,,,
Larkin Sentral - Pontian,myBas,Kipmart Tampoi,Kipmart Tampoi Bus Stop,1.50824,103.68931,08:31:00,,,
Larkin Sentral - Pontian,myBas,OPP TAMAN JOHOR,OPP TAMAN JOHOR Bus Stop,1.51163,103.68694,08:32:00,,,
Larkin Sentral - Pontian,myBas,Opp Paradigm Mall,Opp Paradigm Mall Bus Stop,1.51525,103.68457,08:33:00,,,
Larkin Sentral - Pontian,myBas,Mcdonalds Taman Sutera,Mcdonalds Taman Sutera Bus Stop,1.52311,103.67908,08:34:00,,,
Larkin Sentral - Pontian,myBas,OPP Petron TUTA,OPP Petron TUTA Bus Stop,1.52808,103.67058,08:35:00,,,
Larkin Sentral - Pontian,myBas,TM Skudai,TM Skudai Bus Stop,1.53504,103.66477,08:36:00,,,
Larkin Sentral - Pontian,myBas,MBIP Skudai,MBIP Skudai Bus Stop,1.53675,103.66318,08:37:00,,,
Larkin Sentral - Pontian,myBas,Pejabat Pos Skudai,Pejabat Pos Skudai Bus Stop,1.53952,103.66067,08:38:00,,,
Larkin Sentral - Pontian,myBas,Opp Skudai Parade,Opp Skudai Parade Bus Stop,1.5415614731517646,103.65878422583812,08:39:00,,,
Larkin Sentral - Pontian,myBas,Shell Taman Puteri Skudai,Shell Taman Puteri Skudai Bus Stop,1.54483,103.65729,08:40:00,,,
Larkin Sentral - Pontian,myBas,SMK Skudai,SMK Skudai Bus Stop,1.54873,103.65399,08:41:00,,,
Larkin Sentral - Pontian,myBas,TAMAN SRI SKUDAI,TAMAN SRI SKUDAI Bus Stop,1.54969,103.65196,08:42:00,,,
Larkin Sentral - Pontian,myBas,Taman Sri Pulai (Lebuhraya Skudai - Pont,Taman Sri Pulai (Lebuhraya Skudai - Pont Bus Stop,1.56255,103.61756,08:43:00,,,
Larkin Sentral - Pontian,myBas,Arked Pulai Perdana,Arked Pulai Perdana Bus Stop,1.56488,103.61356,08:44:00,,,
Larkin Sentral - Pontian,myBas,SRI PULAI PERDANA (1),SRI PULAI PERDANA (1) Bus Stop,1.56574,103.61151,08:45:00,,,
Larkin Sentral - Pontian,myBas,Sri Pulai Perdana (2),Sri Pulai Perdana (2) Bus Stop,1.56631,103.60915,08:46:00,,,
Larkin Sentral - Pontian,myBas,Opp Kampung Nesa,Opp Kampung Nesa Bus Stop,1.56651,103.60628,08:47:00,,,
Larkin Sentral - Pontian,myBas,Opp Simpang Empat Bandar Pulai Jaya,Opp Simpang Empat Bandar Pulai Jaya Bus Stop,1.56652,103.59868,08:48:00,,,
Larkin Sentral - Pontian,myBas,Opp Petronas Pulai Perdana 2,Opp Petronas Pulai Perdana 2 Bus Stop,1.56687,103.59484,08:49:00,,,
Larkin Sentral - Pontian,myBas,Bandar Baru Kangkar Pulai,Bandar Baru Kangkar Pulai Bus Stop,1.56431800827983,103.587445537663,08:50:00,,,
Larkin Sentral - Pontian,myBas,Kampung Kangkar Pulai,Kampung Kangkar Pulai Bus Stop,1.5618548232084597,103.58333108369727,08:51:00,,,
Larkin Sentral - Pontian,myBas,Orchid Valley,Orchid Valley Bus Stop,1.55881,103.56919,08:52:00,,,
Larkin Sentral - Pontian,myBas,Nature at Work (NURSERY),Nature at Work (NURSERY) Bus Stop,1.55656825659485,103.565425293644,08:53:00,,,
Larkin Sentral - Pontian,myBas,Taman Perindustrian Pekan Nenas,Taman Perindustrian Pekan Nenas Bus Stop,1.4960387616082107,103.52534643928354,08:54:00,,,
Larkin Sentral - Pontian,myBas,TAMAN PERINDUSTRIAN PEKAN NENAS 1,TAMAN PERINDUSTRIAN PEKAN NENAS 1 Bus Stop,1.49718,103.52232,08:55:00,,,
Larkin Sentral - Pontian,myBas,Taman Mewah,Taman Mewah Bus Stop,1.4986,103.51844,08:56:00,,,
Larkin Sentral - Pontian,myBas,Opp Pekan Nenas,Opp Pekan Nenas Bus Stop,1.50227,103.5173,08:57:00,,,
Larkin Sentral - Pontian,myBas,Opp BSN Pekan Nenas,Opp BSN Pekan Nenas Bus Stop,1.50732,103.51225,08:58:00,,,
Larkin Sentral - Pontian,myBas,Hentian Jalan Besar,Hentian Jalan Besar Bus Stop,1.50776,103.5099,08:59:00,,,
Larkin Sentral - Pontian,myBas,Medan Selera,Medan Selera Bus Stop,1.5088571719140107,103.5071739638068,09:00:00,,,
Larkin Sentral - Pontian,myBas,Opp Dewan Serbaguna Kg Parit Pasir Baru,Opp Dewan Serbaguna Kg Parit Pasir Baru Bus Stop,1.50942,103.50274,09:01:00,,,
Larkin Sentral - Pontian,myBas,Opp GIATMARA TG Piai,Opp GIATMARA TG Piai Bus Stop,1.5102,103.49312,09:02:00,,,
Larkin Sentral - Pontian,myBas,Sekolah Agama Pengkalan Raja,Sekolah Agama Pengkalan Raja Bus Stop,1.51685514756826,103.487313661957,09:03:00,,,
Larkin Sentral - Pontian,myBas,SK Pengkalan Raja,SK Pengkalan Raja Bus Stop,1.51798,103.48642,09:04:00,,,
Larkin Sentral - Pontian,myBas,Desa Sri Aman,Desa Sri Aman Bus Stop,1.52065,103.48532,09:05:00,,,
Larkin Sentral - Pontian,myBas,Klinik Desa Pengkalan Raja,Klinik Desa Pengkalan Raja Bus Stop,1.52356,103.47752,09:06:00,,,
Larkin Sentral - Pontian,myBas,Opp Masjid Kampung Pengkalan Raja,Opp Masjid Kampung Pengkalan Raja Bus Stop,1.52442,103.47213,09:07:00,,,
Larkin Sentral - Pontian,myBas,OPP Bend Weld,OPP Bend Weld Bus Stop,1.52491,103.46414,09:08:00,,,
Larkin Sentral - Pontian,myBas,OPP KAMPUNG PARIT BARU,OPP KAMPUNG PARIT BARU Bus Stop,1.51956,103.45351,09:09:00,,,
Larkin Sentral - Pontian,myBas,OPP Kampung Parit Selangor,OPP Kampung Parit Selangor Bus Stop,1.51496,103.44814,09:10:00,,,
Larkin Sentral - Pontian,myBas,Setia Ibarat,Setia Ibarat Bus Stop,1.5122955383528338,103.44622084199008,09:11:00,,,
Larkin Sentral - Pontian,myBas,Mardi Pontian,Mardi Pontian Bus Stop,1.50885,103.44487,09:12:00,,,
Larkin Sentral - Pontian,myBas,OPP SIMPANG PARIT HAJI OTHMAN,OPP SIMPANG PARIT HAJI OTHMAN Bus Stop,1.50015,103.4421,09:13:00,,,
Larkin Sentral - Pontian,myBas,KAMPUNG PINANG SARI,KAMPUNG PINANG SARI Bus Stop,1.49588748423952,103.437177590859,09:14:00,,,
Larkin Sentral - Pontian,myBas,Opp TAMAN MUTIARA (SMK TAN SRI OTHMAN MO,Opp TAMAN MUTIARA (SMK TAN SRI OTHMAN MO Bus Stop,1.49458,103.43513,09:15:00,,,
Larkin Sentral - Pontian,myBas,Taman Desa Molek,Taman Desa Molek Bus Stop,1.49162,103.43025,09:16:00,,,
Larkin Sentral - Pontian,myBas,TAMAN PONTIAN PERDANA,TAMAN PONTIAN PERDANA Bus Stop,1.48928622389414,103.426285000068,09:17:00,,,
Larkin Sentral - Pontian,myBas,KAMPUNG PARIT KECHIL,KAMPUNG PARIT KECHIL Bus Stop,1.48731,103.42331,09:18:00,,,
Larkin Sentral - Pontian,myBas,Opp KILANG JCS,Opp KILANG JCS Bus Stop,1.48514,103.41979,09:19:00,,,
Larkin Sentral - Pontian,myBas,OPP KAMPUNG SUNGAI BUNYI PARIT HAJI ISMA,OPP KAMPUNG SUNGAI BUNYI PARIT HAJI ISMA Bus Stop,1.48408,103.41715,09:20:00,,,
Larkin Sentral - Pontian,myBas,Pertiwi Sejagat,Pertiwi Sejagat Bus Stop,1.4837803300090813,103.41275813960598,09:21:00,,,
Larkin Sentral - Pontian,myBas,OPP Taman Impian Indah,OPP Taman Impian Indah Bus Stop,1.48398,103.40909,09:22:00,,,
Larkin Sentral - Pontian,myBas,THE COOKIES FACTORY,THE COOKIES FACTORY Bus Stop,1.48372,103.40597,09:23:00,,,
Larkin Sentral - Pontian,myBas,Petron Pontian,Petron Pontian Bus Stop,1.48203,103.40266,09:24:00,,,
Larkin Sentral - Pontian,myBas,Opp JKR Pontian,Opp JKR Pontian Bus Stop,1.4816767417498116,103.40122678495896,09:25:00,,,
Larkin Sentral - Pontian,myBas,JPN Pontian,JPN Pontian Bus Stop,1.481066018296358,103.39912852293858,09:26:00,,,
Larkin Sentral - Pontian,myBas,Opp Econsave Pontian,Opp Econsave Pontian Bus Stop,1.48038,103.39694,09:27:00,,,
Larkin Sentral - Pontian,myBas,Baitulmal Pontian,Baitulmal Pontian Bus Stop,1.478687790119967,103.3915149641872,09:28:00,,,
Larkin Sentral - Pontian,myBas,EcoShop Pontian,EcoShop Pontian Bus Stop,1.4779716136769725,103.38856181230616,09:29:00,,,
Larkin Sentral - Pontian,myBas,Terminal Pontian,Terminal Pontian Bus Stop,1.47935,103.3883,09:30:00,,,
Larkin Sentral - Pontian,myBas,Econsave Pontian,Econsave Pontian Bus Stop,1.48045,103.3967,11:02:00,,,
Larkin Sentral - Pontian,myBas,Opp Petron Pontian,Opp Petron Pontian Bus Stop,1.48236,103.40317,11:05:00,,,
Larkin Sentral - Pontian,myBas,Opp THE COOKIES FACTORY,Opp THE COOKIES FACTORY Bus Stop,1.48391,103.4059,11:06:00,,,
Larkin Sentral - Pontian,myBas,Taman Impian Indah,Taman Impian Indah Bus Stop,1.48464,103.40949,11:07:00,,,
Larkin Sentral - Pontian,myBas,KAMPUNG SUNGAI BUNYI PARIT HAJI ISMAIL,KAMPUNG SUNGAI BUNYI PARIT HAJI ISMAIL Bus Stop,1.48416,103.41689,11:09:00,,,
Larkin Sentral - Pontian,myBas,KILANG JCS,KILANG JCS Bus Stop,1.48545,103.41997,11:10:00,,,
Larkin Sentral - Pontian,myBas,Opp KAMPUNG PARIT KECHIL,Opp KAMPUNG PARIT KECHIL Bus Stop,1.48728,103.42299,11:11:00,,,
Larkin Sentral - Pontian,myBas,OPP Taman Desa Molek,OPP Taman Desa Molek Bus Stop,1.4913,103.42947,11:13:00,,,
Larkin Sentral - Pontian,myBas,TAMAN MUTIARA (SMK TAN SRI OTHMAN MOHD S,TAMAN MUTIARA (SMK TAN SRI OTHMAN MOHD S Bus Stop,1.49441,103.43452,11:14:00,,,
Larkin Sentral - Pontian,myBas,SIMPANG PARIT HAJI OTHMAN,SIMPANG PARIT HAJI OTHMAN Bus Stop,1.5014,103.44292,11:16:00,,,
Larkin Sentral - Pontian,myBas,OPP Mardi Pontian,OPP Mardi Pontian Bus Stop,1.5091,103.44479,11:17:00,,,
Larkin Sentral - Pontian,myBas,Kampung Parit Selangor,Kampung Parit Selangor Bus Stop,1.51502,103.44786,11:19:00,,,
Larkin Sentral - Pontian,myBas,Kampung Selangor Baru,Kampung Selangor Baru Bus Stop,1.51928,103.45294,11:20:00,,,
Larkin Sentral - Pontian,myBas,Bend Weld,Bend Weld Bus Stop,1.52509,103.46442,11:21:00,,,
Larkin Sentral - Pontian,myBas,Masjid Kampung Pengkalan Raja,Masjid Kampung Pengkalan Raja Bus Stop,1.5246,103.47162,11:22:00,,,
Larkin Sentral - Pontian,myBas,GIATMARA TG Piai,GIATMARA TG Piai Bus Stop,1.5107,103.49231,11:27:00,,,
Larkin Sentral - Pontian,myBas,Dewan Serbaguna Kg Parit Pasir Baru,Dewan Serbaguna Kg Parit Pasir Baru Bus Stop,1.50988,103.50274,11:28:00,,,
Larkin Sentral - Pontian,myBas,HENTIAN BAS JALAN BESAR,HENTIAN BAS JALAN BESAR Bus Stop,1.50846,103.50888,11:30:00,,,
Larkin Sentral - Pontian,myBas,BSN Pekan Nenas,BSN Pekan Nenas Bus Stop,1.50749,103.51247,11:31:00,,,
Larkin Sentral - Pontian,myBas,Opp MAYBANK PEKAN NENAS,Opp MAYBANK PEKAN NENAS Bus Stop,1.50321,103.51712,11:32:00,,,
Larkin Sentral - Pontian,myBas,PULAI HIJAUAN,PULAI HIJAUAN Bus Stop,1.55986,103.57625,11:37:00,,,
Larkin Sentral - Pontian,myBas,Petronas Pulai Perdana 2,Petronas Pulai Perdana 2 Bus Stop,1.567255978887001,103.59506634710324,11:40:00,,,
Larkin Sentral - Pontian,myBas,Simpang Empat Bandar Pulai Jaya,Simpang Empat Bandar Pulai Jaya Bus Stop,1.56663,103.59875,11:41:00,,,
Larkin Sentral - Pontian,myBas,Kampung Nesa,Kampung Nesa Bus Stop,1.56663,103.60605,11:42:00,,,
Larkin Sentral - Pontian,myBas,Opp Sri Pulai Perdana (2),Opp Sri Pulai Perdana (2) Bus Stop,1.56659994713035,103.609183181763,11:43:00,,,
Larkin Sentral - Pontian,myBas,Opp SRI PULAI PERDANA (1),Opp SRI PULAI PERDANA (1) Bus Stop,1.56591,103.61144,11:44:00,,,
Larkin Sentral - Pontian,myBas,Opp Arked Pulai Perdana,Opp Arked Pulai Perdana Bus Stop,1.56517,103.61347,11:45:00,,,
Larkin Sentral - Pontian,myBas,Opp Taman Sri Pulai (Lebuhraya Skudai - ,Opp Taman Sri Pulai (Lebuhraya Skudai -  Bus Stop,1.5627,103.61757,11:46:00,,,
Larkin Sentral - Pontian,myBas,Opp TAMAN SRI SKUDAI,Opp TAMAN SRI SKUDAI Bus Stop,1.55066,103.65003,11:47:00,,,
Larkin Sentral - Pontian,myBas,Opp SMK Skudai,Opp SMK Skudai Bus Stop,1.54911,103.65405,11:48:00,,,
Larkin Sentral - Pontian,myBas,Opp Shell Tmn Puteri Skudai,Opp Shell Tmn Puteri Skudai Bus Stop,1.54437,103.65784,11:49:00,,,
Larkin Sentral - Pontian,myBas,Skudai Parade,Skudai Parade Bus Stop,1.54212,103.65897,11:50:00,,,
Larkin Sentral - Pontian,myBas,Opp Pejabat Pos Skudai,Opp Pejabat Pos Skudai Bus Stop,1.53982,103.6606,11:51:00,,,
Larkin Sentral - Pontian,myBas,Opp MBIP Skudai,Opp MBIP Skudai Bus Stop,1.5375,103.66291,11:52:00,,,
Larkin Sentral - Pontian,myBas,Opp TM Skudai,Opp TM Skudai Bus Stop,1.5356996391339357,103.66472268303048,11:53:00,,,
Larkin Sentral - Pontian,myBas,Petron TUTA,Petron TUTA Bus Stop,1.52811,103.67087,11:54:00,,,
Larkin Sentral - Pontian,myBas,Opp Mcdonalds Taman Sutera,Opp Mcdonalds Taman Sutera Bus Stop,1.52261,103.67966,11:55:00,,,
Larkin Sentral - Pontian,myBas,Paradigm Mall,Paradigm Mall Bus Stop,1.51513,103.68491,11:56:00,,,
Larkin Sentral - Pontian,myBas,Taman Johor,Taman Johor Bus Stop,1.51153,103.68748,11:57:00,,,
Larkin Sentral - Pontian,myBas,OPP Kipmart Tampoi,OPP Kipmart Tampoi Bus Stop,1.50922,103.68902,11:58:00,,,
Larkin Sentral - Pontian,myBas,Kompleks Pekan Rabu,Kompleks Pekan Rabu Bus Stop,1.50081,103.69585,11:59:00,,,
Larkin Sentral - Pontian,myBas,Opp SK Kampung Pasir / Giant Tampoi,Opp SK Kampung Pasir / Giant Tampoi Bus Stop,1.49892,103.69862,12:00:00,,,
Larkin Sentral - Pontian,myBas,Opp Kampung Pasir,Opp Kampung Pasir Bus Stop,1.49698,103.70152,12:01:00,,,
Larkin Sentral - Pontian,myBas,B5 Johor Street Market / Plaza Angsana,B5 Johor Street Market / Plaza Angsana Bus Stop,1.49582,103.70333,12:02:00,,,
Larkin Sentral - Pontian,myBas,Opp SK Pengkalan Rinting,Opp SK Pengkalan Rinting Bus Stop,1.49447,103.70527,12:03:00,,,
Larkin Sentral - Pontian,myBas,Opp Klinik Kesihatan Tampoi,Opp Klinik Kesihatan Tampoi Bus Stop,1.49263,103.70768,12:04:00,,,
Larkin Sentral - Pontian,myBas,Bandar Baru UDA,Bandar Baru UDA Bus Stop,1.48961,103.71202,12:05:00,,,
Larkin Sentral - Pontian,myBas,Taman Tasek,Taman Tasek Bus Stop,1.4872,103.72468,12:06:00,,,
Larkin Sentral - Pontian,myBas,Opp Burger King,Opp Burger King Bus Stop,1.48875,103.72764,12:07:00,,,
Larkin Sentral - Pontian,myBas,OPP DEWAN JKR JOHOR BAHRU,OPP DEWAN JKR JOHOR BAHRU Bus Stop,1.49164263335481,103.740645515202,12:08:00,,,
KANGAR - CHANGLUN,myBas,TERMINAL BUKIT LAGI KANGAR,TERMINAL BUKIT LAGI KANGAR Bus Stop,6.435254,100.192604,06:45:00,,,
KANGAR - CHANGLUN,myBas,KAYANGAN SQUARE KANGAR,KAYANGAN SQUARE KANGAR Bus Stop,6.44,100.194147,06:47:00,,,
KANGAR - CHANGLUN,myBas,HOSPITAL TUANKU FAUZIAH,HOSPITAL TUANKU FAUZIAH Bus Stop,6.441297,100.191758,06:49:00,,,
KANGAR - CHANGLUN,myBas,SEK DERMA,SEK DERMA Bus Stop,6.442606,100.192178,06:51:00,,,
KANGAR - CHANGLUN,myBas,MEGA STAR INN,MEGA STAR INN Bus Stop,6.444794,100.197758,06:53:00,,,
KANGAR - CHANGLUN,myBas,SMK SYED HASSAN,SMK SYED HASSAN Bus Stop,6.446172,100.201275,06:55:00,,,
KANGAR - CHANGLUN,myBas,TMN SENA INDAH,TMN SENA INDAH Bus Stop,6.447153,100.204986,06:57:00,,,
KANGAR - CHANGLUN,myBas,TMN SENA,TMN SENA Bus Stop,6.445806,100.207822,06:59:00,,,
KANGAR - CHANGLUN,myBas,MASJID TUN ABDUL RAZAK CP,MASJID TUN ABDUL RAZAK CP Bus Stop,6.446544,100.214253,07:01:00,,,
KANGAR - CHANGLUN,myBas,SIMPANG TASIK MELATI,SIMPANG TASIK MELATI Bus Stop,6.446547,100.216381,07:03:00,,,
KANGAR - CHANGLUN,myBas,TMN PROGRESIF,TMN PROGRESIF Bus Stop,6.445883,100.221969,07:05:00,,,
KANGAR - CHANGLUN,myBas,TMN MIDIN INDAH,TMN MIDIN INDAH Bus Stop,6.445495,100.225299,07:07:00,,,
KANGAR - CHANGLUN,myBas,UNIMAP JEJAWI/SK JEJAWI,UNIMAP JEJAWI/SK JEJAWI Bus Stop,6.445239,100.229769,07:09:00,,,
KANGAR - CHANGLUN,myBas,MAJLIS PERBANDARAN KANGAR (JEJAWI),MAJLIS PERBANDARAN KANGAR (JEJAWI) Bus Stop,6.445158,100.232303,07:11:00,,,
KANGAR - CHANGLUN,myBas,MASJID MUHAMMADI CP,MASJID MUHAMMADI CP Bus Stop,6.445119,100.235144,07:13:00,,,
KANGAR - CHANGLUN,myBas,SMK SYED SIRAJUDDIN CP,SMK SYED SIRAJUDDIN CP Bus Stop,6.445203,100.238922,07:15:00,,,
KANGAR - CHANGLUN,myBas,ALOR LANCANG/TMN SAUJANA IDAMAN,ALOR LANCANG/TMN SAUJANA IDAMAN Bus Stop,6.445392,100.242606,07:17:00,,,
KANGAR - CHANGLUN,myBas,UNIVERSITI MALAYSIA PERLIS JEJAWI KANGAR,UNIVERSITI MALAYSIA PERLIS JEJAWI KANGAR Bus Stop,6.445678,100.245042,07:19:00,,,
KANGAR - CHANGLUN,myBas,SK SUBANG GAJAH,SK SUBANG GAJAH Bus Stop,6.446183,100.250322,07:21:00,,,
KANGAR - CHANGLUN,myBas,KG ALOR ARA,KG ALOR ARA Bus Stop,6.446419,100.252897,07:23:00,,,
KANGAR - CHANGLUN,myBas,BATAS LIKU ARAU,BATAS LIKU ARAU Bus Stop,6.441561,100.266189,07:25:00,,,
KANGAR - CHANGLUN,myBas,SMK DATO SHEIKH AHMAD cp,SMK DATO SHEIKH AHMAD cp Bus Stop,6.439044,100.267142,07:27:00,,,
KANGAR - CHANGLUN,myBas,SEK TENGKU BUDRIAH,SEK TENGKU BUDRIAH Bus Stop,6.436581,100.269306,07:29:00,,,
KANGAR - CHANGLUN,myBas,SMA ALMAAD,SMA ALMAAD Bus Stop,6.433167,100.270042,07:31:00,,,
KANGAR - CHANGLUN,myBas,KTM ARAU,KTM ARAU Bus Stop,6.429528,100.269908,07:33:00,,,
KANGAR - CHANGLUN,myBas,MAKAM DIRAJA cp,MAKAM DIRAJA cp Bus Stop,6.430006,100.270853,07:35:00,,,
KANGAR - CHANGLUN,myBas,SJK HWA AIK,SJK HWA AIK Bus Stop,6.426781,100.273892,07:37:00,,,
KANGAR - CHANGLUN,myBas,TMN KENANGA,TMN KENANGA Bus Stop,6.426981,100.275586,07:39:00,,,
KANGAR - CHANGLUN,myBas,PASAR BESAR ARAU,PASAR BESAR ARAU Bus Stop,6.427536,100.278922,07:41:00,,,
KANGAR - CHANGLUN,myBas,NAT POKOK GETAH,NAT POKOK GETAH Bus Stop,6.432031,100.292106,07:43:00,,,
KANGAR - CHANGLUN,myBas,MASJID AL MURSYID,MASJID AL MURSYID Bus Stop,6.434781,100.297906,07:44:00,,,
KANGAR - CHANGLUN,myBas,PEKAN PAUH,PEKAN PAUH Bus Stop,6.436183,100.300883,07:45:00,,,
KANGAR - CHANGLUN,myBas,BALAI POLIS PAUH CP,BALAI POLIS PAUH CP Bus Stop,6.437258,100.303056,07:46:00,,,
KANGAR - CHANGLUN,myBas,SMK TENGKU BUDRIAH,SMK TENGKU BUDRIAH Bus Stop,6.440958,100.310364,07:47:00,,,
KANGAR - CHANGLUN,myBas,POLITEKNIK SYED SIRAJUDDIN,POLITEKNIK SYED SIRAJUDDIN Bus Stop,6.453778,100.337714,07:48:00,,,
KANGAR - CHANGLUN,myBas,MRSM ULU PAUH,MRSM ULU PAUH Bus Stop,6.453011,100.347019,07:49:00,,,
KANGAR - CHANGLUN,myBas,UNIMAP PAUH/SEK KEJURUTERAAN,UNIMAP PAUH/SEK KEJURUTERAAN Bus Stop,6.463189,100.351028,07:50:00,,,
KANGAR - CHANGLUN,myBas,UNIMAP PAUH/KOLEH KEDIAMAN ABD RAZAK,UNIMAP PAUH/KOLEH KEDIAMAN ABD RAZAK Bus Stop,6.462169,100.355769,07:51:00,,,
KANGAR - CHANGLUN,myBas,GERAI BUAH-BUAHAN SEGAR FAMA,GERAI BUAH-BUAHAN SEGAR FAMA Bus Stop,6.456553,100.348689,07:52:00,,,
KANGAR - CHANGLUN,myBas,MASJID ABIDIN,MASJID ABIDIN Bus Stop,6.441467,100.409319,07:53:00,,,
KANGAR - CHANGLUN,myBas,TMN SERI CHANGLUN,TMN SERI CHANGLUN Bus Stop,6.435625,100.424456,07:54:00,,,
KANGAR - CHANGLUN,myBas,TERMINAL CHANGLUN,TERMINAL CHANGLUN Bus Stop,6.431172,100.428217,07:55:00,,,
KANGAR - PADANG BESAR,myBas,TERMINAL BUKIT LAGI KANGAR,TERMINAL BUKIT LAGI KANGAR Bus Stop,6.435254,100.192604,06:00:00,,,
KANGAR - PADANG BESAR,myBas,KAYANGAN SQUARE KANGAR,KAYANGAN SQUARE KANGAR Bus Stop,6.44,100.194147,06:02:00,,,
KANGAR - PADANG BESAR,myBas,KOMPLEKS ISLAM PERLIS,KOMPLEKS ISLAM PERLIS Bus Stop,6.440983,100.199203,06:04:00,,,
KANGAR - PADANG BESAR,myBas,HOTEL PUTRA REGENCY,HOTEL PUTRA REGENCY Bus Stop,6.443869,100.203289,06:06:00,,,
KANGAR - PADANG BESAR,myBas,PEJABAT POS LAJU,PEJABAT POS LAJU Bus Stop,6.446517,100.20485,06:08:00,,,
KANGAR - PADANG BESAR,myBas,TMN SENA INDAH/ TMN NORMA,TMN SENA INDAH/ TMN NORMA Bus Stop,6.448314,100.205256,06:10:00,,,
KANGAR - PADANG BESAR,myBas,KG SALANG cp,KG SALANG cp Bus Stop,6.460431,100.208344,06:12:00,,,
KANGAR - PADANG BESAR,myBas,BATU 2,BATU 2 Bus Stop,6.472464,100.212331,06:14:00,,,
KANGAR - PADANG BESAR,myBas,BATU 3 1/4,BATU 3 1/4 Bus Stop,6.475681,100.213306,06:16:00,,,
KANGAR - PADANG BESAR,myBas,BATU 3 1/2,BATU 3 1/2 Bus Stop,6.480047,100.214319,06:18:00,,,
KANGAR - PADANG BESAR,myBas,MASJID SIRAJUDDIN,MASJID SIRAJUDDIN Bus Stop,6.484706,100.215369,06:20:00,,,
KANGAR - PADANG BESAR,myBas,KG PENGHULU CHOH,KG PENGHULU CHOH Bus Stop,6.487458,100.216211,06:22:00,,,
KANGAR - PADANG BESAR,myBas,RTM PADANG PAUH,RTM PADANG PAUH Bus Stop,6.490283,100.217897,06:24:00,,,
KANGAR - PADANG BESAR,myBas,PADANG PAUH,PADANG PAUH Bus Stop,6.491625,100.218722,06:26:00,,,
KANGAR - PADANG BESAR,myBas,ALOR SENA,ALOR SENA Bus Stop,6.496819,100.221922,06:28:00,,,
KANGAR - PADANG BESAR,myBas,SK PAYA cp,SK PAYA cp Bus Stop,6.501692,100.224867,06:30:00,,,
KANGAR - PADANG BESAR,myBas,PAYA,PAYA Bus Stop,6.501689,100.224867,06:32:00,,,
KANGAR - PADANG BESAR,myBas,BALAI BARU,BALAI BARU Bus Stop,6.515339,100.229658,06:34:00,,,
KANGAR - PADANG BESAR,myBas,KOMPLEKS PERTANIAN,KOMPLEKS PERTANIAN Bus Stop,6.523128,100.229489,06:36:00,,,
KANGAR - PADANG BESAR,myBas,KG BESERI / KG BUKIT TENIANG,KG BESERI / KG BUKIT TENIANG Bus Stop,6.528308,100.229225,06:38:00,,,
KANGAR - PADANG BESAR,myBas,SK BESERI cp,SK BESERI cp Bus Stop,6.535328,100.228767,06:39:00,,,
KANGAR - PADANG BESAR,myBas,TMN BESERI PAYA,TMN BESERI PAYA Bus Stop,6.536508,100.228661,06:40:00,,,
KANGAR - PADANG BESAR,myBas,SG BATU HAMPAR,SG BATU HAMPAR Bus Stop,6.539783,100.228436,06:41:00,,,
KANGAR - PADANG BESAR,myBas,MRSM BESERI CP,MRSM BESERI CP Bus Stop,6.550821,100.229703,06:42:00,,,
KANGAR - PADANG BESAR,myBas,IKM BESERI,IKM BESERI Bus Stop,6.554358,100.229183,06:43:00,,,
KANGAR - PADANG BESAR,myBas,PERKUBURAN CINA BERSERI,PERKUBURAN CINA BERSERI Bus Stop,6.558817,100.229328,06:44:00,,,
KANGAR - PADANG BESAR,myBas,TOK MEK,TOK MEK Bus Stop,6.561336,100.231925,06:45:00,,,
KANGAR - PADANG BESAR,myBas,SEMADONG,SEMADONG Bus Stop,6.563933,100.23515,06:46:00,,,
KANGAR - PADANG BESAR,myBas,KG PAYA KELADI,KG PAYA KELADI Bus Stop,6.590958,100.241314,06:47:00,,,
KANGAR - PADANG BESAR,myBas,PUSAT SERENTI,PUSAT SERENTI Bus Stop,6.605756,100.249439,06:48:00,,,
KANGAR - PADANG BESAR,myBas,MASJID AL-MUSTAGFIRIN,MASJID AL-MUSTAGFIRIN Bus Stop,6.615806,100.253919,06:49:00,,,
KANGAR - PADANG BESAR,myBas,SG JAROM,SG JAROM Bus Stop,6.617336,100.256056,06:50:00,,,
KANGAR - PADANG BESAR,myBas,KG TITI TINGGI HILIR CP,KG TITI TINGGI HILIR CP Bus Stop,6.627725,100.260097,06:51:00,,,
KANGAR - PADANG BESAR,myBas,MASJID AL-AZIM cp,MASJID AL-AZIM cp Bus Stop,6.634008,100.261019,06:52:00,,,
KANGAR - PADANG BESAR,myBas,TITI TINGGI,TITI TINGGI Bus Stop,6.636539,100.259772,06:53:00,,,
KANGAR - PADANG BESAR,myBas,UNICITI PERLIS,UNICITI PERLIS Bus Stop,6.648281,100.255547,06:54:00,,,
KANGAR - PADANG BESAR,myBas,KG BARU,KG BARU Bus Stop,6.649872,100.253694,06:55:00,,,
KANGAR - PADANG BESAR,myBas,MASJID AL-NUR CP,MASJID AL-NUR CP Bus Stop,6.646539,100.242414,06:56:00,,,
KANGAR - PADANG BESAR,myBas,KG SERI AMAN PERLIS,KG SERI AMAN PERLIS Bus Stop,6.644697,100.236244,06:57:00,,,
KANGAR - PADANG BESAR,myBas,FELCRA LUBUK SIREH CP,FELCRA LUBUK SIREH CP Bus Stop,6.641617,100.229322,06:58:00,,,
KANGAR - PADANG BESAR,myBas,SMK RAJA PUAN MUDA TENKU FAUZIAH,SMK RAJA PUAN MUDA TENKU FAUZIAH Bus Stop,6.637456,100.2207,06:59:00,,,
KANGAR - PADANG BESAR,myBas,BATU 16,BATU 16 Bus Stop,6.635853,100.217428,07:00:00,,,
KANGAR - PADANG BESAR,myBas,MASJID JABAL AL-ALA CP,MASJID JABAL AL-ALA CP Bus Stop,6.632247,100.209472,07:01:00,,,
KANGAR - PADANG BESAR,myBas,BATU 15A PERLIS,BATU 15A PERLIS Bus Stop,6.635694,100.21105,07:02:00,,,
KANGAR - PADANG BESAR,myBas,KLINIK KESIHATAN KAKI BUKIT PERLIS cp,KLINIK KESIHATAN KAKI BUKIT PERLIS cp Bus Stop,6.642319,100.21055,07:03:00,,,
KANGAR - PADANG BESAR,myBas,BATU 15A 1,BATU 15A 1 Bus Stop,6.635694,100.21105,07:04:00,,,
KANGAR - PADANG BESAR,myBas,MASJID JABAL AL-ALA 1,MASJID JABAL AL-ALA 1 Bus Stop,6.632275,100.209411,07:05:00,,,
KANGAR - PADANG BESAR,myBas,BATU 16 1,BATU 16 1 Bus Stop,6.635853,100.217428,07:06:00,,,
KANGAR - PADANG BESAR,myBas,SMK RAJA PUAN MUDA TENGKU FAUZIAH 1,SMK RAJA PUAN MUDA TENGKU FAUZIAH 1 Bus Stop,6.637456,100.2207,07:07:00,,,
KANGAR - PADANG BESAR,myBas,FELCRA LUBUK SIREH 1,FELCRA LUBUK SIREH 1 Bus Stop,6.641444,100.228953,07:08:00,,,
KANGAR - PADANG BESAR,myBas,KG SERI AMAN 1,KG SERI AMAN 1 Bus Stop,6.644697,100.236244,07:09:00,,,
KANGAR - PADANG BESAR,myBas,MASJID AL-NUR 1,MASJID AL-NUR 1 Bus Stop,6.646539,100.242414,07:10:00,,,
KANGAR - PADANG BESAR,myBas,KG BARU 1 PERLIS,KG BARU 1 PERLIS Bus Stop,6.6493,100.251742,07:11:00,,,
KANGAR - PADANG BESAR,myBas,UNCITI 1,UNCITI 1 Bus Stop,6.650178,100.255964,07:12:00,,,
KANGAR - PADANG BESAR,myBas,KG TITI ULU,KG TITI ULU Bus Stop,6.651806,100.260414,07:13:00,,,
KANGAR - PADANG BESAR,myBas,KG SERI KESIRAI,KG SERI KESIRAI Bus Stop,6.653506,100.266133,07:14:00,,,
KANGAR - PADANG BESAR,myBas,KG SENA DALAM,KG SENA DALAM Bus Stop,6.655769,100.279822,07:15:00,,,
KANGAR - PADANG BESAR,myBas,LADANG BURUNG UNTA PERLIS,LADANG BURUNG UNTA PERLIS Bus Stop,6.655769,100.279822,07:16:00,,,
KANGAR - PADANG BESAR,myBas,MASJID USMANIAH,MASJID USMANIAH Bus Stop,6.655947,100.282869,07:17:00,,,
KANGAR - PADANG BESAR,myBas,BATU 21 / KOK MAK,BATU 21 / KOK MAK Bus Stop,6.656597,100.285981,07:18:00,,,
KANGAR - PADANG BESAR,myBas,BATU 20,BATU 20 Bus Stop,6.657342,100.288939,07:19:00,,,
KANGAR - PADANG BESAR,myBas,TMN KASTAM 3,TMN KASTAM 3 Bus Stop,6.656911,100.294103,07:20:00,,,
KANGAR - PADANG BESAR,myBas,TMN KASTAM 2,TMN KASTAM 2 Bus Stop,6.654644,100.301267,07:21:00,,,
KANGAR - PADANG BESAR,myBas,TERMINAL PADANG BESAR PERLIS,TERMINAL PADANG BESAR PERLIS Bus Stop,6.661312,100.321099,07:22:00,,,
KANGAR - KUALA PERLIS,myBas,TERMINAL BUKIT LAGI KANGAR,TERMINAL BUKIT LAGI KANGAR Bus Stop,6.435254,100.192604,06:30:00,,,
KANGAR - KUALA PERLIS,myBas,KAYANGAN SQUARE KANGAR,KAYANGAN SQUARE KANGAR Bus Stop,6.44,100.194147,06:33:00,,,
KANGAR - KUALA PERLIS,myBas,SK SERI PERLIS,SK SERI PERLIS Bus Stop,6.433622,100.195297,06:36:00,,,
KANGAR - KUALA PERLIS,myBas,SRJK (C) KHOO AIK cp,SRJK (C) KHOO AIK cp Bus Stop,6.429338,100.196241,06:39:00,,,
KANGAR - KUALA PERLIS,myBas,TMN KEMAJUAN,TMN KEMAJUAN Bus Stop,6.424467,100.197219,06:42:00,,,
KANGAR - KUALA PERLIS,myBas,GIANT KANGAR cp,GIANT KANGAR cp Bus Stop,6.420247,100.198047,06:45:00,,,
KANGAR - KUALA PERLIS,myBas,SK RAJA SYED ALWI,SK RAJA SYED ALWI Bus Stop,6.417725,100.198578,06:48:00,,,
KANGAR - KUALA PERLIS,myBas,TMN SERI MEDAN/TMN CAHAYA,TMN SERI MEDAN/TMN CAHAYA Bus Stop,6.415044,100.199225,06:51:00,,,
KANGAR - KUALA PERLIS,myBas,JABATAN KESIHATAN NEGERI PERLIS cp,JABATAN KESIHATAN NEGERI PERLIS cp Bus Stop,6.408245,100.200637,06:54:00,,,
KANGAR - KUALA PERLIS,myBas,SIMPANG TITI CHAI cp,SIMPANG TITI CHAI cp Bus Stop,6.405549,100.200837,06:57:00,,,
KANGAR - KUALA PERLIS,myBas,PASAR TITI CHAI cp,PASAR TITI CHAI cp Bus Stop,6.404751,100.201777,07:00:00,,,
KANGAR - KUALA PERLIS,myBas,SK UTAN AJI CP,SK UTAN AJI CP Bus Stop,6.400055,100.205172,07:03:00,,,
KANGAR - KUALA PERLIS,myBas,SIMPANG LORONG HAMID SAMAH,SIMPANG LORONG HAMID SAMAH Bus Stop,6.390106,100.205969,07:06:00,,,
KANGAR - KUALA PERLIS,myBas,KLINIK DESA KG SURAU cp,KLINIK DESA KG SURAU cp Bus Stop,6.384743,100.206137,07:09:00,,,
KANGAR - KUALA PERLIS,myBas,DEWAN KG UJUNG BATU cp,DEWAN KG UJUNG BATU cp Bus Stop,6.378942,100.204361,07:12:00,,,
KANGAR - KUALA PERLIS,myBas,KUARI GUNUNG MEDAN,KUARI GUNUNG MEDAN Bus Stop,6.386558,100.201994,07:15:00,,,
KANGAR - KUALA PERLIS,myBas,SIMPANG TOK TINA ALUIH cp,SIMPANG TOK TINA ALUIH cp Bus Stop,6.386118,100.201969,07:18:00,,,
KANGAR - KUALA PERLIS,myBas,TMN MEDAN SEPAKAT cp,TMN MEDAN SEPAKAT cp Bus Stop,6.396179,100.197102,07:21:00,,,
KANGAR - KUALA PERLIS,myBas,SIMPANG GUNUNG MEDAN cp,SIMPANG GUNUNG MEDAN cp Bus Stop,6.402121,100.195415,07:23:00,,,
KANGAR - KUALA PERLIS,myBas,KG BUKIT KECHIK cp,KG BUKIT KECHIK cp Bus Stop,6.399641,100.192201,07:25:00,,,
KANGAR - KUALA PERLIS,myBas,KG ALOR MARUS cp,KG ALOR MARUS cp Bus Stop,6.398524,100.189998,07:27:00,,,
KANGAR - KUALA PERLIS,myBas,KLINIK DESA BEHOR LATEH cp,KLINIK DESA BEHOR LATEH cp Bus Stop,6.396912,100.183812,07:29:00,,,
KANGAR - KUALA PERLIS,myBas,SK KAYANG cp,SK KAYANG cp Bus Stop,6.39607,100.178811,07:31:00,,,
KANGAR - KUALA PERLIS,myBas,KG TITI SERONG/PERTUBUHAN PELADANG cp,KG TITI SERONG/PERTUBUHAN PELADANG cp Bus Stop,6.395317,100.172144,07:33:00,,,
KANGAR - KUALA PERLIS,myBas,KRAFTANGAN MALAYSIA PERLIS cp,KRAFTANGAN MALAYSIA PERLIS cp Bus Stop,6.395056,100.168894,07:35:00,,,
KANGAR - KUALA PERLIS,myBas,KG TELUK BATU 5 cp,KG TELUK BATU 5 cp Bus Stop,6.392315,100.149093,07:37:00,,,
KANGAR - KUALA PERLIS,myBas,SIMPANG TIGA PADANG BESAR SELATAN cp,SIMPANG TIGA PADANG BESAR SELATAN cp Bus Stop,6.392315,100.149093,07:38:00,,,
KANGAR - KUALA PERLIS,myBas,WARUNG KAK ETA,WARUNG KAK ETA Bus Stop,6.392756,100.143922,07:39:00,,,
KANGAR - KUALA PERLIS,myBas,TMN INDERA INDAH cp,TMN INDERA INDAH cp Bus Stop,6.393072,100.143114,07:40:00,,,
KANGAR - KUALA PERLIS,myBas,BALAI POLIS KUALA PERLIS cp,BALAI POLIS KUALA PERLIS cp Bus Stop,6.393393,100.141021,07:41:00,,,
KANGAR - KUALA PERLIS,myBas,SMK KUALA PERLIS cp,SMK KUALA PERLIS cp Bus Stop,6.395674,100.13645,07:42:00,,,
KANGAR - KUALA PERLIS,myBas,KOMPLEKS PERNIAGAAN KUALA PERLIS,KOMPLEKS PERNIAGAAN KUALA PERLIS Bus Stop,6.395589,100.133414,07:43:00,,,
KANGAR - KUALA PERLIS,myBas,STESEN BAS KUALA PERLIS cp,STESEN BAS KUALA PERLIS cp Bus Stop,6.397616,100.131113,07:44:00,,,
KANGAR - KUALA PERLIS,myBas,LKIM cp,LKIM cp Bus Stop,6.399482,100.131218,07:45:00,,,
KANGAR - KUALA PERLIS,myBas,PANGGUNG WAYANG,PANGGUNG WAYANG Bus Stop,6.400122,100.132744,07:46:00,,,
KANGAR - KUALA PERLIS,myBas,PLAZA KUALA cp,PLAZA KUALA cp Bus Stop,6.400488,100.133137,07:47:00,,,
KANGAR - KUALA PERLIS,myBas,GERAI MAKAN TMN BUKIT KUBU,GERAI MAKAN TMN BUKIT KUBU Bus Stop,6.4029,100.139028,07:48:00,,,
KANGAR - KUALA PERLIS,myBas,TMN BUKIT KUBU,TMN BUKIT KUBU Bus Stop,6.405308,100.140114,07:49:00,,,
KANGAR - KUALA PERLIS,myBas,UNIMAP KG WAI,UNIMAP KG WAI Bus Stop,6.411525,100.135456,07:50:00,,,
KANGAR - KUALA PERLIS,myBas,SRJK (C) KHAY BENG cp,SRJK (C) KHAY BENG cp Bus Stop,6.410486,100.133047,07:51:00,,,
KANGAR - KUALA PERLIS,myBas,KLINIK DESA SEBERANG RAMAI cp,KLINIK DESA SEBERANG RAMAI cp Bus Stop,6.407091,100.131411,07:52:00,,,
KANGAR - KUALA PERLIS,myBas,HENTIAN KAMPUNG SEBERANG RAMAI,HENTIAN KAMPUNG SEBERANG RAMAI Bus Stop,6.406072,100.130972,07:53:00,,,
KANGAR - ALOR SETAR VIA KUALA SANGLANG,myBas,TERMINAL BUKIT LAGI KANGAR,TERMINAL BUKIT LAGI KANGAR Bus Stop,6.435254,100.192604,06:15:00,,,
KANGAR - ALOR SETAR VIA KUALA SANGLANG,myBas,KAYANGAN SQUARE KANGAR,KAYANGAN SQUARE KANGAR Bus Stop,6.44,100.194147,06:17:00,,,
KANGAR - ALOR SETAR VIA KUALA SANGLANG,myBas,KPJ KANGAR CP,KPJ KANGAR CP Bus Stop,6.433728,100.187464,06:19:00,,,
KANGAR - ALOR SETAR VIA KUALA SANGLANG,myBas,KG BEHOR TEMAK,KG BEHOR TEMAK Bus Stop,6.427794,100.184919,06:21:00,,,
KANGAR - ALOR SETAR VIA KUALA SANGLANG,myBas,TABUNG HAJI SERIAB,TABUNG HAJI SERIAB Bus Stop,6.415558,100.183225,06:23:00,,,
KANGAR - ALOR SETAR VIA KUALA SANGLANG,myBas,PERTUBUHAN PELADANG,PERTUBUHAN PELADANG Bus Stop,6.399903,100.182403,06:25:00,,,
KANGAR - ALOR SETAR VIA KUALA SANGLANG,myBas,SMK SYED ALWI,SMK SYED ALWI Bus Stop,6.395089,100.182589,06:27:00,,,
KANGAR - ALOR SETAR VIA KUALA SANGLANG,myBas,KG BEHOR LATEH,KG BEHOR LATEH Bus Stop,6.39275,100.182681,06:29:00,,,
KANGAR - ALOR SETAR VIA KUALA SANGLANG,myBas,KG BEHOR MALI,KG BEHOR MALI Bus Stop,6.383147,100.183067,06:31:00,,,
KANGAR - ALOR SETAR VIA KUALA SANGLANG,myBas,MASJID AL-HIDAYAH,MASJID AL-HIDAYAH Bus Stop,6.371558,100.183364,06:33:00,,,
KANGAR - ALOR SETAR VIA KUALA SANGLANG,myBas,SK BEHOR MALI,SK BEHOR MALI Bus Stop,6.369731,100.183511,06:35:00,,,
KANGAR - ALOR SETAR VIA KUALA SANGLANG,myBas,SEK AGAMA AL-ISLAHIYAH,SEK AGAMA AL-ISLAHIYAH Bus Stop,6.366486,100.184211,06:37:00,,,
KANGAR - ALOR SETAR VIA KUALA SANGLANG,myBas,KG SG BUGIS,KG SG BUGIS Bus Stop,6.355842,100.18655,06:39:00,,,
KANGAR - ALOR SETAR VIA KUALA SANGLANG,myBas,BALAI POLIS SIMPANG EMPAT,BALAI POLIS SIMPANG EMPAT Bus Stop,6.344397,100.191194,06:41:00,,,
KANGAR - ALOR SETAR VIA KUALA SANGLANG,myBas,KOMPLEKS SIMPANG EMPAT MPK,KOMPLEKS SIMPANG EMPAT MPK Bus Stop,6.340753,100.192511,06:43:00,,,
KANGAR - ALOR SETAR VIA KUALA SANGLANG,myBas,SIMPANG UNIMAP,SIMPANG UNIMAP Bus Stop,6.33635,100.193392,06:45:00,,,
KANGAR - ALOR SETAR VIA KUALA SANGLANG,myBas,SHELL SIMPANG EMPAT,SHELL SIMPANG EMPAT Bus Stop,6.334494,100.193058,06:47:00,,,
KANGAR - ALOR SETAR VIA KUALA SANGLANG,myBas,SG PADANG,SG PADANG Bus Stop,6.328153,100.194422,06:49:00,,,
KANGAR - ALOR SETAR VIA KUALA SANGLANG,myBas,PERMATANG BONGOR,PERMATANG BONGOR Bus Stop,6.318278,100.199614,06:51:00,,,
KANGAR - ALOR SETAR VIA KUALA SANGLANG,myBas,TOK PULAU,TOK PULAU Bus Stop,6.305503,100.2066,06:53:00,,,
KANGAR - ALOR SETAR VIA KUALA SANGLANG,myBas,SIMPANG KUALA SANGLANG / MASJID AL-MAGHFIRAH,SIMPANG KUALA SANGLANG / MASJID AL-MAGHFIRAH Bus Stop,6.302247,100.208567,06:54:00,,,
KANGAR - ALOR SETAR VIA KUALA SANGLANG,myBas,SMK SANGLANG,SMK SANGLANG Bus Stop,6.297836,100.206356,06:55:00,,,
KANGAR - ALOR SETAR VIA KUALA SANGLANG,myBas,SIMPANG TIGA SG BARU,SIMPANG TIGA SG BARU Bus Stop,6.292928,100.204083,06:56:00,,,
KANGAR - ALOR SETAR VIA KUALA SANGLANG,myBas,SK SANGLANG,SK SANGLANG Bus Stop,6.286089,100.201303,06:57:00,,,
KANGAR - ALOR SETAR VIA KUALA SANGLANG,myBas,SIMPANG TIGA PADANG KERIA,SIMPANG TIGA PADANG KERIA Bus Stop,6.285006,100.200825,06:58:00,,,
KANGAR - ALOR SETAR VIA KUALA SANGLANG,myBas,MASJID SIMPANG SANGLANG,MASJID SIMPANG SANGLANG Bus Stop,6.281806,100.200219,06:59:00,,,
KANGAR - ALOR SETAR VIA KUALA SANGLANG,myBas,JALAN SEPAKAT,JALAN SEPAKAT Bus Stop,6.276992,100.200189,07:00:00,,,
KANGAR - ALOR SETAR VIA KUALA SANGLANG,myBas,KLINIK KESIHATAN KUALA SANGLANG,KLINIK KESIHATAN KUALA SANGLANG Bus Stop,6.263175,100.195517,07:01:00,,,
KANGAR - ALOR SETAR VIA KUALA SANGLANG,myBas,SJKC CHIN HUN,SJKC CHIN HUN Bus Stop,6.261828,100.195706,07:02:00,,,
KANGAR - ALOR SETAR VIA KUALA SANGLANG,myBas,KLINIK KESIHATAN KUALA SANGLANG 1,KLINIK KESIHATAN KUALA SANGLANG 1 Bus Stop,6.263278,100.195447,07:03:00,,,
KANGAR - ALOR SETAR VIA KUALA SANGLANG,myBas,JALAN SEPAKAT 1,JALAN SEPAKAT 1 Bus Stop,6.276992,100.200189,07:04:00,,,
KANGAR - ALOR SETAR VIA KUALA SANGLANG,myBas,MASJID SIMPANG SANGLANG 1,MASJID SIMPANG SANGLANG 1 Bus Stop,6.281806,100.200219,07:05:00,,,
KANGAR - ALOR SETAR VIA KUALA SANGLANG,myBas,SIMPANG TIGA PADANG KERIA 1,SIMPANG TIGA PADANG KERIA 1 Bus Stop,6.285006,100.200825,07:06:00,,,
KANGAR - ALOR SETAR VIA KUALA SANGLANG,myBas,SK SANGLANG 1,SK SANGLANG 1 Bus Stop,6.286089,100.201303,07:07:00,,,
KANGAR - ALOR SETAR VIA KUALA SANGLANG,myBas,SIMPANG TIGA SG BARU 1,SIMPANG TIGA SG BARU 1 Bus Stop,6.293181,100.20415,07:08:00,,,
KANGAR - ALOR SETAR VIA KUALA SANGLANG,myBas,SMK SANGLANG 1,SMK SANGLANG 1 Bus Stop,6.297836,100.206356,07:09:00,,,
KANGAR - ALOR SETAR VIA KUALA SANGLANG,myBas,SK SANGLANG KEDAH,SK SANGLANG KEDAH Bus Stop,6.283425,100.216586,07:10:00,,,
KANGAR - ALOR SETAR VIA KUALA SANGLANG,myBas,KLINIK DESA SANGLANG KEDAH,KLINIK DESA SANGLANG KEDAH Bus Stop,6.280831,100.217639,07:11:00,,,
KANGAR - ALOR SETAR VIA KUALA SANGLANG,myBas,PEKAN KERPAN,PEKAN KERPAN Bus Stop,6.258678,100.229039,07:12:00,,,
KANGAR - ALOR SETAR VIA KUALA SANGLANG,myBas,SMK AYER ITAM,SMK AYER ITAM Bus Stop,6.256625,100.231275,07:13:00,,,
KANGAR - ALOR SETAR VIA KUALA SANGLANG,myBas,AYER ITAM,AYER ITAM Bus Stop,6.242389,100.242303,07:14:00,,,
KANGAR - ALOR SETAR VIA KUALA SANGLANG,myBas,MEDAN SELERA AYER ITAM,MEDAN SELERA AYER ITAM Bus Stop,6.235889,100.249328,07:15:00,,,
KANGAR - ALOR SETAR VIA KUALA SANGLANG,myBas,PARIT ALOR CHANGILEH,PARIT ALOR CHANGILEH Bus Stop,6.226369,100.252414,07:16:00,,,
KANGAR - ALOR SETAR VIA KUALA SANGLANG,myBas,SIMPANG SG KOROK,SIMPANG SG KOROK Bus Stop,6.224697,100.260442,07:17:00,,,
KANGAR - ALOR SETAR VIA KUALA SANGLANG,myBas,KG JERLUN,KG JERLUN Bus Stop,6.218561,100.266158,07:18:00,,,
KANGAR - ALOR SETAR VIA KUALA SANGLANG,myBas,SMK JERLUN,SMK JERLUN Bus Stop,6.214539,100.268336,07:19:00,,,
KANGAR - ALOR SETAR VIA KUALA SANGLANG,myBas,KG KELOMPANG,KG KELOMPANG Bus Stop,6.200208,100.279481,07:20:00,,,
KANGAR - ALOR SETAR VIA KUALA SANGLANG,myBas,MASJID KG SIMPANG EMPAT KUAR,MASJID KG SIMPANG EMPAT KUAR Bus Stop,6.191672,100.286769,07:21:00,,,
KANGAR - ALOR SETAR VIA KUALA SANGLANG,myBas,KOMPLEKS PERNIAGAAN ALOR JAGGUS,KOMPLEKS PERNIAGAAN ALOR JAGGUS Bus Stop,6.169828,100.306517,07:22:00,,,
KANGAR - ALOR SETAR VIA KUALA SANGLANG,myBas,MASJID AL-MAHMUDI,MASJID AL-MAHMUDI Bus Stop,6.164347,100.309944,07:23:00,,,
KANGAR - ALOR SETAR VIA KUALA SANGLANG,myBas,KG PADANG LALANG,KG PADANG LALANG Bus Stop,6.154908,100.317761,07:24:00,,,
KANGAR - ALOR SETAR VIA KUALA SANGLANG,myBas,PEKAN KECIL KUALA SUNGAI,PEKAN KECIL KUALA SUNGAI Bus Stop,6.150906,100.321044,07:25:00,,,
KANGAR - ALOR SETAR VIA KUALA SANGLANG,myBas,KOMPLEKS PERNIAGAAN MERGONG JAYA,KOMPLEKS PERNIAGAAN MERGONG JAYA Bus Stop,6.140397,100.336325,07:26:00,,,
KANGAR - ALOR SETAR VIA KUALA SANGLANG,myBas,KLINIK KESIHATAN JALAN PUTRA,KLINIK KESIHATAN JALAN PUTRA Bus Stop,6.135611,100.342114,07:27:00,,,
KANGAR - ALOR SETAR VIA KUALA SANGLANG,myBas,TMN SELAYANG,TMN SELAYANG Bus Stop,6.136133,100.343242,07:28:00,,,
KANGAR - ALOR SETAR VIA KUALA SANGLANG,myBas,SMKA KEDAH,SMKA KEDAH Bus Stop,6.140225,100.346122,07:29:00,,,
KANGAR - ALOR SETAR VIA KUALA SANGLANG,myBas,TERMINAL BAS SHAHAB PERDANA,TERMINAL BAS SHAHAB PERDANA Bus Stop,6.140447,100.354252,07:30:00,,,
KANGAR - ALOR SETAR VIA JITRA,myBas,TERMINAL BUKIT LAGI KANGAR,TERMINAL BUKIT LAGI KANGAR Bus Stop,6.435254,100.192604,06:00:00,,,
KANGAR - ALOR SETAR VIA JITRA,myBas,KAYANGAN SQUARE KANGAR,KAYANGAN SQUARE KANGAR Bus Stop,6.44,100.194147,06:01:00,,,
KANGAR - ALOR SETAR VIA JITRA,myBas,KOMPLEKS ISLAM PERLIS,KOMPLEKS ISLAM PERLIS Bus Stop,6.440983,100.199203,06:02:00,,,
KANGAR - ALOR SETAR VIA JITRA,myBas,HOTEL PUTRA REGENCY,HOTEL PUTRA REGENCY Bus Stop,6.443869,100.203289,06:03:00,,,
KANGAR - ALOR SETAR VIA JITRA,myBas,TMN SENA,TMN SENA Bus Stop,6.445806,100.207822,06:04:00,,,
KANGAR - ALOR SETAR VIA JITRA,myBas,MASJID REPOH ARAU,MASJID REPOH ARAU Bus Stop,6.446558,100.214953,06:05:00,,,
KANGAR - ALOR SETAR VIA JITRA,myBas,TMN SERI PILIHAN,TMN SERI PILIHAN Bus Stop,6.44645,100.217211,06:06:00,,,
KANGAR - ALOR SETAR VIA JITRA,myBas,TMN PROGRESIF,TMN PROGRESIF Bus Stop,6.445883,100.221969,06:07:00,,,
KANGAR - ALOR SETAR VIA JITRA,myBas,TMN REPOH INDAH/TMN MIDIN INDAH,TMN REPOH INDAH/TMN MIDIN INDAH Bus Stop,6.4455,100.225344,06:08:00,,,
KANGAR - ALOR SETAR VIA JITRA,myBas,UNIMAP JEJAWI/SK JEJAWI,UNIMAP JEJAWI/SK JEJAWI Bus Stop,6.445239,100.229769,06:09:00,,,
KANGAR - ALOR SETAR VIA JITRA,myBas,MAJLIS PERBANDARAN KANGAR (JEJAWI),MAJLIS PERBANDARAN KANGAR (JEJAWI) Bus Stop,6.445158,100.232303,06:10:00,,,
KANGAR - ALOR SETAR VIA JITRA,myBas,MASJID MUHAMMADI CP,MASJID MUHAMMADI CP Bus Stop,6.445119,100.235144,06:11:00,,,
KANGAR - ALOR SETAR VIA JITRA,myBas,SMK SYED SIRAJUDDIN CP,SMK SYED SIRAJUDDIN CP Bus Stop,6.445203,100.238922,06:12:00,,,
KANGAR - ALOR SETAR VIA JITRA,myBas,ALOR LANCANG/TMN SAUJANA IDAMAN,ALOR LANCANG/TMN SAUJANA IDAMAN Bus Stop,6.445392,100.242606,06:13:00,,,
KANGAR - ALOR SETAR VIA JITRA,myBas,UNIVERSITI MALAYSIA PERLIS JEJAWI KANGAR,UNIVERSITI MALAYSIA PERLIS JEJAWI KANGAR Bus Stop,6.445678,100.245042,06:14:00,,,
KANGAR - ALOR SETAR VIA JITRA,myBas,SK KUBANG GAJAH,SK KUBANG GAJAH Bus Stop,6.446208,100.250311,06:15:00,,,
KANGAR - ALOR SETAR VIA JITRA,myBas,KG KUBANG GAJAH,KG KUBANG GAJAH Bus Stop,6.446364,100.252314,06:16:00,,,
KANGAR - ALOR SETAR VIA JITRA,myBas,KG ALOR ARA,KG ALOR ARA Bus Stop,6.446419,100.252897,06:17:00,,,
KANGAR - ALOR SETAR VIA JITRA,myBas,BATAS LIKU ARAU,BATAS LIKU ARAU Bus Stop,6.441561,100.266189,06:18:00,,,
KANGAR - ALOR SETAR VIA JITRA,myBas,SMK DATO SHEIKH AHMAD cp,SMK DATO SHEIKH AHMAD cp Bus Stop,6.439044,100.267142,06:19:00,,,
KANGAR - ALOR SETAR VIA JITRA,myBas,SMA ALMAAD,SMA ALMAAD Bus Stop,6.433167,100.270042,06:20:00,,,
KANGAR - ALOR SETAR VIA JITRA,myBas,MAKAM DIRAJA cp,MAKAM DIRAJA cp Bus Stop,6.430006,100.270853,06:21:00,,,
KANGAR - ALOR SETAR VIA JITRA,myBas,MEDAN PEKAN ARAU,MEDAN PEKAN ARAU Bus Stop,6.424011,100.273244,06:22:00,,,
KANGAR - ALOR SETAR VIA JITRA,myBas,KLINIK DESA GUAR SANJI,KLINIK DESA GUAR SANJI Bus Stop,6.418822,100.275172,06:23:00,,,
KANGAR - ALOR SETAR VIA JITRA,myBas,GUAR SANJI,GUAR SANJI Bus Stop,6.417181,100.276336,06:24:00,,,
KANGAR - ALOR SETAR VIA JITRA,myBas,TMN JELEMPOK JAYA,TMN JELEMPOK JAYA Bus Stop,6.411431,100.280672,06:25:00,,,
KANGAR - ALOR SETAR VIA JITRA,myBas,HUTAN KANDIS,HUTAN KANDIS Bus Stop,6.406897,100.286428,06:26:00,,,
KANGAR - ALOR SETAR VIA JITRA,myBas,KG JELOMPOK,KG JELOMPOK Bus Stop,6.402183,100.292319,06:27:00,,,
KANGAR - ALOR SETAR VIA JITRA,myBas,SEMPADAN PERLIS-KEDAH,SEMPADAN PERLIS-KEDAH Bus Stop,6.402483,100.291967,06:28:00,,,
KANGAR - ALOR SETAR VIA JITRA,myBas,TMN BAHAGIA 2,TMN BAHAGIA 2 Bus Stop,6.394933,100.301028,06:29:00,,,
KANGAR - ALOR SETAR VIA JITRA,myBas,SK KODIANG,SK KODIANG Bus Stop,6.392,100.307633,06:30:00,,,
KANGAR - ALOR SETAR VIA JITRA,myBas,KODIANG LAMA,KODIANG LAMA Bus Stop,6.386969,100.314328,06:31:00,,,
KANGAR - ALOR SETAR VIA JITRA,myBas,KG KANDIS,KG KANDIS Bus Stop,6.377536,100.320361,06:32:00,,,
KANGAR - ALOR SETAR VIA JITRA,myBas,CALTEX,CALTEX Bus Stop,6.372008,100.324978,06:33:00,,,
KANGAR - ALOR SETAR VIA JITRA,myBas,KOTA SIPUTEH,KOTA SIPUTEH Bus Stop,6.368031,100.328289,06:34:00,,,
KANGAR - ALOR SETAR VIA JITRA,myBas,PADANG SERA,PADANG SERA Bus Stop,6.361689,100.333581,06:35:00,,,
KANGAR - ALOR SETAR VIA JITRA,myBas,BHP PADANG SERA,BHP PADANG SERA Bus Stop,6.358894,100.336856,06:36:00,,,
KANGAR - ALOR SETAR VIA JITRA,myBas,WAT BOONYARAM,WAT BOONYARAM Bus Stop,6.357369,100.3386,06:37:00,,,
KANGAR - ALOR SETAR VIA JITRA,myBas,DEWAN PADANG SERA,DEWAN PADANG SERA Bus Stop,6.355517,100.340678,06:38:00,,,
KANGAR - ALOR SETAR VIA JITRA,myBas,MADRASAH NADRAH HASANAH,MADRASAH NADRAH HASANAH Bus Stop,6.351453,100.344706,06:39:00,,,
KANGAR - ALOR SETAR VIA JITRA,myBas,MELELE,MELELE Bus Stop,6.347428,100.348492,06:40:00,,,
KANGAR - ALOR SETAR VIA JITRA,myBas,KG PUTAT / KG POCHAN,KG PUTAT / KG POCHAN Bus Stop,6.344603,100.351222,06:41:00,,,
KANGAR - ALOR SETAR VIA JITRA,myBas,MASJID AL-ISLAH,MASJID AL-ISLAH Bus Stop,6.342817,100.353933,06:42:00,,,
KANGAR - ALOR SETAR VIA JITRA,myBas,BATU 20 PERLIS,BATU 20 PERLIS Bus Stop,6.336917,100.360058,06:43:00,,,
KANGAR - ALOR SETAR VIA JITRA,myBas,SM SAINS KUBANG PASU,SM SAINS KUBANG PASU Bus Stop,6.334094,100.362375,06:44:00,,,
KANGAR - ALOR SETAR VIA JITRA,myBas,CALTEX KG IMAM / MASJID KG IMAM,CALTEX KG IMAM / MASJID KG IMAM Bus Stop,6.329128,100.366356,06:45:00,,,
KANGAR - ALOR SETAR VIA JITRA,myBas,BATU 18 PERLIS,BATU 18 PERLIS Bus Stop,6.326203,100.366853,06:46:00,,,
KANGAR - ALOR SETAR VIA JITRA,myBas,KILANG PADI JASMINE,KILANG PADI JASMINE Bus Stop,6.319269,100.365606,06:47:00,,,
KANGAR - ALOR SETAR VIA JITRA,myBas,PADANG PERAHU,PADANG PERAHU Bus Stop,6.316606,100.365122,06:48:00,,,
KANGAR - ALOR SETAR VIA JITRA,myBas,MASJID PADANG PERAHU,MASJID PADANG PERAHU Bus Stop,6.312719,100.364403,06:49:00,,,
KANGAR - ALOR SETAR VIA JITRA,myBas,SK PADANG PERAHU,SK PADANG PERAHU Bus Stop,6.311003,100.364208,06:50:00,,,
KANGAR - ALOR SETAR VIA JITRA,myBas,KG HUTAN SETALI (1),KG HUTAN SETALI (1) Bus Stop,6.308447,100.363964,06:51:00,,,
KANGAR - ALOR SETAR VIA JITRA,myBas,KG HUTAN SETALI (2),KG HUTAN SETALI (2) Bus Stop,6.304511,100.363642,06:52:00,,,
KANGAR - ALOR SETAR VIA JITRA,myBas,MADA,MADA Bus Stop,6.302811,100.364092,06:53:00,,,
KANGAR - ALOR SETAR VIA JITRA,myBas,JKR BATU 17,JKR BATU 17 Bus Stop,6.301369,100.364514,06:54:00,,,
KANGAR - ALOR SETAR VIA JITRA,myBas,KLINIK KESIHATAN TUNJANG,KLINIK KESIHATAN TUNJANG Bus Stop,6.297944,100.365536,06:55:00,,,
KANGAR - ALOR SETAR VIA JITRA,myBas,KG LUBUK,KG LUBUK Bus Stop,6.292461,100.368258,06:56:00,,,
KANGAR - ALOR SETAR VIA JITRA,myBas,KLINIK TUNJANG,KLINIK TUNJANG Bus Stop,6.289606,100.371394,06:57:00,,,
KANGAR - ALOR SETAR VIA JITRA,myBas,PEKAN TUNJANG (1),PEKAN TUNJANG (1) Bus Stop,6.287483,100.375231,06:58:00,,,
KANGAR - ALOR SETAR VIA JITRA,myBas,PEKAN TUNJANG (2),PEKAN TUNJANG (2) Bus Stop,6.286653,100.376722,06:59:00,,,
KANGAR - ALOR SETAR VIA JITRA,myBas,SK TUNJANG,SK TUNJANG Bus Stop,6.286014,100.377889,07:00:00,,,
KANGAR - ALOR SETAR VIA JITRA,myBas,PEJABAT PENGHULU BKT TUNJANG,PEJABAT PENGHULU BKT TUNJANG Bus Stop,6.284386,100.3832,07:01:00,,,
KANGAR - ALOR SETAR VIA JITRA,myBas,TMN SERI NYIOR,TMN SERI NYIOR Bus Stop,6.284206,100.386275,07:02:00,,,
KANGAR - ALOR SETAR VIA JITRA,myBas,SIMPANG TIGA BEMBAN,SIMPANG TIGA BEMBAN Bus Stop,6.284022,100.387833,07:03:00,,,
KANGAR - ALOR SETAR VIA JITRA,myBas,SMK PULAU NYIOR,SMK PULAU NYIOR Bus Stop,6.280583,100.393631,07:04:00,,,
KANGAR - ALOR SETAR VIA JITRA,myBas,BATU 14,BATU 14 Bus Stop,6.278539,100.397264,07:05:00,,,
KANGAR - ALOR SETAR VIA JITRA,myBas,MASJID PULAU KETAM,MASJID PULAU KETAM Bus Stop,6.277575,100.398981,07:06:00,,,
KANGAR - ALOR SETAR VIA JITRA,myBas,KG MANGGOL,KG MANGGOL Bus Stop,6.276581,100.400686,07:07:00,,,
KANGAR - ALOR SETAR VIA JITRA,myBas,BERNAS,BERNAS Bus Stop,6.271147,100.409528,07:08:00,,,
KANGAR - ALOR SETAR VIA JITRA,myBas,TMN DESA SINARAN,TMN DESA SINARAN Bus Stop,6.269992,100.411408,07:09:00,,,
KANGAR - ALOR SETAR VIA JITRA,myBas,MASJID JITRA,MASJID JITRA Bus Stop,6.266511,100.418097,07:10:00,,,
KANGAR - ALOR SETAR VIA JITRA,myBas,PEKAN JITRA,PEKAN JITRA Bus Stop,6.260681,100.419961,07:11:00,,,
KANGAR - ALOR SETAR VIA JITRA,myBas,TMN SRI CEMPAKA,TMN SRI CEMPAKA Bus Stop,6.245478,100.419789,07:12:00,,,
KANGAR - ALOR SETAR VIA JITRA,myBas,TANAH MERAH,TANAH MERAH Bus Stop,6.239975,100.419733,07:13:00,,,
KANGAR - ALOR SETAR VIA JITRA,myBas,TNB TANJUNG SEPAH,TNB TANJUNG SEPAH Bus Stop,6.234389,100.419675,07:14:00,,,
KANGAR - ALOR SETAR VIA JITRA,myBas,SMK SULTAN ABDUL HALIM,SMK SULTAN ABDUL HALIM Bus Stop,6.229033,100.419589,07:15:00,,,
KANGAR - ALOR SETAR VIA JITRA,myBas,KEM SULTAN ABDUL HALIM MUADZAM SHAH,KEM SULTAN ABDUL HALIM MUADZAM SHAH Bus Stop,6.225025,100.418764,07:16:00,,,
KANGAR - ALOR SETAR VIA JITRA,myBas,SMK TUNKU ANUM TUNKU ABDUL RAHMAN,SMK TUNKU ANUM TUNKU ABDUL RAHMAN Bus Stop,6.219378,100.417278,07:17:00,,,
KANGAR - ALOR SETAR VIA JITRA,myBas,KEM TOK JALAL,KEM TOK JALAL Bus Stop,6.214561,100.415997,07:18:00,,,
KANGAR - ALOR SETAR VIA JITRA,myBas,TMN JALAI JAYA,TMN JALAI JAYA Bus Stop,6.210133,100.414833,07:19:00,,,
KANGAR - ALOR SETAR VIA JITRA,myBas,PEKAN KEPALA BATAS,PEKAN KEPALA BATAS Bus Stop,6.204328,100.413258,07:20:00,,,
KANGAR - ALOR SETAR VIA JITRA,myBas,TUDM KEPALA BATAS,TUDM KEPALA BATAS Bus Stop,6.201186,100.412431,07:21:00,,,
KANGAR - ALOR SETAR VIA JITRA,myBas,BIRO TATANEGARA KEPALA BATAS,BIRO TATANEGARA KEPALA BATAS Bus Stop,6.202683,100.403742,07:22:00,,,
KANGAR - ALOR SETAR VIA JITRA,myBas,SMA TITI BESI,SMA TITI BESI Bus Stop,6.203242,100.400394,07:23:00,,,
KANGAR - ALOR SETAR VIA JITRA,myBas,TITI GAJAH,TITI GAJAH Bus Stop,6.202461,100.395094,07:24:00,,,
KANGAR - ALOR SETAR VIA JITRA,myBas,TMN DESA MUTIARA,TMN DESA MUTIARA Bus Stop,6.196806,100.386567,07:25:00,,,
KANGAR - ALOR SETAR VIA JITRA,myBas,SK TITI GAJAH,SK TITI GAJAH Bus Stop,6.193439,100.382447,07:26:00,,,
KANGAR - ALOR SETAR VIA JITRA,myBas,KG ALOR SENJAYA,KG ALOR SENJAYA Bus Stop,6.189117,100.379458,07:27:00,,,
KANGAR - ALOR SETAR VIA JITRA,myBas,MASJID TENGKU INTAN SYAFINAZ,MASJID TENGKU INTAN SYAFINAZ Bus Stop,6.178303,100.372069,07:28:00,,,
KANGAR - ALOR SETAR VIA JITRA,myBas,PEJABAT PENGHULU TITI GAJAH / TMN BERLIAN / TMN KANCIL,PEJABAT PENGHULU TITI GAJAH / TMN BERLIAN / TMN KANCIL Bus Stop,6.174756,100.369394,07:29:00,,,
KANGAR - ALOR SETAR VIA JITRA,myBas,TMN SELADANG,TMN SELADANG Bus Stop,6.1701,100.368158,07:30:00,,,
KANGAR - ALOR SETAR VIA JITRA,myBas,PANTAI JOHOR,PANTAI JOHOR Bus Stop,6.168561,100.368267,07:31:00,,,
KANGAR - ALOR SETAR VIA JITRA,myBas,PETRONAS ALOR MERAH / SMK T.A MALIK,PETRONAS ALOR MERAH / SMK T.A MALIK Bus Stop,6.158886,100.369108,07:32:00,,,
KANGAR - ALOR SETAR VIA JITRA,myBas,APARTMENT KCS,APARTMENT KCS Bus Stop,6.154344,100.369364,07:33:00,,,
KANGAR - ALOR SETAR VIA JITRA,myBas,KEDAH MEDICAL CENTRE,KEDAH MEDICAL CENTRE Bus Stop,6.149078,100.369844,07:34:00,,,
KANGAR - ALOR SETAR VIA JITRA,myBas,WISMA DARUL AMAN,WISMA DARUL AMAN Bus Stop,6.144878,100.370197,07:35:00,,,
KANGAR - ALOR SETAR VIA JITRA,myBas,Hospital Alor Setar,Hospital Alor Setar Bus Stop,6.142969,100.370403,07:36:00,,,
KANGAR - ALOR SETAR VIA JITRA,myBas,STADIUM DARUL AMAN CP,STADIUM DARUL AMAN CP Bus Stop,6.137431,100.369894,07:37:00,,,
KANGAR - ALOR SETAR VIA JITRA,myBas,PETRONAS LEBUHRAYA DARUL AMAN,PETRONAS LEBUHRAYA DARUL AMAN Bus Stop,6.133608,100.36885,07:38:00,,,
KANGAR - ALOR SETAR VIA JITRA,myBas,WISMA KANCUT,WISMA KANCUT Bus Stop,6.128514,100.367611,07:39:00,,,
KANGAR - ALOR SETAR VIA JITRA,myBas,MENARA ALOR SETAR,MENARA ALOR SETAR Bus Stop,6.124519,100.366919,07:40:00,,,
KANGAR - ALOR SETAR VIA JITRA,myBas,PEKAN RABU,PEKAN RABU Bus Stop,6.117322,100.367117,07:41:00,,,
KANGAR - ALOR SETAR VIA JITRA,myBas,RHB JALAN BADLI SHAH,RHB JALAN BADLI SHAH Bus Stop,6.119311,100.368783,07:42:00,,,
KANGAR - ALOR SETAR VIA JITRA,myBas,PEJABAT SADA,PEJABAT SADA Bus Stop,6.124692,100.372086,07:43:00,,,
KANGAR - ALOR SETAR VIA JITRA,myBas,WISMA KANCUT 1,WISMA KANCUT 1 Bus Stop,6.128514,100.367611,07:44:00,,,
KANGAR - ALOR SETAR VIA JITRA,myBas,PETRONAS LEBUHRAYA DARUL AMAN 1,PETRONAS LEBUHRAYA DARUL AMAN 1 Bus Stop,6.133608,100.36885,07:45:00,,,
KANGAR - ALOR SETAR VIA JITRA,myBas,STADIUM DARUL AMAN 1,STADIUM DARUL AMAN 1 Bus Stop,6.137431,100.369894,07:46:00,,,
KANGAR - ALOR SETAR VIA JITRA,myBas,HOSPITAL ALOR SETAR 1,HOSPITAL ALOR SETAR 1 Bus Stop,6.142969,100.370403,07:47:00,,,
KANGAR - ALOR SETAR VIA JITRA,myBas,SG ANAK BUKIT,SG ANAK BUKIT Bus Stop,6.14365,100.369369,07:48:00,,,
KANGAR - ALOR SETAR VIA JITRA,myBas,TMN PANDAN,TMN PANDAN Bus Stop,6.143228,100.364119,07:49:00,,,
KANGAR - ALOR SETAR VIA JITRA,myBas,DEWAN TMN WIRA,DEWAN TMN WIRA Bus Stop,6.143122,100.362764,07:50:00,,,
KANGAR - ALOR SETAR VIA JITRA,myBas,TMN RAKYAT,TMN RAKYAT Bus Stop,6.142672,100.357272,07:51:00,,,
KANGAR - ALOR SETAR VIA JITRA,myBas,TERMINAL BAS SHAHAB PERDANA,TERMINAL BAS SHAHAB PERDANA Bus Stop,6.140447,100.354252,07:52:00,,,
ALOR SETAR - UUM SINTOK VIA JITRA,myBas,TERMINAL BAS SHAHAB PERDANA,TERMINAL BAS SHAHAB PERDANA Bus Stop,6.140447,100.354252,06:30:00,,,
ALOR SETAR - UUM SINTOK VIA JITRA,myBas,TMN RAKYAT,TMN RAKYAT Bus Stop,6.142672,100.357272,06:31:00,,,
ALOR SETAR - UUM SINTOK VIA JITRA,myBas,DEWAN TMN WIRA,DEWAN TMN WIRA Bus Stop,6.143122,100.362764,06:32:00,,,
ALOR SETAR - UUM SINTOK VIA JITRA,myBas,TMN PANDAN,TMN PANDAN Bus Stop,6.143228,100.364119,06:33:00,,,
ALOR SETAR - UUM SINTOK VIA JITRA,myBas,BANK ISLAM,BANK ISLAM Bus Stop,6.143447,100.366836,06:34:00,,,
ALOR SETAR - UUM SINTOK VIA JITRA,myBas,SG ANAK BUKIT,SG ANAK BUKIT Bus Stop,6.14365,100.369369,06:35:00,,,
ALOR SETAR - UUM SINTOK VIA JITRA,myBas,Hospital Alor Setar,Hospital Alor Setar Bus Stop,6.142969,100.370403,06:36:00,,,
ALOR SETAR - UUM SINTOK VIA JITRA,myBas,KFC STADIUM,KFC STADIUM Bus Stop,6.134869,100.37315,06:37:00,,,
ALOR SETAR - UUM SINTOK VIA JITRA,myBas,PEJABAT SADA,PEJABAT SADA Bus Stop,6.124692,100.372086,06:38:00,,,
ALOR SETAR - UUM SINTOK VIA JITRA,myBas,RHB JALAN BADLI SHAH,RHB JALAN BADLI SHAH Bus Stop,6.119311,100.368783,06:39:00,,,
ALOR SETAR - UUM SINTOK VIA JITRA,myBas,PEKAN RABU,PEKAN RABU Bus Stop,6.117322,100.367117,06:40:00,,,
ALOR SETAR - UUM SINTOK VIA JITRA,myBas,SMK SULTANAH ASMAA,SMK SULTANAH ASMAA Bus Stop,6.119353,100.379989,06:41:00,,,
ALOR SETAR - UUM SINTOK VIA JITRA,myBas,MASJID AL BUKHARI,MASJID AL BUKHARI Bus Stop,6.131231,100.388486,06:42:00,,,
ALOR SETAR - UUM SINTOK VIA JITRA,myBas,GIANT,GIANT Bus Stop,6.133811,100.389861,06:43:00,,,
ALOR SETAR - UUM SINTOK VIA JITRA,myBas,TMN JAYA,TMN JAYA Bus Stop,6.136975,100.391103,06:44:00,,,
ALOR SETAR - UUM SINTOK VIA JITRA,myBas,ALOR MALAI,ALOR MALAI Bus Stop,6.141628,100.393072,06:45:00,,,
ALOR SETAR - UUM SINTOK VIA JITRA,myBas,TMN HIDAYAH,TMN HIDAYAH Bus Stop,6.151581,100.399272,06:46:00,,,
ALOR SETAR - UUM SINTOK VIA JITRA,myBas,SMK HUTAN KAMPONG,SMK HUTAN KAMPONG Bus Stop,6.154522,100.400058,06:47:00,,,
ALOR SETAR - UUM SINTOK VIA JITRA,myBas,TMN MAWAR,TMN MAWAR Bus Stop,6.162761,100.402264,06:48:00,,,
ALOR SETAR - UUM SINTOK VIA JITRA,myBas,TMN CAHAYA,TMN CAHAYA Bus Stop,6.165447,100.402967,06:49:00,,,
ALOR SETAR - UUM SINTOK VIA JITRA,myBas,PASAR BASAH HUTAN KG,PASAR BASAH HUTAN KG Bus Stop,6.166928,100.403356,06:50:00,,,
ALOR SETAR - UUM SINTOK VIA JITRA,myBas,SK BOHOR,SK BOHOR Bus Stop,6.174144,100.405267,06:51:00,,,
ALOR SETAR - UUM SINTOK VIA JITRA,myBas,SMK KEPALA BATAS,SMK KEPALA BATAS Bus Stop,6.185822,100.408431,06:52:00,,,
ALOR SETAR - UUM SINTOK VIA JITRA,myBas,KRAFTANGAN MALAYSA KEDAH,KRAFTANGAN MALAYSA KEDAH Bus Stop,6.189653,100.409392,06:53:00,,,
ALOR SETAR - UUM SINTOK VIA JITRA,myBas,KOLEJ TUDM,KOLEJ TUDM Bus Stop,6.191575,100.409981,06:54:00,,,
ALOR SETAR - UUM SINTOK VIA JITRA,myBas,TUDM KEPALA BATAS,TUDM KEPALA BATAS Bus Stop,6.201186,100.412431,06:55:00,,,
ALOR SETAR - UUM SINTOK VIA JITRA,myBas,PEKAN KEPALA BATAS,PEKAN KEPALA BATAS Bus Stop,6.204328,100.413258,06:56:00,,,
ALOR SETAR - UUM SINTOK VIA JITRA,myBas,TMN JALAI JAYA,TMN JALAI JAYA Bus Stop,6.210133,100.414833,06:57:00,,,
ALOR SETAR - UUM SINTOK VIA JITRA,myBas,KEM TOK JALAL,KEM TOK JALAL Bus Stop,6.214561,100.415997,06:58:00,,,
ALOR SETAR - UUM SINTOK VIA JITRA,myBas,SMK TUNKU ANUM TUNKU ABDUL RAHMAN,SMK TUNKU ANUM TUNKU ABDUL RAHMAN Bus Stop,6.219378,100.417278,06:59:00,,,
ALOR SETAR - UUM SINTOK VIA JITRA,myBas,KEM SULTAN ABDUL HALIM MUADZAM SHAH,KEM SULTAN ABDUL HALIM MUADZAM SHAH Bus Stop,6.225025,100.418764,07:00:00,,,
ALOR SETAR - UUM SINTOK VIA JITRA,myBas,SMK SULTAN ABDUL HALIM,SMK SULTAN ABDUL HALIM Bus Stop,6.229033,100.419589,07:01:00,,,
ALOR SETAR - UUM SINTOK VIA JITRA,myBas,TNB TANJUNG SEPAH,TNB TANJUNG SEPAH Bus Stop,6.234389,100.419675,07:02:00,,,
ALOR SETAR - UUM SINTOK VIA JITRA,myBas,TANAH MERAH,TANAH MERAH Bus Stop,6.239975,100.419733,07:03:00,,,
ALOR SETAR - UUM SINTOK VIA JITRA,myBas,YAWATA,YAWATA Bus Stop,6.241803,100.419731,07:04:00,,,
ALOR SETAR - UUM SINTOK VIA JITRA,myBas,SMK JITRA,SMK JITRA Bus Stop,6.260586,100.419933,07:05:00,,,
ALOR SETAR - UUM SINTOK VIA JITRA,myBas,SMK SERI MAHAWANGSA,SMK SERI MAHAWANGSA Bus Stop,6.272586,100.420119,07:06:00,,,
ALOR SETAR - UUM SINTOK VIA JITRA,myBas,HOSPITAL JITRA,HOSPITAL JITRA Bus Stop,6.278747,100.420181,07:07:00,,,
ALOR SETAR - UUM SINTOK VIA JITRA,myBas,MASJID SHARIFAH FATIMAH,MASJID SHARIFAH FATIMAH Bus Stop,6.285214,100.420203,07:08:00,,,
ALOR SETAR - UUM SINTOK VIA JITRA,myBas,SMK PAYA KEMUNTING,SMK PAYA KEMUNTING Bus Stop,6.294697,100.420261,07:09:00,,,
ALOR SETAR - UUM SINTOK VIA JITRA,myBas,DEWAN WAWASAN,DEWAN WAWASAN Bus Stop,6.298858,100.420208,07:11:00,,,
ALOR SETAR - UUM SINTOK VIA JITRA,myBas,GANO,GANO Bus Stop,6.318689,100.420369,07:13:00,,,
ALOR SETAR - UUM SINTOK VIA JITRA,myBas,ASON,ASON Bus Stop,6.338814,100.420447,07:15:00,,,
ALOR SETAR - UUM SINTOK VIA JITRA,myBas,55 CAFE,55 CAFE Bus Stop,6.351753,100.421636,07:17:00,,,
ALOR SETAR - UUM SINTOK VIA JITRA,myBas,SK HOSBA,SK HOSBA Bus Stop,6.354897,100.422019,07:19:00,,,
ALOR SETAR - UUM SINTOK VIA JITRA,myBas,RTC,RTC Bus Stop,6.362306,100.42275,07:21:00,,,
ALOR SETAR - UUM SINTOK VIA JITRA,myBas,HOSBA,HOSBA Bus Stop,6.365775,100.423133,07:23:00,,,
ALOR SETAR - UUM SINTOK VIA JITRA,myBas,TMN JELUTUNG,TMN JELUTUNG Bus Stop,6.370317,100.423553,07:25:00,,,
ALOR SETAR - UUM SINTOK VIA JITRA,myBas,SIMPANG JENALIK,SIMPANG JENALIK Bus Stop,6.405817,100.427089,07:27:00,,,
ALOR SETAR - UUM SINTOK VIA JITRA,myBas,SMK CHANGLOON,SMK CHANGLOON Bus Stop,6.423117,100.428544,07:29:00,,,
ALOR SETAR - UUM SINTOK VIA JITRA,myBas,KLINIK KESIHATAN,KLINIK KESIHATAN Bus Stop,6.4257,100.428725,07:31:00,,,
ALOR SETAR - UUM SINTOK VIA JITRA,myBas,TERMINAL CHANGLOON,TERMINAL CHANGLOON Bus Stop,6.431356,100.429078,07:34:00,,,
ALOR SETAR - UUM SINTOK VIA JITRA,myBas,TMN SERI MENANTI,TMN SERI MENANTI Bus Stop,6.433747,100.436442,07:37:00,,,
ALOR SETAR - UUM SINTOK VIA JITRA,myBas,TMN PENAGA,TMN PENAGA Bus Stop,6.438842,100.448047,07:40:00,,,
ALOR SETAR - UUM SINTOK VIA JITRA,myBas,KG TOK KASSIM,KG TOK KASSIM Bus Stop,6.448706,100.453256,07:43:00,,,
ALOR SETAR - UUM SINTOK VIA JITRA,myBas,TMN UNIVERSITI,TMN UNIVERSITI Bus Stop,6.443944,100.478111,07:46:00,,,
ALOR SETAR - UUM SINTOK VIA JITRA,myBas,SEK BANDAR BARU SINTOK,SEK BANDAR BARU SINTOK Bus Stop,6.445772,100.483433,07:49:00,,,
ALOR SETAR - UUM SINTOK VIA JITRA,myBas,EDC UUM,EDC UUM Bus Stop,6.448764,100.502767,07:52:00,,,
ALOR SETAR - UUM SINTOK VIA JITRA,myBas,HENTIAN UUM SINTOK,HENTIAN UUM SINTOK Bus Stop,6.464017,100.508586,07:53:00,,,
KANGAR - KILANG GULA,myBas,TERMINAL BUKIT LAGI KANGAR,TERMINAL BUKIT LAGI KANGAR Bus Stop,6.435254,100.192604,06:45:00,,,
KANGAR - KILANG GULA,myBas,KAYANGAN SQUARE KANGAR,KAYANGAN SQUARE KANGAR Bus Stop,6.44,100.194147,06:46:00,,,
KANGAR - KILANG GULA,myBas,KOMPLEKS ISLAM PERLIS,KOMPLEKS ISLAM PERLIS Bus Stop,6.440983,100.199203,06:47:00,,,
KANGAR - KILANG GULA,myBas,PUTRA REGENCY,PUTRA REGENCY Bus Stop,6.443911,100.203247,06:48:00,,,
KANGAR - KILANG GULA,myBas,INSTITUT PERGURUAN,INSTITUT PERGURUAN Bus Stop,6.430125,100.218525,06:49:00,,,
KANGAR - KILANG GULA,myBas,KOLEJ JURURAWAT,KOLEJ JURURAWAT Bus Stop,6.430744,100.224283,06:50:00,,,
KANGAR - KILANG GULA,myBas,UNIMAP BIO PROSES,UNIMAP BIO PROSES Bus Stop,6.437003,100.23305,06:51:00,,,
KANGAR - KILANG GULA,myBas,JPJ JEJAWI,JPJ JEJAWI Bus Stop,6.441164,100.233856,06:52:00,,,
KANGAR - KILANG GULA,myBas,SEK JEJAWI,SEK JEJAWI Bus Stop,6.445856,100.230211,06:53:00,,,
KANGAR - KILANG GULA,myBas,KOMPLEKS PENYAYANG DR SITI HASMAH,KOMPLEKS PENYAYANG DR SITI HASMAH Bus Stop,6.456167,100.234783,06:54:00,,,
KANGAR - KILANG GULA,myBas,NGULANG SELATAN,NGULANG SELATAN Bus Stop,6.462528,100.239531,06:55:00,,,
KANGAR - KILANG GULA,myBas,MASJID ISLAH,MASJID ISLAH Bus Stop,6.482967,100.247683,06:57:00,,,
KANGAR - KILANG GULA,myBas,MASJID IBNU SINA PERAWAN DATO KAYAMAN,MASJID IBNU SINA PERAWAN DATO KAYAMAN Bus Stop,6.495314,100.246419,06:59:00,,,
KANGAR - KILANG GULA,myBas,SEK DATO KAYAMAN,SEK DATO KAYAMAN Bus Stop,6.499431,100.246611,07:01:00,,,
KANGAR - KILANG GULA,myBas,TMN EMAS,TMN EMAS Bus Stop,6.515217,100.251447,07:03:00,,,
KANGAR - KILANG GULA,myBas,MASJID BUKIT KETERI,MASJID BUKIT KETERI Bus Stop,6.519483,100.259986,07:06:00,,,
KANGAR - KILANG GULA,myBas,SMK DATO JAAFAR HASSAN,SMK DATO JAAFAR HASSAN Bus Stop,6.524322,100.261822,07:09:00,,,
KANGAR - KILANG GULA,myBas,BUKIT JERNIH,BUKIT JERNIH Bus Stop,6.536636,100.267942,07:12:00,,,
KANGAR - KILANG GULA,myBas,UPP CHUPING,UPP CHUPING Bus Stop,6.544678,100.276364,07:15:00,,,
KANGAR - KILANG GULA,myBas,SIMPANG KILANG GULA,SIMPANG KILANG GULA Bus Stop,6.552028,100.279614,07:19:00,,,
KANGAR - KILANG GULA,myBas,SEK BATU BERTANGKUP,SEK BATU BERTANGKUP Bus Stop,6.552169,100.281697,07:23:00,,,
KANGAR - KILANG GULA,myBas,KG BATU BERTANGKUP,KG BATU BERTANGKUP Bus Stop,6.550456,100.285647,07:27:00,,,
KANGAR - KILANG GULA,myBas,MASJID AL HUSNI BATU BERTANGKUP,MASJID AL HUSNI BATU BERTANGKUP Bus Stop,6.548025,100.288547,07:31:00,,,
KANGAR - KILANG GULA,myBas,KG SG SERAI,KG SG SERAI Bus Stop,6.544217,100.292539,07:35:00,,,
KANGAR - KILANG GULA,myBas,KG BARU LUBUK MACHANG,KG BARU LUBUK MACHANG Bus Stop,6.542661,100.298425,07:39:00,,,
KANGAR - KILANG GULA,myBas,KILANG GULA KANGAR,KILANG GULA KANGAR Bus Stop,6.543067,100.318208,07:43:00,,,
KANGAR - KILANG GULA,myBas,KPJ KANGAR,KPJ KANGAR Bus Stop,6.440113,100.194303,07:47:00,,,
KANGAR - KILANG GULA,myBas,Hentian Masjid Alwi,Hentian Masjid Alwi Bus Stop,6.44073,100.198747,07:48:00,,,
KANGAR - KILANG GULA,myBas,Hentian Seberang Institut Pendidikan Guru Perlis,Hentian Seberang Institut Pendidikan Guru Perlis Bus Stop,6.430094,100.218298,07:49:00,,,
KANGAR - KILANG GULA,myBas,Hentian Puspakom Arau,Hentian Puspakom Arau Bus Stop,6.440824,100.233731,07:50:00,,,
KANGAR - KILANG GULA,myBas,Hentian Timur Sek Keb Jejawi,Hentian Timur Sek Keb Jejawi Bus Stop,6.44565,100.230266,07:51:00,,,
KANGAR - KILANG GULA,myBas,Hentian Simpang SRITI Al Furqan,Hentian Simpang SRITI Al Furqan Bus Stop,6.455563,100.234416,07:52:00,,,
KANGAR - KILANG GULA,myBas,Hentian SK Dato Kayaman,Hentian SK Dato Kayaman Bus Stop,6.498885,100.246468,07:53:00,,,
KANGAR - KILANG GULA,myBas,Hentian Selatan SMK Dato Jaafar Hassan,Hentian Selatan SMK Dato Jaafar Hassan Bus Stop,6.524185,100.261747,07:54:00,,,
KANGAR - KILANG GULA,myBas,Hentian Pintu Utama SMK Dato Jaafar Hassan,Hentian Pintu Utama SMK Dato Jaafar Hassan Bus Stop,6.525043,100.262092,07:55:00,,,
KANGAR - KILANG GULA,myBas,HENTIAN OPPOSITE BUKIT JERNIH,HENTIAN OPPOSITE BUKIT JERNIH Bus Stop,6.536493,100.267745,07:56:00,,,
KANGAR - KILANG GULA,myBas,Hentian Simpang Kilang Gula,Hentian Simpang Kilang Gula Bus Stop,6.551896,100.279493,07:57:00,,,
KANGAR - KILANG GULA,myBas,Hentian SK Batu Bertangkup,Hentian SK Batu Bertangkup Bus Stop,6.552399,100.280895,07:58:00,,,
KANGAR - KILANG GULA,myBas,MASJID AL HUSNI BATU BERTANGKUP JLN KILANG GULA,MASJID AL HUSNI BATU BERTANGKUP JLN KILANG GULA Bus Stop,6.548075,100.288506,07:59:00,,,
KANGAR - KILANG GULA,myBas,Hentian Pondok Polis Chuping,Hentian Pondok Polis Chuping Bus Stop,6.54298,100.295972,08:00:00,,,
KANGAR - KILANG GULA,myBas,Hentian Kilang Gula MSM Utama,Hentian Kilang Gula MSM Utama Bus Stop,6.543067,100.318189,08:01:00,,,
KANGAR - KILANG GULA,myBas,HENTIAN PERUMAHAN KILANG GULA,HENTIAN PERUMAHAN KILANG GULA Bus Stop,6.540336,100.326061,08:02:00,,,
KANGAR - KILANG GULA,myBas,LAMAN PELANGI BUKIT JERNIH KANGAR,LAMAN PELANGI BUKIT JERNIH KANGAR Bus Stop,6.536778,100.268122,07:52:00,,,
TERMINAL BUKIT LAGI - FELDA CHUPING,myBas,TERMINAL BUKIT LAGI,TERMINAL BUKIT LAGI Bus Stop,6.434569,100.191981,06:30:00,,,
TERMINAL BUKIT LAGI - FELDA CHUPING,myBas,KAYANGAN SQUARE,KAYANGAN SQUARE Bus Stop,6.44,100.194147,06:34:00,,,
TERMINAL BUKIT LAGI - FELDA CHUPING,myBas,HOTEL PUTRA REGENCY PERLIS,HOTEL PUTRA REGENCY PERLIS Bus Stop,6.443869,100.203289,06:38:00,,,
TERMINAL BUKIT LAGI - FELDA CHUPING,myBas,TMN SENA / TMN SIMPANG TIGA,TMN SENA / TMN SIMPANG TIGA Bus Stop,6.445828,100.207816,06:42:00,,,
TERMINAL BUKIT LAGI - FELDA CHUPING,myBas,MASJID REPOH,MASJID REPOH Bus Stop,6.446558,100.214953,06:45:00,,,
TERMINAL BUKIT LAGI - FELDA CHUPING,myBas,TMN REPOH INDAH / TMN MIDIN INDAH,TMN REPOH INDAH / TMN MIDIN INDAH Bus Stop,6.4455,100.225344,06:48:00,,,
TERMINAL BUKIT LAGI - FELDA CHUPING,myBas,MASJID MUHAMMADI,MASJID MUHAMMADI Bus Stop,6.445119,100.235144,06:51:00,,,
TERMINAL BUKIT LAGI - FELDA CHUPING,myBas,UNIVERSITI MALAYSIA PERLIS JEJAWI,UNIVERSITI MALAYSIA PERLIS JEJAWI Bus Stop,6.445678,100.245042,06:54:00,,,
TERMINAL BUKIT LAGI - FELDA CHUPING,myBas,SK KUBANG GAJAH / ALOR ARA,SK KUBANG GAJAH / ALOR ARA Bus Stop,6.446208,100.250311,06:57:00,,,
TERMINAL BUKIT LAGI - FELDA CHUPING,myBas,BATAS LIKU,BATAS LIKU Bus Stop,6.441561,100.266189,07:00:00,,,
TERMINAL BUKIT LAGI - FELDA CHUPING,myBas,SMK DATO SHEIKH AHMAD,SMK DATO SHEIKH AHMAD Bus Stop,6.439044,100.267142,07:02:00,,,
TERMINAL BUKIT LAGI - FELDA CHUPING,myBas,TMN BUNGA KEKWA,TMN BUNGA KEKWA Bus Stop,6.439031,100.270919,07:04:00,,,
TERMINAL BUKIT LAGI - FELDA CHUPING,myBas,SIMPANG KOLEJ MATRIKULASI ARAU,SIMPANG KOLEJ MATRIKULASI ARAU Bus Stop,6.4411529,100.27509,07:06:00,,,
TERMINAL BUKIT LAGI - FELDA CHUPING,myBas,PINTU KOLEJ MATRIKULASI ARAU,PINTU KOLEJ MATRIKULASI ARAU Bus Stop,6.441062,100.27541,07:08:00,,,
TERMINAL BUKIT LAGI - FELDA CHUPING,myBas,TAMAN SRI WANG,TAMAN SRI WANG Bus Stop,6.4425047,100.27515,07:10:00,,,
TERMINAL BUKIT LAGI - FELDA CHUPING,myBas,PINTU B UITM ARAU,PINTU B UITM ARAU Bus Stop,6.4448985,100.27424,07:12:00,,,
TERMINAL BUKIT LAGI - FELDA CHUPING,myBas,PADANG BERINGIN,PADANG BERINGIN Bus Stop,6.4460669,100.27822,07:14:00,,,
TERMINAL BUKIT LAGI - FELDA CHUPING,myBas,ANJUNG SISWA,ANJUNG SISWA Bus Stop,6.4481479,100.28003,07:16:00,,,
TERMINAL BUKIT LAGI - FELDA CHUPING,myBas,KAFE MANGGA,KAFE MANGGA Bus Stop,6.4510444,100.27841,07:18:00,,,
TERMINAL BUKIT LAGI - FELDA CHUPING,myBas,KOMPLEKS SUKAN UITM ARAU,KOMPLEKS SUKAN UITM ARAU Bus Stop,6.4533322,100.27504,07:20:00,,,
TERMINAL BUKIT LAGI - FELDA CHUPING,myBas,PINTU A UITM ARAU,PINTU A UITM ARAU Bus Stop,6.453178,100.272803,07:22:00,,,
TERMINAL BUKIT LAGI - FELDA CHUPING,myBas,SIMPANG PINTU A UITM ARAU,SIMPANG PINTU A UITM ARAU Bus Stop,6.4532796,100.27268,07:24:00,,,
TERMINAL BUKIT LAGI - FELDA CHUPING,myBas,TMN PADANG NYU 1,TMN PADANG NYU 1 Bus Stop,6.458058,100.271147,07:26:00,,,
TERMINAL BUKIT LAGI - FELDA CHUPING,myBas,MASJID ASSOBIRIN,MASJID ASSOBIRIN Bus Stop,6.465136,100.276283,07:28:00,,,
TERMINAL BUKIT LAGI - FELDA CHUPING,myBas,RUMAH KANAK-KANAK ARAU,RUMAH KANAK-KANAK ARAU Bus Stop,6.467232,100.283519,07:30:00,,,
TERMINAL BUKIT LAGI - FELDA CHUPING,myBas,SK GUAR NANGKA / KG BARU GUAR NANGKA,SK GUAR NANGKA / KG BARU GUAR NANGKA Bus Stop,6.4744224,100.28731,07:32:00,,,
TERMINAL BUKIT LAGI - FELDA CHUPING,myBas,SIMPANG PENJARA DAN PUSAT KOREKSIONAL PERLIS,SIMPANG PENJARA DAN PUSAT KOREKSIONAL PERLIS Bus Stop,6.4807667,100.29196,07:34:00,,,
TERMINAL BUKIT LAGI - FELDA CHUPING,myBas,PAYA BURMA,PAYA BURMA Bus Stop,6.481574,100.295773,07:35:00,,,
TERMINAL BUKIT LAGI - FELDA CHUPING,myBas,KG KOK KLANG,KG KOK KLANG Bus Stop,6.482133,100.303717,07:36:00,,,
TERMINAL BUKIT LAGI - FELDA CHUPING,myBas,KG BARU KOK KLANG,KG BARU KOK KLANG Bus Stop,6.4844465,100.30878,07:37:00,,,
TERMINAL BUKIT LAGI - FELDA CHUPING,myBas,FELDA CHUPING,FELDA CHUPING Bus Stop,6.491944,100.333467,07:38:00,,,
TERMINAL BUKIT LAGI - FELDA CHUPING,myBas,HENTIAN MASJID NURUL HUDA,HENTIAN MASJID NURUL HUDA Bus Stop,6.494117,100.339267,07:39:00,,,
TERMINAL PADANG BESAR-KAKI BUKIT-TERMINAL PADANG BESAR,myBas,KTM PADANG BESAR A,KTM PADANG BESAR A Bus Stop,6.663667,100.320028,06:00:00,,,
TERMINAL PADANG BESAR-KAKI BUKIT-TERMINAL PADANG BESAR,myBas,HUB PADANG BESAR 1A,HUB PADANG BESAR 1A Bus Stop,6.661344,100.3211695,06:01:00,,,
TERMINAL PADANG BESAR-KAKI BUKIT-TERMINAL PADANG BESAR,myBas,HUB PADANG BESAR 2A,HUB PADANG BESAR 2A Bus Stop,6.66131,100.3214011,06:02:00,,,
TERMINAL PADANG BESAR-KAKI BUKIT-TERMINAL PADANG BESAR,myBas,TAMAN KASTAM 2,TAMAN KASTAM 2 Bus Stop,6.6544962,100.3021935,06:03:00,,,
TERMINAL PADANG BESAR-KAKI BUKIT-TERMINAL PADANG BESAR,myBas,TAMAN KASTAM 3,TAMAN KASTAM 3 Bus Stop,6.6565912,100.2947768,06:04:00,,,
TERMINAL PADANG BESAR-KAKI BUKIT-TERMINAL PADANG BESAR,myBas,KLINIK KK PADANG BESAR,KLINIK KK PADANG BESAR Bus Stop,6.657334,100.2928615,06:05:00,,,
TERMINAL PADANG BESAR-KAKI BUKIT-TERMINAL PADANG BESAR,myBas,KOK MAK,KOK MAK Bus Stop,6.6571547,100.2885085,06:06:00,,,
TERMINAL PADANG BESAR-KAKI BUKIT-TERMINAL PADANG BESAR,myBas,MASJID OSMANIAH,MASJID OSMANIAH Bus Stop,6.655903,100.2834531,06:07:00,,,
TERMINAL PADANG BESAR-KAKI BUKIT-TERMINAL PADANG BESAR,myBas,LADANG BURUNG UNTA,LADANG BURUNG UNTA Bus Stop,6.6557751,100.2813608,06:08:00,,,
TERMINAL PADANG BESAR-KAKI BUKIT-TERMINAL PADANG BESAR,myBas,SIMPANG FELDA MATA AIR,SIMPANG FELDA MATA AIR Bus Stop,6.655669,100.2789451,06:09:00,,,
TERMINAL PADANG BESAR-KAKI BUKIT-TERMINAL PADANG BESAR,myBas,KAMPUNG SENA DALAM,KAMPUNG SENA DALAM Bus Stop,6.6554909,100.2766125,06:10:00,,,
TERMINAL PADANG BESAR-KAKI BUKIT-TERMINAL PADANG BESAR,myBas,PUSAT VETERINAR,PUSAT VETERINAR Bus Stop,6.6553649,100.2739128,06:11:00,,,
TERMINAL PADANG BESAR-KAKI BUKIT-TERMINAL PADANG BESAR,myBas,KAMPUNG KESINAI,KAMPUNG KESINAI Bus Stop,6.6552996,100.2725713,06:12:00,,,
TERMINAL PADANG BESAR-KAKI BUKIT-TERMINAL PADANG BESAR,myBas,KAMPUNG SERI KESINAI,KAMPUNG SERI KESINAI Bus Stop,6.6548373,100.2704055,06:13:00,,,
TERMINAL PADANG BESAR-KAKI BUKIT-TERMINAL PADANG BESAR,myBas,KAMPUNG TITI ULU,KAMPUNG TITI ULU Bus Stop,6.6546105,100.2697546,06:14:00,,,
TERMINAL PADANG BESAR-KAKI BUKIT-TERMINAL PADANG BESAR,myBas,UNICITI,UNICITI Bus Stop,6.6501718,100.2560298,06:15:00,,,
TERMINAL PADANG BESAR-KAKI BUKIT-TERMINAL PADANG BESAR,myBas,KG BARU 1,KG BARU 1 Bus Stop,6.6484916,100.2491669,06:17:00,,,
TERMINAL PADANG BESAR-KAKI BUKIT-TERMINAL PADANG BESAR,myBas,KG BARU 2,KG BARU 2 Bus Stop,6.6472061,100.2449224,06:19:00,,,
TERMINAL PADANG BESAR-KAKI BUKIT-TERMINAL PADANG BESAR,myBas,MASJID AL-NUR / KG BARU 3,MASJID AL-NUR / KG BARU 3 Bus Stop,6.6465124,100.2425239,06:21:00,,,
TERMINAL PADANG BESAR-KAKI BUKIT-TERMINAL PADANG BESAR,myBas,KG SERI AMAN,KG SERI AMAN Bus Stop,6.6447309,100.2363572,06:23:00,,,
TERMINAL PADANG BESAR-KAKI BUKIT-TERMINAL PADANG BESAR,myBas,FELCRA LUBUK SIREH,FELCRA LUBUK SIREH Bus Stop,6.6416091,100.229349,06:25:00,,,
TERMINAL PADANG BESAR-KAKI BUKIT-TERMINAL PADANG BESAR,myBas,SMK RAJA PUAN MUDA TENGKU FAUZIAH,SMK RAJA PUAN MUDA TENGKU FAUZIAH Bus Stop,6.6370545,100.2200036,06:27:00,,,
TERMINAL PADANG BESAR-KAKI BUKIT-TERMINAL PADANG BESAR,myBas,MASJID JABAL AL- ALA,MASJID JABAL AL- ALA Bus Stop,6.6327984,100.2093033,06:30:00,,,
TERMINAL PADANG BESAR-KAKI BUKIT-TERMINAL PADANG BESAR,myBas,BATU 15A,BATU 15A Bus Stop,6.6356825,100.2110438,06:33:00,,,
TERMINAL PADANG BESAR-KAKI BUKIT-TERMINAL PADANG BESAR,myBas,KLINIK KESIHATAN KAKI BUKIT,KLINIK KESIHATAN KAKI BUKIT Bus Stop,6.6423446,100.2105105,06:36:00,,,
TERMINAL PADANG BESAR-KAKI BUKIT-TERMINAL PADANG BESAR,myBas,BATU 15A OPP,BATU 15A OPP Bus Stop,6.6356561,100.2110984,06:39:00,,,
TERMINAL PADANG BESAR-KAKI BUKIT-TERMINAL PADANG BESAR,myBas,MASJID JABAL AL- ALA OPP,MASJID JABAL AL- ALA OPP Bus Stop,6.6327918,100.2093947,06:42:00,,,
TERMINAL PADANG BESAR-KAKI BUKIT-TERMINAL PADANG BESAR,myBas,SMK RAJA PUAN MUDA TENGKU FAUZIAH OPP,SMK RAJA PUAN MUDA TENGKU FAUZIAH OPP Bus Stop,6.637157,100.219963,06:45:00,,,
TERMINAL PADANG BESAR-KAKI BUKIT-TERMINAL PADANG BESAR,myBas,FELCRA LUBUK SIREH OPP,FELCRA LUBUK SIREH OPP Bus Stop,6.6414858,100.2289587,06:48:00,,,
TERMINAL PADANG BESAR-KAKI BUKIT-TERMINAL PADANG BESAR,myBas,KG SERI AMAN OPP,KG SERI AMAN OPP Bus Stop,6.6447917,100.2362629,06:50:00,,,
TERMINAL PADANG BESAR-KAKI BUKIT-TERMINAL PADANG BESAR,myBas,MASJID AL-NUR / KG BARU 3 OPP,MASJID AL-NUR / KG BARU 3 OPP Bus Stop,6.6466132,100.2424726,06:52:00,,,
TERMINAL PADANG BESAR-KAKI BUKIT-TERMINAL PADANG BESAR,myBas,KG BARU 2 OPP,KG BARU 2 OPP Bus Stop,6.6473505,100.244973,06:54:00,,,
TERMINAL PADANG BESAR-KAKI BUKIT-TERMINAL PADANG BESAR,myBas,KG BARU 1 OPP,KG BARU 1 OPP Bus Stop,6.6485579,100.2490552,06:56:00,,,
TERMINAL PADANG BESAR-KAKI BUKIT-TERMINAL PADANG BESAR,myBas,UNICITI OPP,UNICITI OPP Bus Stop,6.6500951,100.2557363,06:58:00,,,
TERMINAL PADANG BESAR-KAKI BUKIT-TERMINAL PADANG BESAR,myBas,KAMPUNG TITI ULU OPP,KAMPUNG TITI ULU OPP Bus Stop,6.6547696,100.269886,07:00:00,,,
TERMINAL PADANG BESAR-KAKI BUKIT-TERMINAL PADANG BESAR,myBas,KAMPUNG SERI KESINAI OPP,KAMPUNG SERI KESINAI OPP Bus Stop,6.6548373,100.2704055,07:01:00,,,
TERMINAL PADANG BESAR-KAKI BUKIT-TERMINAL PADANG BESAR,myBas,KAMPUNG KESINAI OPP,KAMPUNG KESINAI OPP Bus Stop,6.6553669,100.2726138,07:02:00,,,
TERMINAL PADANG BESAR-KAKI BUKIT-TERMINAL PADANG BESAR,myBas,PUSAT VETERINAR OPP,PUSAT VETERINAR OPP Bus Stop,6.655462,100.2739894,07:03:00,,,
TERMINAL PADANG BESAR-KAKI BUKIT-TERMINAL PADANG BESAR,myBas,KAMPUNG SENA DALAM OPP,KAMPUNG SENA DALAM OPP Bus Stop,6.6555952,100.27645,07:04:00,,,
TERMINAL PADANG BESAR-KAKI BUKIT-TERMINAL PADANG BESAR,myBas,SIMPANG FELDA MATA AIR OPP,SIMPANG FELDA MATA AIR OPP Bus Stop,6.6557405,100.2784789,07:05:00,,,
TERMINAL PADANG BESAR-KAKI BUKIT-TERMINAL PADANG BESAR,myBas,LADANG BURUNG UNTA OPP,LADANG BURUNG UNTA OPP Bus Stop,6.6558861,100.281471,07:06:00,,,
TERMINAL PADANG BESAR-KAKI BUKIT-TERMINAL PADANG BESAR,myBas,MASJID OSMANIAH OPP,MASJID OSMANIAH OPP Bus Stop,6.6560195,100.2832992,07:07:00,,,
TERMINAL PADANG BESAR-KAKI BUKIT-TERMINAL PADANG BESAR,myBas,KOK MAK OPP,KOK MAK OPP Bus Stop,6.65727,100.2884922,07:08:00,,,
TERMINAL PADANG BESAR-KAKI BUKIT-TERMINAL PADANG BESAR,myBas,TAMAN KASTAM 3 OPP,TAMAN KASTAM 3 OPP Bus Stop,6.6566481,100.2948837,07:09:00,,,
TERMINAL PADANG BESAR-KAKI BUKIT-TERMINAL PADANG BESAR,myBas,TAMAN KASTAM 2 OPP,TAMAN KASTAM 2 OPP Bus Stop,6.6546571,100.3024714,07:10:00,,,
TERMINAL PADANG BESAR-KAKI BUKIT-TERMINAL PADANG BESAR,myBas,HUB PADANG BESAR 1B,HUB PADANG BESAR 1B Bus Stop,6.6612375,100.3211352,07:11:00,,,
TERMINAL PADANG BESAR-KAKI BUKIT-TERMINAL PADANG BESAR,myBas,HUB PADANG BESAR 2B,HUB PADANG BESAR 2B Bus Stop,6.6614752,100.3214816,07:12:00,,,
TERMINAL PADANG BESAR-KAKI BUKIT-TERMINAL PADANG BESAR,myBas,KTM PADANG BESAR B,KTM PADANG BESAR B Bus Stop,6.6636121,100.3200195,07:13:00,,,
KOTA BHARU - PENGKALAN CHEPA,myBas,STESEN BAS KOTA BHARU,STESEN BAS KOTA BHARU Bus Stop,6.128142,102.239464,06:30:00,,,
KOTA BHARU - PENGKALAN CHEPA,myBas,KEDAI UNIFI KELANTAN,KEDAI UNIFI KELANTAN Bus Stop,6.127744,102.241806,06:31:00,,,
KOTA BHARU - PENGKALAN CHEPA,myBas,NAGOYA,NAGOYA Bus Stop,6.127519,102.245078,06:32:00,,,
KOTA BHARU - PENGKALAN CHEPA,myBas,WISMA KDRM / ROYAL THAI CONSULATE GENERAL,WISMA KDRM / ROYAL THAI CONSULATE GENERAL Bus Stop,6.130411,102.251047,06:33:00,,,
KOTA BHARU - PENGKALAN CHEPA,myBas,MAAHAD MUHAMMADI LELAKI,MAAHAD MUHAMMADI LELAKI Bus Stop,6.132419,102.257406,06:34:00,,,
KOTA BHARU - PENGKALAN CHEPA,myBas,KLINIK DARULNAIM,KLINIK DARULNAIM Bus Stop,6.136278,102.264014,06:35:00,,,
KOTA BHARU - PENGKALAN CHEPA,myBas,TANJUNG MAS,TANJUNG MAS Bus Stop,6.138342,102.26495,06:36:00,,,
KOTA BHARU - PENGKALAN CHEPA,myBas,TAMAN UDA MURNI,TAMAN UDA MURNI Bus Stop,6.144125,102.266767,06:37:00,,,
KOTA BHARU - PENGKALAN CHEPA,myBas,KG GAYONG PENGKALAN CHEPA,KG GAYONG PENGKALAN CHEPA Bus Stop,6.145853,102.267508,06:38:00,,,
KOTA BHARU - PENGKALAN CHEPA,myBas,KFC PENGKALAN CHEPA DRIVE THRU,KFC PENGKALAN CHEPA DRIVE THRU Bus Stop,6.147342,102.267853,06:39:00,,,
KOTA BHARU - PENGKALAN CHEPA,myBas,SASABELL BEAUTY HQ,SASABELL BEAUTY HQ Bus Stop,6.150606,102.269283,06:40:00,,,
KOTA BHARU - PENGKALAN CHEPA,myBas,FOOD VILLAGE RESTAURANT,FOOD VILLAGE RESTAURANT Bus Stop,6.152633,102.269864,06:41:00,,,
KOTA BHARU - PENGKALAN CHEPA,myBas,LORONG MASJID AL KAROMAH,LORONG MASJID AL KAROMAH Bus Stop,6.154892,102.271219,06:42:00,,,
KOTA BHARU - PENGKALAN CHEPA,myBas,KG BAUNG,KG BAUNG Bus Stop,6.156061,102.273228,06:43:00,,,
KOTA BHARU - PENGKALAN CHEPA,myBas,SHELL KG BAUNG,SHELL KG BAUNG Bus Stop,6.157892,102.275156,06:44:00,,,
KOTA BHARU - PENGKALAN CHEPA,myBas,PASAR TOK GURU,PASAR TOK GURU Bus Stop,6.160272,102.276358,06:45:00,,,
KOTA BHARU - PENGKALAN CHEPA,myBas,CHABANG TIGA,CHABANG TIGA Bus Stop,6.162392,102.277856,06:46:00,,,
KOTA BHARU - PENGKALAN CHEPA,myBas,SMK PENGKALAN CHEPA,SMK PENGKALAN CHEPA Bus Stop,6.161992,102.282686,06:47:00,,,
KOTA BHARU - PENGKALAN CHEPA,myBas,IPG KOTA BHARU,IPG KOTA BHARU Bus Stop,6.161856,102.292967,06:49:00,,,
KOTA BHARU - PENGKALAN CHEPA,myBas,JALAN PADANG GOLF,JALAN PADANG GOLF Bus Stop,6.160203,102.301056,06:51:00,,,
KOTA BHARU - PENGKALAN CHEPA,myBas,TAMAN KURNIA JAYA 1,TAMAN KURNIA JAYA 1 Bus Stop,6.159581,102.306172,06:52:00,,,
KOTA BHARU - PENGKALAN CHEPA,myBas,TAMAN KURNIA JAYA 2,TAMAN KURNIA JAYA 2 Bus Stop,6.158933,102.311031,06:53:00,,,
KOTA BHARU - PENGKALAN CHEPA,myBas,SMS TENGKU MUHAMMAD FARIS PETRA,SMS TENGKU MUHAMMAD FARIS PETRA Bus Stop,6.158461,102.299594,06:55:00,,,
KOTA BHARU - PENGKALAN CHEPA,myBas,SMK PENGKALAN CHEPA 2,SMK PENGKALAN CHEPA 2 Bus Stop,6.155353,102.297658,06:56:00,,,
KOTA BHARU - PENGKALAN CHEPA,myBas,MRSM PENGKALAN CHEPA,MRSM PENGKALAN CHEPA Bus Stop,6.156322,102.2945,06:57:00,,,
KOTA BHARU - PENGKALAN CHEPA,myBas,IPD KOTA BHARU,IPD KOTA BHARU Bus Stop,6.156242,102.288819,06:58:00,,,
KOTA BHARU - PENGKALAN CHEPA,myBas,MASJID TOK HAJI YAHYA,MASJID TOK HAJI YAHYA Bus Stop,6.152153,102.288219,06:59:00,,,
KOTA BHARU - PENGKALAN CHEPA,myBas,TAMAN DESA KEMUMIN,TAMAN DESA KEMUMIN Bus Stop,6.148681,102.291719,07:00:00,,,
KOTA BHARU - PENGKALAN CHEPA,myBas,TAMAN BINARAYA,TAMAN BINARAYA Bus Stop,6.147264,102.293031,07:01:00,,,
KOTA BHARU - PENGKALAN CHEPA,myBas,TAMAN MEMORIAL,TAMAN MEMORIAL Bus Stop,6.145511,102.294486,07:02:00,,,
KOTA BHARU - PENGKALAN CHEPA,myBas,KAWASAN PERINDUSTRIAN PENGKALAN CHEPA,KAWASAN PERINDUSTRIAN PENGKALAN CHEPA Bus Stop,6.143489,102.299228,07:03:00,,,
KOTA BHARU - PENGKALAN CHEPA,myBas,TAMAN KEMUMIN PENGKALAN CHEPA,TAMAN KEMUMIN PENGKALAN CHEPA Bus Stop,6.147989,102.301042,07:04:00,,,
KOTA BHARU - PENGKALAN CHEPA,myBas,PADANG GARONG,PADANG GARONG Bus Stop,6.126106,102.242122,07:02:00,,,
KOTA BHARU - PENGKALAN CHEPA,myBas,SK PADANG GARONG,SK PADANG GARONG Bus Stop,6.125139,102.240944,07:03:00,,,
KOTA BHARU - PENGKALAN CHEPA,myBas,KELANTAN STATE MUSEUM,KELANTAN STATE MUSEUM Bus Stop,6.125153,102.238242,07:04:00,,,
KOTA BHARU - SABAK VIA KEMUMIN,myBas,STESEN BAS KOTA BHARU,STESEN BAS KOTA BHARU Bus Stop,6.128142,102.239464,06:45:00,,,
KOTA BHARU - SABAK VIA KEMUMIN,myBas,KEDAI UNIFI KELANTAN,KEDAI UNIFI KELANTAN Bus Stop,6.127744,102.241806,06:46:00,,,
KOTA BHARU - SABAK VIA KEMUMIN,myBas,AMANAH SAHAM NASIONAL BERHAD,AMANAH SAHAM NASIONAL BERHAD Bus Stop,6.129497,102.242908,06:47:00,,,
KOTA BHARU - SABAK VIA KEMUMIN,myBas,DATARAN CHENG HO,DATARAN CHENG HO Bus Stop,6.130628,102.24315,06:48:00,,,
KOTA BHARU - SABAK VIA KEMUMIN,myBas,SHELL JALAN KEBUN SULTAN,SHELL JALAN KEBUN SULTAN Bus Stop,6.134094,102.244278,06:49:00,,,
KOTA BHARU - SABAK VIA KEMUMIN,myBas,SMK KOTA BHARU,SMK KOTA BHARU Bus Stop,6.134978,102.249653,06:50:00,,,
KOTA BHARU - SABAK VIA KEMUMIN,myBas,RESTORAN SATAY MALAYSIA,RESTORAN SATAY MALAYSIA Bus Stop,6.132661,102.254011,06:51:00,,,
KOTA BHARU - SABAK VIA KEMUMIN,myBas,MAAHAD MUHAMMADI LELAKI,MAAHAD MUHAMMADI LELAKI Bus Stop,6.132419,102.257406,06:52:00,,,
KOTA BHARU - SABAK VIA KEMUMIN,myBas,KLINIK DARULNAIM,KLINIK DARULNAIM Bus Stop,6.136278,102.264014,06:53:00,,,
KOTA BHARU - SABAK VIA KEMUMIN,myBas,TANJUNG MAS 2,TANJUNG MAS 2 Bus Stop,6.136903,102.264686,06:54:00,,,
KOTA BHARU - SABAK VIA KEMUMIN,myBas,SRA TENGKU AMALIN AISHAH PUTRI,SRA TENGKU AMALIN AISHAH PUTRI Bus Stop,6.137331,102.269378,06:55:00,,,
KOTA BHARU - SABAK VIA KEMUMIN,myBas,SK SERI CHEMPAKA,SK SERI CHEMPAKA Bus Stop,6.136958,102.271717,06:56:00,,,
KOTA BHARU - SABAK VIA KEMUMIN,myBas,KG RAMBUTAN RENDANG,KG RAMBUTAN RENDANG Bus Stop,6.136803,102.274831,06:57:00,,,
KOTA BHARU - SABAK VIA KEMUMIN,myBas,KG CHEMPAKA,KG CHEMPAKA Bus Stop,6.137139,102.279578,06:58:00,,,
KOTA BHARU - SABAK VIA KEMUMIN,myBas,KG BERIS LANJUT,KG BERIS LANJUT Bus Stop,6.136817,102.288617,07:00:00,,,
KOTA BHARU - SABAK VIA KEMUMIN,myBas,WISMA SINAR,WISMA SINAR Bus Stop,6.133519,102.294861,07:01:00,,,
KOTA BHARU - SABAK VIA KEMUMIN,myBas,KG BERIS LANJUT 2,KG BERIS LANJUT 2 Bus Stop,6.131517,102.298594,07:02:00,,,
KOTA BHARU - SABAK VIA KEMUMIN,myBas,KEBUN NUR IMAN,KEBUN NUR IMAN Bus Stop,6.130689,102.299925,07:03:00,,,
KOTA BHARU - SABAK VIA KEMUMIN,myBas,PANJI,PANJI Bus Stop,6.130486,102.302133,07:04:00,,,
KOTA BHARU - SABAK VIA KEMUMIN,myBas,KG PANCHOR,KG PANCHOR Bus Stop,6.139456,102.307397,07:06:00,,,
KOTA BHARU - SABAK VIA KEMUMIN,myBas,KG KEMUMIN,KG KEMUMIN Bus Stop,6.143853,102.311353,07:07:00,,,
KOTA BHARU - SABAK VIA KEMUMIN,myBas,SMK KEMUMIN,SMK KEMUMIN Bus Stop,6.14665,102.313925,07:08:00,,,
KOTA BHARU - SABAK VIA KEMUMIN,myBas,KLINIK DESA KEMUMIN,KLINIK DESA KEMUMIN Bus Stop,6.153469,102.317831,07:09:00,,,
KOTA BHARU - SABAK VIA KEMUMIN,myBas,RESTORAN DSARI AIRPORT,RESTORAN DSARI AIRPORT Bus Stop,6.161928,102.322881,07:11:00,,,
KOTA BHARU - SABAK VIA KEMUMIN,myBas,KELANTAN POLO & RIDING CLUB,KELANTAN POLO & RIDING CLUB Bus Stop,6.164903,102.322742,07:12:00,,,
KOTA BHARU - SABAK VIA KEMUMIN,myBas,TEBING TINGGI,TEBING TINGGI Bus Stop,6.171353,102.321006,07:13:00,,,
KOTA BHARU - SABAK VIA KEMUMIN,myBas,SABAK COFFEE HOUSE,SABAK COFFEE HOUSE Bus Stop,6.173453,102.320967,07:14:00,,,
KOTA BHARU - SABAK VIA KEMUMIN,myBas,KG PENGKALAN TOK KASIM,KG PENGKALAN TOK KASIM Bus Stop,6.174097,102.323169,07:15:00,,,
KOTA BHARU - SABAK VIA KEMUMIN,myBas,PADANG GARONG,PADANG GARONG Bus Stop,6.126106,102.242122,07:11:00,,,
KOTA BHARU - SABAK VIA KEMUMIN,myBas,SK PADANG GARONG,SK PADANG GARONG Bus Stop,6.125139,102.240944,07:12:00,,,
KOTA BHARU - SABAK VIA KEMUMIN,myBas,KELANTAN STATE MUSEUM,KELANTAN STATE MUSEUM Bus Stop,6.125153,102.238242,07:14:00,,,
KOTA BHARU - SABAK VIA LAPANGAN TERBANG,myBas,STESEN BAS KOTA BHARU,STESEN BAS KOTA BHARU Bus Stop,6.128142,102.239464,07:00:00,,,
KOTA BHARU - SABAK VIA LAPANGAN TERBANG,myBas,KEDAI UNIFI KELANTAN,KEDAI UNIFI KELANTAN Bus Stop,6.127744,102.241806,07:01:00,,,
KOTA BHARU - SABAK VIA LAPANGAN TERBANG,myBas,AMANAH SAHAM NASIONAL BERHAD,AMANAH SAHAM NASIONAL BERHAD Bus Stop,6.129497,102.242908,07:02:00,,,
KOTA BHARU - SABAK VIA LAPANGAN TERBANG,myBas,DATARAN CHENG HO,DATARAN CHENG HO Bus Stop,6.130628,102.24315,07:03:00,,,
KOTA BHARU - SABAK VIA LAPANGAN TERBANG,myBas,SHELL JALAN KEBUN SULTAN,SHELL JALAN KEBUN SULTAN Bus Stop,6.134094,102.244278,07:04:00,,,
KOTA BHARU - SABAK VIA LAPANGAN TERBANG,myBas,PANDAMART KOTA BHARU,PANDAMART KOTA BHARU Bus Stop,6.138467,102.245194,07:05:00,,,
KOTA BHARU - SABAK VIA LAPANGAN TERBANG,myBas,MASJID RITHAUDEEN WAKAF MEK ZAINAB,MASJID RITHAUDEEN WAKAF MEK ZAINAB Bus Stop,6.141297,102.245653,07:06:00,,,
KOTA BHARU - SABAK VIA LAPANGAN TERBANG,myBas,TAMAN PERBANDARAN TENGKU ANIS,TAMAN PERBANDARAN TENGKU ANIS Bus Stop,6.144017,102.251767,07:08:00,,,
KOTA BHARU - SABAK VIA LAPANGAN TERBANG,myBas,SMK TANJUNG MAS,SMK TANJUNG MAS Bus Stop,6.144911,102.259336,07:10:00,,,
KOTA BHARU - SABAK VIA LAPANGAN TERBANG,myBas,KOLEJ TEKNOLOGI DARULNAIM,KOLEJ TEKNOLOGI DARULNAIM Bus Stop,6.14225,102.265586,07:11:00,,,
KOTA BHARU - SABAK VIA LAPANGAN TERBANG,myBas,TAMAN UDA MURNI,TAMAN UDA MURNI Bus Stop,6.144125,102.266767,07:12:00,,,
KOTA BHARU - SABAK VIA LAPANGAN TERBANG,myBas,KG GAYONG PENGKALAN CHEPA,KG GAYONG PENGKALAN CHEPA Bus Stop,6.145853,102.267508,07:13:00,,,
KOTA BHARU - SABAK VIA LAPANGAN TERBANG,myBas,KFC PENGKALAN CHEPA DRIVE THRU,KFC PENGKALAN CHEPA DRIVE THRU Bus Stop,6.147342,102.267853,07:14:00,,,
KOTA BHARU - SABAK VIA LAPANGAN TERBANG,myBas,SASABELL BEAUTY HQ,SASABELL BEAUTY HQ Bus Stop,6.150606,102.269283,07:15:00,,,
KOTA BHARU - SABAK VIA LAPANGAN TERBANG,myBas,FOOD VILLAGE RESTAURANT,FOOD VILLAGE RESTAURANT Bus Stop,6.152633,102.269864,07:16:00,,,
KOTA BHARU - SABAK VIA LAPANGAN TERBANG,myBas,LORONG MASJID AL KAROMAH,LORONG MASJID AL KAROMAH Bus Stop,6.154892,102.271219,07:17:00,,,
KOTA BHARU - SABAK VIA LAPANGAN TERBANG,myBas,KG BAUNG,KG BAUNG Bus Stop,6.156061,102.273228,07:18:00,,,
KOTA BHARU - SABAK VIA LAPANGAN TERBANG,myBas,SHELL KG BAUNG,SHELL KG BAUNG Bus Stop,6.157892,102.275156,07:19:00,,,
KOTA BHARU - SABAK VIA LAPANGAN TERBANG,myBas,PASAR TOK GURU,PASAR TOK GURU Bus Stop,6.160272,102.276358,07:20:00,,,
KOTA BHARU - SABAK VIA LAPANGAN TERBANG,myBas,CHABANG TIGA,CHABANG TIGA Bus Stop,6.162392,102.277856,07:21:00,,,
KOTA BHARU - SABAK VIA LAPANGAN TERBANG,myBas,PERNAMA PENGKALAN CHEPA,PERNAMA PENGKALAN CHEPA Bus Stop,6.170072,102.284469,07:23:00,,,
KOTA BHARU - SABAK VIA LAPANGAN TERBANG,myBas,LAPANGAN TERBANG SULTAN ISMAIL PETRA,LAPANGAN TERBANG SULTAN ISMAIL PETRA Bus Stop,6.170606,102.289481,07:24:00,,,
KOTA BHARU - SABAK VIA LAPANGAN TERBANG,myBas,TAMAN SERI PENGKALAN CHEPA,TAMAN SERI PENGKALAN CHEPA Bus Stop,6.17045,102.2929,07:25:00,,,
KOTA BHARU - SABAK VIA LAPANGAN TERBANG,myBas,CAAM KOTA BHARU,CAAM KOTA BHARU Bus Stop,6.170122,102.294803,07:26:00,,,
KOTA BHARU - SABAK VIA LAPANGAN TERBANG,myBas,PEJABAT PENGGAWA DAERAH KEMUMIN,PEJABAT PENGGAWA DAERAH KEMUMIN Bus Stop,6.169808,102.296022,07:27:00,,,
KOTA BHARU - SABAK VIA LAPANGAN TERBANG,myBas,KG TOK KAYA,KG TOK KAYA Bus Stop,6.169297,102.301525,07:28:00,,,
KOTA BHARU - SABAK VIA LAPANGAN TERBANG,myBas,SK PARANG PUTING,SK PARANG PUTING Bus Stop,6.168694,102.304425,07:29:00,,,
KOTA BHARU - SABAK VIA LAPANGAN TERBANG,myBas,TELUK KITANG,TELUK KITANG Bus Stop,6.168211,102.309108,07:30:00,,,
KOTA BHARU - SABAK VIA LAPANGAN TERBANG,myBas,AGRO BAZAAR KEDAI RAKYART,AGRO BAZAAR KEDAI RAKYART Bus Stop,6.171447,102.315539,07:31:00,,,
KOTA BHARU - SABAK VIA LAPANGAN TERBANG,myBas,TEBING TINGGI 2,TEBING TINGGI 2 Bus Stop,6.172978,102.319781,07:32:00,,,
KOTA BHARU - SABAK VIA LAPANGAN TERBANG,myBas,SABAK COFFEE HOUSE,SABAK COFFEE HOUSE Bus Stop,6.173453,102.320967,07:33:00,,,
KOTA BHARU - SABAK VIA LAPANGAN TERBANG,myBas,KG PENGKALAN TOK KASIM,KG PENGKALAN TOK KASIM Bus Stop,6.174097,102.323169,07:34:00,,,
KOTA BHARU - SABAK VIA LAPANGAN TERBANG,myBas,PADANG GARONG,PADANG GARONG Bus Stop,6.126106,102.242122,07:31:00,,,
KOTA BHARU - SABAK VIA LAPANGAN TERBANG,myBas,SK PADANG GARONG,SK PADANG GARONG Bus Stop,6.125139,102.240944,07:32:00,,,
KOTA BHARU - SABAK VIA LAPANGAN TERBANG,myBas,KELANTAN STATE MUSEUM,KELANTAN STATE MUSEUM Bus Stop,6.125153,102.238242,07:34:00,,,
KOTA BHARU - PANTAI CAHAYA BULAN,myBas,STESEN BAS KOTA BHARU,STESEN BAS KOTA BHARU Bus Stop,6.128142,102.239464,06:45:00,,,
KOTA BHARU - PANTAI CAHAYA BULAN,myBas,KEDAI UNIFI KELANTAN,KEDAI UNIFI KELANTAN Bus Stop,6.127744,102.241806,06:46:00,,,
KOTA BHARU - PANTAI CAHAYA BULAN,myBas,AMANAH SAHAM NASIONAL BERHAD,AMANAH SAHAM NASIONAL BERHAD Bus Stop,6.129497,102.242908,06:47:00,,,
KOTA BHARU - PANTAI CAHAYA BULAN,myBas,DATARAN CHENG HO,DATARAN CHENG HO Bus Stop,6.130628,102.24315,06:48:00,,,
KOTA BHARU - PANTAI CAHAYA BULAN,myBas,MAAHAD MUHAMMADI PEREMPUAN,MAAHAD MUHAMMADI PEREMPUAN Bus Stop,6.133583,102.241956,06:49:00,,,
KOTA BHARU - PANTAI CAHAYA BULAN,myBas,MASJID MUHAMMADI,MASJID MUHAMMADI Bus Stop,6.132336,102.236786,06:50:00,,,
KOTA BHARU - PANTAI CAHAYA BULAN,myBas,SMJK CHUNG HWA,SMJK CHUNG HWA Bus Stop,6.138131,102.237658,06:52:00,,,
KOTA BHARU - PANTAI CAHAYA BULAN,myBas,GOK KAPOR,GOK KAPOR Bus Stop,6.141547,102.235858,06:53:00,,,
KOTA BHARU - PANTAI CAHAYA BULAN,myBas,SK PENAMBANG,SK PENAMBANG Bus Stop,6.144725,102.236806,06:54:00,,,
KOTA BHARU - PANTAI CAHAYA BULAN,myBas,SMK PENAMBANG,SMK PENAMBANG Bus Stop,6.147653,102.239372,06:55:00,,,
KOTA BHARU - PANTAI CAHAYA BULAN,myBas,KG TIKAT,KG TIKAT Bus Stop,6.152861,102.244592,06:56:00,,,
KOTA BHARU - PANTAI CAHAYA BULAN,myBas,SULTAN ISMAIL PETRA MOSQUE,SULTAN ISMAIL PETRA MOSQUE Bus Stop,6.157728,102.245606,06:57:00,,,
KOTA BHARU - PANTAI CAHAYA BULAN,myBas,AZRA INN,AZRA INN Bus Stop,6.160917,102.246911,06:58:00,,,
KOTA BHARU - PANTAI CAHAYA BULAN,myBas,KG KIJANG,KG KIJANG Bus Stop,6.166019,102.249803,06:59:00,,,
KOTA BHARU - PANTAI CAHAYA BULAN,myBas,MASJID AL AMIN KG KIJANG,MASJID AL AMIN KG KIJANG Bus Stop,6.169878,102.251228,07:00:00,,,
KOTA BHARU - PANTAI CAHAYA BULAN,myBas,KG BADANG,KG BADANG Bus Stop,6.176833,102.254061,07:01:00,,,
KOTA BHARU - PANTAI CAHAYA BULAN,myBas,MASJID AL MUNIR KG BADANG,MASJID AL MUNIR KG BADANG Bus Stop,6.18535,102.261025,07:03:00,,,
KOTA BHARU - PANTAI CAHAYA BULAN,myBas,SK CIK DERIS,SK CIK DERIS Bus Stop,6.185644,102.264364,07:04:00,,,
KOTA BHARU - PANTAI CAHAYA BULAN,myBas,KK BADANG,KK BADANG Bus Stop,6.187625,102.267692,07:05:00,,,
KOTA BHARU - PANTAI CAHAYA BULAN,myBas,PANTAI TIMOR PCB,PANTAI TIMOR PCB Bus Stop,6.188419,102.268614,07:06:00,,,
KOTA BHARU - PANTAI CAHAYA BULAN,myBas,MARISSA BATIK,MARISSA BATIK Bus Stop,6.190319,102.271442,07:07:00,,,
KOTA BHARU - PANTAI CAHAYA BULAN,myBas,SK SEMUT API,SK SEMUT API Bus Stop,6.193939,102.272533,07:08:00,,,
KOTA BHARU - PANTAI CAHAYA BULAN,myBas,PANTAI CAHAYA BULAN,PANTAI CAHAYA BULAN Bus Stop,6.1955,102.27335,07:09:00,,,
KOTA BHARU - PENGKALAN KUBOR VIA CHABANG EMPAT,myBas,STESEN BAS KOTA BHARU,STESEN BAS KOTA BHARU Bus Stop,6.128142,102.239464,06:30:00,,,
KOTA BHARU - PENGKALAN KUBOR VIA CHABANG EMPAT,myBas,PADANG GARONG,PADANG GARONG Bus Stop,6.126106,102.242122,06:31:00,,,
KOTA BHARU - PENGKALAN KUBOR VIA CHABANG EMPAT,myBas,SK PADANG GARONG,SK PADANG GARONG Bus Stop,6.125139,102.240944,06:32:00,,,
KOTA BHARU - PENGKALAN KUBOR VIA CHABANG EMPAT,myBas,KELANTAN STATE MUSEUM,KELANTAN STATE MUSEUM Bus Stop,6.125153,102.238242,06:33:00,,,
KOTA BHARU - PENGKALAN KUBOR VIA CHABANG EMPAT,myBas,BAZAR TOK GURU,BAZAR TOK GURU Bus Stop,6.122772,102.238867,06:34:00,,,
KOTA BHARU - PENGKALAN KUBOR VIA CHABANG EMPAT,myBas,PEJABAT POS KOTA BHARU,PEJABAT POS KOTA BHARU Bus Stop,6.121731,102.239672,06:35:00,,,
KOTA BHARU - PENGKALAN KUBOR VIA CHABANG EMPAT,myBas,RESIDENSI TROIKA,RESIDENSI TROIKA Bus Stop,6.119722,102.240775,06:36:00,,,
KOTA BHARU - PENGKALAN KUBOR VIA CHABANG EMPAT,myBas,KB MALL,KB MALL Bus Stop,6.118192,102.241778,06:37:00,,,
KOTA BHARU - PENGKALAN KUBOR VIA CHABANG EMPAT,myBas,ONE BUTTON SOLUTION SDN BHD,ONE BUTTON SOLUTION SDN BHD Bus Stop,6.116503,102.2405,06:38:00,,,
KOTA BHARU - PENGKALAN KUBOR VIA CHABANG EMPAT,myBas,HOMESTAY KBCC KOTA BHARU,HOMESTAY KBCC KOTA BHARU Bus Stop,6.116672,102.239419,06:39:00,,,
KOTA BHARU - PENGKALAN KUBOR VIA CHABANG EMPAT,myBas,PETRONAS PASIR PEKAN,PETRONAS PASIR PEKAN Bus Stop,6.116928,102.222919,06:41:00,,,
KOTA BHARU - PENGKALAN KUBOR VIA CHABANG EMPAT,myBas,SK PASIR PEKAN,SK PASIR PEKAN Bus Stop,6.118225,102.22035,06:42:00,,,
KOTA BHARU - PENGKALAN KUBOR VIA CHABANG EMPAT,myBas,SMKA FALAHIAN / PASIR PEKAN,SMKA FALAHIAN / PASIR PEKAN Bus Stop,6.118931,102.217358,06:43:00,,,
KOTA BHARU - PENGKALAN KUBOR VIA CHABANG EMPAT,myBas,SHELL WAKAF BHARU,SHELL WAKAF BHARU Bus Stop,6.120497,102.208842,06:45:00,,,
KOTA BHARU - PENGKALAN KUBOR VIA CHABANG EMPAT,myBas,PEJABAT POS WAKAF BHARU,PEJABAT POS WAKAF BHARU Bus Stop,6.122,102.202133,06:46:00,,,
KOTA BHARU - PENGKALAN KUBOR VIA CHABANG EMPAT,myBas,WAKAF BHARU,WAKAF BHARU Bus Stop,6.119928,102.199958,06:47:00,,,
KOTA BHARU - PENGKALAN KUBOR VIA CHABANG EMPAT,myBas,SK WAKAF BHARU,SK WAKAF BHARU Bus Stop,6.118686,102.197831,06:48:00,,,
KOTA BHARU - PENGKALAN KUBOR VIA CHABANG EMPAT,myBas,KG BELUKAR WAKAF BHARU,KG BELUKAR WAKAF BHARU Bus Stop,6.120192,102.188494,06:50:00,,,
KOTA BHARU - PENGKALAN KUBOR VIA CHABANG EMPAT,myBas,TAMAN KASTURI,TAMAN KASTURI Bus Stop,6.125817,102.181558,06:52:00,,,
KOTA BHARU - PENGKALAN KUBOR VIA CHABANG EMPAT,myBas,SK KUBANG BATANG,SK KUBANG BATANG Bus Stop,6.137047,102.172039,06:54:00,,,
KOTA BHARU - PENGKALAN KUBOR VIA CHABANG EMPAT,myBas,KG KUBANG BATANG,KG KUBANG BATANG Bus Stop,6.141122,102.167783,06:55:00,,,
KOTA BHARU - PENGKALAN KUBOR VIA CHABANG EMPAT,myBas,PETRON CHABANG EMPAT,PETRON CHABANG EMPAT Bus Stop,6.146103,102.163989,06:56:00,,,
KOTA BHARU - PENGKALAN KUBOR VIA CHABANG EMPAT,myBas,SK TARBIYAH,SK TARBIYAH Bus Stop,6.149661,102.160706,06:57:00,,,
KOTA BHARU - PENGKALAN KUBOR VIA CHABANG EMPAT,myBas,SMK CHABANG EMPAT,SMK CHABANG EMPAT Bus Stop,6.157889,102.152833,06:59:00,,,
KOTA BHARU - PENGKALAN KUBOR VIA CHABANG EMPAT,myBas,KG PASIR PUTEH,KG PASIR PUTEH Bus Stop,6.161481,102.150486,07:00:00,,,
KOTA BHARU - PENGKALAN KUBOR VIA CHABANG EMPAT,myBas,KG KUBANG PANJANG,KG KUBANG PANJANG Bus Stop,6.16875,102.141225,07:02:00,,,
KOTA BHARU - PENGKALAN KUBOR VIA CHABANG EMPAT,myBas,KG TELAGA BATA,KG TELAGA BATA Bus Stop,6.172225,102.13045,07:04:00,,,
KOTA BHARU - PENGKALAN KUBOR VIA CHABANG EMPAT,myBas,SK BUNOHAN,SK BUNOHAN Bus Stop,6.180797,102.119472,07:06:00,,,
KOTA BHARU - PENGKALAN KUBOR VIA CHABANG EMPAT,myBas,KG JUBAKAR,KG JUBAKAR Bus Stop,6.184594,102.109094,07:08:00,,,
KOTA BHARU - PENGKALAN KUBOR VIA CHABANG EMPAT,myBas,KG BAROH KOK PAUH,KG BAROH KOK PAUH Bus Stop,6.193994,102.107486,07:10:00,,,
KOTA BHARU - PENGKALAN KUBOR VIA CHABANG EMPAT,myBas,KG PAUH SEBANJAR,KG PAUH SEBANJAR Bus Stop,6.199214,102.107858,07:11:00,,,
KOTA BHARU - PENGKALAN KUBOR VIA CHABANG EMPAT,myBas,SK SRI NETING,SK SRI NETING Bus Stop,6.210425,102.110875,07:13:00,,,
KOTA BHARU - PENGKALAN KUBOR VIA CHABANG EMPAT,myBas,SHELL NETING,SHELL NETING Bus Stop,6.217444,102.111906,07:14:00,,,
KOTA BHARU - PENGKALAN KUBOR VIA CHABANG EMPAT,myBas,MASJID AS-SOMADI,MASJID AS-SOMADI Bus Stop,6.221739,102.109547,07:15:00,,,
KOTA BHARU - PENGKALAN KUBOR VIA CHABANG EMPAT,myBas,KG KETIL,KG KETIL Bus Stop,6.22565,102.103481,07:16:00,,,
KOTA BHARU - PENGKALAN KUBOR VIA CHABANG EMPAT,myBas,PEJABAT POS PENGKALAN KUBOR,PEJABAT POS PENGKALAN KUBOR Bus Stop,6.228872,102.098347,07:17:00,,,
KOTA BHARU - PENGKALAN KUBOR VIA CHABANG EMPAT,myBas,SK PENGKALAN KUBOR,SK PENGKALAN KUBOR Bus Stop,6.230189,102.095792,07:18:00,,,
KOTA BHARU - PENGKALAN KUBOR VIA CHABANG EMPAT,myBas,PENGKALAN KUBOR,PENGKALAN KUBOR Bus Stop,6.232808,102.092083,07:19:00,,,
KOTA BHARU - PENGKALAN KUBOR VIA TUMPAT,myBas,STESEN BAS KOTA BHARU,STESEN BAS KOTA BHARU Bus Stop,6.128142,102.239464,06:45:00,,,
KOTA BHARU - PENGKALAN KUBOR VIA TUMPAT,myBas,PADANG GARONG,PADANG GARONG Bus Stop,6.126106,102.242122,06:46:00,,,
KOTA BHARU - PENGKALAN KUBOR VIA TUMPAT,myBas,SK PADANG GARONG,SK PADANG GARONG Bus Stop,6.125139,102.240944,06:47:00,,,
KOTA BHARU - PENGKALAN KUBOR VIA TUMPAT,myBas,KELANTAN STATE MUSEUM,KELANTAN STATE MUSEUM Bus Stop,6.125153,102.238242,06:48:00,,,
KOTA BHARU - PENGKALAN KUBOR VIA TUMPAT,myBas,BAZAR TOK GURU,BAZAR TOK GURU Bus Stop,6.122772,102.238867,06:49:00,,,
KOTA BHARU - PENGKALAN KUBOR VIA TUMPAT,myBas,PEJABAT POS KOTA BHARU,PEJABAT POS KOTA BHARU Bus Stop,6.121731,102.239672,06:50:00,,,
KOTA BHARU - PENGKALAN KUBOR VIA TUMPAT,myBas,RESIDENSI TROIKA,RESIDENSI TROIKA Bus Stop,6.119722,102.240775,06:51:00,,,
KOTA BHARU - PENGKALAN KUBOR VIA TUMPAT,myBas,KB MALL,KB MALL Bus Stop,6.118192,102.241778,06:52:00,,,
KOTA BHARU - PENGKALAN KUBOR VIA TUMPAT,myBas,ONE BUTTON SOLUTION SDN BHD,ONE BUTTON SOLUTION SDN BHD Bus Stop,6.116503,102.2405,06:53:00,,,
KOTA BHARU - PENGKALAN KUBOR VIA TUMPAT,myBas,HOMESTAY KBCC KOTA BHARU,HOMESTAY KBCC KOTA BHARU Bus Stop,6.116672,102.239419,06:54:00,,,
KOTA BHARU - PENGKALAN KUBOR VIA TUMPAT,myBas,PETRONAS PASIR PEKAN,PETRONAS PASIR PEKAN Bus Stop,6.116928,102.222919,06:56:00,,,
KOTA BHARU - PENGKALAN KUBOR VIA TUMPAT,myBas,SK PASIR PEKAN,SK PASIR PEKAN Bus Stop,6.118225,102.22035,06:57:00,,,
KOTA BHARU - PENGKALAN KUBOR VIA TUMPAT,myBas,SMKA FALAHIAN / PASIR PEKAN,SMKA FALAHIAN / PASIR PEKAN Bus Stop,6.118931,102.217358,06:58:00,,,
KOTA BHARU - PENGKALAN KUBOR VIA TUMPAT,myBas,SHELL WAKAF BHARU,SHELL WAKAF BHARU Bus Stop,6.120497,102.208842,07:00:00,,,
KOTA BHARU - PENGKALAN KUBOR VIA TUMPAT,myBas,MADRASAH KG PALOH LUAR,MADRASAH KG PALOH LUAR Bus Stop,6.134742,102.216281,07:03:00,,,
KOTA BHARU - PENGKALAN KUBOR VIA TUMPAT,myBas,MASJID AL AMANIAH,MASJID AL AMANIAH Bus Stop,6.142147,102.218392,07:04:00,,,
KOTA BHARU - PENGKALAN KUBOR VIA TUMPAT,myBas,MASJID AZIZ AL HADI,MASJID AZIZ AL HADI Bus Stop,6.156011,102.202072,07:07:00,,,
KOTA BHARU - PENGKALAN KUBOR VIA TUMPAT,myBas,SK BERANGAN 1,SK BERANGAN 1 Bus Stop,6.171322,102.187961,07:10:00,,,
KOTA BHARU - PENGKALAN KUBOR VIA TUMPAT,myBas,MAAHAD MUHAMMADI TUMPAT,MAAHAD MUHAMMADI TUMPAT Bus Stop,6.17874,102.177212,07:12:00,,,
KOTA BHARU - PENGKALAN KUBOR VIA TUMPAT,myBas,WAT PHIKULTHONG,WAT PHIKULTHONG Bus Stop,6.183378,102.169214,07:14:00,,,
KOTA BHARU - PENGKALAN KUBOR VIA TUMPAT,myBas,KK TUMPAT,KK TUMPAT Bus Stop,6.190061,102.168989,07:15:00,,,
KOTA BHARU - PENGKALAN KUBOR VIA TUMPAT,myBas,KTM TUMPAT,KTM TUMPAT Bus Stop,6.198758,102.16765,07:17:00,,,
KOTA BHARU - PENGKALAN KUBOR VIA TUMPAT,myBas,SK SERI TUMPAT 1,SK SERI TUMPAT 1 Bus Stop,6.198506,102.164958,07:18:00,,,
KOTA BHARU - PENGKALAN KUBOR VIA TUMPAT,myBas,SK SRI TUMPAT 2,SK SRI TUMPAT 2 Bus Stop,6.202078,102.155561,07:20:00,,,
KOTA BHARU - PENGKALAN KUBOR VIA TUMPAT,myBas,KG JUBAKAR PANTAI,KG JUBAKAR PANTAI Bus Stop,6.209328,102.137878,07:23:00,,,
KOTA BHARU - PENGKALAN KUBOR VIA TUMPAT,myBas,SK SG TAPANG,SK SG TAPANG Bus Stop,6.210447,102.133567,07:24:00,,,
KOTA BHARU - PENGKALAN KUBOR VIA TUMPAT,myBas,SENANGIN RESORT,SENANGIN RESORT Bus Stop,6.214578,102.127575,07:25:00,,,
KOTA BHARU - PENGKALAN KUBOR VIA TUMPAT,myBas,GIATMARA TUMPAT,GIATMARA TUMPAT Bus Stop,6.217,102.122461,07:26:00,,,
KOTA BHARU - PENGKALAN KUBOR VIA TUMPAT,myBas,SMK GETING,SMK GETING Bus Stop,6.2181,102.117472,07:27:00,,,
KOTA BHARU - PENGKALAN KUBOR VIA TUMPAT,myBas,MASJID AS-SOMADI,MASJID AS-SOMADI Bus Stop,6.221739,102.109547,07:29:00,,,
KOTA BHARU - PENGKALAN KUBOR VIA TUMPAT,myBas,KG KETIL,KG KETIL Bus Stop,6.22565,102.103481,07:30:00,,,
KOTA BHARU - PENGKALAN KUBOR VIA TUMPAT,myBas,PEJABAT POS PENGKALAN KUBOR,PEJABAT POS PENGKALAN KUBOR Bus Stop,6.228872,102.098347,07:31:00,,,
KOTA BHARU - PENGKALAN KUBOR VIA TUMPAT,myBas,SK PENGKALAN KUBOR,SK PENGKALAN KUBOR Bus Stop,6.230189,102.095792,07:32:00,,,
KOTA BHARU - PENGKALAN KUBOR VIA TUMPAT,myBas,PENGKALAN KUBOR,PENGKALAN KUBOR Bus Stop,6.232808,102.092083,07:33:00,,,
KOTA BHARU - PASIR MAS VIA SALOR,myBas,STESEN BAS KOTA BHARU,STESEN BAS KOTA BHARU Bus Stop,6.128142,102.239464,06:30:00,,,
KOTA BHARU - PASIR MAS VIA SALOR,myBas,PADANG GARONG,PADANG GARONG Bus Stop,6.126106,102.242122,06:31:00,,,
KOTA BHARU - PASIR MAS VIA SALOR,myBas,SK PADANG GARONG,SK PADANG GARONG Bus Stop,6.125139,102.240944,06:32:00,,,
KOTA BHARU - PASIR MAS VIA SALOR,myBas,KELANTAN STATE MUSEUM,KELANTAN STATE MUSEUM Bus Stop,6.125153,102.238242,06:33:00,,,
KOTA BHARU - PASIR MAS VIA SALOR,myBas,BAZAR TOK GURU,BAZAR TOK GURU Bus Stop,6.122772,102.238867,06:34:00,,,
KOTA BHARU - PASIR MAS VIA SALOR,myBas,PEJABAT POS KOTA BHARU,PEJABAT POS KOTA BHARU Bus Stop,6.121731,102.239672,06:35:00,,,
KOTA BHARU - PASIR MAS VIA SALOR,myBas,RESIDENSI TROIKA,RESIDENSI TROIKA Bus Stop,6.119722,102.240775,06:36:00,,,
KOTA BHARU - PASIR MAS VIA SALOR,myBas,KB MALL,KB MALL Bus Stop,6.118192,102.241778,06:37:00,,,
KOTA BHARU - PASIR MAS VIA SALOR,myBas,KEDIAMAN IMIGRESEN,KEDIAMAN IMIGRESEN Bus Stop,6.116031,102.24235,06:38:00,,,
KOTA BHARU - PASIR MAS VIA SALOR,myBas,PEJABAT PERIKANAN,PEJABAT PERIKANAN Bus Stop,6.112972,102.242119,06:39:00,,,
KOTA BHARU - PASIR MAS VIA SALOR,myBas,JKR NEGERI KELANTAN,JKR NEGERI KELANTAN Bus Stop,6.110972,102.241778,06:40:00,,,
KOTA BHARU - PASIR MAS VIA SALOR,myBas,PETRONAS JALAN KUALA KRAI,PETRONAS JALAN KUALA KRAI Bus Stop,6.107222,102.240983,06:41:00,,,
KOTA BHARU - PASIR MAS VIA SALOR,myBas,BATU 2,BATU 2 Bus Stop,6.104586,102.240436,06:42:00,,,
KOTA BHARU - PASIR MAS VIA SALOR,myBas,KG BUNUT PAYONG 1,KG BUNUT PAYONG 1 Bus Stop,6.099453,102.240244,06:43:00,,,
KOTA BHARU - PASIR MAS VIA SALOR,myBas,KG BUNUT PAYONG 2,KG BUNUT PAYONG 2 Bus Stop,6.096431,102.239833,06:44:00,,,
KOTA BHARU - PASIR MAS VIA SALOR,myBas,BATU 3,BATU 3 Bus Stop,6.091614,102.239017,06:45:00,,,
KOTA BHARU - PASIR MAS VIA SALOR,myBas,WISMA SERI NILAM WAKAF CHE YEH,WISMA SERI NILAM WAKAF CHE YEH Bus Stop,6.088078,102.238694,06:46:00,,,
KOTA BHARU - PASIR MAS VIA SALOR,myBas,WAKAF CHE YEH,WAKAF CHE YEH Bus Stop,6.086647,102.238697,06:47:00,,,
KOTA BHARU - PASIR MAS VIA SALOR,myBas,RTM,RTM Bus Stop,6.084658,102.236869,06:48:00,,,
KOTA BHARU - PASIR MAS VIA SALOR,myBas,SK SERI KOTA,SK SERI KOTA Bus Stop,6.084019,102.234222,06:49:00,,,
KOTA BHARU - PASIR MAS VIA SALOR,myBas,PANTAI TIMOR SERI KOTA,PANTAI TIMOR SERI KOTA Bus Stop,6.082728,102.230453,06:50:00,,,
KOTA BHARU - PASIR MAS VIA SALOR,myBas,KG KOTA 1,KG KOTA 1 Bus Stop,6.078894,102.228128,06:51:00,,,
KOTA BHARU - PASIR MAS VIA SALOR,myBas,KG KOTA 2,KG KOTA 2 Bus Stop,6.075986,102.227461,06:52:00,,,
KOTA BHARU - PASIR MAS VIA SALOR,myBas,KEDAI RUNCIT MUWARA,KEDAI RUNCIT MUWARA Bus Stop,6.072656,102.226842,06:53:00,,,
KOTA BHARU - PASIR MAS VIA SALOR,myBas,KG GAUNG,KG GAUNG Bus Stop,6.066975,102.226028,06:54:00,,,
KOTA BHARU - PASIR MAS VIA SALOR,myBas,KG PENDEK,KG PENDEK Bus Stop,6.062414,102.2229,06:55:00,,,
KOTA BHARU - PASIR MAS VIA SALOR,myBas,SK PENDEK,SK PENDEK Bus Stop,6.059264,102.220922,06:56:00,,,
KOTA BHARU - PASIR MAS VIA SALOR,myBas,MASJID PENDEK,MASJID PENDEK Bus Stop,6.058044,102.220258,06:57:00,,,
KOTA BHARU - PASIR MAS VIA SALOR,myBas,KK PENDEK,KK PENDEK Bus Stop,6.053578,102.217678,06:58:00,,,
KOTA BHARU - PASIR MAS VIA SALOR,myBas,DARUL NISWAH DUN SALOR,DARUL NISWAH DUN SALOR Bus Stop,6.052353,102.217556,06:59:00,,,
KOTA BHARU - PASIR MAS VIA SALOR,myBas,MASJID KAMAL HASSAN,MASJID KAMAL HASSAN Bus Stop,6.050244,102.215939,07:00:00,,,
KOTA BHARU - PASIR MAS VIA SALOR,myBas,KG CHABANG TIGA PENDEK,KG CHABANG TIGA PENDEK Bus Stop,6.048739,102.214247,07:01:00,,,
KOTA BHARU - PASIR MAS VIA SALOR,myBas,KG TELUK KANDIS,KG TELUK KANDIS Bus Stop,6.046547,102.212386,07:02:00,,,
KOTA BHARU - PASIR MAS VIA SALOR,myBas,MASJID NURUL HUDA,MASJID NURUL HUDA Bus Stop,6.042453,102.207086,07:03:00,,,
KOTA BHARU - PASIR MAS VIA SALOR,myBas,KG GERTAK LEMBU,KG GERTAK LEMBU Bus Stop,6.04245,102.202047,07:04:00,,,
KOTA BHARU - PASIR MAS VIA SALOR,myBas,MADRASAH POHON SAGU,MADRASAH POHON SAGU Bus Stop,6.040778,102.198133,07:05:00,,,
KOTA BHARU - PASIR MAS VIA SALOR,myBas,KG JERULONG,KG JERULONG Bus Stop,6.039142,102.194167,07:06:00,,,
KOTA BHARU - PASIR MAS VIA SALOR,myBas,SMK SALOR,SMK SALOR Bus Stop,6.038964,102.192467,07:07:00,,,
KOTA BHARU - PASIR MAS VIA SALOR,myBas,PONDOK POLIS SALOR,PONDOK POLIS SALOR Bus Stop,6.038769,102.1898,07:08:00,,,
KOTA BHARU - PASIR MAS VIA SALOR,myBas,MASJID MAHMUD,MASJID MAHMUD Bus Stop,6.038247,102.186569,07:09:00,,,
KOTA BHARU - PASIR MAS VIA SALOR,myBas,KG DATO’,KG DATO’ Bus Stop,6.037231,102.183344,07:10:00,,,
KOTA BHARU - PASIR MAS VIA SALOR,myBas,KG PARIT CINA,KG PARIT CINA Bus Stop,6.036347,102.180578,07:11:00,,,
KOTA BHARU - PASIR MAS VIA SALOR,myBas,MB GUESTHOUSE,MB GUESTHOUSE Bus Stop,6.035436,102.1771,07:12:00,,,
KOTA BHARU - PASIR MAS VIA SALOR,myBas,KG GUA,KG GUA Bus Stop,6.034747,102.173933,07:13:00,,,
KOTA BHARU - PASIR MAS VIA SALOR,myBas,KG BARU 1,KG BARU 1 Bus Stop,6.033733,102.168422,07:14:00,,,
KOTA BHARU - PASIR MAS VIA SALOR,myBas,KG BARU 2,KG BARU 2 Bus Stop,6.033019,102.163906,07:15:00,,,
KOTA BHARU - PASIR MAS VIA SALOR,myBas,MADRASAH AS SAADAH,MADRASAH AS SAADAH Bus Stop,6.033411,102.15915,07:16:00,,,
KOTA BHARU - PASIR MAS VIA SALOR,myBas,KG SEBERANG PASIR MAS,KG SEBERANG PASIR MAS Bus Stop,6.034358,102.153992,07:17:00,,,
KOTA BHARU - PASIR MAS VIA SALOR,myBas,PETRON SALOR,PETRON SALOR Bus Stop,6.033686,102.150036,07:18:00,,,
KOTA BHARU - PASIR MAS VIA SALOR,myBas,PETRONAS PASIR MAS,PETRONAS PASIR MAS Bus Stop,6.030747,102.141422,07:20:00,,,
KOTA BHARU - PASIR MAS VIA SALOR,myBas,JPN PASIR MAS,JPN PASIR MAS Bus Stop,6.034036,102.140997,07:21:00,,,
KOTA BHARU - PASIR MAS VIA SALOR,myBas,SJKC YOK ENG,SJKC YOK ENG Bus Stop,6.039656,102.141497,07:22:00,,,
KOTA BHARU - PASIR MAS VIA SALOR,myBas,PASIR MAS,PASIR MAS Bus Stop,6.043456,102.143536,07:23:00,,,
KOTA BHARU - PASIR MAS VIA SALOR,myBas,HENTIAN OPPOSITE SJKC YOK ENG,HENTIAN OPPOSITE SJKC YOK ENG Bus Stop,6.039408,102.141439,07:24:00,,,
KOTA BHARU - PASIR MAS VIA SALOR,myBas,HENTIAN OPPOSITE JPN PASIR MAS,HENTIAN OPPOSITE JPN PASIR MAS Bus Stop,6.034072,102.141156,07:25:00,,,
KOTA BHARU - PASIR MAS VIA SALOR,myBas,HENTIAN OPPOSITE PETRONAS PASIR MAS,HENTIAN OPPOSITE PETRONAS PASIR MAS Bus Stop,6.032219,102.141483,07:26:00,,,
KOTA BHARU - PASIR MAS VIA SALOR,myBas,KOMPLEKS MAHKAMAH PASIR MAS,KOMPLEKS MAHKAMAH PASIR MAS Bus Stop,6.028756,102.136978,07:27:00,,,
KOTA BHARU - PASIR MAS VIA SALOR,myBas,TERMINAL BAS TASEK RAJA PASIR MAS,TERMINAL BAS TASEK RAJA PASIR MAS Bus Stop,6.029278,102.131111,07:28:00,,,
KOTA BHARU - MERANTI,myBas,STESEN BAS KOTA BHARU,STESEN BAS KOTA BHARU Bus Stop,6.128142,102.239464,06:45:00,,,
KOTA BHARU - MERANTI,myBas,PADANG GARONG,PADANG GARONG Bus Stop,6.126106,102.242122,06:46:00,,,
KOTA BHARU - MERANTI,myBas,SK PADANG GARONG,SK PADANG GARONG Bus Stop,6.125139,102.240944,06:47:00,,,
KOTA BHARU - MERANTI,myBas,KELANTAN STATE MUSEUM,KELANTAN STATE MUSEUM Bus Stop,6.125153,102.238242,06:48:00,,,
KOTA BHARU - MERANTI,myBas,BAZAR TOK GURU,BAZAR TOK GURU Bus Stop,6.122772,102.238867,06:49:00,,,
KOTA BHARU - MERANTI,myBas,PEJABAT POS KOTA BHARU,PEJABAT POS KOTA BHARU Bus Stop,6.121731,102.239672,06:50:00,,,
KOTA BHARU - MERANTI,myBas,RESIDENSI TROIKA,RESIDENSI TROIKA Bus Stop,6.119722,102.240775,06:51:00,,,
KOTA BHARU - MERANTI,myBas,KB MALL,KB MALL Bus Stop,6.118192,102.241778,06:52:00,,,
KOTA BHARU - MERANTI,myBas,ONE BUTTON SOLUTION SDN BHD,ONE BUTTON SOLUTION SDN BHD Bus Stop,6.116503,102.2405,06:53:00,,,
KOTA BHARU - MERANTI,myBas,HOMESTAY KBCC KOTA BHARU,HOMESTAY KBCC KOTA BHARU Bus Stop,6.116672,102.239419,06:54:00,,,
KOTA BHARU - MERANTI,myBas,PETRONAS PASIR PEKAN,PETRONAS PASIR PEKAN Bus Stop,6.116928,102.222919,06:56:00,,,
KOTA BHARU - MERANTI,myBas,SK PASIR PEKAN,SK PASIR PEKAN Bus Stop,6.118225,102.22035,06:57:00,,,
KOTA BHARU - MERANTI,myBas,SMKA FALAHIAN / PASIR PEKAN,SMKA FALAHIAN / PASIR PEKAN Bus Stop,6.118931,102.217358,06:58:00,,,
KOTA BHARU - MERANTI,myBas,MAAHAD MUHAMMADI,MAAHAD MUHAMMADI Bus Stop,6.117617,102.215356,06:59:00,,,
KOTA BHARU - MERANTI,myBas,SMK MAHMUD MAHYIDIN,SMK MAHMUD MAHYIDIN Bus Stop,6.116097,102.214839,07:00:00,,,
KOTA BHARU - MERANTI,myBas,KG BARU LUAR,KG BARU LUAR Bus Stop,6.112114,102.213722,07:01:00,,,
KOTA BHARU - MERANTI,myBas,HIOK LEE,HIOK LEE Bus Stop,6.109353,102.212892,07:02:00,,,
KOTA BHARU - MERANTI,myBas,LORONG KUBUR,LORONG KUBUR Bus Stop,6.104497,102.211517,07:03:00,,,
KOTA BHARU - MERANTI,myBas,SK KUTAN,SK KUTAN Bus Stop,6.099367,102.209894,07:04:00,,,
KOTA BHARU - MERANTI,myBas,KG KUTAN 1,KG KUTAN 1 Bus Stop,6.094517,102.208653,07:05:00,,,
KOTA BHARU - MERANTI,myBas,KG KUTAN 2,KG KUTAN 2 Bus Stop,6.089722,102.207819,07:06:00,,,
KOTA BHARU - MERANTI,myBas,SMUA AL ULUM,SMUA AL ULUM Bus Stop,6.083381,102.207094,07:07:00,,,
KOTA BHARU - MERANTI,myBas,KG TENDONG,KG TENDONG Bus Stop,6.076656,102.208522,07:08:00,,,
KOTA BHARU - MERANTI,myBas,BALAI POLIS TENDONG,BALAI POLIS TENDONG Bus Stop,6.072706,102.207728,07:09:00,,,
KOTA BHARU - MERANTI,myBas,SMK TENDONG,SMK TENDONG Bus Stop,6.068553,102.206456,07:10:00,,,
KOTA BHARU - MERANTI,myBas,SK OTHMAN TALIB,SK OTHMAN TALIB Bus Stop,6.068861,102.203261,07:11:00,,,
KOTA BHARU - MERANTI,myBas,KG BECHAH / JALAN CHEMPAKA,KG BECHAH / JALAN CHEMPAKA Bus Stop,6.072869,102.197986,07:12:00,,,
KOTA BHARU - MERANTI,myBas,KG BECHAH / JALAN MELOR,KG BECHAH / JALAN MELOR Bus Stop,6.074578,102.194117,07:13:00,,,
KOTA BHARU - MERANTI,myBas,MASJID HUTAN CHENGAL,MASJID HUTAN CHENGAL Bus Stop,6.076581,102.191725,07:14:00,,,
KOTA BHARU - MERANTI,myBas,KOLEJ VOKASIONAL PASIR MAS,KOLEJ VOKASIONAL PASIR MAS Bus Stop,6.078456,102.189669,07:15:00,,,
KOTA BHARU - MERANTI,myBas,WISMA BONDA JALAN TENDONG,WISMA BONDA JALAN TENDONG Bus Stop,6.082531,102.184856,07:16:00,,,
KOTA BHARU - MERANTI,myBas,KG KAYU TINGGI 2,KG KAYU TINGGI 2 Bus Stop,6.086803,102.180597,07:17:00,,,
KOTA BHARU - MERANTI,myBas,KG KAYU TINGGI 1,KG KAYU TINGGI 1 Bus Stop,6.089647,102.178903,07:18:00,,,
KOTA BHARU - MERANTI,myBas,MASJID AL-TAQWA BUNUT SUSU,MASJID AL-TAQWA BUNUT SUSU Bus Stop,6.091339,102.177886,07:19:00,,,
KOTA BHARU - MERANTI,myBas,KTM BUNUT SUSU,KTM BUNUT SUSU Bus Stop,6.095561,102.176142,07:20:00,,,
KOTA BHARU - MERANTI,myBas,KG BUNUT SUSU,KG BUNUT SUSU Bus Stop,6.097489,102.173703,07:21:00,,,
KOTA BHARU - MERANTI,myBas,KG BECHAH PALAS,KG BECHAH PALAS Bus Stop,6.099128,102.169681,07:22:00,,,
KOTA BHARU - MERANTI,myBas,KG BINJAL,KG BINJAL Bus Stop,6.102336,102.164997,07:23:00,,,
KOTA BHARU - MERANTI,myBas,MASJID AS SOLIHIN BECHAH SEMAK,MASJID AS SOLIHIN BECHAH SEMAK Bus Stop,6.105514,102.159161,07:24:00,,,
KOTA BHARU - MERANTI,myBas,KUBUR BECHAH SEMAK,KUBUR BECHAH SEMAK Bus Stop,6.105572,102.156619,07:25:00,,,
KOTA BHARU - MERANTI,myBas,SK PENGGU,SK PENGGU Bus Stop,6.105808,102.154861,07:26:00,,,
KOTA BHARU - MERANTI,myBas,KG TOK LIMIN,KG TOK LIMIN Bus Stop,6.105864,102.148378,07:27:00,,,
KOTA BHARU - MERANTI,myBas,KG PAYA ULAR,KG PAYA ULAR Bus Stop,6.106164,102.145728,07:28:00,,,
KOTA BHARU - MERANTI,myBas,KG PANGKAL KALA,KG PANGKAL KALA Bus Stop,6.106833,102.140553,07:29:00,,,
KOTA BHARU - MERANTI,myBas,SK PANGKAL KALA,SK PANGKAL KALA Bus Stop,6.107525,102.137344,07:30:00,,,
KOTA BHARU - MERANTI,myBas,KG APA APA,KG APA APA Bus Stop,6.107811,102.128803,07:32:00,,,
KOTA BHARU - MERANTI,myBas,KG ALOR MENGKUANG,KG ALOR MENGKUANG Bus Stop,6.110086,102.123222,07:33:00,,,
KOTA BHARU - MERANTI,myBas,KG GELANG MAS 2,KG GELANG MAS 2 Bus Stop,6.115453,102.12015,07:34:00,,,
KOTA BHARU - MERANTI,myBas,KG GELANG MAS,KG GELANG MAS Bus Stop,6.11765,102.118933,07:35:00,,,
KOTA BHARU - MERANTI,myBas,KG CHAT,KG CHAT Bus Stop,6.114242,102.115475,07:36:00,,,
KOTA BHARU - MERANTI,myBas,MERANTI,MERANTI Bus Stop,6.104114,102.107336,07:38:00,,,
KOTA BHARU - MERANTI,myBas,SMK MERANTI,SMK MERANTI Bus Stop,6.100544,102.106828,07:39:00,,,
KOTA BHARU - MERANTI,myBas,KK MERANTI,KK MERANTI Bus Stop,6.096236,102.102375,07:40:00,,,
KOTA BHARU - MERANTI,myBas,TAMAN KEBUN RAJA,TAMAN KEBUN RAJA Bus Stop,6.092081,102.100967,07:41:00,,,
KOTA BHARU - MERANTI,myBas,KG BANGGOL PAK MAT 2,KG BANGGOL PAK MAT 2 Bus Stop,6.086203,102.097956,07:42:00,,,
KOTA BHARU - MERANTI,myBas,KG BANGGOL PAK MAT 1,KG BANGGOL PAK MAT 1 Bus Stop,6.084194,102.096172,07:43:00,,,
KOTA BHARU - MERANTI,myBas,MASJID BAKONG LUAR,MASJID BAKONG LUAR Bus Stop,6.079583,102.088758,07:45:00,,,
KOTA BHARU - MERANTI,myBas,KG CHABANG BAKONG,KG CHABANG BAKONG Bus Stop,6.075994,102.083303,07:46:00,,,
KOTA BHARU - MERANTI,myBas,KK POHON TANJUNG,KK POHON TANJUNG Bus Stop,6.069892,102.079297,07:47:00,,,
KOTA BHARU - MERANTI,myBas,KG LUBUK KAWAH,KG LUBUK KAWAH Bus Stop,6.063569,102.079675,07:48:00,,,
KOTA BHARU - MERANTI,myBas,MASJID KG LUBUK KAWAH,MASJID KG LUBUK KAWAH Bus Stop,6.062556,102.080936,07:49:00,,,
KOTA BHARU - MERANTI,myBas,KG GEBENG,KG GEBENG Bus Stop,6.059319,102.08985,07:51:00,,,
KOTA BHARU - MERANTI,myBas,PAAN SEAFOOD,PAAN SEAFOOD Bus Stop,6.057839,102.092606,07:52:00,,,
KOTA BHARU - MERANTI,myBas,KG GAJAH MATI,KG GAJAH MATI Bus Stop,6.055069,102.096767,07:53:00,,,
KOTA BHARU - MERANTI,myBas,KG BANGGOL PERDANA,KG BANGGOL PERDANA Bus Stop,6.053508,102.100086,07:54:00,,,
KOTA BHARU - MERANTI,myBas,KG BANGGOL ARA,KG BANGGOL ARA Bus Stop,6.051186,102.105461,07:55:00,,,
KOTA BHARU - MERANTI,myBas,SK BANGGOL CHICHA,SK BANGGOL CHICHA Bus Stop,6.051486,102.112342,07:56:00,,,
KOTA BHARU - MERANTI,myBas,BANGGOL CHICHA,BANGGOL CHICHA Bus Stop,6.051878,102.115536,07:57:00,,,
KOTA BHARU - MERANTI,myBas,MAHAAD TAHFIZ AL ASRIAH,MAHAAD TAHFIZ AL ASRIAH Bus Stop,6.051722,102.117483,07:58:00,,,
KOTA BHARU - MERANTI,myBas,SRI AL FURQAN,SRI AL FURQAN Bus Stop,6.052211,102.128744,08:00:00,,,
KOTA BHARU - MERANTI,myBas,KG KUBANG BADAK,KG KUBANG BADAK Bus Stop,6.050475,102.133072,08:01:00,,,
KOTA BHARU - MERANTI,myBas,WISMA KODMAS,WISMA KODMAS Bus Stop,6.049881,102.135114,08:02:00,,,
KOTA BHARU - MERANTI,myBas,SMK PASIR MAS,SMK PASIR MAS Bus Stop,6.047961,102.140614,08:03:00,,,
KOTA BHARU - MERANTI,myBas,SK SULTAN IBRAHIM 1,SK SULTAN IBRAHIM 1 Bus Stop,6.046742,102.142556,08:04:00,,,
KOTA BHARU - MERANTI,myBas,PASIR MAS,PASIR MAS Bus Stop,6.043456,102.143536,08:05:00,,,
KOTA BHARU - MERANTI,myBas,SJKC YOK ENG,SJKC YOK ENG Bus Stop,6.039656,102.141497,08:06:00,,,
KOTA BHARU - MERANTI,myBas,JPN PASIR MAS,JPN PASIR MAS Bus Stop,6.034036,102.140997,08:07:00,,,
KOTA BHARU - MERANTI,myBas,PETRONAS PASIR MAS,PETRONAS PASIR MAS Bus Stop,6.030747,102.141422,08:08:00,,,
KOTA BHARU - MERANTI,myBas,KOMPLEKS MAHKAMAH PASIR MAS,KOMPLEKS MAHKAMAH PASIR MAS Bus Stop,6.028756,102.136978,08:09:00,,,
KOTA BHARU - MERANTI,myBas,TERMINAL BAS TASEK RAJA PASIR MAS,TERMINAL BAS TASEK RAJA PASIR MAS Bus Stop,6.029278,102.131111,08:10:00,,,
KOTA BHARU - RANTAU PANJANG,myBas,STESEN BAS KOTA BHARU,STESEN BAS KOTA BHARU Bus Stop,6.128142,102.239464,06:45:00,,,
KOTA BHARU - RANTAU PANJANG,myBas,PADANG GARONG,PADANG GARONG Bus Stop,6.126106,102.242122,06:46:00,,,
KOTA BHARU - RANTAU PANJANG,myBas,SK PADANG GARONG,SK PADANG GARONG Bus Stop,6.125139,102.240944,06:47:00,,,
KOTA BHARU - RANTAU PANJANG,myBas,KELANTAN STATE MUSEUM,KELANTAN STATE MUSEUM Bus Stop,6.125153,102.238242,06:48:00,,,
KOTA BHARU - RANTAU PANJANG,myBas,BAZAR TOK GURU,BAZAR TOK GURU Bus Stop,6.122772,102.238867,06:49:00,,,
KOTA BHARU - RANTAU PANJANG,myBas,PEJABAT POS KOTA BHARU,PEJABAT POS KOTA BHARU Bus Stop,6.121731,102.239672,06:50:00,,,
KOTA BHARU - RANTAU PANJANG,myBas,RESIDENSI TROIKA,RESIDENSI TROIKA Bus Stop,6.119722,102.240775,06:51:00,,,
KOTA BHARU - RANTAU PANJANG,myBas,KB MALL,KB MALL Bus Stop,6.118192,102.241778,06:52:00,,,
KOTA BHARU - RANTAU PANJANG,myBas,ONE BUTTON SOLUTION SDN BHD,ONE BUTTON SOLUTION SDN BHD Bus Stop,6.116503,102.2405,06:53:00,,,
KOTA BHARU - RANTAU PANJANG,myBas,HOMESTAY KBCC KOTA BHARU,HOMESTAY KBCC KOTA BHARU Bus Stop,6.116672,102.239419,06:54:00,,,
KOTA BHARU - RANTAU PANJANG,myBas,PETRONAS PASIR PEKAN,PETRONAS PASIR PEKAN Bus Stop,6.116928,102.222919,06:56:00,,,
KOTA BHARU - RANTAU PANJANG,myBas,SK PASIR PEKAN,SK PASIR PEKAN Bus Stop,6.118225,102.22035,06:57:00,,,
KOTA BHARU - RANTAU PANJANG,myBas,SMKA FALAHIAN / PASIR PEKAN,SMKA FALAHIAN / PASIR PEKAN Bus Stop,6.118931,102.217358,06:58:00,,,
KOTA BHARU - RANTAU PANJANG,myBas,MAAHAD MUHAMMADI,MAAHAD MUHAMMADI Bus Stop,6.117617,102.215356,06:59:00,,,
KOTA BHARU - RANTAU PANJANG,myBas,SMK MAHMUD MAHYIDIN,SMK MAHMUD MAHYIDIN Bus Stop,6.116097,102.214839,07:00:00,,,
KOTA BHARU - RANTAU PANJANG,myBas,KG BARU LUAR,KG BARU LUAR Bus Stop,6.112114,102.213722,07:01:00,,,
KOTA BHARU - RANTAU PANJANG,myBas,HIOK LEE,HIOK LEE Bus Stop,6.109353,102.212892,07:02:00,,,
KOTA BHARU - RANTAU PANJANG,myBas,LORONG KUBUR,LORONG KUBUR Bus Stop,6.104497,102.211517,07:03:00,,,
KOTA BHARU - RANTAU PANJANG,myBas,SK KUTAN,SK KUTAN Bus Stop,6.099367,102.209894,07:04:00,,,
KOTA BHARU - RANTAU PANJANG,myBas,KG KUTAN 1,KG KUTAN 1 Bus Stop,6.094517,102.208653,07:05:00,,,
KOTA BHARU - RANTAU PANJANG,myBas,KG KUTAN 2,KG KUTAN 2 Bus Stop,6.089722,102.207819,07:06:00,,,
KOTA BHARU - RANTAU PANJANG,myBas,SMUA AL ULUM,SMUA AL ULUM Bus Stop,6.083381,102.207094,07:07:00,,,
KOTA BHARU - RANTAU PANJANG,myBas,KG TENDONG,KG TENDONG Bus Stop,6.076656,102.208522,07:08:00,,,
KOTA BHARU - RANTAU PANJANG,myBas,BALAI POLIS TENDONG,BALAI POLIS TENDONG Bus Stop,6.072706,102.207728,07:09:00,,,
KOTA BHARU - RANTAU PANJANG,myBas,SMK TENDONG,SMK TENDONG Bus Stop,6.068553,102.206456,07:10:00,,,
KOTA BHARU - RANTAU PANJANG,myBas,MASJID TOK IMAM,MASJID TOK IMAM Bus Stop,6.065128,102.205294,07:11:00,,,
KOTA BHARU - RANTAU PANJANG,myBas,NIKKEI CYCLE,NIKKEI CYCLE Bus Stop,6.060208,102.202728,07:12:00,,,
KOTA BHARU - RANTAU PANJANG,myBas,TABIKA KEMAS SRI BAYU,TABIKA KEMAS SRI BAYU Bus Stop,6.056897,102.197919,07:13:00,,,
KOTA BHARU - RANTAU PANJANG,myBas,KG HUTAN PASIR,KG HUTAN PASIR Bus Stop,6.055347,102.194528,07:14:00,,,
KOTA BHARU - RANTAU PANJANG,myBas,MASJID MUHAMDIAH KG SAKAR,MASJID MUHAMDIAH KG SAKAR Bus Stop,6.052189,102.188017,07:15:00,,,
KOTA BHARU - RANTAU PANJANG,myBas,CITY-LINK EXPRESS PASIR MAS,CITY-LINK EXPRESS PASIR MAS Bus Stop,6.050575,102.183125,07:16:00,,,
KOTA BHARU - RANTAU PANJANG,myBas,PUSAT RAWATAN ISLAM WALINUR SYIFA,PUSAT RAWATAN ISLAM WALINUR SYIFA Bus Stop,6.049586,102.174103,07:18:00,,,
KOTA BHARU - RANTAU PANJANG,myBas,SK MEKASAR,SK MEKASAR Bus Stop,6.049628,102.169756,07:19:00,,,
KOTA BHARU - RANTAU PANJANG,myBas,LEMBAGA KENAF DAN TEMBAKAU,LEMBAGA KENAF DAN TEMBAKAU Bus Stop,6.050192,102.166472,07:20:00,,,
KOTA BHARU - RANTAU PANJANG,myBas,MASJID KASAR,MASJID KASAR Bus Stop,6.049964,102.164731,07:21:00,,,
KOTA BHARU - RANTAU PANJANG,myBas,SIMPANG SLOW MACHANG,SIMPANG SLOW MACHANG Bus Stop,6.049964,102.164731,07:22:00,,,
KOTA BHARU - RANTAU PANJANG,myBas,PETRONAS KASAR,PETRONAS KASAR Bus Stop,6.048928,102.154125,07:24:00,,,
KOTA BHARU - RANTAU PANJANG,myBas,PEJABAT RISDA,PEJABAT RISDA Bus Stop,6.047608,102.150194,07:25:00,,,
KOTA BHARU - RANTAU PANJANG,myBas,STADIUM MINI PASIR MAS,STADIUM MINI PASIR MAS Bus Stop,6.043506,102.145942,07:26:00,,,
KOTA BHARU - RANTAU PANJANG,myBas,PASIR MAS,PASIR MAS Bus Stop,6.043456,102.143536,07:27:00,,,
KOTA BHARU - RANTAU PANJANG,myBas,SJKC YOK ENG,SJKC YOK ENG Bus Stop,6.039656,102.141497,07:28:00,,,
KOTA BHARU - RANTAU PANJANG,myBas,JPN PASIR MAS,JPN PASIR MAS Bus Stop,6.034036,102.140997,07:29:00,,,
KOTA BHARU - RANTAU PANJANG,myBas,PETRONAS PASIR MAS,PETRONAS PASIR MAS Bus Stop,6.030747,102.141422,07:30:00,,,
KOTA BHARU - RANTAU PANJANG,myBas,KOMPLEKS MAHKAMAH PASIR MAS,KOMPLEKS MAHKAMAH PASIR MAS Bus Stop,6.028756,102.136978,07:31:00,,,
KOTA BHARU - RANTAU PANJANG,myBas,TERMINAL BAS TASEK RAJA  PASIR MAS,TERMINAL BAS TASEK RAJA  PASIR MAS Bus Stop,6.029278,102.131111,07:32:00,,,
KOTA BHARU - RANTAU PANJANG,myBas,BANGUNAN KOPERASI SERBAGUNA,BANGUNAN KOPERASI SERBAGUNA Bus Stop,6.025731,102.123606,07:34:00,,,
KOTA BHARU - RANTAU PANJANG,myBas,BALAI POLIS PASIR MAS,BALAI POLIS PASIR MAS Bus Stop,6.0233,102.118217,07:35:00,,,
KOTA BHARU - RANTAU PANJANG,myBas,KOPERASI PEKEBUN KECIL,KOPERASI PEKEBUN KECIL Bus Stop,6.020786,102.113156,07:36:00,,,
KOTA BHARU - RANTAU PANJANG,myBas,KG LUBOK JONG,KG LUBOK JONG Bus Stop,6.017956,102.107358,07:37:00,,,
KOTA BHARU - RANTAU PANJANG,myBas,MASJID LUBOK JONG,MASJID LUBOK JONG Bus Stop,6.013472,102.102206,07:38:00,,,
KOTA BHARU - RANTAU PANJANG,myBas,PANTAI TIMOR BANDAR BARU PASIR MAS,PANTAI TIMOR BANDAR BARU PASIR MAS Bus Stop,6.009833,102.100814,07:39:00,,,
KOTA BHARU - RANTAU PANJANG,myBas,KOLEJ KEMAHIRAN TINGGI MARA PASIR MAS,KOLEJ KEMAHIRAN TINGGI MARA PASIR MAS Bus Stop,6.005428,102.096019,07:40:00,,,
KOTA BHARU - RANTAU PANJANG,myBas,TAMAN SERI NAIM,TAMAN SERI NAIM Bus Stop,6.003608,102.090967,07:41:00,,,
KOTA BHARU - RANTAU PANJANG,myBas,TAMAN REKREASI TENGKU ANIS,TAMAN REKREASI TENGKU ANIS Bus Stop,6.002192,102.08715,07:42:00,,,
KOTA BHARU - RANTAU PANJANG,myBas,RESIDENSI PRIMA LUBOK JONG,RESIDENSI PRIMA LUBOK JONG Bus Stop,5.999572,102.0803,07:43:00,,,
KOTA BHARU - RANTAU PANJANG,myBas,PEJABAT PENGGAWA DAEARH GUAL PERIOK,PEJABAT PENGGAWA DAEARH GUAL PERIOK Bus Stop,5.998567,102.069439,07:45:00,,,
KOTA BHARU - RANTAU PANJANG,myBas,PUSAT TARBIYAH PAS RANTAU PANJANG,PUSAT TARBIYAH PAS RANTAU PANJANG Bus Stop,5.998414,102.066744,07:46:00,,,
KOTA BHARU - RANTAU PANJANG,myBas,TAMAN HALAL PASIR MAS,TAMAN HALAL PASIR MAS Bus Stop,5.997569,102.056147,07:48:00,,,
KOTA BHARU - RANTAU PANJANG,myBas,MESA GEMILANG ENTERPRISE,MESA GEMILANG ENTERPRISE Bus Stop,5.997369,102.051114,07:49:00,,,
KOTA BHARU - RANTAU PANJANG,myBas,GUAL PERIOK,GUAL PERIOK Bus Stop,5.997833,102.038975,07:51:00,,,
KOTA BHARU - RANTAU PANJANG,myBas,KOLEJ KOMUNITI RANTAU PANJANG,KOLEJ KOMUNITI RANTAU PANJANG Bus Stop,6.000169,102.02175,07:53:00,,,
KOTA BHARU - RANTAU PANJANG,myBas,CHABANG EMPAT SALAM,CHABANG EMPAT SALAM Bus Stop,6.001664,102.016442,07:54:00,,,
KOTA BHARU - RANTAU PANJANG,myBas,TAMAN WAHYU,TAMAN WAHYU Bus Stop,6.003019,102.010797,07:55:00,,,
KOTA BHARU - RANTAU PANJANG,myBas,KOMPLEKS PENGUATKUASA KASTAM,KOMPLEKS PENGUATKUASA KASTAM Bus Stop,6.003256,102.007456,07:56:00,,,
KOTA BHARU - RANTAU PANJANG,myBas,TAMAN KASTAM GUAL NERING,TAMAN KASTAM GUAL NERING Bus Stop,6.003053,102.000692,07:57:00,,,
KOTA BHARU - RANTAU PANJANG,myBas,SK GUAL TINGGI,SK GUAL TINGGI Bus Stop,6.003061,101.997886,07:58:00,,,
KOTA BHARU - RANTAU PANJANG,myBas,GUAL NERING,GUAL NERING Bus Stop,6.002725,101.994042,07:59:00,,,
KOTA BHARU - RANTAU PANJANG,myBas,BALAI BOMBA RANTAU PANJANG,BALAI BOMBA RANTAU PANJANG Bus Stop,6.002714,101.991339,08:00:00,,,
KOTA BHARU - RANTAU PANJANG,myBas,MAAHAD MUHAMMADI RANTAU PANJANG,MAAHAD MUHAMMADI RANTAU PANJANG Bus Stop,6.007689,101.985361,08:01:00,,,
KOTA BHARU - RANTAU PANJANG,myBas,BANGGOL KULIM,BANGGOL KULIM Bus Stop,6.011058,101.984147,08:02:00,,,
KOTA BHARU - RANTAU PANJANG,myBas,PANTAI TIMOR RANTAU PANJANG,PANTAI TIMOR RANTAU PANJANG Bus Stop,6.012906,101.98355,08:03:00,,,
KOTA BHARU - RANTAU PANJANG,myBas,MASJID BEIJING,MASJID BEIJING Bus Stop,6.014864,101.982272,08:04:00,,,
KOTA BHARU - RANTAU PANJANG,myBas,CIQ RANTAU PANJANG,CIQ RANTAU PANJANG Bus Stop,6.019733,101.977844,08:05:00,,,
KOTA BHARU - RANTAU PANJANG,myBas,STESEN BAS RANTAU PANJANG,STESEN BAS RANTAU PANJANG Bus Stop,6.018911,101.972222,08:06:00,,,
KOTA BHARU - JELI VIA TANAH MERAH,myBas,STESEN BAS KOTA BHARU,STESEN BAS KOTA BHARU Bus Stop,6.128142,102.239464,06:30:00,,,
KOTA BHARU - JELI VIA TANAH MERAH,myBas,PADANG GARONG,PADANG GARONG Bus Stop,6.126106,102.242122,06:31:00,,,
KOTA BHARU - JELI VIA TANAH MERAH,myBas,SK PADANG GARONG,SK PADANG GARONG Bus Stop,6.125139,102.240944,06:32:00,,,
KOTA BHARU - JELI VIA TANAH MERAH,myBas,KELANTAN STATE MUSEUM,KELANTAN STATE MUSEUM Bus Stop,6.125153,102.238242,06:33:00,,,
KOTA BHARU - JELI VIA TANAH MERAH,myBas,BAZAR TOK GURU,BAZAR TOK GURU Bus Stop,6.122772,102.238867,06:34:00,,,
KOTA BHARU - JELI VIA TANAH MERAH,myBas,PEJABAT POS KOTA BHARU,PEJABAT POS KOTA BHARU Bus Stop,6.121731,102.239672,06:35:00,,,
KOTA BHARU - JELI VIA TANAH MERAH,myBas,RESIDENSI TROIKA,RESIDENSI TROIKA Bus Stop,6.119722,102.240775,06:36:00,,,
KOTA BHARU - JELI VIA TANAH MERAH,myBas,KB MALL,KB MALL Bus Stop,6.118192,102.241778,06:37:00,,,
KOTA BHARU - JELI VIA TANAH MERAH,myBas,ONE BUTTON SOLUTION SDN BHD,ONE BUTTON SOLUTION SDN BHD Bus Stop,6.116503,102.2405,06:38:00,,,
KOTA BHARU - JELI VIA TANAH MERAH,myBas,HOMESTAY KBCC KOTA BHARU,HOMESTAY KBCC KOTA BHARU Bus Stop,6.116672,102.239419,06:39:00,,,
KOTA BHARU - JELI VIA TANAH MERAH,myBas,PETRONAS PASIR PEKAN,PETRONAS PASIR PEKAN Bus Stop,6.116928,102.222919,06:41:00,,,
KOTA BHARU - JELI VIA TANAH MERAH,myBas,SK PASIR PEKAN,SK PASIR PEKAN Bus Stop,6.118225,102.22035,06:42:00,,,
KOTA BHARU - JELI VIA TANAH MERAH,myBas,SMKA FALAHIAN / PASIR PEKAN,SMKA FALAHIAN / PASIR PEKAN Bus Stop,6.118931,102.217358,06:43:00,,,
KOTA BHARU - JELI VIA TANAH MERAH,myBas,MAAHAD MUHAMMADI,MAAHAD MUHAMMADI Bus Stop,6.117617,102.215356,06:44:00,,,
KOTA BHARU - JELI VIA TANAH MERAH,myBas,SMK MAHMUD MAHYIDIN,SMK MAHMUD MAHYIDIN Bus Stop,6.116097,102.214839,06:45:00,,,
KOTA BHARU - JELI VIA TANAH MERAH,myBas,KG BARU LUAR,KG BARU LUAR Bus Stop,6.112114,102.213722,06:46:00,,,
KOTA BHARU - JELI VIA TANAH MERAH,myBas,HIOK LEE,HIOK LEE Bus Stop,6.109353,102.212892,06:47:00,,,
KOTA BHARU - JELI VIA TANAH MERAH,myBas,LORONG KUBUR,LORONG KUBUR Bus Stop,6.104497,102.211517,06:48:00,,,
KOTA BHARU - JELI VIA TANAH MERAH,myBas,SK KUTAN,SK KUTAN Bus Stop,6.099367,102.209894,06:49:00,,,
KOTA BHARU - JELI VIA TANAH MERAH,myBas,KG KUTAN 1,KG KUTAN 1 Bus Stop,6.094517,102.208653,06:50:00,,,
KOTA BHARU - JELI VIA TANAH MERAH,myBas,KG KUTAN 2,KG KUTAN 2 Bus Stop,6.089722,102.207819,06:51:00,,,
KOTA BHARU - JELI VIA TANAH MERAH,myBas,SMUA AL ULUM,SMUA AL ULUM Bus Stop,6.083381,102.207094,06:52:00,,,
KOTA BHARU - JELI VIA TANAH MERAH,myBas,KG TENDONG,KG TENDONG Bus Stop,6.076656,102.208522,06:53:00,,,
KOTA BHARU - JELI VIA TANAH MERAH,myBas,BALAI POLIS TENDONG,BALAI POLIS TENDONG Bus Stop,6.072706,102.207728,06:54:00,,,
KOTA BHARU - JELI VIA TANAH MERAH,myBas,SMK TENDONG,SMK TENDONG Bus Stop,6.068553,102.206456,06:55:00,,,
KOTA BHARU - JELI VIA TANAH MERAH,myBas,MASJID TOK IMAM,MASJID TOK IMAM Bus Stop,6.065128,102.205294,06:56:00,,,
KOTA BHARU - JELI VIA TANAH MERAH,myBas,NIKKEI CYCLE,NIKKEI CYCLE Bus Stop,6.060208,102.202728,06:57:00,,,
KOTA BHARU - JELI VIA TANAH MERAH,myBas,TABIKA KEMAS SRI BAYU,TABIKA KEMAS SRI BAYU Bus Stop,6.056897,102.197919,06:58:00,,,
KOTA BHARU - JELI VIA TANAH MERAH,myBas,KG HUTAN PASIR,KG HUTAN PASIR Bus Stop,6.055347,102.194528,06:59:00,,,
KOTA BHARU - JELI VIA TANAH MERAH,myBas,MASJID MUHAMDIAH KG SAKAR,MASJID MUHAMDIAH KG SAKAR Bus Stop,6.052189,102.188017,07:00:00,,,
KOTA BHARU - JELI VIA TANAH MERAH,myBas,CITY-LINK EXPRESS PASIR MAS,CITY-LINK EXPRESS PASIR MAS Bus Stop,6.050575,102.183125,07:01:00,,,
KOTA BHARU - JELI VIA TANAH MERAH,myBas,PUSAT RAWATAN ISLAM WALINUR SYIFA,PUSAT RAWATAN ISLAM WALINUR SYIFA Bus Stop,6.049586,102.174103,07:03:00,,,
KOTA BHARU - JELI VIA TANAH MERAH,myBas,SK MEKASAR,SK MEKASAR Bus Stop,6.049628,102.169756,07:04:00,,,
KOTA BHARU - JELI VIA TANAH MERAH,myBas,LEMBAGA KENAF DAN TEMBAKAU,LEMBAGA KENAF DAN TEMBAKAU Bus Stop,6.050192,102.166472,07:05:00,,,
KOTA BHARU - JELI VIA TANAH MERAH,myBas,MASJID KASAR,MASJID KASAR Bus Stop,6.049964,102.164731,07:06:00,,,
KOTA BHARU - JELI VIA TANAH MERAH,myBas,SIMPANG SLOW MACHANG,SIMPANG SLOW MACHANG Bus Stop,6.049964,102.164731,07:07:00,,,
KOTA BHARU - JELI VIA TANAH MERAH,myBas,PETRONAS KASAR,PETRONAS KASAR Bus Stop,6.048928,102.154125,07:09:00,,,
KOTA BHARU - JELI VIA TANAH MERAH,myBas,PEJABAT RISDA,PEJABAT RISDA Bus Stop,6.047608,102.150194,07:10:00,,,
KOTA BHARU - JELI VIA TANAH MERAH,myBas,STADIUM MINI PASIR MAS,STADIUM MINI PASIR MAS Bus Stop,6.043506,102.145942,07:11:00,,,
KOTA BHARU - JELI VIA TANAH MERAH,myBas,PASIR MAS,PASIR MAS Bus Stop,6.043456,102.143536,07:12:00,,,
KOTA BHARU - JELI VIA TANAH MERAH,myBas,SJKC YOK ENG,SJKC YOK ENG Bus Stop,6.039656,102.141497,07:14:00,,,
KOTA BHARU - JELI VIA TANAH MERAH,myBas,JPN PASIR MAS,JPN PASIR MAS Bus Stop,6.034036,102.140997,07:15:00,,,
KOTA BHARU - JELI VIA TANAH MERAH,myBas,PETRONAS PASIR MAS,PETRONAS PASIR MAS Bus Stop,6.030747,102.141422,07:16:00,,,
KOTA BHARU - JELI VIA TANAH MERAH,myBas,KG LEMAL,KG LEMAL Bus Stop,6.027564,102.14435,07:17:00,,,
KOTA BHARU - JELI VIA TANAH MERAH,myBas,SMK TENGKU PANGLIMA RAJA,SMK TENGKU PANGLIMA RAJA Bus Stop,6.024492,102.147206,07:18:00,,,
KOTA BHARU - JELI VIA TANAH MERAH,myBas,LOJI RAWATAN AIR KELAR,LOJI RAWATAN AIR KELAR Bus Stop,6.019611,102.157072,07:20:00,,,
KOTA BHARU - JELI VIA TANAH MERAH,myBas,MASJID KG KELAR,MASJID KG KELAR Bus Stop,6.015128,102.166753,07:22:00,,,
KOTA BHARU - JELI VIA TANAH MERAH,myBas,KENJONG,KENJONG Bus Stop,6.010122,102.175667,07:24:00,,,
KOTA BHARU - JELI VIA TANAH MERAH,myBas,KG KANGKONG,KG KANGKONG Bus Stop,6.006508,102.179903,07:25:00,,,
KOTA BHARU - JELI VIA TANAH MERAH,myBas,MASJID MAHMUDI KANGKONG,MASJID MAHMUDI KANGKONG Bus Stop,5.999417,102.185172,07:27:00,,,
KOTA BHARU - JELI VIA TANAH MERAH,myBas,KK KANGKONG,KK KANGKONG Bus Stop,5.994597,102.188247,07:28:00,,,
KOTA BHARU - JELI VIA TANAH MERAH,myBas,KG SEMUBA,KG SEMUBA Bus Stop,5.981364,102.190028,07:30:00,,,
KOTA BHARU - JELI VIA TANAH MERAH,myBas,BETING PAUH,BETING PAUH Bus Stop,5.974022,102.192478,07:31:00,,,
KOTA BHARU - JELI VIA TANAH MERAH,myBas,MASJID AL HASSANI BETING PAUH,MASJID AL HASSANI BETING PAUH Bus Stop,5.968842,102.193306,07:32:00,,,
KOTA BHARU - JELI VIA TANAH MERAH,myBas,CALTEX BETING PAUH,CALTEX BETING PAUH Bus Stop,5.967217,102.193531,07:33:00,,,
KOTA BHARU - JELI VIA TANAH MERAH,myBas,KG BENDANG PAUH,KG BENDANG PAUH Bus Stop,5.957158,102.193067,07:35:00,,,
KOTA BHARU - JELI VIA TANAH MERAH,myBas,PETRONAS CHETOK,PETRONAS CHETOK Bus Stop,5.949122,102.192161,07:36:00,,,
KOTA BHARU - JELI VIA TANAH MERAH,myBas,MASJID AR-RAHMAN HUJUNG GALOK,MASJID AR-RAHMAN HUJUNG GALOK Bus Stop,5.944797,102.191322,07:37:00,,,
KOTA BHARU - JELI VIA TANAH MERAH,myBas,KG CHETOK,KG CHETOK Bus Stop,5.940744,102.191678,07:38:00,,,
KOTA BHARU - JELI VIA TANAH MERAH,myBas,MAAHAD TAHFIZ DARUL MAWADDAH,MAAHAD TAHFIZ DARUL MAWADDAH Bus Stop,5.933233,102.191386,07:39:00,,,
KOTA BHARU - JELI VIA TANAH MERAH,myBas,MASJID KUBUR,MASJID KUBUR Bus Stop,5.930214,102.190764,07:40:00,,,
KOTA BHARU - JELI VIA TANAH MERAH,myBas,SK CHETOK,SK CHETOK Bus Stop,5.926044,102.190039,07:41:00,,,
KOTA BHARU - JELI VIA TANAH MERAH,myBas,SIMPANG KK CHETOK,SIMPANG KK CHETOK Bus Stop,5.919311,102.188817,07:42:00,,,
KOTA BHARU - JELI VIA TANAH MERAH,myBas,SG DULANG,SG DULANG Bus Stop,5.910606,102.187561,07:44:00,,,
KOTA BHARU - JELI VIA TANAH MERAH,myBas,KG BUKIT PANAU,KG BUKIT PANAU Bus Stop,5.890936,102.181425,07:47:00,,,
KOTA BHARU - JELI VIA TANAH MERAH,myBas,SMUA RAHMANIAH PALOH,SMUA RAHMANIAH PALOH Bus Stop,5.883572,102.177569,07:48:00,,,
KOTA BHARU - JELI VIA TANAH MERAH,myBas,MASJID ISMAILI PASIR GENDAL,MASJID ISMAILI PASIR GENDAL Bus Stop,5.878064,102.175281,07:49:00,,,
KOTA BHARU - JELI VIA TANAH MERAH,myBas,KG PALOH,KG PALOH Bus Stop,5.872072,102.171531,07:50:00,,,
KOTA BHARU - JELI VIA TANAH MERAH,myBas,CALTEX KG PALOH,CALTEX KG PALOH Bus Stop,5.868672,102.169636,07:51:00,,,
KOTA BHARU - JELI VIA TANAH MERAH,myBas,KK BELMBING,KK BELMBING Bus Stop,5.863286,102.168461,07:52:00,,,
KOTA BHARU - JELI VIA TANAH MERAH,myBas,SMK BELIMBING,SMK BELIMBING Bus Stop,5.856992,102.168153,07:53:00,,,
KOTA BHARU - JELI VIA TANAH MERAH,myBas,SK BELIMBING,SK BELIMBING Bus Stop,5.853653,102.166308,07:54:00,,,
KOTA BHARU - JELI VIA TANAH MERAH,myBas,KG BELIMBING 1,KG BELIMBING 1 Bus Stop,5.849606,102.163772,07:55:00,,,
KOTA BHARU - JELI VIA TANAH MERAH,myBas,KG BELIMBING 2,KG BELIMBING 2 Bus Stop,5.844783,102.161589,07:56:00,,,
KOTA BHARU - JELI VIA TANAH MERAH,myBas,KG BUKIT MERAH,KG BUKIT MERAH Bus Stop,5.841717,102.160147,07:57:00,,,
KOTA BHARU - JELI VIA TANAH MERAH,myBas,KEDAI PERABUT WEE,KEDAI PERABUT WEE Bus Stop,5.836728,102.157375,07:58:00,,,
KOTA BHARU - JELI VIA TANAH MERAH,myBas,PUSAT HEMODIALISIS PADUKA TANAH MERAH,PUSAT HEMODIALISIS PADUKA TANAH MERAH Bus Stop,5.828194,102.150025,08:00:00,,,
KOTA BHARU - JELI VIA TANAH MERAH,myBas,HENTIAN BAS EKSPRES TANAH MERAH,HENTIAN BAS EKSPRES TANAH MERAH Bus Stop,5.819717,102.148869,08:02:00,,,
KOTA BHARU - JELI VIA TANAH MERAH,myBas,PEJABAT KESIHATAN TANAH MERAH,PEJABAT KESIHATAN TANAH MERAH Bus Stop,5.811375,102.147856,08:03:00,,,
KOTA BHARU - JELI VIA TANAH MERAH,myBas,STESEN BAS TANAH MERAH,STESEN BAS TANAH MERAH Bus Stop,5.806647,102.149197,08:05:00,,,
KOTA BHARU - JELI VIA TANAH MERAH,myBas,MAJLIS DAERAH TANAH MERAH,MAJLIS DAERAH TANAH MERAH Bus Stop,5.8043,102.148767,08:06:00,,,
KOTA BHARU - JELI VIA TANAH MERAH,myBas,KTM TANAH MERAH,KTM TANAH MERAH Bus Stop,5.805667,102.146978,08:07:00,,,
KOTA BHARU - JELI VIA TANAH MERAH,myBas,MASJID ISMAIL PETRA,MASJID ISMAIL PETRA Bus Stop,5.808825,102.145583,08:08:00,,,
KOTA BHARU - JELI VIA TANAH MERAH,myBas,KLINIK TAWAKKAL,KLINIK TAWAKKAL Bus Stop,5.809933,102.140331,08:09:00,,,
KOTA BHARU - JELI VIA TANAH MERAH,myBas,SMK TANAH MERAH 2,SMK TANAH MERAH 2 Bus Stop,5.811133,102.135278,08:10:00,,,
KOTA BHARU - JELI VIA TANAH MERAH,myBas,KG CHABANG TOK AJAR,KG CHABANG TOK AJAR Bus Stop,5.811853,102.1325,08:11:00,,,
KOTA BHARU - JELI VIA TANAH MERAH,myBas,PANTAI TIMOR TANAH MERAH,PANTAI TIMOR TANAH MERAH Bus Stop,5.812039,102.1309,08:12:00,,,
KOTA BHARU - JELI VIA TANAH MERAH,myBas,PENJARA TANAH MERAH,PENJARA TANAH MERAH Bus Stop,5.813542,102.123458,08:13:00,,,
KOTA BHARU - JELI VIA TANAH MERAH,myBas,PASAR BORONG TANAH MERAH,PASAR BORONG TANAH MERAH Bus Stop,5.814986,102.1155,08:14:00,,,
KOTA BHARU - JELI VIA TANAH MERAH,myBas,KELEWEK,KELEWEK Bus Stop,5.816322,102.105742,08:16:00,,,
KOTA BHARU - JELI VIA TANAH MERAH,myBas,BATU 4,BATU 4 Bus Stop,5.809875,102.093433,08:19:00,,,
KOTA BHARU - JELI VIA TANAH MERAH,myBas,KAK YAN TOM YAM,KAK YAN TOM YAM Bus Stop,5.808508,102.081594,08:20:00,,,
KOTA BHARU - JELI VIA TANAH MERAH,myBas,BATU 5,BATU 5 Bus Stop,5.809828,102.075106,08:21:00,,,
KOTA BHARU - JELI VIA TANAH MERAH,myBas,KK BENDANG NYIOR,KK BENDANG NYIOR Bus Stop,5.811458,102.072714,08:22:00,,,
KOTA BHARU - JELI VIA TANAH MERAH,myBas,HOMSTAY KAK ANI,HOMSTAY KAK ANI Bus Stop,5.81255,102.070947,08:23:00,,,
KOTA BHARU - JELI VIA TANAH MERAH,myBas,MAD MINI MART,MAD MINI MART Bus Stop,5.808306,102.063067,08:25:00,,,
KOTA BHARU - JELI VIA TANAH MERAH,myBas,KG BATU ENAM,KG BATU ENAM Bus Stop,5.808594,102.060633,08:26:00,,,
KOTA BHARU - JELI VIA TANAH MERAH,myBas,BERASMAS,BERASMAS Bus Stop,5.810819,102.054106,08:27:00,,,
KOTA BHARU - JELI VIA TANAH MERAH,myBas,KG BATU 7,KG BATU 7 Bus Stop,5.812722,102.051103,08:28:00,,,
KOTA BHARU - JELI VIA TANAH MERAH,myBas,KUIL TEH CHONG ONG,KUIL TEH CHONG ONG Bus Stop,5.8146,102.048747,08:29:00,,,
KOTA BHARU - JELI VIA TANAH MERAH,myBas,KK BATANG MERBAU,KK BATANG MERBAU Bus Stop,5.813011,102.043536,08:30:00,,,
KOTA BHARU - JELI VIA TANAH MERAH,myBas,MASJID BATANG MERBAU,MASJID BATANG MERBAU Bus Stop,5.8115,102.040803,08:31:00,,,
KOTA BHARU - JELI VIA TANAH MERAH,myBas,JALAN MEMBIRU,JALAN MEMBIRU Bus Stop,5.809981,102.032661,08:32:00,,,
KOTA BHARU - JELI VIA TANAH MERAH,myBas,BHP BATANG MERBAU,BHP BATANG MERBAU Bus Stop,5.809253,102.026464,08:33:00,,,
KOTA BHARU - JELI VIA TANAH MERAH,myBas,BATU 10,BATU 10 Bus Stop,5.809631,102.021519,08:34:00,,,
KOTA BHARU - JELI VIA TANAH MERAH,myBas,PPR BATANG MERBAU,PPR BATANG MERBAU Bus Stop,5.808253,102.012447,08:36:00,,,
KOTA BHARU - JELI VIA TANAH MERAH,myBas,PETRONAS KEMAHANG,PETRONAS KEMAHANG Bus Stop,5.807642,102.006164,08:37:00,,,
KOTA BHARU - JELI VIA TANAH MERAH,myBas,JALAN DARUL FALAH,JALAN DARUL FALAH Bus Stop,5.807719,102.001861,08:38:00,,,
KOTA BHARU - JELI VIA TANAH MERAH,myBas,BALAI BOMBA KEMAHANG,BALAI BOMBA KEMAHANG Bus Stop,5.809317,101.994528,08:39:00,,,
KOTA BHARU - JELI VIA TANAH MERAH,myBas,BATU 11,BATU 11 Bus Stop,5.810178,101.990433,08:40:00,,,
KOTA BHARU - JELI VIA TANAH MERAH,myBas,KK BATU GAJAH,KK BATU GAJAH Bus Stop,5.810678,101.982431,08:41:00,,,
KOTA BHARU - JELI VIA TANAH MERAH,myBas,BALAI POLIS BATU GAJAH,BALAI POLIS BATU GAJAH Bus Stop,5.812636,101.978836,08:42:00,,,
KOTA BHARU - JELI VIA TANAH MERAH,myBas,KG BATU GAJAH,KG BATU GAJAH Bus Stop,5.818069,101.975964,08:43:00,,,
KOTA BHARU - JELI VIA TANAH MERAH,myBas,MASJID PANGLIMA BAYU,MASJID PANGLIMA BAYU Bus Stop,5.821217,101.969114,08:44:00,,,
KOTA BHARU - JELI VIA TANAH MERAH,myBas,KG GUAL JEDOK,KG GUAL JEDOK Bus Stop,5.822433,101.957464,08:46:00,,,
KOTA BHARU - JELI VIA TANAH MERAH,myBas,SK GUAL JEDOK,SK GUAL JEDOK Bus Stop,5.822922,101.954769,08:47:00,,,
KOTA BHARU - JELI VIA TANAH MERAH,myBas,MASJID AS SALAM JEDOK,MASJID AS SALAM JEDOK Bus Stop,5.824497,101.950528,08:48:00,,,
KOTA BHARU - JELI VIA TANAH MERAH,myBas,SMUA DARUL ULUM JEDOK,SMUA DARUL ULUM JEDOK Bus Stop,5.826736,101.944297,08:49:00,,,
KOTA BHARU - JELI VIA TANAH MERAH,myBas,KG JEDOK,KG JEDOK Bus Stop,5.82845,101.940908,08:50:00,,,
KOTA BHARU - JELI VIA TANAH MERAH,myBas,KILANG PAPAN JEDOK,KILANG PAPAN JEDOK Bus Stop,5.829328,101.938297,08:51:00,,,
KOTA BHARU - JELI VIA TANAH MERAH,myBas,SEBERANG BINA,SEBERANG BINA Bus Stop,5.830028,101.934742,08:52:00,,,
KOTA BHARU - JELI VIA TANAH MERAH,myBas,PUSAT MEMANCING,PUSAT MEMANCING Bus Stop,5.828536,101.929236,08:53:00,,,
KOTA BHARU - JELI VIA TANAH MERAH,myBas,BUKIT BUNGA,BUKIT BUNGA Bus Stop,5.829594,101.921336,08:54:00,,,
KOTA BHARU - JELI VIA TANAH MERAH,myBas,BALAI POLIS NIBONG,BALAI POLIS NIBONG Bus Stop,5.831925,101.917406,08:55:00,,,
KOTA BHARU - JELI VIA TANAH MERAH,myBas,MASJID NUR HIDAYAH BUKIT BUNGA,MASJID NUR HIDAYAH BUKIT BUNGA Bus Stop,5.837408,101.908508,08:57:00,,,
KOTA BHARU - JELI VIA TANAH MERAH,myBas,PANTAI TIMOR BUKIT BUNGA,PANTAI TIMOR BUKIT BUNGA Bus Stop,5.837283,101.905964,08:58:00,,,
KOTA BHARU - JELI VIA TANAH MERAH,myBas,HENTIAN BUKIT BUNGA,HENTIAN BUKIT BUNGA Bus Stop,5.834514,101.901106,08:59:00,,,
KOTA BHARU - JELI VIA TANAH MERAH,myBas,PASAR AWAM BUKIT BUNGA,PASAR AWAM BUKIT BUNGA Bus Stop,5.832108,101.899367,09:00:00,,,
KOTA BHARU - JELI VIA TANAH MERAH,myBas,BAZAR BUKIT BUNGA,BAZAR BUKIT BUNGA Bus Stop,5.827839,101.898003,09:01:00,,,
KOTA BHARU - JELI VIA TANAH MERAH,myBas,KOLEJ KOMUNITI JELI,KOLEJ KOMUNITI JELI Bus Stop,5.82535,101.897192,09:02:00,,,
KOTA BHARU - JELI VIA TANAH MERAH,myBas,STESEN PENGUATKUASA JPJ,STESEN PENGUATKUASA JPJ Bus Stop,5.819314,101.895258,09:03:00,,,
KOTA BHARU - JELI VIA TANAH MERAH,myBas,CALTEX BUKIT BUNGA,CALTEX BUKIT BUNGA Bus Stop,5.811836,101.897167,09:04:00,,,
KOTA BHARU - JELI VIA TANAH MERAH,myBas,PUSAT RAWATAN TAWASSUL,PUSAT RAWATAN TAWASSUL Bus Stop,5.800144,101.895264,09:06:00,,,
KOTA BHARU - JELI VIA TANAH MERAH,myBas,PASAR MINGGU AYER LANAS,PASAR MINGGU AYER LANAS Bus Stop,5.784258,101.888097,09:09:00,,,
KOTA BHARU - JELI VIA TANAH MERAH,myBas,SMK AYER LANAS,SMK AYER LANAS Bus Stop,5.783547,101.886628,09:10:00,,,
KOTA BHARU - JELI VIA TANAH MERAH,myBas,ALMUIN TRADING,ALMUIN TRADING Bus Stop,5.781458,101.877208,09:12:00,,,
KOTA BHARU - JELI VIA TANAH MERAH,myBas,MASJID DARUL SALAM KG WAKAF ZING,MASJID DARUL SALAM KG WAKAF ZING Bus Stop,5.780742,101.873953,09:13:00,,,
KOTA BHARU - JELI VIA TANAH MERAH,myBas,GEMANG 1,GEMANG 1 Bus Stop,5.768836,101.868244,09:15:00,,,
KOTA BHARU - JELI VIA TANAH MERAH,myBas,KK GEMANG,KK GEMANG Bus Stop,5.761711,101.865078,09:16:00,,,
KOTA BHARU - JELI VIA TANAH MERAH,myBas,GEMANG 2,GEMANG 2 Bus Stop,5.759281,101.864283,09:17:00,,,
KOTA BHARU - JELI VIA TANAH MERAH,myBas,SK GEMANG,SK GEMANG Bus Stop,5.751703,101.862164,09:18:00,,,
KOTA BHARU - JELI VIA TANAH MERAH,myBas,MRSM JELI,MRSM JELI Bus Stop,5.750178,101.86185,09:19:00,,,
KOTA BHARU - JELI VIA TANAH MERAH,myBas,UMK JELI,UMK JELI Bus Stop,5.744842,101.861556,09:20:00,,,
KOTA BHARU - JELI VIA TANAH MERAH,myBas,NASKEN COFFEE JELI,NASKEN COFFEE JELI Bus Stop,5.742739,101.861278,09:21:00,,,
KOTA BHARU - JELI VIA TANAH MERAH,myBas,BUKIT LAKOTA,BUKIT LAKOTA Bus Stop,5.726267,101.859511,09:23:00,,,
KOTA BHARU - JELI VIA TANAH MERAH,myBas,SURAU KG LAKOTA,SURAU KG LAKOTA Bus Stop,5.723708,101.858039,09:24:00,,,
KOTA BHARU - JELI VIA TANAH MERAH,myBas,SIMPANG JALAN LAKOTA - CHANAL,SIMPANG JALAN LAKOTA - CHANAL Bus Stop,5.712192,101.852089,09:26:00,,,
KOTA BHARU - JELI VIA TANAH MERAH,myBas,POLITEKNIK JELI,POLITEKNIK JELI Bus Stop,5.710786,101.849369,09:27:00,,,
KOTA BHARU - JELI VIA TANAH MERAH,myBas,SIMPANG JELI,SIMPANG JELI Bus Stop,5.707536,101.844461,09:28:00,,,
KOTA BHARU - JELI VIA TANAH MERAH,myBas,SMUA NAHDATUL ULUM,SMUA NAHDATUL ULUM Bus Stop,5.705058,101.846094,09:29:00,,,
KOTA BHARU - JELI VIA TANAH MERAH,myBas,JKR JELI,JKR JELI Bus Stop,5.701725,101.847172,09:30:00,,,
KOTA BHARU - JELI VIA TANAH MERAH,myBas,PEJABAT PENDIDIKAN DAERAH JELI,PEJABAT PENDIDIKAN DAERAH JELI Bus Stop,5.698092,101.846586,09:31:00,,,
KOTA BHARU - JELI VIA TANAH MERAH,myBas,STESEN BAS JELI,STESEN BAS JELI Bus Stop,5.693511,101.84705,09:32:00,,,
KOTA BHARU - BACHOK VIA BUKIT MARAK,myBas,STESEN BAS KOTA BHARU,STESEN BAS KOTA BHARU Bus Stop,6.128142,102.239464,07:00:00,,,
KOTA BHARU - BACHOK VIA BUKIT MARAK,myBas,KEDAI UNIFI KELANTAN,KEDAI UNIFI KELANTAN Bus Stop,6.127744,102.241806,07:01:00,,,
KOTA BHARU - BACHOK VIA BUKIT MARAK,myBas,NAGOYA,NAGOYA Bus Stop,6.127519,102.245078,07:02:00,,,
KOTA BHARU - BACHOK VIA BUKIT MARAK,myBas,KOLEJ JURURAWAT JLN DUSUN MUDA,KOLEJ JURURAWAT JLN DUSUN MUDA Bus Stop,6.125356,102.247264,07:03:00,,,
KOTA BHARU - BACHOK VIA BUKIT MARAK,myBas,SK LANGGAR,SK LANGGAR Bus Stop,6.113992,102.249669,07:05:00,,,
KOTA BHARU - BACHOK VIA BUKIT MARAK,myBas,TAMAN MAJU 1,TAMAN MAJU 1 Bus Stop,6.111372,102.25245,07:06:00,,,
KOTA BHARU - BACHOK VIA BUKIT MARAK,myBas,TAMAN MAJU 2,TAMAN MAJU 2 Bus Stop,6.110072,102.253981,07:07:00,,,
KOTA BHARU - BACHOK VIA BUKIT MARAK,myBas,TAMAN HUDA,TAMAN HUDA Bus Stop,6.107475,102.257114,07:08:00,,,
KOTA BHARU - BACHOK VIA BUKIT MARAK,myBas,KBMC,KBMC Bus Stop,6.105939,102.259175,07:09:00,,,
KOTA BHARU - BACHOK VIA BUKIT MARAK,myBas,KLINIK ASSALAM,KLINIK ASSALAM Bus Stop,6.104969,102.260431,07:10:00,,,
KOTA BHARU - BACHOK VIA BUKIT MARAK,myBas,BALAI ISLAM,BALAI ISLAM Bus Stop,6.102761,102.263042,07:11:00,,,
KOTA BHARU - BACHOK VIA BUKIT MARAK,myBas,LEMBAGA PERTUBUHAN PELADANG,LEMBAGA PERTUBUHAN PELADANG Bus Stop,6.099331,102.267208,07:12:00,,,
KOTA BHARU - BACHOK VIA BUKIT MARAK,myBas,HOSPITAL USM,HOSPITAL USM Bus Stop,6.099314,102.2798,07:15:00,,,
KOTA BHARU - BACHOK VIA BUKIT MARAK,myBas,SMK KUBANG KERIAN,SMK KUBANG KERIAN Bus Stop,6.092464,102.277211,07:16:00,,,
KOTA BHARU - BACHOK VIA BUKIT MARAK,myBas,PASAR SEGAR KK,PASAR SEGAR KK Bus Stop,6.090617,102.276214,07:17:00,,,
KOTA BHARU - BACHOK VIA BUKIT MARAK,myBas,ISTANA KELANTAN,ISTANA KELANTAN Bus Stop,6.084281,102.277136,07:18:00,,,
KOTA BHARU - BACHOK VIA BUKIT MARAK,myBas,KG CHICHA,KG CHICHA Bus Stop,6.07475,102.278239,07:20:00,,,
KOTA BHARU - BACHOK VIA BUKIT MARAK,myBas,KLINIK DR AZIZ,KLINIK DR AZIZ Bus Stop,6.068178,102.279117,07:21:00,,,
KOTA BHARU - BACHOK VIA BUKIT MARAK,myBas,PKT PASIR TUMBOH,PKT PASIR TUMBOH Bus Stop,6.058308,102.280358,07:23:00,,,
KOTA BHARU - BACHOK VIA BUKIT MARAK,myBas,MAAHAD RAQADDUM MAARIF,MAAHAD RAQADDUM MAARIF Bus Stop,6.055736,102.283567,07:24:00,,,
KOTA BHARU - BACHOK VIA BUKIT MARAK,myBas,KG BEREK,KG BEREK Bus Stop,6.054222,102.290392,07:25:00,,,
KOTA BHARU - BACHOK VIA BUKIT MARAK,myBas,SK GONG DERMIN,SK GONG DERMIN Bus Stop,6.054117,102.299339,07:27:00,,,
KOTA BHARU - BACHOK VIA BUKIT MARAK,myBas,BUKIT MARAK,BUKIT MARAK Bus Stop,6.038403,102.315328,07:30:00,,,
KOTA BHARU - BACHOK VIA BUKIT MARAK,myBas,KG CHAP,KG CHAP Bus Stop,6.041314,102.346111,07:35:00,,,
KOTA BHARU - BACHOK VIA BUKIT MARAK,myBas,KG LOAK,KG LOAK Bus Stop,6.043442,102.354442,07:37:00,,,
KOTA BHARU - BACHOK VIA BUKIT MARAK,myBas,KG BEKELAM,KG BEKELAM Bus Stop,6.044978,102.362178,07:39:00,,,
KOTA BHARU - BACHOK VIA BUKIT MARAK,myBas,KG TUALANG SALAK,KG TUALANG SALAK Bus Stop,6.035144,102.364089,07:41:00,,,
KOTA BHARU - BACHOK VIA BUKIT MARAK,myBas,PASAR JELAWAT,PASAR JELAWAT Bus Stop,6.011811,102.375603,07:45:00,,,
KOTA BHARU - BACHOK VIA BUKIT MARAK,myBas,BANDAR BARU JELAWAT,BANDAR BARU JELAWAT Bus Stop,6.012717,102.382708,07:46:00,,,
KOTA BHARU - BACHOK VIA BUKIT MARAK,myBas,KG RUSA,KG RUSA Bus Stop,6.012853,102.385717,07:47:00,,,
KOTA BHARU - BACHOK VIA BUKIT MARAK,myBas,SMK DATO PERDANA,SMK DATO PERDANA Bus Stop,6.013694,102.392583,07:48:00,,,
KOTA BHARU - BACHOK VIA BUKIT MARAK,myBas,PEJABAT PENDIDIKAN DAERAH BACHOK,PEJABAT PENDIDIKAN DAERAH BACHOK Bus Stop,6.014353,102.394961,07:49:00,,,
KOTA BHARU - BACHOK VIA BUKIT MARAK,myBas,PINTU MASUK UMK,PINTU MASUK UMK Bus Stop,6.004031,102.401033,07:51:00,,,
KOTA BHARU - BACHOK VIA BUKIT MARAK,myBas,PUSAT MAHASISWA UMK,PUSAT MAHASISWA UMK Bus Stop,5.995994,102.4053,07:53:00,,,
KOTA BHARU - BACHOK VIA BUKIT MARAK,myBas,KOLEJ VOKASIONAL BACHOK,KOLEJ VOKASIONAL BACHOK Bus Stop,6.005417,102.399936,07:55:00,,,
KOTA BHARU - BACHOK VIA BUKIT MARAK,myBas,SK TANGOK,SK TANGOK Bus Stop,6.012419,102.396456,07:57:00,,,
KOTA BHARU - BACHOK VIA BUKIT MARAK,myBas,UMK OUT,UMK OUT Bus Stop,6.014264,102.394992,07:58:00,,,
KOTA BHARU - BACHOK VIA BUKIT MARAK,myBas,CHABANG MELAWI,CHABANG MELAWI Bus Stop,6.016797,102.402417,07:59:00,,,
KOTA BHARU - BACHOK VIA BUKIT MARAK,myBas,SK BADAK,SK BADAK Bus Stop,6.021172,102.402336,08:00:00,,,
KOTA BHARU - BACHOK VIA BUKIT MARAK,myBas,KG BADAK,KG BADAK Bus Stop,6.033603,102.398392,08:02:00,,,
KOTA BHARU - BACHOK VIA BUKIT MARAK,myBas,KG KEMUDI,KG KEMUDI Bus Stop,6.042819,102.395647,08:04:00,,,
KOTA BHARU - BACHOK VIA BUKIT MARAK,myBas,SMK BACHOK,SMK BACHOK Bus Stop,6.051408,102.395539,08:06:00,,,
KOTA BHARU - BACHOK VIA BUKIT MARAK,myBas,DEWAN MAJLIS DAERAH BACHOK,DEWAN MAJLIS DAERAH BACHOK Bus Stop,6.055994,102.398922,08:07:00,,,
KOTA BHARU - BACHOK VIA BUKIT MARAK,myBas,KK BACHOK,KK BACHOK Bus Stop,6.057278,102.399686,08:08:00,,,
KOTA BHARU - BACHOK VIA BUKIT MARAK,myBas,STESEN BAS BACHOK,STESEN BAS BACHOK Bus Stop,6.060836,102.401169,08:09:00,,,
KOTA BHARU - BACHOK VIA BUKIT MARAK,myBas,WAKAF SIKU,WAKAF SIKU Bus Stop,6.116497,102.245114,08:04:00,,,
KOTA BHARU - BACHOK VIA BUKIT MARAK,myBas,KB MALL,KB MALL Bus Stop,6.118192,102.241778,08:05:00,,,
KOTA BHARU - BACHOK VIA BUKIT MARAK,myBas,RESIDENSI TROIKA,RESIDENSI TROIKA Bus Stop,6.119722,102.240775,08:06:00,,,
KOTA BHARU - BACHOK VIA BUKIT MARAK,myBas,PEJABAT POS KOTA BHARU,PEJABAT POS KOTA BHARU Bus Stop,6.121731,102.239672,08:07:00,,,
KOTA BHARU - BACHOK VIA BUKIT MARAK,myBas,BAZAR TOK GURU,BAZAR TOK GURU Bus Stop,6.122772,102.238867,08:08:00,,,
KOTA BHARU - JERTEH VIA PASIR PUTEH,myBas,STESEN BAS KOTA BHARU,STESEN BAS KOTA BHARU Bus Stop,6.128142,102.239464,06:30:00,,,
KOTA BHARU - JERTEH VIA PASIR PUTEH,myBas,PADANG GARONG,PADANG GARONG Bus Stop,6.126106,102.242122,06:31:00,,,
KOTA BHARU - JERTEH VIA PASIR PUTEH,myBas,SK PADANG GARONG,SK PADANG GARONG Bus Stop,6.125139,102.240944,06:32:00,,,
KOTA BHARU - JERTEH VIA PASIR PUTEH,myBas,KELANTAN STATE MUSEUM,KELANTAN STATE MUSEUM Bus Stop,6.125153,102.238242,06:33:00,,,
KOTA BHARU - JERTEH VIA PASIR PUTEH,myBas,BAZAR TOK GURU,BAZAR TOK GURU Bus Stop,6.122772,102.238867,06:34:00,,,
KOTA BHARU - JERTEH VIA PASIR PUTEH,myBas,PEJABAT POS KOTA BHARU,PEJABAT POS KOTA BHARU Bus Stop,6.121731,102.239672,06:35:00,,,
KOTA BHARU - JERTEH VIA PASIR PUTEH,myBas,RESIDENSI TROIKA,RESIDENSI TROIKA Bus Stop,6.119722,102.240775,06:36:00,,,
KOTA BHARU - JERTEH VIA PASIR PUTEH,myBas,KB MALL,KB MALL Bus Stop,6.118192,102.241778,06:37:00,,,
KOTA BHARU - JERTEH VIA PASIR PUTEH,myBas,WAKAF SIKU,WAKAF SIKU Bus Stop,6.116497,102.245114,06:38:00,,,
KOTA BHARU - JERTEH VIA PASIR PUTEH,myBas,SK LANGGAR,SK LANGGAR Bus Stop,6.113992,102.249669,06:39:00,,,
KOTA BHARU - JERTEH VIA PASIR PUTEH,myBas,TAMAN MAJU 1,TAMAN MAJU 1 Bus Stop,6.111372,102.25245,06:40:00,,,
KOTA BHARU - JERTEH VIA PASIR PUTEH,myBas,TAMAN MAJU 2,TAMAN MAJU 2 Bus Stop,6.110072,102.253981,06:41:00,,,
KOTA BHARU - JERTEH VIA PASIR PUTEH,myBas,TAMAN HUDA,TAMAN HUDA Bus Stop,6.107475,102.257114,06:42:00,,,
KOTA BHARU - JERTEH VIA PASIR PUTEH,myBas,KBMC,KBMC Bus Stop,6.105939,102.259175,06:43:00,,,
KOTA BHARU - JERTEH VIA PASIR PUTEH,myBas,KLINIK ASSALAM,KLINIK ASSALAM Bus Stop,6.104969,102.260431,06:44:00,,,
KOTA BHARU - JERTEH VIA PASIR PUTEH,myBas,BALAI ISLAM,BALAI ISLAM Bus Stop,6.102761,102.263042,06:45:00,,,
KOTA BHARU - JERTEH VIA PASIR PUTEH,myBas,LEMBAGA PERTUBUHAN PELADANG,LEMBAGA PERTUBUHAN PELADANG Bus Stop,6.099331,102.267208,06:46:00,,,
KOTA BHARU - JERTEH VIA PASIR PUTEH,myBas,CABANG PASIR HOR,CABANG PASIR HOR Bus Stop,6.096161,102.270775,06:47:00,,,
KOTA BHARU - JERTEH VIA PASIR PUTEH,myBas,MASJID SULTAN ISMAIL PETRA,MASJID SULTAN ISMAIL PETRA Bus Stop,6.093603,102.273717,06:48:00,,,
KOTA BHARU - JERTEH VIA PASIR PUTEH,myBas,PASAR SEGAR KK,PASAR SEGAR KK Bus Stop,6.090617,102.276214,06:49:00,,,
KOTA BHARU - JERTEH VIA PASIR PUTEH,myBas,ISTANA KELANTAN,ISTANA KELANTAN Bus Stop,6.084281,102.277136,06:50:00,,,
KOTA BHARU - JERTEH VIA PASIR PUTEH,myBas,KG CHICHA,KG CHICHA Bus Stop,6.07475,102.278239,06:52:00,,,
KOTA BHARU - JERTEH VIA PASIR PUTEH,myBas,KLINIK DR AZIZ,KLINIK DR AZIZ Bus Stop,6.068178,102.279117,06:53:00,,,
KOTA BHARU - JERTEH VIA PASIR PUTEH,myBas,PKT PASIR TUMBOH,PKT PASIR TUMBOH Bus Stop,6.058308,102.280358,06:55:00,,,
KOTA BHARU - JERTEH VIA PASIR PUTEH,myBas,KFC PASIR TUMBOH,KFC PASIR TUMBOH Bus Stop,6.055494,102.280703,06:56:00,,,
KOTA BHARU - JERTEH VIA PASIR PUTEH,myBas,SMK LONG GAFFAR,SMK LONG GAFFAR Bus Stop,6.045339,102.282069,06:58:00,,,
KOTA BHARU - JERTEH VIA PASIR PUTEH,myBas,SMK LONG GAFFAR 2,SMK LONG GAFFAR 2 Bus Stop,6.041833,102.282703,06:59:00,,,
KOTA BHARU - JERTEH VIA PASIR PUTEH,myBas,LIMBAT,LIMBAT Bus Stop,6.038028,102.283425,07:00:00,,,
KOTA BHARU - JERTEH VIA PASIR PUTEH,myBas,MASJID AR RAHMAN,MASJID AR RAHMAN Bus Stop,6.036944,102.283594,07:01:00,,,
KOTA BHARU - JERTEH VIA PASIR PUTEH,myBas,YOUNG HARDWARE,YOUNG HARDWARE Bus Stop,6.030456,102.284561,07:02:00,,,
KOTA BHARU - JERTEH VIA PASIR PUTEH,myBas,SK PERINGAT,SK PERINGAT Bus Stop,6.023772,102.285861,07:03:00,,,
KOTA BHARU - JERTEH VIA PASIR PUTEH,myBas,MASJID AT TAUHID PERINGAT,MASJID AT TAUHID PERINGAT Bus Stop,6.021986,102.286158,07:04:00,,,
KOTA BHARU - JERTEH VIA PASIR PUTEH,myBas,PERINGAT,PERINGAT Bus Stop,6.019958,102.286567,07:05:00,,,
KOTA BHARU - JERTEH VIA PASIR PUTEH,myBas,TAMAN DESA PERINGAT,TAMAN DESA PERINGAT Bus Stop,6.014928,102.287547,07:06:00,,,
KOTA BHARU - JERTEH VIA PASIR PUTEH,myBas,KG BECHAH KURA,KG BECHAH KURA Bus Stop,6.011706,102.288272,07:07:00,,,
KOTA BHARU - JERTEH VIA PASIR PUTEH,myBas,KG MACHANG BUBUK,KG MACHANG BUBUK Bus Stop,6.005742,102.289189,07:08:00,,,
KOTA BHARU - JERTEH VIA PASIR PUTEH,myBas,KG WAKAF TOK WALI,KG WAKAF TOK WALI Bus Stop,6.0017,102.289819,07:09:00,,,
KOTA BHARU - JERTEH VIA PASIR PUTEH,myBas,SK PADANG KALA,SK PADANG KALA Bus Stop,5.993628,102.291311,07:10:00,,,
KOTA BHARU - JERTEH VIA PASIR PUTEH,myBas,KG PADANG KALA,KG PADANG KALA Bus Stop,5.990486,102.291989,07:11:00,,,
KOTA BHARU - JERTEH VIA PASIR PUTEH,myBas,MASJID IMANUL FAIZIN,MASJID IMANUL FAIZIN Bus Stop,5.986389,102.292733,07:12:00,,,
KOTA BHARU - JERTEH VIA PASIR PUTEH,myBas,KG KUBANG TIN,KG KUBANG TIN Bus Stop,5.985103,102.292897,07:13:00,,,
KOTA BHARU - JERTEH VIA PASIR PUTEH,myBas,MASJID AL MAGHFIRAH,MASJID AL MAGHFIRAH Bus Stop,5.980531,102.293836,07:14:00,,,
KOTA BHARU - JERTEH VIA PASIR PUTEH,myBas,SMK MELOR,SMK MELOR Bus Stop,5.969503,102.295053,07:16:00,,,
KOTA BHARU - JERTEH VIA PASIR PUTEH,myBas,MELOR 1,MELOR 1 Bus Stop,5.963917,102.296025,07:17:00,,,
KOTA BHARU - JERTEH VIA PASIR PUTEH,myBas,SMUA AZHARIAH,SMUA AZHARIAH Bus Stop,5.9622,102.296703,07:18:00,,,
KOTA BHARU - JERTEH VIA PASIR PUTEH,myBas,KK MAHLIGAI,KK MAHLIGAI Bus Stop,5.956614,102.299072,07:19:00,,,
KOTA BHARU - JERTEH VIA PASIR PUTEH,myBas,MASJID MAHLIGAI,MASJID MAHLIGAI Bus Stop,5.953539,102.299811,07:20:00,,,
KOTA BHARU - JERTEH VIA PASIR PUTEH,myBas,MASJID KG PAK BADOL,MASJID KG PAK BADOL Bus Stop,5.944478,102.303964,07:21:00,,,
KOTA BHARU - JERTEH VIA PASIR PUTEH,myBas,SMK PAK BADOL,SMK PAK BADOL Bus Stop,5.942478,102.305014,07:22:00,,,
KOTA BHARU - JERTEH VIA PASIR PUTEH,myBas,KG TENGAH,KG TENGAH Bus Stop,5.929569,102.311656,07:24:00,,,
KOTA BHARU - JERTEH VIA PASIR PUTEH,myBas,KG JERUS,KG JERUS Bus Stop,5.928164,102.312419,07:25:00,,,
KOTA BHARU - JERTEH VIA PASIR PUTEH,myBas,KG DANAN,KG DANAN Bus Stop,5.922636,102.315417,07:26:00,,,
KOTA BHARU - JERTEH VIA PASIR PUTEH,myBas,KG BUKIT TANAH,KG BUKIT TANAH Bus Stop,5.920436,102.317819,07:27:00,,,
KOTA BHARU - JERTEH VIA PASIR PUTEH,myBas,MASJID BUKIT TANAH,MASJID BUKIT TANAH Bus Stop,5.916828,102.320628,07:28:00,,,
KOTA BHARU - JERTEH VIA PASIR PUTEH,myBas,TAMAN DESA ATIRA,TAMAN DESA ATIRA Bus Stop,5.913153,102.323992,07:29:00,,,
KOTA BHARU - JERTEH VIA PASIR PUTEH,myBas,BALAI POLIS SELISING,BALAI POLIS SELISING Bus Stop,5.895564,102.333875,07:32:00,,,
KOTA BHARU - JERTEH VIA PASIR PUTEH,myBas,KG SELISING,KG SELISING Bus Stop,5.893075,102.334619,07:33:00,,,
KOTA BHARU - JERTEH VIA PASIR PUTEH,myBas,PASAR SITI SARAH,PASAR SITI SARAH Bus Stop,5.889386,102.336792,07:34:00,,,
KOTA BHARU - JERTEH VIA PASIR PUTEH,myBas,KG BANIR BELIKONG,KG BANIR BELIKONG Bus Stop,5.884878,102.339044,07:35:00,,,
KOTA BHARU - JERTEH VIA PASIR PUTEH,myBas,KK BUKIT ABAL,KK BUKIT ABAL Bus Stop,5.875922,102.341583,07:37:00,,,
KOTA BHARU - JERTEH VIA PASIR PUTEH,myBas,SK BUKIT ABAL,SK BUKIT ABAL Bus Stop,5.8751,102.341767,07:38:00,,,
KOTA BHARU - JERTEH VIA PASIR PUTEH,myBas,KG SG KELONG,KG SG KELONG Bus Stop,5.860347,102.348622,07:40:00,,,
KOTA BHARU - JERTEH VIA PASIR PUTEH,myBas,KK PADANG PAK MAT,KK PADANG PAK MAT Bus Stop,5.847292,102.363936,07:43:00,,,
KOTA BHARU - JERTEH VIA PASIR PUTEH,myBas,MASJID PADANG PAK AMAT,MASJID PADANG PAK AMAT Bus Stop,5.845906,102.365611,07:44:00,,,
KOTA BHARU - JERTEH VIA PASIR PUTEH,myBas,SK PADANG PAKMAT,SK PADANG PAKMAT Bus Stop,5.8436,102.369264,07:45:00,,,
KOTA BHARU - JERTEH VIA PASIR PUTEH,myBas,PASARAYA PKT PASIR PUTEH,PASARAYA PKT PASIR PUTEH Bus Stop,5.841297,102.372472,07:46:00,,,
KOTA BHARU - JERTEH VIA PASIR PUTEH,myBas,SRI AMAN DALAM,SRI AMAN DALAM Bus Stop,5.839136,102.377419,07:47:00,,,
KOTA BHARU - JERTEH VIA PASIR PUTEH,myBas,MASJID AL MAJIDIAH,MASJID AL MAJIDIAH Bus Stop,5.837653,102.382475,07:48:00,,,
KOTA BHARU - JERTEH VIA PASIR PUTEH,myBas,SMK TOK JANGGUT,SMK TOK JANGGUT Bus Stop,5.835436,102.389658,07:49:00,,,
KOTA BHARU - JERTEH VIA PASIR PUTEH,myBas,BALAI BOMBA PASIR PUTEH,BALAI BOMBA PASIR PUTEH Bus Stop,5.835353,102.395494,07:50:00,,,
KOTA BHARU - JERTEH VIA PASIR PUTEH,myBas,MARA PASIR PUTEH,MARA PASIR PUTEH Bus Stop,5.835567,102.399033,07:51:00,,,
KOTA BHARU - JERTEH VIA PASIR PUTEH,myBas,PEJABAT TANAH DAN GALIAN PASIR PUTEH,PEJABAT TANAH DAN GALIAN PASIR PUTEH Bus Stop,5.836092,102.405919,07:52:00,,,
KOTA BHARU - JERTEH VIA PASIR PUTEH,myBas,SK PASIR PUTEH,SK PASIR PUTEH Bus Stop,5.836336,102.407361,07:53:00,,,
KOTA BHARU - JERTEH VIA PASIR PUTEH,myBas,PEKAN PASIR PUTEH,PEKAN PASIR PUTEH Bus Stop,5.8358,102.40915,07:54:00,,,
KOTA BHARU - JERTEH VIA PASIR PUTEH,myBas,JALAN NARA PASIR PUTEH,JALAN NARA PASIR PUTEH Bus Stop,5.834222,102.406744,07:55:00,,,
KOTA BHARU - JERTEH VIA PASIR PUTEH,myBas,PASIR PUTEH SENTRAL,PASIR PUTEH SENTRAL Bus Stop,5.830158,102.404314,07:57:00,,,
KOTA BHARU - JERTEH VIA PASIR PUTEH,myBas,MAAHAD SANIAH,MAAHAD SANIAH Bus Stop,5.830436,102.407383,07:58:00,,,
KOTA BHARU - JERTEH VIA PASIR PUTEH,myBas,MASJID AL BALAGHUL MUBIN,MASJID AL BALAGHUL MUBIN Bus Stop,5.831406,102.411469,07:59:00,,,
KOTA BHARU - JERTEH VIA PASIR PUTEH,myBas,SK SERI AMAN PASIR PUTEH,SK SERI AMAN PASIR PUTEH Bus Stop,5.825003,102.412439,08:00:00,,,
KOTA BHARU - JERTEH VIA PASIR PUTEH,myBas,WAKAF BUNUT,WAKAF BUNUT Bus Stop,5.814856,102.412289,08:02:00,,,
KOTA BHARU - JERTEH VIA PASIR PUTEH,myBas,SK GAAL,SK GAAL Bus Stop,5.804144,102.415619,08:04:00,,,
KOTA BHARU - JERTEH VIA PASIR PUTEH,myBas,KG GAAL 1,KG GAAL 1 Bus Stop,5.797783,102.416161,08:05:00,,,
KOTA BHARU - JERTEH VIA PASIR PUTEH,myBas,KG GAAL 2,KG GAAL 2 Bus Stop,5.792525,102.416317,08:06:00,,,
KOTA BHARU - JERTEH VIA PASIR PUTEH,myBas,KK GAAL,KK GAAL Bus Stop,5.788889,102.416733,08:07:00,,,
KOTA BHARU - JERTEH VIA PASIR PUTEH,myBas,KG BUKIT BELAH,KG BUKIT BELAH Bus Stop,5.781156,102.418031,08:08:00,,,
KOTA BHARU - JERTEH VIA PASIR PUTEH,myBas,MASJID WAKAF LICHONG,MASJID WAKAF LICHONG Bus Stop,5.777494,102.418422,08:09:00,,,
KOTA BHARU - JERTEH VIA PASIR PUTEH,myBas,WAKAF LICHONG,WAKAF LICHONG Bus Stop,5.7728,102.421139,08:10:00,,,
KOTA BHARU - JERTEH VIA PASIR PUTEH,myBas,MASJID HAJI CHIK,MASJID HAJI CHIK Bus Stop,5.769817,102.42435,08:11:00,,,
KOTA BHARU - JERTEH VIA PASIR PUTEH,myBas,KG WAKAF RAJA,KG WAKAF RAJA Bus Stop,5.762131,102.431647,08:13:00,,,
KOTA BHARU - JERTEH VIA PASIR PUTEH,myBas,MASJID IBRAHIM WAKAF RAJA,MASJID IBRAHIM WAKAF RAJA Bus Stop,5.758961,102.431969,08:14:00,,,
KOTA BHARU - JERTEH VIA PASIR PUTEH,myBas,SMUA NURUL HUDA,SMUA NURUL HUDA Bus Stop,5.751253,102.432978,08:15:00,,,
KOTA BHARU - JERTEH VIA PASIR PUTEH,myBas,KG LAK LOK,KG LAK LOK Bus Stop,5.744025,102.444411,08:17:00,,,
KOTA BHARU - JERTEH VIA PASIR PUTEH,myBas,MASJID KG LAK LOK,MASJID KG LAK LOK Bus Stop,5.743781,102.446211,08:18:00,,,
KOTA BHARU - JERTEH VIA PASIR PUTEH,myBas,KLINIK DESA PADANG LANDAK,KLINIK DESA PADANG LANDAK Bus Stop,5.743239,102.4523,08:19:00,,,
KOTA BHARU - JERTEH VIA PASIR PUTEH,myBas,KG PADANG LANDAK,KG PADANG LANDAK Bus Stop,5.742886,102.455361,08:20:00,,,
KOTA BHARU - JERTEH VIA PASIR PUTEH,myBas,SK PADANG LUAS,SK PADANG LUAS Bus Stop,5.741703,102.468128,08:22:00,,,
KOTA BHARU - JERTEH VIA PASIR PUTEH,myBas,MASJID AS SOLIHIN,MASJID AS SOLIHIN Bus Stop,5.741208,102.472772,08:23:00,,,
KOTA BHARU - JERTEH VIA PASIR PUTEH,myBas,KK PADANG LUAS,KK PADANG LUAS Bus Stop,5.740967,102.475858,08:24:00,,,
KOTA BHARU - JERTEH VIA PASIR PUTEH,myBas,KG PADANG LUAS,KG PADANG LUAS Bus Stop,5.740744,102.477456,08:25:00,,,
KOTA BHARU - JERTEH VIA PASIR PUTEH,myBas,MASJID ULUL ALBAB SEBERANG JERTEH,MASJID ULUL ALBAB SEBERANG JERTEH Bus Stop,5.740122,102.484928,08:26:00,,,
KOTA BHARU - JERTEH VIA PASIR PUTEH,myBas,JERTEH,JERTEH Bus Stop,5.736378,102.495472,08:27:00,,,
KOTA BHARU - JERTEH VIA PASIR PUTEH,myBas,MASJID IBRAHIMI PASIR PUTEH,MASJID IBRAHIMI PASIR PUTEH Bus Stop,5.834431,102.403544,07:02:00,,,
KOTA BHARU - KAMPUNG RAJA VIA TOK BALI,myBas,STESEN BAS KOTA BHARU,STESEN BAS KOTA BHARU Bus Stop,6.128142,102.239464,07:00:00,,,
KOTA BHARU - KAMPUNG RAJA VIA TOK BALI,myBas,KEDAI UNIFI KELANTAN,KEDAI UNIFI KELANTAN Bus Stop,6.127744,102.241806,07:01:00,,,
KOTA BHARU - KAMPUNG RAJA VIA TOK BALI,myBas,NAGOYA,NAGOYA Bus Stop,6.127519,102.245078,07:02:00,,,
KOTA BHARU - KAMPUNG RAJA VIA TOK BALI,myBas,KOLEJ JURURAWAT JLN DUSUN MUDA,KOLEJ JURURAWAT JLN DUSUN MUDA Bus Stop,6.125356,102.247264,07:03:00,,,
KOTA BHARU - KAMPUNG RAJA VIA TOK BALI,myBas,JALAN BAYAM 2,JALAN BAYAM 2 Bus Stop,6.119744,102.254742,07:05:00,,,
KOTA BHARU - KAMPUNG RAJA VIA TOK BALI,myBas,SK SULTAN ISMAIL 2,SK SULTAN ISMAIL 2 Bus Stop,6.117506,102.256025,07:06:00,,,
KOTA BHARU - KAMPUNG RAJA VIA TOK BALI,myBas,TAMAN MAJU,TAMAN MAJU Bus Stop,6.113097,102.255275,07:07:00,,,
KOTA BHARU - KAMPUNG RAJA VIA TOK BALI,myBas,TAMAN HUDA,TAMAN HUDA Bus Stop,6.107475,102.257114,07:08:00,,,
KOTA BHARU - KAMPUNG RAJA VIA TOK BALI,myBas,KBMC,KBMC Bus Stop,6.105939,102.259175,07:09:00,,,
KOTA BHARU - KAMPUNG RAJA VIA TOK BALI,myBas,KLINIK ASSALAM,KLINIK ASSALAM Bus Stop,6.104969,102.260431,07:10:00,,,
KOTA BHARU - KAMPUNG RAJA VIA TOK BALI,myBas,BALAI ISLAM,BALAI ISLAM Bus Stop,6.102761,102.263042,07:11:00,,,
KOTA BHARU - KAMPUNG RAJA VIA TOK BALI,myBas,LEMBAGA PERTUBUHAN PELADANG,LEMBAGA PERTUBUHAN PELADANG Bus Stop,6.099331,102.267208,07:12:00,,,
KOTA BHARU - KAMPUNG RAJA VIA TOK BALI,myBas,CABANG PASIR HOR,CABANG PASIR HOR Bus Stop,6.096161,102.270775,07:13:00,,,
KOTA BHARU - KAMPUNG RAJA VIA TOK BALI,myBas,MASJID SULTAN ISMAIL PETRA,MASJID SULTAN ISMAIL PETRA Bus Stop,6.093603,102.273717,07:14:00,,,
KOTA BHARU - KAMPUNG RAJA VIA TOK BALI,myBas,PASAR SEGAR KK,PASAR SEGAR KK Bus Stop,6.090617,102.276214,07:15:00,,,
KOTA BHARU - KAMPUNG RAJA VIA TOK BALI,myBas,ISTANA KELANTAN,ISTANA KELANTAN Bus Stop,6.084281,102.277136,07:16:00,,,
KOTA BHARU - KAMPUNG RAJA VIA TOK BALI,myBas,KG CHICHA,KG CHICHA Bus Stop,6.07475,102.278239,07:18:00,,,
KOTA BHARU - KAMPUNG RAJA VIA TOK BALI,myBas,KLINIK DR AZIZ,KLINIK DR AZIZ Bus Stop,6.068178,102.279117,07:19:00,,,
KOTA BHARU - KAMPUNG RAJA VIA TOK BALI,myBas,PKT PASIR TUMBOH,PKT PASIR TUMBOH Bus Stop,6.058308,102.280358,07:21:00,,,
KOTA BHARU - KAMPUNG RAJA VIA TOK BALI,myBas,KFC PASIR TUMBOH,KFC PASIR TUMBOH Bus Stop,6.055494,102.280703,07:22:00,,,
KOTA BHARU - KAMPUNG RAJA VIA TOK BALI,myBas,SMK LONG GAFFAR,SMK LONG GAFFAR Bus Stop,6.045339,102.282069,07:24:00,,,
KOTA BHARU - KAMPUNG RAJA VIA TOK BALI,myBas,SMK LONG GAFFAR 2,SMK LONG GAFFAR 2 Bus Stop,6.041833,102.282703,07:25:00,,,
KOTA BHARU - KAMPUNG RAJA VIA TOK BALI,myBas,LIMBAT,LIMBAT Bus Stop,6.038028,102.283425,07:26:00,,,
KOTA BHARU - KAMPUNG RAJA VIA TOK BALI,myBas,MASJID AR RAHMAN,MASJID AR RAHMAN Bus Stop,6.036944,102.283594,07:27:00,,,
KOTA BHARU - KAMPUNG RAJA VIA TOK BALI,myBas,YOUNG HARDWARE,YOUNG HARDWARE Bus Stop,6.030456,102.284561,07:28:00,,,
KOTA BHARU - KAMPUNG RAJA VIA TOK BALI,myBas,SIMPANG PERINGAT - BACHOK,SIMPANG PERINGAT - BACHOK Bus Stop,6.025872,102.286214,07:29:00,,,
KOTA BHARU - KAMPUNG RAJA VIA TOK BALI,myBas,KG PADANG MOKKAN,KG PADANG MOKKAN Bus Stop,6.019408,102.303494,07:32:00,,,
KOTA BHARU - KAMPUNG RAJA VIA TOK BALI,myBas,SK PADANG MOKKAN,SK PADANG MOKKAN Bus Stop,6.017583,102.309025,07:33:00,,,
KOTA BHARU - KAMPUNG RAJA VIA TOK BALI,myBas,GIAT MARA PRIMA MELOR,GIAT MARA PRIMA MELOR Bus Stop,6.015122,102.314936,07:34:00,,,
KOTA BHARU - KAMPUNG RAJA VIA TOK BALI,myBas,KG BADAK MATI,KG BADAK MATI Bus Stop,6.011775,102.324308,07:36:00,,,
KOTA BHARU - KAMPUNG RAJA VIA TOK BALI,myBas,MASJID PAUH LIMA,MASJID PAUH LIMA Bus Stop,6.010322,102.329481,07:37:00,,,
KOTA BHARU - KAMPUNG RAJA VIA TOK BALI,myBas,KEDAI PAUH LIMA,KEDAI PAUH LIMA Bus Stop,6.007419,102.333428,07:38:00,,,
KOTA BHARU - KAMPUNG RAJA VIA TOK BALI,myBas,KG TEPUS,KG TEPUS Bus Stop,6.003181,102.336886,07:39:00,,,
KOTA BHARU - KAMPUNG RAJA VIA TOK BALI,myBas,MASJID TEPUS,MASJID TEPUS Bus Stop,5.998575,102.340014,07:40:00,,,
KOTA BHARU - KAMPUNG RAJA VIA TOK BALI,myBas,BALAI POLIS GUNONG,BALAI POLIS GUNONG Bus Stop,5.991431,102.344783,07:41:00,,,
KOTA BHARU - KAMPUNG RAJA VIA TOK BALI,myBas,KK GUNONG,KK GUNONG Bus Stop,5.989139,102.348678,07:42:00,,,
KOTA BHARU - KAMPUNG RAJA VIA TOK BALI,myBas,SMK SRI GUNUNG,SMK SRI GUNUNG Bus Stop,5.992653,102.351903,07:43:00,,,
KOTA BHARU - KAMPUNG RAJA VIA TOK BALI,myBas,BUKIT BATOR,BUKIT BATOR Bus Stop,5.997814,102.354028,07:44:00,,,
KOTA BHARU - KAMPUNG RAJA VIA TOK BALI,myBas,HOSPITAL BACHOK,HOSPITAL BACHOK Bus Stop,6.005628,102.359492,07:46:00,,,
KOTA BHARU - KAMPUNG RAJA VIA TOK BALI,myBas,BATOR,BATOR Bus Stop,6.010442,102.365406,07:47:00,,,
KOTA BHARU - KAMPUNG RAJA VIA TOK BALI,myBas,SMK JELAWAT,SMK JELAWAT Bus Stop,6.010431,102.369794,07:48:00,,,
KOTA BHARU - KAMPUNG RAJA VIA TOK BALI,myBas,PASAR JELAWAT,PASAR JELAWAT Bus Stop,6.011811,102.375603,07:49:00,,,
KOTA BHARU - KAMPUNG RAJA VIA TOK BALI,myBas,BANDAR BARU JELAWAT,BANDAR BARU JELAWAT Bus Stop,6.012717,102.382708,07:50:00,,,
KOTA BHARU - KAMPUNG RAJA VIA TOK BALI,myBas,KG RUSA,KG RUSA Bus Stop,6.012853,102.385717,07:51:00,,,
KOTA BHARU - KAMPUNG RAJA VIA TOK BALI,myBas,SMK DATO PERDANA,SMK DATO PERDANA Bus Stop,6.013694,102.392583,07:52:00,,,
KOTA BHARU - KAMPUNG RAJA VIA TOK BALI,myBas,PEJABAT PENDIDIKAN DAERAH BACHOK,PEJABAT PENDIDIKAN DAERAH BACHOK Bus Stop,6.014353,102.394961,07:53:00,,,
KOTA BHARU - KAMPUNG RAJA VIA TOK BALI,myBas,CHABANG MELAWI,CHABANG MELAWI Bus Stop,6.016797,102.402417,07:54:00,,,
KOTA BHARU - KAMPUNG RAJA VIA TOK BALI,myBas,MASJID AR RAHMAN REPEK,MASJID AR RAHMAN REPEK Bus Stop,6.017592,102.407144,07:55:00,,,
KOTA BHARU - KAMPUNG RAJA VIA TOK BALI,myBas,KG REPEK,KG REPEK Bus Stop,5.998939,102.415528,07:58:00,,,
KOTA BHARU - KAMPUNG RAJA VIA TOK BALI,myBas,PUSAT PEMULIHAN OKU TELONG,PUSAT PEMULIHAN OKU TELONG Bus Stop,5.981017,102.423536,08:01:00,,,
KOTA BHARU - KAMPUNG RAJA VIA TOK BALI,myBas,KG TELONG,KG TELONG Bus Stop,5.964703,102.432364,08:04:00,,,
KOTA BHARU - KAMPUNG RAJA VIA TOK BALI,myBas,PUSAT PENGAJIAN PONDOK KANDIS,PUSAT PENGAJIAN PONDOK KANDIS Bus Stop,5.959169,102.435667,08:05:00,,,
KOTA BHARU - KAMPUNG RAJA VIA TOK BALI,myBas,SIMPANG KK KANDIS,SIMPANG KK KANDIS Bus Stop,5.949439,102.441819,08:07:00,,,
KOTA BHARU - KAMPUNG RAJA VIA TOK BALI,myBas,PERTUBUHAN PELADANG KANDIS,PERTUBUHAN PELADANG KANDIS Bus Stop,5.938325,102.448683,08:09:00,,,
KOTA BHARU - KAMPUNG RAJA VIA TOK BALI,myBas,KG KANDIS,KG KANDIS Bus Stop,5.927647,102.456458,08:11:00,,,
KOTA BHARU - KAMPUNG RAJA VIA TOK BALI,myBas,KG AIR TAWAR,KG AIR TAWAR Bus Stop,5.898267,102.476078,08:15:00,,,
KOTA BHARU - KAMPUNG RAJA VIA TOK BALI,myBas,SHELL TOK BALI,SHELL TOK BALI Bus Stop,5.879692,102.490461,08:18:00,,,
KOTA BHARU - KAMPUNG RAJA VIA TOK BALI,myBas,CHERANG RUKU,CHERANG RUKU Bus Stop,5.864497,102.493483,08:21:00,,,
KOTA BHARU - KAMPUNG RAJA VIA TOK BALI,myBas,KG DALAM RHU,KG DALAM RHU Bus Stop,5.854847,102.512381,08:24:00,,,
KOTA BHARU - KAMPUNG RAJA VIA TOK BALI,myBas,KLINIK DESA DALAM RHU,KLINIK DESA DALAM RHU Bus Stop,5.853339,102.518903,08:25:00,,,
KOTA BHARU - KAMPUNG RAJA VIA TOK BALI,myBas,SK DALAM RHU,SK DALAM RHU Bus Stop,5.851617,102.520817,08:26:00,,,
KOTA BHARU - KAMPUNG RAJA VIA TOK BALI,myBas,KG PACHAKAN,KG PACHAKAN Bus Stop,5.843083,102.530119,08:28:00,,,
KOTA BHARU - KAMPUNG RAJA VIA TOK BALI,myBas,BHP KUALA BESUT,BHP KUALA BESUT Bus Stop,5.837919,102.535336,08:29:00,,,
KOTA BHARU - KAMPUNG RAJA VIA TOK BALI,myBas,KK KUALA BESUT,KK KUALA BESUT Bus Stop,5.833933,102.541086,08:30:00,,,
KOTA BHARU - KAMPUNG RAJA VIA TOK BALI,myBas,KG GERTAK SERATUS,KG GERTAK SERATUS Bus Stop,5.832636,102.543719,08:31:00,,,
KOTA BHARU - KAMPUNG RAJA VIA TOK BALI,myBas,SMK KUALA BESUT,SMK KUALA BESUT Bus Stop,5.831503,102.545406,08:32:00,,,
KOTA BHARU - KAMPUNG RAJA VIA TOK BALI,myBas,SK KUALA BESUT,SK KUALA BESUT Bus Stop,5.830742,102.546592,08:33:00,,,
KOTA BHARU - KAMPUNG RAJA VIA TOK BALI,myBas,TERMINAL BAS KUALA BESUT,TERMINAL BAS KUALA BESUT Bus Stop,5.829497,102.552281,08:34:00,,,
KOTA BHARU - KAMPUNG RAJA VIA TOK BALI,myBas,PASAR NELAYAN SEBERANG KASTAM,PASAR NELAYAN SEBERANG KASTAM Bus Stop,5.8262,102.564417,08:36:00,,,
KOTA BHARU - KAMPUNG RAJA VIA TOK BALI,myBas,KG AIR TAWAR BESUT,KG AIR TAWAR BESUT Bus Stop,5.818247,102.569908,08:38:00,,,
KOTA BHARU - KAMPUNG RAJA VIA TOK BALI,myBas,JPJ BESUT,JPJ BESUT Bus Stop,5.816247,102.570803,08:39:00,,,
KOTA BHARU - KAMPUNG RAJA VIA TOK BALI,myBas,KG PENGKALAN NYIREH,KG PENGKALAN NYIREH Bus Stop,5.812078,102.571211,08:40:00,,,
KOTA BHARU - KAMPUNG RAJA VIA TOK BALI,myBas,MASJID IBNU ABBAS PENGKALAN NYIREH,MASJID IBNU ABBAS PENGKALAN NYIREH Bus Stop,5.807911,102.570483,08:41:00,,,
KOTA BHARU - KAMPUNG RAJA VIA TOK BALI,myBas,PETRON KG RAJA,PETRON KG RAJA Bus Stop,5.801425,102.567625,08:42:00,,,
KOTA BHARU - KAMPUNG RAJA VIA TOK BALI,myBas,KK KG RAJA,KK KG RAJA Bus Stop,5.796833,102.564961,08:43:00,,,
KOTA BHARU - KAMPUNG RAJA VIA TOK BALI,myBas,PEJABAT TANAH DAN DAERAH BESUT,PEJABAT TANAH DAN DAERAH BESUT Bus Stop,5.794983,102.563725,08:44:00,,,
KOTA BHARU - KAMPUNG RAJA VIA TOK BALI,myBas,MASJID NASIRUDDIN SHAH KG RAJA,MASJID NASIRUDDIN SHAH KG RAJA Bus Stop,5.794083,102.562883,08:45:00,,,
KOTA BHARU - KAMPUNG RAJA VIA TOK BALI,myBas,INSTITUTE MEMANDU BESUT,INSTITUTE MEMANDU BESUT Bus Stop,5.809639,102.578861,08:49:00,,,
KOTA BHARU - KAMPUNG RAJA VIA TOK BALI,myBas,SMK PEMAISURI NUR ZAHIRAH,SMK PEMAISURI NUR ZAHIRAH Bus Stop,5.807231,102.583128,08:50:00,,,
KOTA BHARU - KAMPUNG RAJA VIA TOK BALI,myBas,MRSM KOTA PUTERA,MRSM KOTA PUTERA Bus Stop,5.803114,102.590747,08:52:00,,,
KOTA BHARU - KAMPUNG RAJA VIA TOK BALI,myBas,IPG SULTAN MIZAN,IPG SULTAN MIZAN Bus Stop,5.80125,102.594108,08:53:00,,,
KOTA BHARU - KAMPUNG RAJA VIA TOK BALI,myBas,PINTU MASUK POLITEKNIK BESUT,PINTU MASUK POLITEKNIK BESUT Bus Stop,5.794036,102.598939,08:55:00,,,
KOTA BHARU - KAMPUNG RAJA VIA TOK BALI,myBas,ASRAMA,ASRAMA Bus Stop,5.796503,102.598358,08:56:00,,,
KOTA BHARU - KAMPUNG RAJA VIA TOK BALI,myBas,POLITEKNIK BESUT,POLITEKNIK BESUT Bus Stop,5.794694,102.598472,08:57:00,,,
KOTA BHARU - KAMPUNG RAJA VIA TOK BALI,myBas,WISMA PERSEKUTUAN,WISMA PERSEKUTUAN Bus Stop,6.121678,102.246194,08:54:00,,,
KOTA BHARU - KAMPUNG RAJA VIA TOK BALI,myBas,JALAN BAYAM 1 / KPJ PERDANA,JALAN BAYAM 1 / KPJ PERDANA Bus Stop,6.121633,102.248514,08:55:00,,,
KOTA BHARU - KAMPUNG RAJA VIA TOK BALI,myBas,STADIUM SULTAN MUHAMMAD IV,STADIUM SULTAN MUHAMMAD IV Bus Stop,6.123992,102.242006,08:56:00,,,
KOTA BHARU - KAMPUNG RAJA VIA TOK BALI,myBas,SK PADANG GARONG,SK PADANG GARONG Bus Stop,6.125139,102.240944,08:57:00,,,
KOTA BHARU - KAMPUNG RAJA VIA TOK BALI,myBas,KELANTAN STATE MUSEUM,KELANTAN STATE MUSEUM Bus Stop,6.125153,102.238242,08:58:00,,,
KOTA BHARU - KUALA KRAI VIA MACHANG,myBas,STESEN BAS KOTA BHARU,STESEN BAS KOTA BHARU Bus Stop,6.128142,102.239464,07:30:00,,,
KOTA BHARU - KUALA KRAI VIA MACHANG,myBas,PADANG GARONG,PADANG GARONG Bus Stop,6.126106,102.242122,07:31:00,,,
KOTA BHARU - KUALA KRAI VIA MACHANG,myBas,SK PADANG GARONG,SK PADANG GARONG Bus Stop,6.125139,102.240944,07:32:00,,,
KOTA BHARU - KUALA KRAI VIA MACHANG,myBas,KELANTAN STATE MUSEUM,KELANTAN STATE MUSEUM Bus Stop,6.125153,102.238242,07:33:00,,,
KOTA BHARU - KUALA KRAI VIA MACHANG,myBas,BAZAR TOK GURU,BAZAR TOK GURU Bus Stop,6.122772,102.238867,07:34:00,,,
KOTA BHARU - KUALA KRAI VIA MACHANG,myBas,PEJABAT POS KOTA BHARU,PEJABAT POS KOTA BHARU Bus Stop,6.121731,102.239672,07:35:00,,,
KOTA BHARU - KUALA KRAI VIA MACHANG,myBas,RESIDENSI TROIKA,RESIDENSI TROIKA Bus Stop,6.119722,102.240775,07:36:00,,,
KOTA BHARU - KUALA KRAI VIA MACHANG,myBas,KB MALL,KB MALL Bus Stop,6.118192,102.241778,07:37:00,,,
KOTA BHARU - KUALA KRAI VIA MACHANG,myBas,KEDIAMAN IMIGRESEN,KEDIAMAN IMIGRESEN Bus Stop,6.116031,102.24235,07:38:00,,,
KOTA BHARU - KUALA KRAI VIA MACHANG,myBas,PEJABAT PERIKANAN,PEJABAT PERIKANAN Bus Stop,6.112972,102.242119,07:39:00,,,
KOTA BHARU - KUALA KRAI VIA MACHANG,myBas,JKR NEGERI KELANTAN,JKR NEGERI KELANTAN Bus Stop,6.110972,102.241778,07:40:00,,,
KOTA BHARU - KUALA KRAI VIA MACHANG,myBas,PETRONAS JALAN KUALA KRAI,PETRONAS JALAN KUALA KRAI Bus Stop,6.107222,102.240983,07:41:00,,,
KOTA BHARU - KUALA KRAI VIA MACHANG,myBas,BATU 2,BATU 2 Bus Stop,6.104586,102.240436,07:42:00,,,
KOTA BHARU - KUALA KRAI VIA MACHANG,myBas,KG BUNUT PAYONG 1,KG BUNUT PAYONG 1 Bus Stop,6.099453,102.240244,07:43:00,,,
KOTA BHARU - KUALA KRAI VIA MACHANG,myBas,KG BUNUT PAYONG 2,KG BUNUT PAYONG 2 Bus Stop,6.096431,102.239833,07:44:00,,,
KOTA BHARU - KUALA KRAI VIA MACHANG,myBas,BATU 3,BATU 3 Bus Stop,6.091614,102.239017,07:45:00,,,
KOTA BHARU - KUALA KRAI VIA MACHANG,myBas,WISMA SERI NILAM WAKAF CHE YEH,WISMA SERI NILAM WAKAF CHE YEH Bus Stop,6.088078,102.238694,07:46:00,,,
KOTA BHARU - KUALA KRAI VIA MACHANG,myBas,WAKAF CHE YEH,WAKAF CHE YEH Bus Stop,6.086647,102.238697,07:47:00,,,
KOTA BHARU - KUALA KRAI VIA MACHANG,myBas,MASJID AL TARBIYAH AL ISLAMIYAH,MASJID AL TARBIYAH AL ISLAMIYAH Bus Stop,6.083181,102.238631,07:48:00,,,
KOTA BHARU - KUALA KRAI VIA MACHANG,myBas,BATU 4 TUNJUNG,BATU 4 TUNJUNG Bus Stop,6.076147,102.238478,07:50:00,,,
KOTA BHARU - KUALA KRAI VIA MACHANG,myBas,MYDIN TUNJUNG,MYDIN TUNJUNG Bus Stop,6.070794,102.238472,07:51:00,,,
KOTA BHARU - KUALA KRAI VIA MACHANG,myBas,G ORANGE MALL,G ORANGE MALL Bus Stop,6.066519,102.238392,07:52:00,,,
KOTA BHARU - KUALA KRAI VIA MACHANG,myBas,JABATAN PENDIDIKAN NEGERI KELANTAN,JABATAN PENDIDIKAN NEGERI KELANTAN Bus Stop,6.062744,102.238319,07:53:00,,,
KOTA BHARU - KUALA KRAI VIA MACHANG,myBas,TUNJUNG,TUNJUNG Bus Stop,6.05505,102.238339,07:54:00,,,
KOTA BHARU - KUALA KRAI VIA MACHANG,myBas,MASJID MUKIM TUNJUNG,MASJID MUKIM TUNJUNG Bus Stop,6.052189,102.238231,07:55:00,,,
KOTA BHARU - KUALA KRAI VIA MACHANG,myBas,PASARAYA PKT TUNJUNG,PASARAYA PKT TUNJUNG Bus Stop,6.045006,102.238181,07:56:00,,,
KOTA BHARU - KUALA KRAI VIA MACHANG,myBas,KEDAI MULONG 1,KEDAI MULONG 1 Bus Stop,6.037647,102.238094,07:57:00,,,
KOTA BHARU - KUALA KRAI VIA MACHANG,myBas,KEDAI MULONG 2,KEDAI MULONG 2 Bus Stop,6.035778,102.238342,07:58:00,,,
KOTA BHARU - KUALA KRAI VIA MACHANG,myBas,MASJID AL FALAH,MASJID AL FALAH Bus Stop,6.030747,102.239994,07:59:00,,,
KOTA BHARU - KUALA KRAI VIA MACHANG,myBas,NILAM PURI,NILAM PURI Bus Stop,6.026603,102.240725,08:00:00,,,
KOTA BHARU - KUALA KRAI VIA MACHANG,myBas,MASJID BATU 8,MASJID BATU 8 Bus Stop,6.017717,102.240989,08:02:00,,,
KOTA BHARU - KUALA KRAI VIA MACHANG,myBas,KG BERANGAN,KG BERANGAN Bus Stop,6.007894,102.242569,08:04:00,,,
KOTA BHARU - KUALA KRAI VIA MACHANG,myBas,KADA KADOK,KADA KADOK Bus Stop,6.001572,102.244219,08:05:00,,,
KOTA BHARU - KUALA KRAI VIA MACHANG,myBas,MASJID KADOK,MASJID KADOK Bus Stop,5.99755,102.245258,08:06:00,,,
KOTA BHARU - KUALA KRAI VIA MACHANG,myBas,PUSAT KHIDMAT DUN KADOK,PUSAT KHIDMAT DUN KADOK Bus Stop,5.995275,102.245767,08:07:00,,,
KOTA BHARU - KUALA KRAI VIA MACHANG,myBas,SMK KADOK,SMK KADOK Bus Stop,5.992672,102.246478,08:08:00,,,
KOTA BHARU - KUALA KRAI VIA MACHANG,myBas,KG KADOK,KG KADOK Bus Stop,5.991739,102.246728,08:09:00,,,
KOTA BHARU - KUALA KRAI VIA MACHANG,myBas,BATU 10 LORONG HJ MUSTAFAR,BATU 10 LORONG HJ MUSTAFAR Bus Stop,5.986972,102.247872,08:10:00,,,
KOTA BHARU - KUALA KRAI VIA MACHANG,myBas,BATU 11 JLN PENGKALAN BUT,BATU 11 JLN PENGKALAN BUT Bus Stop,5.980192,102.249672,08:11:00,,,
KOTA BHARU - KUALA KRAI VIA MACHANG,myBas,MASJID BATU 11,MASJID BATU 11 Bus Stop,5.976528,102.250019,08:12:00,,,
KOTA BHARU - KUALA KRAI VIA MACHANG,myBas,TALI AIR BATU 11,TALI AIR BATU 11 Bus Stop,5.972986,102.249953,08:13:00,,,
KOTA BHARU - KUALA KRAI VIA MACHANG,myBas,BOMBA KETEREH,BOMBA KETEREH Bus Stop,5.966,102.250539,08:14:00,,,
KOTA BHARU - KUALA KRAI VIA MACHANG,myBas,PEJABAT POS KETEREH,PEJABAT POS KETEREH Bus Stop,5.959711,102.250386,08:15:00,,,
KOTA BHARU - KUALA KRAI VIA MACHANG,myBas,KEDAI KETEREH,KEDAI KETEREH Bus Stop,5.9574,102.249808,08:16:00,,,
KOTA BHARU - KUALA KRAI VIA MACHANG,myBas,STESEN BAS KETEREH,STESEN BAS KETEREH Bus Stop,5.955072,102.249253,08:17:00,,,
KOTA BHARU - KUALA KRAI VIA MACHANG,myBas,CABANG TOK AKIL,CABANG TOK AKIL Bus Stop,5.950289,102.248594,08:18:00,,,
KOTA BHARU - KUALA KRAI VIA MACHANG,myBas,SMK KETEREH,SMK KETEREH Bus Stop,5.945831,102.247494,08:19:00,,,
KOTA BHARU - KUALA KRAI VIA MACHANG,myBas,KG DENDANG,KG DENDANG Bus Stop,5.939939,102.246472,08:20:00,,,
KOTA BHARU - KUALA KRAI VIA MACHANG,myBas,TERMINAL BAS EKSPRES KOK LANAS,TERMINAL BAS EKSPRES KOK LANAS Bus Stop,5.930658,102.245892,08:22:00,,,
KOTA BHARU - KUALA KRAI VIA MACHANG,myBas,KOK LANAS,KOK LANAS Bus Stop,5.92715,102.245725,08:23:00,,,
KOTA BHARU - KUALA KRAI VIA MACHANG,myBas,KK KOK LANAS,KK KOK LANAS Bus Stop,5.922444,102.245119,08:24:00,,,
KOTA BHARU - KUALA KRAI VIA MACHANG,myBas,ECONJAYA KOK LANAS,ECONJAYA KOK LANAS Bus Stop,5.920822,102.244969,08:25:00,,,
KOTA BHARU - KUALA KRAI VIA MACHANG,myBas,MASJID KOK LANAS,MASJID KOK LANAS Bus Stop,5.918089,102.245039,08:26:00,,,
KOTA BHARU - KUALA KRAI VIA MACHANG,myBas,KFC KOK LANAS,KFC KOK LANAS Bus Stop,5.915328,102.24505,08:27:00,,,
KOTA BHARU - KUALA KRAI VIA MACHANG,myBas,SK KOK LANAS,SK KOK LANAS Bus Stop,5.911106,102.245197,08:28:00,,,
KOTA BHARU - KUALA KRAI VIA MACHANG,myBas,PETRONAS KOK LANAS,PETRONAS KOK LANAS Bus Stop,5.909478,102.245183,08:29:00,,,
KOTA BHARU - KUALA KRAI VIA MACHANG,myBas,ARKED MARA KOK LANAS,ARKED MARA KOK LANAS Bus Stop,5.906442,102.245222,08:30:00,,,
KOTA BHARU - KUALA KRAI VIA MACHANG,myBas,KEM DESA KOK LANAS,KEM DESA KOK LANAS Bus Stop,5.900742,102.246417,08:31:00,,,
KOTA BHARU - KUALA KRAI VIA MACHANG,myBas,BUKIT CINA,BUKIT CINA Bus Stop,5.897336,102.247317,08:32:00,,,
KOTA BHARU - KUALA KRAI VIA MACHANG,myBas,MERBAU CHONDONG,MERBAU CHONDONG Bus Stop,5.879978,102.241628,08:35:00,,,
KOTA BHARU - KUALA KRAI VIA MACHANG,myBas,MASJID PULAI CHONDONG,MASJID PULAI CHONDONG Bus Stop,5.874736,102.235181,08:36:00,,,
KOTA BHARU - KUALA KRAI VIA MACHANG,myBas,KK PULAI CHONDONG,KK PULAI CHONDONG Bus Stop,5.872261,102.232353,08:37:00,,,
KOTA BHARU - KUALA KRAI VIA MACHANG,myBas,PASAR PULAI CHONDONG,PASAR PULAI CHONDONG Bus Stop,5.871331,102.231269,08:38:00,,,
KOTA BHARU - KUALA KRAI VIA MACHANG,myBas,PULAI CHONDONG,PULAI CHONDONG Bus Stop,5.869103,102.229247,08:39:00,,,
KOTA BHARU - KUALA KRAI VIA MACHANG,myBas,PANGKAL GONG,PANGKAL GONG Bus Stop,5.863317,102.227944,08:40:00,,,
KOTA BHARU - KUALA KRAI VIA MACHANG,myBas,SMK ABDUL SAMAD,SMK ABDUL SAMAD Bus Stop,5.858125,102.226497,08:41:00,,,
KOTA BHARU - KUALA KRAI VIA MACHANG,myBas,MASJID TOK BOK,MASJID TOK BOK Bus Stop,5.842603,102.226286,08:43:00,,,
KOTA BHARU - KUALA KRAI VIA MACHANG,myBas,JPJ LABOK,JPJ LABOK Bus Stop,5.833433,102.225644,08:45:00,,,
KOTA BHARU - KUALA KRAI VIA MACHANG,myBas,KLINIK KESIHATAN LABOK,KLINIK KESIHATAN LABOK Bus Stop,5.831394,102.225767,08:46:00,,,
KOTA BHARU - KUALA KRAI VIA MACHANG,myBas,SMK SAINS LABOK,SMK SAINS LABOK Bus Stop,5.825386,102.225103,08:47:00,,,
KOTA BHARU - KUALA KRAI VIA MACHANG,myBas,MASJID UBUDIAH BATU 23,MASJID UBUDIAH BATU 23 Bus Stop,5.813472,102.224908,08:49:00,,,
KOTA BHARU - KUALA KRAI VIA MACHANG,myBas,BUKIT BELAH 1,BUKIT BELAH 1 Bus Stop,5.807508,102.227042,08:50:00,,,
KOTA BHARU - KUALA KRAI VIA MACHANG,myBas,BUKIT BELAH 2,BUKIT BELAH 2 Bus Stop,5.801825,102.2269,08:51:00,,,
KOTA BHARU - KUALA KRAI VIA MACHANG,myBas,BUKIT BELAH 3,BUKIT BELAH 3 Bus Stop,5.797417,102.223833,08:52:00,,,
KOTA BHARU - KUALA KRAI VIA MACHANG,myBas,JPJ BATU 25,JPJ BATU 25 Bus Stop,5.790017,102.220233,08:53:00,,,
KOTA BHARU - KUALA KRAI VIA MACHANG,myBas,TERMINAL BAS EKSPRES MACHANG,TERMINAL BAS EKSPRES MACHANG Bus Stop,5.786397,102.217019,08:54:00,,,
KOTA BHARU - KUALA KRAI VIA MACHANG,myBas,SMK MACHANG,SMK MACHANG Bus Stop,5.778414,102.216136,08:55:00,,,
KOTA BHARU - KUALA KRAI VIA MACHANG,myBas,STESEN BAS MACHANG,STESEN BAS MACHANG Bus Stop,5.765419,102.220672,08:58:00,,,
KOTA BHARU - KUALA KRAI VIA MACHANG,myBas,BOMBA MACHANG,BOMBA MACHANG Bus Stop,5.761217,102.215297,09:00:00,,,
KOTA BHARU - KUALA KRAI VIA MACHANG,myBas,KEMUNING,KEMUNING Bus Stop,5.745928,102.212864,09:03:00,,,
KOTA BHARU - KUALA KRAI VIA MACHANG,myBas,PANGKAL PETAI,PANGKAL PETAI Bus Stop,5.727569,102.212856,09:06:00,,,
KOTA BHARU - KUALA KRAI VIA MACHANG,myBas,AIR HIJAU,AIR HIJAU Bus Stop,5.717939,102.21325,09:08:00,,,
KOTA BHARU - KUALA KRAI VIA MACHANG,myBas,BATU 30,BATU 30 Bus Stop,5.712431,102.211036,09:09:00,,,
KOTA BHARU - KUALA KRAI VIA MACHANG,myBas,KK BATU 30,KK BATU 30 Bus Stop,5.710094,102.210331,09:10:00,,,
KOTA BHARU - KUALA KRAI VIA MACHANG,myBas,BATU 31,BATU 31 Bus Stop,5.699325,102.210106,09:12:00,,,
KOTA BHARU - KUALA KRAI VIA MACHANG,myBas,SMK SERI INTAN KAMPUNG PEK,SMK SERI INTAN KAMPUNG PEK Bus Stop,5.690481,102.212344,09:14:00,,,
KOTA BHARU - KUALA KRAI VIA MACHANG,myBas,SK KAMPUNG PEK,SK KAMPUNG PEK Bus Stop,5.688806,102.212794,09:15:00,,,
KOTA BHARU - KUALA KRAI VIA MACHANG,myBas,LALOK,LALOK Bus Stop,5.678803,102.210992,09:17:00,,,
KOTA BHARU - KUALA KRAI VIA MACHANG,myBas,BANGGOL KULIM BALAISAH,BANGGOL KULIM BALAISAH Bus Stop,5.669528,102.211758,09:19:00,,,
KOTA BHARU - KUALA KRAI VIA MACHANG,myBas,KG TELEKONG,KG TELEKONG Bus Stop,5.661389,102.211383,09:20:00,,,
KOTA BHARU - KUALA KRAI VIA MACHANG,myBas,KK KEROH,KK KEROH Bus Stop,5.635358,102.205833,09:23:00,,,
KOTA BHARU - KUALA KRAI VIA MACHANG,myBas,SMK KEROH,SMK KEROH Bus Stop,5.630403,102.205386,09:24:00,,,
KOTA BHARU - KUALA KRAI VIA MACHANG,myBas,SIMPANG PASIR GAJAH,SIMPANG PASIR GAJAH Bus Stop,5.626261,102.202128,09:25:00,,,
KOTA BHARU - KUALA KRAI VIA MACHANG,myBas,MASJID LAMA KG KEROH,MASJID LAMA KG KEROH Bus Stop,5.623303,102.199242,09:26:00,,,
KOTA BHARU - KUALA KRAI VIA MACHANG,myBas,BUKIT SIREH 1,BUKIT SIREH 1 Bus Stop,5.612275,102.192519,09:28:00,,,
KOTA BHARU - KUALA KRAI VIA MACHANG,myBas,BUKIT SIREH 2,BUKIT SIREH 2 Bus Stop,5.60565,102.190869,09:29:00,,,
KOTA BHARU - KUALA KRAI VIA MACHANG,myBas,BATU JONG,BATU JONG Bus Stop,5.597339,102.193739,09:31:00,,,
KOTA BHARU - KUALA KRAI VIA MACHANG,myBas,SUNGAI DURIAN 1,SUNGAI DURIAN 1 Bus Stop,5.567489,102.200569,09:35:00,,,
KOTA BHARU - KUALA KRAI VIA MACHANG,myBas,SUNGAI DURIAN 2,SUNGAI DURIAN 2 Bus Stop,5.562197,102.200975,09:36:00,,,
KOTA BHARU - KUALA KRAI VIA MACHANG,myBas,SMK KUALA KRAI,SMK KUALA KRAI Bus Stop,5.558603,102.200781,09:37:00,,,
KOTA BHARU - KUALA KRAI VIA MACHANG,myBas,GUCHIL 1,GUCHIL 1 Bus Stop,5.550611,102.200708,09:38:00,,,
KOTA BHARU - KUALA KRAI VIA MACHANG,myBas,GUCHIL 2,GUCHIL 2 Bus Stop,5.547056,102.20045,09:39:00,,,
KOTA BHARU - KUALA KRAI VIA MACHANG,myBas,ZOO KUALA KRAI,ZOO KUALA KRAI Bus Stop,5.537242,102.198533,09:41:00,,,
KOTA BHARU - KUALA KRAI VIA MACHANG,myBas,PASAR KUALA KRAI,PASAR KUALA KRAI Bus Stop,5.533089,102.199044,09:42:00,,,
KOTA BHARU - KUALA KRAI VIA MACHANG,myBas,KTM KUALA KRAI,KTM KUALA KRAI Bus Stop,5.530114,102.202664,09:43:00,,,
KOTA BHARU - KUALA KRAI VIA MACHANG,myBas,STESEN BAS KUALA KRAI,STESEN BAS KUALA KRAI Bus Stop,5.530528,102.201883,09:44:00,,,
KOTA BHARU - UITM MACHANG,myBas,STESEN BAS KOTA BHARU,STESEN BAS KOTA BHARU Bus Stop,6.128142,102.239464,07:00:00,,,
KOTA BHARU - UITM MACHANG,myBas,PADANG GARONG,PADANG GARONG Bus Stop,6.126106,102.242122,07:01:00,,,
KOTA BHARU - UITM MACHANG,myBas,SK PADANG GARONG,SK PADANG GARONG Bus Stop,6.125139,102.240944,07:02:00,,,
KOTA BHARU - UITM MACHANG,myBas,KELANTAN STATE MUSEUM,KELANTAN STATE MUSEUM Bus Stop,6.125153,102.238242,07:03:00,,,
KOTA BHARU - UITM MACHANG,myBas,BAZAR TOK GURU,BAZAR TOK GURU Bus Stop,6.122772,102.238867,07:04:00,,,
KOTA BHARU - UITM MACHANG,myBas,PEJABAT POS KOTA BHARU,PEJABAT POS KOTA BHARU Bus Stop,6.121731,102.239672,07:05:00,,,
KOTA BHARU - UITM MACHANG,myBas,RESIDENSI TROIKA,RESIDENSI TROIKA Bus Stop,6.119722,102.240775,07:06:00,,,
KOTA BHARU - UITM MACHANG,myBas,KB MALL,KB MALL Bus Stop,6.118192,102.241778,07:07:00,,,
KOTA BHARU - UITM MACHANG,myBas,KEDIAMAN IMIGRESEN,KEDIAMAN IMIGRESEN Bus Stop,6.116031,102.24235,07:08:00,,,
KOTA BHARU - UITM MACHANG,myBas,PEJABAT PERIKANAN,PEJABAT PERIKANAN Bus Stop,6.112972,102.242119,07:09:00,,,
KOTA BHARU - UITM MACHANG,myBas,JKR NEGERI KELANTAN,JKR NEGERI KELANTAN Bus Stop,6.110972,102.241778,07:10:00,,,
KOTA BHARU - UITM MACHANG,myBas,PETRONAS JALAN KUALA KRAI,PETRONAS JALAN KUALA KRAI Bus Stop,6.107222,102.240983,07:11:00,,,
KOTA BHARU - UITM MACHANG,myBas,BATU 2,BATU 2 Bus Stop,6.104586,102.240436,07:12:00,,,
KOTA BHARU - UITM MACHANG,myBas,KG BUNUT PAYONG 1,KG BUNUT PAYONG 1 Bus Stop,6.099453,102.240244,07:13:00,,,
KOTA BHARU - UITM MACHANG,myBas,KG BUNUT PAYONG 2,KG BUNUT PAYONG 2 Bus Stop,6.096431,102.239833,07:14:00,,,
KOTA BHARU - UITM MACHANG,myBas,BATU 3,BATU 3 Bus Stop,6.091614,102.239017,07:15:00,,,
KOTA BHARU - UITM MACHANG,myBas,WISMA SERI NILAM WAKAF CHE YEH,WISMA SERI NILAM WAKAF CHE YEH Bus Stop,6.088078,102.238694,07:16:00,,,
KOTA BHARU - UITM MACHANG,myBas,WAKAF CHE YEH,WAKAF CHE YEH Bus Stop,6.086647,102.238697,07:17:00,,,
KOTA BHARU - UITM MACHANG,myBas,MASJID AL TARBIYAH AL ISLAMIYAH,MASJID AL TARBIYAH AL ISLAMIYAH Bus Stop,6.083181,102.238631,07:18:00,,,
KOTA BHARU - UITM MACHANG,myBas,BATU 4 TUNJUNG,BATU 4 TUNJUNG Bus Stop,6.076147,102.238478,07:19:00,,,
KOTA BHARU - UITM MACHANG,myBas,MYDIN TUNJUNG,MYDIN TUNJUNG Bus Stop,6.070794,102.238472,07:21:00,,,
KOTA BHARU - UITM MACHANG,myBas,G ORANGE MALL,G ORANGE MALL Bus Stop,6.066519,102.238392,07:22:00,,,
KOTA BHARU - UITM MACHANG,myBas,JABATAN PENDIDIKAN NEGERI KELANTAN,JABATAN PENDIDIKAN NEGERI KELANTAN Bus Stop,6.062744,102.238319,07:23:00,,,
KOTA BHARU - UITM MACHANG,myBas,TUNJUNG,TUNJUNG Bus Stop,6.05505,102.238339,07:24:00,,,
KOTA BHARU - UITM MACHANG,myBas,MASJID MUKIM TUNJUNG,MASJID MUKIM TUNJUNG Bus Stop,6.052189,102.238231,07:25:00,,,
KOTA BHARU - UITM MACHANG,myBas,PASARAYA PKT TUNJUNG,PASARAYA PKT TUNJUNG Bus Stop,6.045006,102.238181,07:26:00,,,
KOTA BHARU - UITM MACHANG,myBas,KEDAI MULONG 1,KEDAI MULONG 1 Bus Stop,6.037647,102.238094,07:27:00,,,
KOTA BHARU - UITM MACHANG,myBas,KEDAI MULONG 2,KEDAI MULONG 2 Bus Stop,6.035778,102.238342,07:28:00,,,
KOTA BHARU - UITM MACHANG,myBas,MASJID AL FALAH,MASJID AL FALAH Bus Stop,6.030747,102.239994,07:29:00,,,
KOTA BHARU - UITM MACHANG,myBas,NILAM PURI,NILAM PURI Bus Stop,6.026603,102.240725,07:30:00,,,
KOTA BHARU - UITM MACHANG,myBas,KG BIAH,KG BIAH Bus Stop,6.021372,102.247056,07:32:00,,,
KOTA BHARU - UITM MACHANG,myBas,KG KUKANG,KG KUKANG Bus Stop,6.021053,102.255878,07:34:00,,,
KOTA BHARU - UITM MACHANG,myBas,SK PEROL,SK PEROL Bus Stop,6.018614,102.261733,07:35:00,,,
KOTA BHARU - UITM MACHANG,myBas,KG PEROL,KG PEROL Bus Stop,6.01705,102.264286,07:36:00,,,
KOTA BHARU - UITM MACHANG,myBas,KG PADANG TAMAN,KG PADANG TAMAN Bus Stop,6.016833,102.26775,07:37:00,,,
KOTA BHARU - UITM MACHANG,myBas,KG PADANG MURAH,KG PADANG MURAH Bus Stop,6.017597,102.273022,07:38:00,,,
KOTA BHARU - UITM MACHANG,myBas,CHABANG KG PANGKAL PISANG,CHABANG KG PANGKAL PISANG Bus Stop,6.017958,102.276081,07:39:00,,,
KOTA BHARU - UITM MACHANG,myBas,KG PADANG MENGKALI,KG PADANG MENGKALI Bus Stop,6.018592,102.281767,07:40:00,,,
KOTA BHARU - UITM MACHANG,myBas,TAMAN DESA PERINGAT,TAMAN DESA PERINGAT Bus Stop,6.014928,102.287547,07:42:00,,,
KOTA BHARU - UITM MACHANG,myBas,KG BECHAH KURA,KG BECHAH KURA Bus Stop,6.011706,102.288272,07:43:00,,,
KOTA BHARU - UITM MACHANG,myBas,KG MACHANG BUBUK,KG MACHANG BUBUK Bus Stop,6.005742,102.289189,07:44:00,,,
KOTA BHARU - UITM MACHANG,myBas,KG WAKAF TOK WALI,KG WAKAF TOK WALI Bus Stop,6.0017,102.289819,07:45:00,,,
KOTA BHARU - UITM MACHANG,myBas,SK PADANG KALA,SK PADANG KALA Bus Stop,5.993628,102.291311,07:46:00,,,
KOTA BHARU - UITM MACHANG,myBas,KG PADANG KALA,KG PADANG KALA Bus Stop,5.990486,102.291989,07:47:00,,,
KOTA BHARU - UITM MACHANG,myBas,MASJID IMANUL FAIZIN,MASJID IMANUL FAIZIN Bus Stop,5.986389,102.292733,07:48:00,,,
KOTA BHARU - UITM MACHANG,myBas,KG KUBANG TIN,KG KUBANG TIN Bus Stop,5.985103,102.292897,07:49:00,,,
KOTA BHARU - UITM MACHANG,myBas,MASJID AL MAGHFIRAH,MASJID AL MAGHFIRAH Bus Stop,5.980531,102.293836,07:50:00,,,
KOTA BHARU - UITM MACHANG,myBas,SMK MELOR,SMK MELOR Bus Stop,5.969503,102.295053,07:52:00,,,
KOTA BHARU - UITM MACHANG,myBas,MELOR 2,MELOR 2 Bus Stop,5.964308,102.294703,07:53:00,,,
KOTA BHARU - UITM MACHANG,myBas,KLINIK DESA MELOR,KLINIK DESA MELOR Bus Stop,5.963114,102.288758,07:54:00,,,
KOTA BHARU - UITM MACHANG,myBas,SK MELOR KG PADANG RAJA,SK MELOR KG PADANG RAJA Bus Stop,5.962656,102.285097,07:55:00,,,
KOTA BHARU - UITM MACHANG,myBas,SK BULOH POH,SK BULOH POH Bus Stop,5.962611,102.276258,07:57:00,,,
KOTA BHARU - UITM MACHANG,myBas,KG BULOH POH,KG BULOH POH Bus Stop,5.957483,102.264336,07:59:00,,,
KOTA BHARU - UITM MACHANG,myBas,KK KETEREH,KK KETEREH Bus Stop,5.957722,102.254583,08:01:00,,,
KOTA BHARU - UITM MACHANG,myBas,SK SERI KETEREH,SK SERI KETEREH Bus Stop,5.958081,102.251789,08:02:00,,,
KOTA BHARU - UITM MACHANG,myBas,KEDAI KETEREH,KEDAI KETEREH Bus Stop,5.9574,102.249808,08:03:00,,,
KOTA BHARU - UITM MACHANG,myBas,STESEN BAS KETEREH,STESEN BAS KETEREH Bus Stop,5.955072,102.249253,08:04:00,,,
KOTA BHARU - UITM MACHANG,myBas,CABANG TOK AKIL,CABANG TOK AKIL Bus Stop,5.950289,102.248594,08:05:00,,,
KOTA BHARU - UITM MACHANG,myBas,SMK KETEREH,SMK KETEREH Bus Stop,5.945831,102.247494,08:06:00,,,
KOTA BHARU - UITM MACHANG,myBas,KG DENDANG,KG DENDANG Bus Stop,5.939939,102.246472,08:07:00,,,
KOTA BHARU - UITM MACHANG,myBas,TERMINAL BAS EKSPRES KOK LANAS,TERMINAL BAS EKSPRES KOK LANAS Bus Stop,5.930658,102.245892,08:09:00,,,
KOTA BHARU - UITM MACHANG,myBas,KOK LANAS,KOK LANAS Bus Stop,5.92715,102.245725,08:10:00,,,
KOTA BHARU - UITM MACHANG,myBas,KK KOK LANAS,KK KOK LANAS Bus Stop,5.922444,102.245119,08:11:00,,,
KOTA BHARU - UITM MACHANG,myBas,ECONJAYA KOK LANAS,ECONJAYA KOK LANAS Bus Stop,5.920822,102.244969,08:12:00,,,
KOTA BHARU - UITM MACHANG,myBas,KG SETEK,KG SETEK Bus Stop,5.922539,102.257258,08:14:00,,,
KOTA BHARU - UITM MACHANG,myBas,KLINIK DESA BATU TINGGI,KLINIK DESA BATU TINGGI Bus Stop,5.923244,102.265939,08:16:00,,,
KOTA BHARU - UITM MACHANG,myBas,TAMAN MERBAU UTAMA,TAMAN MERBAU UTAMA Bus Stop,5.924125,102.282281,08:19:00,,,
KOTA BHARU - UITM MACHANG,myBas,KOLEJ MATRIKULASI KELANTAN,KOLEJ MATRIKULASI KELANTAN Bus Stop,5.925169,102.284486,08:20:00,,,
KOTA BHARU - UITM MACHANG,myBas,ECONJAYA KOK LANAS 2,ECONJAYA KOK LANAS 2 Bus Stop,5.920683,102.245108,08:25:00,,,
KOTA BHARU - UITM MACHANG,myBas,7-ELEVEN KOK LANAS,7-ELEVEN KOK LANAS Bus Stop,5.920639,102.243958,08:26:00,,,
KOTA BHARU - UITM MACHANG,myBas,MASJID AR-RAHMAN,MASJID AR-RAHMAN Bus Stop,5.920794,102.241231,08:27:00,,,
KOTA BHARU - UITM MACHANG,myBas,SMK KOK LANAS,SMK KOK LANAS Bus Stop,5.920853,102.239431,08:28:00,,,
KOTA BHARU - UITM MACHANG,myBas,POLITEKNIK KOTA BHARU,POLITEKNIK KOTA BHARU Bus Stop,5.922658,102.236186,08:29:00,,,
KOTA BHARU - UITM MACHANG,myBas,ECONJAYA KOK LANAS 3,ECONJAYA KOK LANAS 3 Bus Stop,5.920822,102.244969,08:31:00,,,
KOTA BHARU - UITM MACHANG,myBas,MASJID KOK LANAS,MASJID KOK LANAS Bus Stop,5.918089,102.245039,08:32:00,,,
KOTA BHARU - UITM MACHANG,myBas,KFC KOK LANAS,KFC KOK LANAS Bus Stop,5.915328,102.24505,08:33:00,,,
KOTA BHARU - UITM MACHANG,myBas,SK KOK LANAS,SK KOK LANAS Bus Stop,5.911106,102.245197,08:34:00,,,
KOTA BHARU - UITM MACHANG,myBas,PETRONAS KOK LANAS,PETRONAS KOK LANAS Bus Stop,5.909478,102.245183,08:35:00,,,
KOTA BHARU - UITM MACHANG,myBas,ARKED MARA KOK LANAS,ARKED MARA KOK LANAS Bus Stop,5.906442,102.245222,08:36:00,,,
KOTA BHARU - UITM MACHANG,myBas,KEM DESA KOK LANAS,KEM DESA KOK LANAS Bus Stop,5.900742,102.246417,08:37:00,,,
KOTA BHARU - UITM MACHANG,myBas,BUKIT CINA,BUKIT CINA Bus Stop,5.897336,102.247317,08:38:00,,,
KOTA BHARU - UITM MACHANG,myBas,MERBAU CHONDONG,MERBAU CHONDONG Bus Stop,5.879978,102.241628,08:41:00,,,
KOTA BHARU - UITM MACHANG,myBas,MASJID PULAI CHONDONG,MASJID PULAI CHONDONG Bus Stop,5.874736,102.235181,08:43:00,,,
KOTA BHARU - UITM MACHANG,myBas,KK PULAI CHONDONG,KK PULAI CHONDONG Bus Stop,5.872261,102.232353,08:44:00,,,
KOTA BHARU - UITM MACHANG,myBas,PASAR PULAI CHONDONG,PASAR PULAI CHONDONG Bus Stop,5.871331,102.231269,08:45:00,,,
KOTA BHARU - UITM MACHANG,myBas,PULAI CHONDONG,PULAI CHONDONG Bus Stop,5.869103,102.229247,08:46:00,,,
KOTA BHARU - UITM MACHANG,myBas,PANGKAL GONG,PANGKAL GONG Bus Stop,5.863317,102.227944,08:47:00,,,
KOTA BHARU - UITM MACHANG,myBas,SMK ABDUL SAMAD,SMK ABDUL SAMAD Bus Stop,5.858125,102.226497,08:48:00,,,
KOTA BHARU - UITM MACHANG,myBas,MASJID TOK BOK,MASJID TOK BOK Bus Stop,5.842603,102.226286,08:50:00,,,
KOTA BHARU - UITM MACHANG,myBas,JPJ LABOK,JPJ LABOK Bus Stop,5.833433,102.225644,08:52:00,,,
KOTA BHARU - UITM MACHANG,myBas,KLINIK KESIHATAN LABOK,KLINIK KESIHATAN LABOK Bus Stop,5.831394,102.225767,08:53:00,,,
KOTA BHARU - UITM MACHANG,myBas,SMK SAINS LABOK,SMK SAINS LABOK Bus Stop,5.825386,102.225103,08:54:00,,,
KOTA BHARU - UITM MACHANG,myBas,MASJID UBUDIAH BATU 23,MASJID UBUDIAH BATU 23 Bus Stop,5.813472,102.224908,08:56:00,,,
KOTA BHARU - UITM MACHANG,myBas,BUKIT BELAH 1,BUKIT BELAH 1 Bus Stop,5.807508,102.227042,08:57:00,,,
KOTA BHARU - UITM MACHANG,myBas,BUKIT BELAH 2,BUKIT BELAH 2 Bus Stop,5.801825,102.2269,08:58:00,,,
KOTA BHARU - UITM MACHANG,myBas,BUKIT BELAH 3,BUKIT BELAH 3 Bus Stop,5.797417,102.223833,08:59:00,,,
KOTA BHARU - UITM MACHANG,myBas,JPJ BATU 25,JPJ BATU 25 Bus Stop,5.790017,102.220233,09:00:00,,,
KOTA BHARU - UITM MACHANG,myBas,TERMINAL BAS EKSPRES MACHANG,TERMINAL BAS EKSPRES MACHANG Bus Stop,5.786397,102.217019,09:01:00,,,
KOTA BHARU - UITM MACHANG,myBas,SMK MACHANG,SMK MACHANG Bus Stop,5.778414,102.216136,09:03:00,,,
KOTA BHARU - UITM MACHANG,myBas,STESEN BAS MACHANG,STESEN BAS MACHANG Bus Stop,5.765419,102.220672,09:06:00,,,
KOTA BHARU - UITM MACHANG,myBas,HOSPITAL MACHANG,HOSPITAL MACHANG Bus Stop,5.763033,102.225828,09:09:00,,,
KOTA BHARU - UITM MACHANG,myBas,PADANG SELISING,PADANG SELISING Bus Stop,5.762461,102.231031,09:10:00,,,
KOTA BHARU - UITM MACHANG,myBas,SK BUKIT TIU 1,SK BUKIT TIU 1 Bus Stop,5.760606,102.242525,09:12:00,,,
KOTA BHARU - UITM MACHANG,myBas,SK BUKIT TIU 2,SK BUKIT TIU 2 Bus Stop,5.760467,102.243242,09:13:00,,,
KOTA BHARU - UITM MACHANG,myBas,SIMPANG BUKIT BAKAR,SIMPANG BUKIT BAKAR Bus Stop,5.758767,102.245744,09:14:00,,,
KOTA BHARU - UITM MACHANG,myBas,UITM MACHANG,UITM MACHANG Bus Stop,5.757014,102.273483,09:18:00,,,
KOTA BHARU - UITM MACHANG,myBas,BAHAGIAN FASILITI,BAHAGIAN FASILITI Bus Stop,5.757497,102.275578,09:19:00,,,
KOTA BHARU - UITM MACHANG,myBas,FAKULTI PERAKUANAN,FAKULTI PERAKUANAN Bus Stop,5.758394,102.277081,09:20:00,,,
KOTA BHARU - UITM MACHANG,myBas,HENTIAN BAS 1,HENTIAN BAS 1 Bus Stop,5.762814,102.278325,09:21:00,,,
KOTA BHARU - UITM MACHANG,myBas,KOMPLEKS SUKAN,KOMPLEKS SUKAN Bus Stop,5.764158,102.277264,09:22:00,,,
KOTA BHARU - UITM MACHANG,myBas,HENTIAN BAS 2,HENTIAN BAS 2 Bus Stop,5.764978,102.276142,09:23:00,,,
KOTA BHARU - UITM MACHANG,myBas,HENTIAN BAS 3,HENTIAN BAS 3 Bus Stop,5.763175,102.2749,09:24:00,,,
KOTA BHARU - UITM MACHANG,myBas,HENTIAN BAS 4,HENTIAN BAS 4 Bus Stop,5.762392,102.275169,09:25:00,,,
KOTA BHARU - UITM MACHANG,myBas,DEWAN PROFESIONAL,DEWAN PROFESIONAL Bus Stop,5.760861,102.274456,09:26:00,,,
KOTA BHARU - UITM MACHANG,myBas,HENTIAN BAS 5,HENTIAN BAS 5 Bus Stop,5.760603,102.273872,09:27:00,,,
KOTA BHARU - UITM MACHANG,myBas,KOLEJ TUNKU ABDUL RAHMAN,KOLEJ TUNKU ABDUL RAHMAN Bus Stop,5.758842,102.27375,09:28:00,,,
KOTA BHARU - UITM MACHANG,myBas,PUSAT ISLAM UITM MACHANG,PUSAT ISLAM UITM MACHANG Bus Stop,5.759383,102.273064,09:29:00,,,
KOTA BHARU - GUA MUSANG,myBas,STESEN BAS KOTA BHARU,STESEN BAS KOTA BHARU Bus Stop,6.128142,102.239464,08:00:00,,,
KOTA BHARU - GUA MUSANG,myBas,PADANG GARONG,PADANG GARONG Bus Stop,6.126106,102.242122,08:01:00,,,
KOTA BHARU - GUA MUSANG,myBas,SK PADANG GARONG,SK PADANG GARONG Bus Stop,6.125139,102.240944,08:02:00,,,
KOTA BHARU - GUA MUSANG,myBas,KELANTAN STATE MUSEUM,KELANTAN STATE MUSEUM Bus Stop,6.125153,102.238242,08:03:00,,,
KOTA BHARU - GUA MUSANG,myBas,BAZAR TOK GURU,BAZAR TOK GURU Bus Stop,6.122772,102.238867,08:04:00,,,
KOTA BHARU - GUA MUSANG,myBas,PEJABAT POS KOTA BHARU,PEJABAT POS KOTA BHARU Bus Stop,6.121731,102.239672,08:05:00,,,
KOTA BHARU - GUA MUSANG,myBas,RESIDENSI TROIKA,RESIDENSI TROIKA Bus Stop,6.119722,102.240775,08:06:00,,,
KOTA BHARU - GUA MUSANG,myBas,KB MALL,KB MALL Bus Stop,6.118192,102.241778,08:07:00,,,
KOTA BHARU - GUA MUSANG,myBas,KEDIAMAN IMIGRESEN,KEDIAMAN IMIGRESEN Bus Stop,6.116031,102.24235,08:08:00,,,
KOTA BHARU - GUA MUSANG,myBas,PEJABAT PERIKANAN,PEJABAT PERIKANAN Bus Stop,6.112972,102.242119,08:09:00,,,
KOTA BHARU - GUA MUSANG,myBas,JKR NEGERI KELANTAN,JKR NEGERI KELANTAN Bus Stop,6.110972,102.241778,08:10:00,,,
KOTA BHARU - GUA MUSANG,myBas,PETRONAS JALAN KUALA KRAI,PETRONAS JALAN KUALA KRAI Bus Stop,6.107222,102.240983,08:11:00,,,
KOTA BHARU - GUA MUSANG,myBas,BATU 2,BATU 2 Bus Stop,6.104586,102.240436,08:12:00,,,
KOTA BHARU - GUA MUSANG,myBas,KG BUNUT PAYONG 1,KG BUNUT PAYONG 1 Bus Stop,6.099453,102.240244,08:13:00,,,
KOTA BHARU - GUA MUSANG,myBas,KG BUNUT PAYONG 2,KG BUNUT PAYONG 2 Bus Stop,6.096431,102.239833,08:14:00,,,
KOTA BHARU - GUA MUSANG,myBas,BATU 3,BATU 3 Bus Stop,6.091614,102.239017,08:15:00,,,
KOTA BHARU - GUA MUSANG,myBas,WISMA SERI NILAM WAKAF CHE YEH,WISMA SERI NILAM WAKAF CHE YEH Bus Stop,6.088078,102.238694,08:16:00,,,
KOTA BHARU - GUA MUSANG,myBas,WAKAF CHE YEH,WAKAF CHE YEH Bus Stop,6.086647,102.238697,08:17:00,,,
KOTA BHARU - GUA MUSANG,myBas,MASJID AL TARBIYAH AL ISLAMIYAH,MASJID AL TARBIYAH AL ISLAMIYAH Bus Stop,6.083181,102.238631,08:18:00,,,
KOTA BHARU - GUA MUSANG,myBas,BATU 4 TUNJUNG,BATU 4 TUNJUNG Bus Stop,6.076147,102.238478,08:19:00,,,
KOTA BHARU - GUA MUSANG,myBas,MYDIN TUNJUNG,MYDIN TUNJUNG Bus Stop,6.070794,102.238472,08:21:00,,,
KOTA BHARU - GUA MUSANG,myBas,G ORANGE MALL,G ORANGE MALL Bus Stop,6.066519,102.238392,08:22:00,,,
KOTA BHARU - GUA MUSANG,myBas,JABATAN PENDIDIKAN NEGERI KELANTAN,JABATAN PENDIDIKAN NEGERI KELANTAN Bus Stop,6.062744,102.238319,08:23:00,,,
KOTA BHARU - GUA MUSANG,myBas,TUNJUNG,TUNJUNG Bus Stop,6.05505,102.238339,08:24:00,,,
KOTA BHARU - GUA MUSANG,myBas,MASJID MUKIM TUNJUNG,MASJID MUKIM TUNJUNG Bus Stop,6.052189,102.238231,08:25:00,,,
KOTA BHARU - GUA MUSANG,myBas,PASARAYA PKT TUNJUNG,PASARAYA PKT TUNJUNG Bus Stop,6.045006,102.238181,08:26:00,,,
KOTA BHARU - GUA MUSANG,myBas,KEDAI MULONG 1,KEDAI MULONG 1 Bus Stop,6.037647,102.238094,08:27:00,,,
KOTA BHARU - GUA MUSANG,myBas,KEDAI MULONG 2,KEDAI MULONG 2 Bus Stop,6.035778,102.238342,08:28:00,,,
KOTA BHARU - GUA MUSANG,myBas,MASJID AL FALAH,MASJID AL FALAH Bus Stop,6.030747,102.239994,08:29:00,,,
KOTA BHARU - GUA MUSANG,myBas,NILAM PURI,NILAM PURI Bus Stop,6.026603,102.240725,08:30:00,,,
KOTA BHARU - GUA MUSANG,myBas,MASJID BATU 8,MASJID BATU 8 Bus Stop,6.017717,102.240989,08:32:00,,,
KOTA BHARU - GUA MUSANG,myBas,KG BERANGAN,KG BERANGAN Bus Stop,6.007894,102.242569,08:34:00,,,
KOTA BHARU - GUA MUSANG,myBas,KADA KADOK,KADA KADOK Bus Stop,6.001572,102.244219,08:35:00,,,
KOTA BHARU - GUA MUSANG,myBas,MASJID KADOK,MASJID KADOK Bus Stop,5.99755,102.245258,08:36:00,,,
KOTA BHARU - GUA MUSANG,myBas,PUSAT KHIDMAT DUN KADOK,PUSAT KHIDMAT DUN KADOK Bus Stop,5.995275,102.245767,08:37:00,,,
KOTA BHARU - GUA MUSANG,myBas,SMK KADOK,SMK KADOK Bus Stop,5.992672,102.246478,08:38:00,,,
KOTA BHARU - GUA MUSANG,myBas,KG KADOK,KG KADOK Bus Stop,5.991739,102.246728,08:39:00,,,
KOTA BHARU - GUA MUSANG,myBas,BATU 10 LORONG HJ MUSTAFAR,BATU 10 LORONG HJ MUSTAFAR Bus Stop,5.986972,102.247872,08:41:00,,,
KOTA BHARU - GUA MUSANG,myBas,BATU 11 JLN PENGKALAN BUT,BATU 11 JLN PENGKALAN BUT Bus Stop,5.980192,102.249672,08:42:00,,,
KOTA BHARU - GUA MUSANG,myBas,MASJID BATU 11,MASJID BATU 11 Bus Stop,5.976528,102.250019,08:43:00,,,
KOTA BHARU - GUA MUSANG,myBas,TALI AIR BATU 11,TALI AIR BATU 11 Bus Stop,5.972986,102.249953,08:44:00,,,
KOTA BHARU - GUA MUSANG,myBas,BOMBA KETEREH,BOMBA KETEREH Bus Stop,5.966,102.250539,08:45:00,,,
KOTA BHARU - GUA MUSANG,myBas,PEJABAT POS KETEREH,PEJABAT POS KETEREH Bus Stop,5.959711,102.250386,08:46:00,,,
KOTA BHARU - GUA MUSANG,myBas,KEDAI KETEREH,KEDAI KETEREH Bus Stop,5.9574,102.249808,08:47:00,,,
KOTA BHARU - GUA MUSANG,myBas,STESEN BAS KETEREH,STESEN BAS KETEREH Bus Stop,5.955072,102.249253,08:48:00,,,
KOTA BHARU - GUA MUSANG,myBas,CABANG TOK AKIL,CABANG TOK AKIL Bus Stop,5.950289,102.248594,08:49:00,,,
KOTA BHARU - GUA MUSANG,myBas,SMK KETEREH,SMK KETEREH Bus Stop,5.945831,102.247494,08:50:00,,,
KOTA BHARU - GUA MUSANG,myBas,KG DENDANG,KG DENDANG Bus Stop,5.939939,102.246472,08:52:00,,,
KOTA BHARU - GUA MUSANG,myBas,TERMINAL BAS EKSPRES KOK LANAS,TERMINAL BAS EKSPRES KOK LANAS Bus Stop,5.930658,102.245892,08:54:00,,,
KOTA BHARU - GUA MUSANG,myBas,KOK LANAS,KOK LANAS Bus Stop,5.92715,102.245725,08:55:00,,,
KOTA BHARU - GUA MUSANG,myBas,KK KOK LANAS,KK KOK LANAS Bus Stop,5.922444,102.245119,08:56:00,,,
KOTA BHARU - GUA MUSANG,myBas,ECONJAYA KOK LANAS,ECONJAYA KOK LANAS Bus Stop,5.920822,102.244969,08:57:00,,,
KOTA BHARU - GUA MUSANG,myBas,MASJID KOK LANAS,MASJID KOK LANAS Bus Stop,5.918089,102.245039,08:58:00,,,
KOTA BHARU - GUA MUSANG,myBas,KFC KOK LANAS,KFC KOK LANAS Bus Stop,5.915328,102.24505,08:59:00,,,
KOTA BHARU - GUA MUSANG,myBas,SK KOK LANAS,SK KOK LANAS Bus Stop,5.911106,102.245197,09:00:00,,,
KOTA BHARU - GUA MUSANG,myBas,PETRONAS KOK LANAS,PETRONAS KOK LANAS Bus Stop,5.909478,102.245183,09:01:00,,,
KOTA BHARU - GUA MUSANG,myBas,ARKED MARA KOK LANAS,ARKED MARA KOK LANAS Bus Stop,5.906442,102.245222,09:02:00,,,
KOTA BHARU - GUA MUSANG,myBas,KEM DESA KOK LANAS,KEM DESA KOK LANAS Bus Stop,5.900742,102.246417,09:03:00,,,
KOTA BHARU - GUA MUSANG,myBas,BUKIT CINA,BUKIT CINA Bus Stop,5.897336,102.247317,09:04:00,,,
KOTA BHARU - GUA MUSANG,myBas,MERBAU CHONDONG,MERBAU CHONDONG Bus Stop,5.879978,102.241628,09:07:00,,,
KOTA BHARU - GUA MUSANG,myBas,MASJID PULAI CHONDONG,MASJID PULAI CHONDONG Bus Stop,5.874736,102.235181,09:08:00,,,
KOTA BHARU - GUA MUSANG,myBas,KK PULAI CHONDONG,KK PULAI CHONDONG Bus Stop,5.872261,102.232353,09:09:00,,,
KOTA BHARU - GUA MUSANG,myBas,PASAR PULAI CHONDONG,PASAR PULAI CHONDONG Bus Stop,5.871331,102.231269,09:10:00,,,
KOTA BHARU - GUA MUSANG,myBas,PULAI CHONDONG,PULAI CHONDONG Bus Stop,5.869103,102.229247,09:11:00,,,
KOTA BHARU - GUA MUSANG,myBas,PANGKAL GONG,PANGKAL GONG Bus Stop,5.863317,102.227944,09:12:00,,,
KOTA BHARU - GUA MUSANG,myBas,SMK ABDUL SAMAD,SMK ABDUL SAMAD Bus Stop,5.858125,102.226497,09:13:00,,,
KOTA BHARU - GUA MUSANG,myBas,MASJID TOK BOK,MASJID TOK BOK Bus Stop,5.842603,102.226286,09:15:00,,,
KOTA BHARU - GUA MUSANG,myBas,JPJ LABOK,JPJ LABOK Bus Stop,5.833433,102.225644,09:17:00,,,
KOTA BHARU - GUA MUSANG,myBas,KLINIK KESIHATAN LABOK,KLINIK KESIHATAN LABOK Bus Stop,5.831394,102.225767,09:18:00,,,
KOTA BHARU - GUA MUSANG,myBas,SMK SAINS LABOK,SMK SAINS LABOK Bus Stop,5.825386,102.225103,09:19:00,,,
KOTA BHARU - GUA MUSANG,myBas,MASJID UBUDIAH BATU 23,MASJID UBUDIAH BATU 23 Bus Stop,5.813472,102.224908,09:21:00,,,
KOTA BHARU - GUA MUSANG,myBas,BUKIT BELAH 1,BUKIT BELAH 1 Bus Stop,5.807508,102.227042,09:22:00,,,
KOTA BHARU - GUA MUSANG,myBas,BUKIT BELAH 2,BUKIT BELAH 2 Bus Stop,5.801825,102.2269,09:23:00,,,
KOTA BHARU - GUA MUSANG,myBas,BUKIT BELAH 3,BUKIT BELAH 3 Bus Stop,5.797417,102.223833,09:24:00,,,
KOTA BHARU - GUA MUSANG,myBas,JPJ BATU 25,JPJ BATU 25 Bus Stop,5.790017,102.220233,09:26:00,,,
KOTA BHARU - GUA MUSANG,myBas,TERMINAL BAS EKSPRES MACHANG,TERMINAL BAS EKSPRES MACHANG Bus Stop,5.786397,102.217019,09:27:00,,,
KOTA BHARU - GUA MUSANG,myBas,SMK MACHANG,SMK MACHANG Bus Stop,5.778414,102.216136,09:29:00,,,
KOTA BHARU - GUA MUSANG,myBas,STESEN BAS MACHANG,STESEN BAS MACHANG Bus Stop,5.765419,102.220672,09:32:00,,,
KOTA BHARU - GUA MUSANG,myBas,BOMBA MACHANG,BOMBA MACHANG Bus Stop,5.761217,102.215297,09:34:00,,,
KOTA BHARU - GUA MUSANG,myBas,KEMUNING,KEMUNING Bus Stop,5.745928,102.212864,09:37:00,,,
KOTA BHARU - GUA MUSANG,myBas,PANGKAL PETAI,PANGKAL PETAI Bus Stop,5.727569,102.212856,09:40:00,,,
KOTA BHARU - GUA MUSANG,myBas,AIR HIJAU,AIR HIJAU Bus Stop,5.717939,102.21325,09:41:00,,,
KOTA BHARU - GUA MUSANG,myBas,BATU 30,BATU 30 Bus Stop,5.712431,102.211036,09:42:00,,,
KOTA BHARU - GUA MUSANG,myBas,KK BATU 30,KK BATU 30 Bus Stop,5.710094,102.210331,09:43:00,,,
KOTA BHARU - GUA MUSANG,myBas,BATU 31,BATU 31 Bus Stop,5.699325,102.210106,09:45:00,,,
KOTA BHARU - GUA MUSANG,myBas,SMK SERI INTAN KAMPUNG PEK,SMK SERI INTAN KAMPUNG PEK Bus Stop,5.690481,102.212344,09:47:00,,,
KOTA BHARU - GUA MUSANG,myBas,SK KAMPUNG PEK,SK KAMPUNG PEK Bus Stop,5.688806,102.212794,09:48:00,,,
KOTA BHARU - GUA MUSANG,myBas,LALOK,LALOK Bus Stop,5.678803,102.210992,09:50:00,,,
KOTA BHARU - GUA MUSANG,myBas,BANGGOL KULIM BALAISAH,BANGGOL KULIM BALAISAH Bus Stop,5.669528,102.211758,09:52:00,,,
KOTA BHARU - GUA MUSANG,myBas,KG TELEKONG,KG TELEKONG Bus Stop,5.661389,102.211383,09:55:00,,,
KOTA BHARU - GUA MUSANG,myBas,KK KEROH,KK KEROH Bus Stop,5.635358,102.205833,09:58:00,,,
KOTA BHARU - GUA MUSANG,myBas,SMK KEROH,SMK KEROH Bus Stop,5.630403,102.205386,09:59:00,,,
KOTA BHARU - GUA MUSANG,myBas,SIMPANG PASIR GAJAH,SIMPANG PASIR GAJAH Bus Stop,5.626261,102.202128,10:00:00,,,
KOTA BHARU - GUA MUSANG,myBas,MASJID LAMA KG KEROH,MASJID LAMA KG KEROH Bus Stop,5.623303,102.199242,10:01:00,,,
KOTA BHARU - GUA MUSANG,myBas,BUKIT SIREH 1,BUKIT SIREH 1 Bus Stop,5.612275,102.192519,10:03:00,,,
KOTA BHARU - GUA MUSANG,myBas,BUKIT SIREH 2,BUKIT SIREH 2 Bus Stop,5.60565,102.190869,10:04:00,,,
KOTA BHARU - GUA MUSANG,myBas,BATU JONG,BATU JONG Bus Stop,5.597339,102.193739,10:06:00,,,
KOTA BHARU - GUA MUSANG,myBas,SUNGAI DURIAN 1,SUNGAI DURIAN 1 Bus Stop,5.567489,102.200569,10:10:00,,,
KOTA BHARU - GUA MUSANG,myBas,SUNGAI DURIAN 2,SUNGAI DURIAN 2 Bus Stop,5.562197,102.200975,10:11:00,,,
KOTA BHARU - GUA MUSANG,myBas,SMK KUALA KRAI,SMK KUALA KRAI Bus Stop,5.558603,102.200781,10:12:00,,,
KOTA BHARU - GUA MUSANG,myBas,GUCHIL 1,GUCHIL 1 Bus Stop,5.550611,102.200708,10:13:00,,,
KOTA BHARU - GUA MUSANG,myBas,GUCHIL 2,GUCHIL 2 Bus Stop,5.547056,102.20045,10:14:00,,,
KOTA BHARU - GUA MUSANG,myBas,ZOO KUALA KRAI,ZOO KUALA KRAI Bus Stop,5.537242,102.198533,10:16:00,,,
KOTA BHARU - GUA MUSANG,myBas,PASAR KUALA KRAI,PASAR KUALA KRAI Bus Stop,5.533089,102.199044,10:17:00,,,
KOTA BHARU - GUA MUSANG,myBas,KTM KUALA KRAI,KTM KUALA KRAI Bus Stop,5.530114,102.202664,10:18:00,,,
KOTA BHARU - GUA MUSANG,myBas,HENTIAN STESEN BAS KUALA KRAI,HENTIAN STESEN BAS KUALA KRAI Bus Stop,5.530528,102.201883,10:19:00,,,
KOTA BHARU - GUA MUSANG,myBas,HENTIAN BAS EKSPRES KUALA KRAI,HENTIAN BAS EKSPRES KUALA KRAI Bus Stop,5.541222,102.204164,10:22:00,,,
KOTA BHARU - GUA MUSANG,myBas,DESKOH,DESKOH Bus Stop,5.532525,102.210539,10:24:00,,,
KOTA BHARU - GUA MUSANG,myBas,KOLEJ VOKASIONAL KUALA KERAI,KOLEJ VOKASIONAL KUALA KERAI Bus Stop,5.526892,102.211808,10:25:00,,,
KOTA BHARU - GUA MUSANG,myBas,DAMAR,DAMAR Bus Stop,5.519728,102.216256,10:27:00,,,
KOTA BHARU - GUA MUSANG,myBas,MRSM Kuala Krai,MRSM Kuala Krai Bus Stop,5.505361,102.219906,10:29:00,,,
KOTA BHARU - GUA MUSANG,myBas,HOSPITAL SULTAN ISMAIL PETRA KUALA KRAI,HOSPITAL SULTAN ISMAIL PETRA KUALA KRAI Bus Stop,5.497497,102.222439,10:31:00,,,
KOTA BHARU - GUA MUSANG,myBas,KK PAHI,KK PAHI Bus Stop,5.485575,102.222564,10:33:00,,,
KOTA BHARU - GUA MUSANG,myBas,SMK PAHI,SMK PAHI Bus Stop,5.480197,102.222581,10:34:00,,,
KOTA BHARU - GUA MUSANG,myBas,MASJID MUKIM PAHI,MASJID MUKIM PAHI Bus Stop,5.471206,102.223733,10:36:00,,,
KOTA BHARU - GUA MUSANG,myBas,SK PERIA,SK PERIA Bus Stop,5.431947,102.24415,10:42:00,,,
KOTA BHARU - GUA MUSANG,myBas,SIMPANG PERIA,SIMPANG PERIA Bus Stop,5.426575,102.248536,10:43:00,,,
KOTA BHARU - GUA MUSANG,myBas,KK PERIA / CHUCOH PUTERI,KK PERIA / CHUCOH PUTERI Bus Stop,5.409719,102.251667,10:46:00,,,
KOTA BHARU - GUA MUSANG,myBas,SIMPANG CHUCOH PUTERI,SIMPANG CHUCOH PUTERI Bus Stop,5.407878,102.2503,10:47:00,,,
KOTA BHARU - GUA MUSANG,myBas,MASJID LEPAN JENUT,MASJID LEPAN JENUT Bus Stop,5.402339,102.245033,10:48:00,,,
KOTA BHARU - GUA MUSANG,myBas,KG TANJUNG BATU MANIK URAI,KG TANJUNG BATU MANIK URAI Bus Stop,5.395086,102.240219,10:50:00,,,
KOTA BHARU - GUA MUSANG,myBas,MANIK URAI LAMA 2,MANIK URAI LAMA 2 Bus Stop,5.383914,102.248075,10:52:00,,,
KOTA BHARU - GUA MUSANG,myBas,MANIK URAI BARU,MANIK URAI BARU Bus Stop,5.379217,102.247747,10:53:00,,,
KOTA BHARU - GUA MUSANG,myBas,PASAR MANIK URAI BARU,PASAR MANIK URAI BARU Bus Stop,5.378006,102.247367,10:54:00,,,
KOTA BHARU - GUA MUSANG,myBas,LALOH,LALOH Bus Stop,5.310781,102.280344,11:04:00,,,
KOTA BHARU - GUA MUSANG,myBas,SK LELA JASA,SK LELA JASA Bus Stop,5.294553,102.270256,11:07:00,,,
KOTA BHARU - GUA MUSANG,myBas,SIMPANG SG SAM,SIMPANG SG SAM Bus Stop,5.249942,102.255233,11:13:00,,,
KOTA BHARU - GUA MUSANG,myBas,SG BAYU,SG BAYU Bus Stop,5.140689,102.236667,11:28:00,,,
KOTA BHARU - GUA MUSANG,myBas,PONDOK SG BAYU,PONDOK SG BAYU Bus Stop,5.116844,102.230689,11:31:00,,,
KOTA BHARU - GUA MUSANG,myBas,LADANG SERASA,LADANG SERASA Bus Stop,5.096817,102.224111,11:34:00,,,
KOTA BHARU - GUA MUSANG,myBas,PEJABAT OPERASI KESEDAR PALOH,PEJABAT OPERASI KESEDAR PALOH Bus Stop,5.014203,102.227497,11:44:00,,,
KOTA BHARU - GUA MUSANG,myBas,PALOH,PALOH Bus Stop,4.998125,102.231419,11:46:00,,,
KOTA BHARU - GUA MUSANG,myBas,CHIKU 3,CHIKU 3 Bus Stop,4.970617,102.205475,11:52:00,,,
KOTA BHARU - GUA MUSANG,myBas,CHIKU 2,CHIKU 2 Bus Stop,4.932553,102.181508,11:58:00,,,
KOTA BHARU - GUA MUSANG,myBas,CHIKU 1,CHIKU 1 Bus Stop,4.915419,102.168272,12:01:00,,,
KOTA BHARU - GUA MUSANG,myBas,SUNGAI ASAP,SUNGAI ASAP Bus Stop,4.956492,102.081336,12:16:00,,,
KOTA BHARU - GUA MUSANG,myBas,RENOK BARU,RENOK BARU Bus Stop,4.955114,102.065228,12:19:00,,,
KOTA BHARU - GUA MUSANG,myBas,KTM GUA MUSANG,KTM GUA MUSANG Bus Stop,4.877697,101.965253,12:35:00,,,
KOTA BHARU - GUA MUSANG,myBas,STESEN BAS GUA MUSANG,STESEN BAS GUA MUSANG Bus Stop,4.862017,101.959461,12:38:00,,,
KOTA BHARU - GUA MUSANG,myBas,HOSPITAL GUA MUSANG,HOSPITAL GUA MUSANG Bus Stop,4.860461,101.955136,12:39:00,,,
KOTA BHARU - GUA MUSANG,myBas,HENTIAN GUA MUSANG,HENTIAN GUA MUSANG Bus Stop,4.826603,101.963406,12:45:00,,,
KUALA TERENGGANU - CITY FEEDER,myBas,HENTIAN BAS MAJLIS PERBANDARAN KUALA TERENGGANU 1,HENTIAN BAS MAJLIS PERBANDARAN KUALA TERENGGANU 1 Bus Stop,5.3319649,103.1378691,06:30:00,,,
KUALA TERENGGANU - CITY FEEDER,myBas,FLAT SRI KOLAM,FLAT SRI KOLAM Bus Stop,5.33354,103.1412277,06:31:00,,,
KUALA TERENGGANU - CITY FEEDER,myBas,KOLEJ KOMUNITI KUALA TERENGGANU,KOLEJ KOMUNITI KUALA TERENGGANU Bus Stop,5.3309706,103.1426197,06:32:00,,,
KUALA TERENGGANU - CITY FEEDER,myBas,WISMA DARUL IMAN,WISMA DARUL IMAN Bus Stop,5.3294174,103.1415759,06:33:00,,,
KUALA TERENGGANU - CITY FEEDER,myBas,JALAN PEJABAT,JALAN PEJABAT Bus Stop,5.3282373,103.1436998,06:34:00,,,
KUALA TERENGGANU - CITY FEEDER,myBas,SK LADANG,SK LADANG Bus Stop,5.3303588,103.1475752,06:35:00,,,
KUALA TERENGGANU - CITY FEEDER,myBas,HOTEL TANJONG VISTA,HOTEL TANJONG VISTA Bus Stop,5.3331583,103.1480499,06:36:00,,,
KUALA TERENGGANU - CITY FEEDER,myBas,HOTEL GRAND CONTINENTAL,HOTEL GRAND CONTINENTAL Bus Stop,5.3347551,103.1464061,06:38:00,,,
KUALA TERENGGANU - CITY FEEDER,myBas,EMPORIUM HOCK KEE SENG BARU,EMPORIUM HOCK KEE SENG BARU Bus Stop,5.336367,103.142744,06:39:00,,,
KUALA TERENGGANU - CITY FEEDER,myBas,DATARAN SHAHBANDAR,DATARAN SHAHBANDAR Bus Stop,5.3369857,103.1397412,06:48:00,,,
KUALA TERENGGANU - CITY FEEDER,myBas,PASAR BESAR KEDAI PAYANG,PASAR BESAR KEDAI PAYANG Bus Stop,5.3367781,103.1364344,06:49:00,,,
KUALA TERENGGANU - CITY FEEDER,myBas,JALAN BANGGUL,JALAN BANGGUL Bus Stop,5.333747,103.1352899,06:50:00,,,
KUALA TERENGGANU - CITY FEEDER,myBas,JALAN KAMPUNG TIONG,JALAN KAMPUNG TIONG Bus Stop,5.3322931,103.1345354,06:51:00,,,
KUALA TERENGGANU - CITY FEEDER,myBas,HOTEL SERI MALAYSIA,HOTEL SERI MALAYSIA Bus Stop,5.3309036,103.1326628,06:52:00,,,
KUALA TERENGGANU - CITY FEEDER,myBas,POLITEKNIK KUALA TERENGGANU,POLITEKNIK KUALA TERENGGANU Bus Stop,5.3299948,103.136074,06:53:00,,,
KUALA TERENGGANU - CITY FEEDER,myBas,YAYASAN TERENGGANU,YAYASAN TERENGGANU Bus Stop,5.3291939,103.1386021,06:54:00,,,
KUALA TERENGGANU - CITY FEEDER,myBas,STADIUM SULTAN ISMAIL NASSIRUDIN SHAH,STADIUM SULTAN ISMAIL NASSIRUDIN SHAH Bus Stop,5.3288232,103.1398256,06:55:00,,,
KUALA TERENGGANU - CITY FEEDER,myBas,JABATAN PESAKIT LUAR,JABATAN PESAKIT LUAR Bus Stop,5.3256695,103.1495737,06:56:00,,,
KUALA TERENGGANU - CITY FEEDER,myBas,STADIUM NEGERI,STADIUM NEGERI Bus Stop,5.3245149,103.1498626,06:58:00,,,
KUALA TERENGGANU - CITY FEEDER,myBas,HOSPITAL SULTANAH NUR ZAHIRAH,HOSPITAL SULTANAH NUR ZAHIRAH Bus Stop,5.3246217,103.149826,07:00:00,,,
KUALA TERENGGANU - CITY FEEDER,myBas,PUSAT RAWATAN IBU DAN BAYI,PUSAT RAWATAN IBU DAN BAYI Bus Stop,5.3257939,103.1526816,07:02:00,,,
KUALA TERENGGANU - CITY FEEDER,myBas,PANTAI BATU BUROK,PANTAI BATU BUROK Bus Stop,5.3243005,103.1540232,07:04:00,,,
KUALA TERENGGANU - CITY FEEDER,myBas,DATARAN PANTAI BATU BUROK,DATARAN PANTAI BATU BUROK Bus Stop,5.3229145,103.1546306,07:06:00,,,
KUALA TERENGGANU - CITY FEEDER,myBas,MEDAN SELERA BATU BUROK,MEDAN SELERA BATU BUROK Bus Stop,5.319688,103.1546897,07:09:00,,,
KUALA TERENGGANU - CITY FEEDER,myBas,KUALA TERENGGANU SPECIALIST HOSPITAL,KUALA TERENGGANU SPECIALIST HOSPITAL Bus Stop,5.318922,103.153372,07:12:00,,,
KUALA TERENGGANU - CITY FEEDER,myBas,SMA KHAIRIAH JALAN SULTAN MOHAMAD,SMA KHAIRIAH JALAN SULTAN MOHAMAD Bus Stop,5.3147041,103.1441175,07:15:00,,,
KUALA TERENGGANU - CITY FEEDER,myBas,KLINIK KESIHATAN HILIRAN,KLINIK KESIHATAN HILIRAN Bus Stop,5.3145971,103.1365916,07:18:00,,,
KUALA TERENGGANU - CITY FEEDER,myBas,JABATAN PEN NEGERI TERENGGANU,JABATAN PEN NEGERI TERENGGANU Bus Stop,5.3158228,103.1353045,07:20:00,,,
KUALA TERENGGANU - CITY FEEDER,myBas,SABASUN 1,SABASUN 1 Bus Stop,5.3159938,103.1344531,07:22:00,,,
KUALA TERENGGANU - CITY FEEDER,myBas,JPJ KUALA TERENGGANU,JPJ KUALA TERENGGANU Bus Stop,5.3140692,103.1323981,07:24:00,,,
KUALA TERENGGANU - CITY FEEDER,myBas,KWSP KUALA TERENGGANU,KWSP KUALA TERENGGANU Bus Stop,5.3129037,103.1298565,07:27:00,,,
KUALA TERENGGANU - CITY FEEDER,myBas,GIANT KUALA TERENNGANU,GIANT KUALA TERENNGANU Bus Stop,5.3113473,103.12874,07:30:00,,,
KUALA TERENGGANU - CITY FEEDER,myBas,WISMA PELADANG KUALA TERENGGANU,WISMA PELADANG KUALA TERENGGANU Bus Stop,5.309587,103.129684,07:33:00,,,
KUALA TERENGGANU - CITY FEEDER,myBas,MYDIN KUALA TERENGGANU,MYDIN KUALA TERENGGANU Bus Stop,5.3121054,103.1311467,07:36:00,,,
KUALA TERENGGANU - CITY FEEDER,myBas,SMKJC CHONG HWA WEI SENG,SMKJC CHONG HWA WEI SENG Bus Stop,5.317975,103.133569,07:39:00,,,
KUALA TERENGGANU - CITY FEEDER,myBas,KKIA JALAN AIR JERNIH,KKIA JALAN AIR JERNIH Bus Stop,5.328148,103.1351875,07:41:00,,,
KUALA TERENGGANU - CITY FEEDER,myBas,HENTIAN BAS MAJLIS PERBANDARAN KUALA TERENGGANU 2,HENTIAN BAS MAJLIS PERBANDARAN KUALA TERENGGANU 2 Bus Stop,5.3321424,103.1378055,07:42:00,,,
KUALA TERENGGANU - JETI MERANG,myBas,HENTIAN BAS MAJLIS PERBANDARAN KUALA TERENGGANU 1,HENTIAN BAS MAJLIS PERBANDARAN KUALA TERENGGANU 1 Bus Stop,5.3319649,103.1378691,06:00:00,,,
KUALA TERENGGANU - JETI MERANG,myBas,COSMOPOINT,COSMOPOINT Bus Stop,5.329586,103.138019,06:02:00,,,
KUALA TERENGGANU - JETI MERANG,myBas,SMKJC CHONG HWA WEI SENG,SMKJC CHONG HWA WEI SENG Bus Stop,5.317975,103.133569,06:04:00,,,
KUALA TERENGGANU - JETI MERANG,myBas,JPJ KUALA TERENGGANU,JPJ KUALA TERENGGANU Bus Stop,5.3140692,103.1323981,06:06:00,,,
KUALA TERENGGANU - JETI MERANG,myBas,KLINIK DESA PULAU DUYONG,KLINIK DESA PULAU DUYONG Bus Stop,5.3295278,103.1230934,06:08:00,,,
KUALA TERENGGANU - JETI MERANG,myBas,KAMPUNG BUKIT TUMBUH,KAMPUNG BUKIT TUMBUH Bus Stop,5.3395008,103.1160265,06:09:00,,,
KUALA TERENGGANU - JETI MERANG,myBas,KAMPUNG BANGGUL PAUH,KAMPUNG BANGGUL PAUH Bus Stop,5.346936,103.117206,06:10:00,,,
KUALA TERENGGANU - JETI MERANG,myBas,KAMPUNG BUKIT TOK BENG,KAMPUNG BUKIT TOK BENG Bus Stop,5.3534679,103.1169144,06:11:00,,,
KUALA TERENGGANU - JETI MERANG,myBas,SRK BUKIT TOK BENG,SRK BUKIT TOK BENG Bus Stop,5.3554666,103.1183607,06:12:00,,,
KUALA TERENGGANU - JETI MERANG,myBas,SMK IBRAHIM FIKRI,SMK IBRAHIM FIKRI Bus Stop,5.3584663,103.1190498,06:13:00,,,
KUALA TERENGGANU - JETI MERANG,myBas,TAMAN SAMUDERA,TAMAN SAMUDERA Bus Stop,5.3615326,103.1175974,06:14:00,,,
KUALA TERENGGANU - JETI MERANG,myBas,KAMPUNG DUYUNG,KAMPUNG DUYUNG Bus Stop,5.3654868,103.1144091,06:15:00,,,
KUALA TERENGGANU - JETI MERANG,myBas,RESTORAN SRI AMAN SEAFOOD,RESTORAN SRI AMAN SEAFOOD Bus Stop,5.3681716,103.1127663,06:16:00,,,
KUALA TERENGGANU - JETI MERANG,myBas,KLINIK KESIHATAN SEBERANG TAKIR,KLINIK KESIHATAN SEBERANG TAKIR Bus Stop,5.3713272,103.1105309,06:17:00,,,
KUALA TERENGGANU - JETI MERANG,myBas,KEM ASKAR SEBERANG TAKIR,KEM ASKAR SEBERANG TAKIR Bus Stop,5.3741523,103.1086617,06:18:00,,,
KUALA TERENGGANU - JETI MERANG,myBas,LAPANGAN TERBANG SULTAN MAHMUD,LAPANGAN TERBANG SULTAN MAHMUD Bus Stop,5.376847,103.106686,06:19:00,,,
KUALA TERENGGANU - JETI MERANG,myBas,HOTEL TABUNG HAJI,HOTEL TABUNG HAJI Bus Stop,5.372377,103.1015977,06:20:00,,,
KUALA TERENGGANU - JETI MERANG,myBas,KOMPLEKS SUKAN NEGERI TERENGGANU,KOMPLEKS SUKAN NEGERI TERENGGANU Bus Stop,5.3699967,103.0987887,06:21:00,,,
KUALA TERENGGANU - JETI MERANG,myBas,SEKOLAH SUKAN MALAYSIA TERENGGANU,SEKOLAH SUKAN MALAYSIA TERENGGANU Bus Stop,5.3682912,103.0968086,06:22:00,,,
KUALA TERENGGANU - JETI MERANG,myBas,SABASUN 2,SABASUN 2 Bus Stop,5.3599226,103.098331,06:23:00,,,
KUALA TERENGGANU - JETI MERANG,myBas,KOLEJ VOKASIONAL WAKAF TEMBESU,KOLEJ VOKASIONAL WAKAF TEMBESU Bus Stop,5.358457,103.093736,06:24:00,,,
KUALA TERENGGANU - JETI MERANG,myBas,TAMAN SRI TEMUSU,TAMAN SRI TEMUSU Bus Stop,5.3585975,103.093592,06:25:00,,,
KUALA TERENGGANU - JETI MERANG,myBas,SM SAINS SULTAN MAHMUD,SM SAINS SULTAN MAHMUD Bus Stop,5.3609059,103.0921858,06:26:00,,,
KUALA TERENGGANU - JETI MERANG,myBas,SMK TEKNIK KUALA TERENGGANU,SMK TEKNIK KUALA TERENGGANU Bus Stop,5.3620959,103.0915932,06:27:00,,,
KUALA TERENGGANU - JETI MERANG,myBas,PETRONAS WAKAF BARU,PETRONAS WAKAF BARU Bus Stop,5.3650767,103.0896957,06:28:00,,,
KUALA TERENGGANU - JETI MERANG,myBas,TAMAN SRI JAYA,TAMAN SRI JAYA Bus Stop,5.3679921,103.08775,06:29:00,,,
KUALA TERENGGANU - JETI MERANG,myBas,TAMAN SETIA JAYA,TAMAN SETIA JAYA Bus Stop,5.3715408,103.0854283,06:30:00,,,
KUALA TERENGGANU - JETI MERANG,myBas,KAMPUNG BARU GONG BADAK,KAMPUNG BARU GONG BADAK Bus Stop,5.3757963,103.0841237,06:31:00,,,
KUALA TERENGGANU - JETI MERANG,myBas,EMPORIUM HOCK KEE SENG LAMA,EMPORIUM HOCK KEE SENG LAMA Bus Stop,5.381647,103.08154,06:32:00,,,
KUALA TERENGGANU - JETI MERANG,myBas,PERODUA GONG BADAK,PERODUA GONG BADAK Bus Stop,5.383787,103.0810702,06:33:00,,,
KUALA TERENGGANU - JETI MERANG,myBas,BALAI POLIS GONG BADAK,BALAI POLIS GONG BADAK Bus Stop,5.3875148,103.0803835,06:34:00,,,
KUALA TERENGGANU - JETI MERANG,myBas,TAMAN PERUMAHAN GONG BADAK 2,TAMAN PERUMAHAN GONG BADAK 2 Bus Stop,5.3916165,103.0810487,06:35:00,,,
KUALA TERENGGANU - JETI MERANG,myBas,TAMAN PERUMAHAN GONG BADAK 1,TAMAN PERUMAHAN GONG BADAK 1 Bus Stop,5.3936459,103.0817568,06:36:00,,,
KUALA TERENGGANU - JETI MERANG,myBas,UNISZA PINTU A,UNISZA PINTU A Bus Stop,5.3958188,103.0832662,06:37:00,,,
KUALA TERENGGANU - JETI MERANG,myBas,MASJID UNISZA / McDonalds,MASJID UNISZA / McDonalds Bus Stop,5.3979649,103.0845056,06:38:00,,,
KUALA TERENGGANU - JETI MERANG,myBas,KLINIK PAKAR UNISZA,KLINIK PAKAR UNISZA Bus Stop,5.3994675,103.0845678,06:39:00,,,
KUALA TERENGGANU - JETI MERANG,myBas,KUARTERS POLIS GONG BADAK,KUARTERS POLIS GONG BADAK Bus Stop,5.4050866,103.086274,06:40:00,,,
KUALA TERENGGANU - JETI MERANG,myBas,BULATAN KAMPUNG PAK TUYU,BULATAN KAMPUNG PAK TUYU Bus Stop,5.4083077,103.0845153,06:41:00,,,
KUALA TERENGGANU - JETI MERANG,myBas,UNISZA PINTU B,UNISZA PINTU B Bus Stop,5.409111,103.081594,06:42:00,,,
KUALA TERENGGANU - JETI MERANG,myBas,KAMPUNG GONG DATUK,KAMPUNG GONG DATUK Bus Stop,5.409608,103.07935,06:43:00,,,
KUALA TERENGGANU - JETI MERANG,myBas,KAMPUNG GONG PAK JIN,KAMPUNG GONG PAK JIN Bus Stop,5.4099865,103.077354,06:44:00,,,
KUALA TERENGGANU - JETI MERANG,myBas,KAMPUNG PADANG NENAS,KAMPUNG PADANG NENAS Bus Stop,5.4127349,103.0685383,06:45:00,,,
KUALA TERENGGANU - JETI MERANG,myBas,MASJID PADANG NENAS,MASJID PADANG NENAS Bus Stop,5.414397,103.06653,06:46:00,,,
KUALA TERENGGANU - JETI MERANG,myBas,BALAI POLIS MENGABANG TELIPOT,BALAI POLIS MENGABANG TELIPOT Bus Stop,5.415949,103.065411,06:47:00,,,
KUALA TERENGGANU - JETI MERANG,myBas,MRSM KUALA TERENGGANU / IPG BATU RAKIT,MRSM KUALA TERENGGANU / IPG BATU RAKIT Bus Stop,5.420218,103.062045,06:48:00,,,
KUALA TERENGGANU - JETI MERANG,myBas,SK KOMPLEKS MENGABANG TELIPOT,SK KOMPLEKS MENGABANG TELIPOT Bus Stop,5.4244691,103.0598691,06:49:00,,,
KUALA TERENGGANU - JETI MERANG,myBas,KLINIK KESIHATAN BATU RAKIT,KLINIK KESIHATAN BATU RAKIT Bus Stop,5.425862,103.058722,06:50:00,,,
KUALA TERENGGANU - JETI MERANG,myBas,TAMAN PERUMAHAN WAKAF TENGAH,TAMAN PERUMAHAN WAKAF TENGAH Bus Stop,5.4295183,103.0561542,06:51:00,,,
KUALA TERENGGANU - JETI MERANG,myBas,KAMPUNG MENGABANG TELONG 1,KAMPUNG MENGABANG TELONG 1 Bus Stop,5.432419,103.05467,06:52:00,,,
KUALA TERENGGANU - JETI MERANG,myBas,KAMPUNG MENGABANG TELONG 2,KAMPUNG MENGABANG TELONG 2 Bus Stop,5.4361025,103.0526757,06:53:00,,,
KUALA TERENGGANU - JETI MERANG,myBas,KAMPUNG TANJUNG BATU RAKIT,KAMPUNG TANJUNG BATU RAKIT Bus Stop,5.439148,103.051077,06:54:00,,,
KUALA TERENGGANU - JETI MERANG,myBas,TAMAN NIRWANA,TAMAN NIRWANA Bus Stop,5.439974,103.050634,06:55:00,,,
KUALA TERENGGANU - JETI MERANG,myBas,TAMAN DESA KAYANGAN,TAMAN DESA KAYANGAN Bus Stop,5.4443735,103.0482584,06:56:00,,,
KUALA TERENGGANU - JETI MERANG,myBas,KAMPUNG BATU RAKIT,KAMPUNG BATU RAKIT Bus Stop,5.446629,103.0466827,06:57:00,,,
KUALA TERENGGANU - JETI MERANG,myBas,SK BATU RAKIT,SK BATU RAKIT Bus Stop,5.4482691,103.0456496,06:58:00,,,
KUALA TERENGGANU - JETI MERANG,myBas,HUB BATU RAKIT,HUB BATU RAKIT Bus Stop,5.4493384,103.0450309,06:59:00,,,
KUALA TERENGGANU - JETI MERANG,myBas,BALAI POLIS BATU RAKIT,BALAI POLIS BATU RAKIT Bus Stop,5.4513033,103.0404911,07:00:00,,,
KUALA TERENGGANU - JETI MERANG,myBas,KLINIK DESA PANTAI KUALA NERUS,KLINIK DESA PANTAI KUALA NERUS Bus Stop,5.4520998,103.0394762,07:01:00,,,
KUALA TERENGGANU - JETI MERANG,myBas,KAMPUNG PENGKALAN ATAP 1,KAMPUNG PENGKALAN ATAP 1 Bus Stop,5.4533445,103.0385959,07:02:00,,,
KUALA TERENGGANU - JETI MERANG,myBas,SURAU PENGKALAN ATAP,SURAU PENGKALAN ATAP Bus Stop,5.4548669,103.0370704,07:03:00,,,
KUALA TERENGGANU - JETI MERANG,myBas,KAMPUNG PENGKALAN ATAP 2,KAMPUNG PENGKALAN ATAP 2 Bus Stop,5.4563132,103.0357313,07:04:00,,,
KUALA TERENGGANU - JETI MERANG,myBas,KAMPUNG PENGKALAN ATAP 3,KAMPUNG PENGKALAN ATAP 3 Bus Stop,5.4588849,103.0332058,07:05:00,,,
KUALA TERENGGANU - JETI MERANG,myBas,KAMPUNG PENGKALAN ATAP 4,KAMPUNG PENGKALAN ATAP 4 Bus Stop,5.4631029,103.0298273,07:06:00,,,
KUALA TERENGGANU - JETI MERANG,myBas,KAMPUNG MENGABANG LEKOR,KAMPUNG MENGABANG LEKOR Bus Stop,5.4641887,103.0283532,07:07:00,,,
KUALA TERENGGANU - JETI MERANG,myBas,SMK BATU RAKIT,SMK BATU RAKIT Bus Stop,5.464503,103.0265647,07:08:00,,,
KUALA TERENGGANU - JETI MERANG,myBas,SK PAGAR BESI,SK PAGAR BESI Bus Stop,5.4655318,103.0208435,07:09:00,,,
KUALA TERENGGANU - JETI MERANG,myBas,SBP INTEGRASI BATU RAKIT,SBP INTEGRASI BATU RAKIT Bus Stop,5.4681569,103.0172131,07:10:00,,,
KUALA TERENGGANU - JETI MERANG,myBas,INSTEP,INSTEP Bus Stop,5.4716761,103.0153165,07:11:00,,,
KUALA TERENGGANU - JETI MERANG,myBas,AKADEMI KEPIMPINAN GPMS,AKADEMI KEPIMPINAN GPMS Bus Stop,5.4798372,103.0106288,07:12:00,,,
KUALA TERENGGANU - JETI MERANG,myBas,KAMPUNG MENGABANG PANJANG,KAMPUNG MENGABANG PANJANG Bus Stop,5.4824751,103.0090302,07:13:00,,,
KUALA TERENGGANU - JETI MERANG,myBas,SEMPADAN SETIU,SEMPADAN SETIU Bus Stop,5.492994,102.9999982,07:14:00,,,
KUALA TERENGGANU - JETI MERANG,myBas,TERENGGANU ENDURANCE PARK,TERENGGANU ENDURANCE PARK Bus Stop,5.5026823,102.9907335,07:15:00,,,
KUALA TERENGGANU - JETI MERANG,myBas,SMK LEMBAH BIDONG,SMK LEMBAH BIDONG Bus Stop,5.5069754,102.9872252,07:16:00,,,
KUALA TERENGGANU - JETI MERANG,myBas,SK LEMBAH BIDONG,SK LEMBAH BIDONG Bus Stop,5.5112898,102.983631,07:17:00,,,
KUALA TERENGGANU - JETI MERANG,myBas,KAMPUNG RHU TAPAI,KAMPUNG RHU TAPAI Bus Stop,5.5140775,102.9813139,07:18:00,,,
KUALA TERENGGANU - JETI MERANG,myBas,RHU TAPAI,RHU TAPAI Bus Stop,5.5146319,102.9794989,07:19:00,,,
KUALA TERENGGANU - JETI MERANG,myBas,KAMPUNG LEMBAH BIDONG,KAMPUNG LEMBAH BIDONG Bus Stop,5.5125462,102.9728929,07:20:00,,,
KUALA TERENGGANU - JETI MERANG,myBas,KAMPUNG MERANG 1,KAMPUNG MERANG 1 Bus Stop,5.5136499,102.9692001,07:21:00,,,
KUALA TERENGGANU - JETI MERANG,myBas,KAMPUNG MERANG 2,KAMPUNG MERANG 2 Bus Stop,5.5237258,102.9608581,07:22:00,,,
KUALA TERENGGANU - JETI MERANG,myBas,LEMBAGA KENAF DAN TEMBAKAU NEGARA,LEMBAGA KENAF DAN TEMBAKAU NEGARA Bus Stop,5.528575,102.9577177,07:23:00,,,
KUALA TERENGGANU - JETI MERANG,myBas,SK MERANG,SK MERANG Bus Stop,5.530806,102.9562484,07:24:00,,,
KUALA TERENGGANU - JETI MERANG,myBas,HENTIAN BAS JETI MERANG,HENTIAN BAS JETI MERANG Bus Stop,5.533009,102.948605,07:25:00,,,
KUALA TERENGGANU - JETI MERANG,myBas,KKIA JALAN AIR JERNIH,KKIA JALAN AIR JERNIH Bus Stop,5.328148,103.1351875,07:33:00,,,
KUALA TERENGGANU - PASIR PANJANG - KG. LAUT - BUKIT PAYUNG,myBas,HENTIAN BAS MAJLIS PERBANDARAN KUALA TERENGGANU 1,HENTIAN BAS MAJLIS PERBANDARAN KUALA TERENGGANU 1 Bus Stop,5.3319649,103.1378691,06:00:00,,,
KUALA TERENGGANU - PASIR PANJANG - KG. LAUT - BUKIT PAYUNG,myBas,HENTIAN COSMOPOINT,HENTIAN COSMOPOINT Bus Stop,5.325687,103.137487,06:01:00,,,
KUALA TERENGGANU - PASIR PANJANG - KG. LAUT - BUKIT PAYUNG,myBas,HENTIAN JABATAN KIMIA,HENTIAN JABATAN KIMIA Bus Stop,5.320361,103.140017,06:02:00,,,
KUALA TERENGGANU - PASIR PANJANG - KG. LAUT - BUKIT PAYUNG,myBas,HENTIAN YAYASAN PEMBANGUNAN KELUARGA,HENTIAN YAYASAN PEMBANGUNAN KELUARGA Bus Stop,5.319984,103.143178,06:03:00,,,
KUALA TERENGGANU - PASIR PANJANG - KG. LAUT - BUKIT PAYUNG,myBas,HENTIAN SMA KHAIRIAH JALAN SULTAN OMAR,HENTIAN SMA KHAIRIAH JALAN SULTAN OMAR Bus Stop,5.316359,103.144833,06:04:00,,,
KUALA TERENGGANU - PASIR PANJANG - KG. LAUT - BUKIT PAYUNG,myBas,HENTIAN SMA KHAIRIAH JALAN SULTAN MOHAMAD,HENTIAN SMA KHAIRIAH JALAN SULTAN MOHAMAD Bus Stop,5.314546,103.143897,06:05:00,,,
KUALA TERENGGANU - PASIR PANJANG - KG. LAUT - BUKIT PAYUNG,myBas,HENTIAN SK GONG KAPAS (OPPOSITE),HENTIAN SK GONG KAPAS (OPPOSITE) Bus Stop,5.314232,103.143046,06:06:00,,,
KUALA TERENGGANU - PASIR PANJANG - KG. LAUT - BUKIT PAYUNG,myBas,HENTIAN KOMPLEKS BELIA DAN SUKAN,HENTIAN KOMPLEKS BELIA DAN SUKAN Bus Stop,5.312117,103.13977,06:07:00,,,
KUALA TERENGGANU - PASIR PANJANG - KG. LAUT - BUKIT PAYUNG,myBas,HENTIAN SK PUSAT BUKIT BESAR (OPPOSITE),HENTIAN SK PUSAT BUKIT BESAR (OPPOSITE) Bus Stop,5.309959,103.139552,06:08:00,,,
KUALA TERENGGANU - PASIR PANJANG - KG. LAUT - BUKIT PAYUNG,myBas,HENTIAN PASAR BUKIT BESAR,HENTIAN PASAR BUKIT BESAR Bus Stop,5.306218,103.139049,06:09:00,,,
KUALA TERENGGANU - PASIR PANJANG - KG. LAUT - BUKIT PAYUNG,myBas,HENTIAN SK TENGKU BARIAH (OPPOSITE),HENTIAN SK TENGKU BARIAH (OPPOSITE) Bus Stop,5.304103,103.138699,06:10:00,,,
KUALA TERENGGANU - PASIR PANJANG - KG. LAUT - BUKIT PAYUNG,myBas,HENTIAN SMK TENGKU BADARIAH (OPPOSITE),HENTIAN SMK TENGKU BADARIAH (OPPOSITE) Bus Stop,5.298657,103.137937,06:11:00,,,
KUALA TERENGGANU - PASIR PANJANG - KG. LAUT - BUKIT PAYUNG,myBas,HENTIAN FLAT GELONG BILAL,HENTIAN FLAT GELONG BILAL Bus Stop,5.293931,103.137799,06:12:00,,,
KUALA TERENGGANU - PASIR PANJANG - KG. LAUT - BUKIT PAYUNG,myBas,HENTIAN PERTUBUHAN PELADANG KUALA TERENGGANU,HENTIAN PERTUBUHAN PELADANG KUALA TERENGGANU Bus Stop,5.284973,103.141684,06:13:00,,,
KUALA TERENGGANU - PASIR PANJANG - KG. LAUT - BUKIT PAYUNG,myBas,HENTIAN PASAR KAMPUNG LAUT,HENTIAN PASAR KAMPUNG LAUT Bus Stop,5.273774,103.142566,06:14:00,,,
KUALA TERENGGANU - PASIR PANJANG - KG. LAUT - BUKIT PAYUNG,myBas,HENTIAN KAMPUNG BELUKAR JAMBU,HENTIAN KAMPUNG BELUKAR JAMBU Bus Stop,5.269753,103.142965,06:15:00,,,
KUALA TERENGGANU - PASIR PANJANG - KG. LAUT - BUKIT PAYUNG,myBas,SEKOLAH KEBANGSAAN KAMPUNG BUKIT CHENDERING,SEKOLAH KEBANGSAAN KAMPUNG BUKIT CHENDERING Bus Stop,5.260049,103.145245,06:16:00,,,
KUALA TERENGGANU - PASIR PANJANG - KG. LAUT - BUKIT PAYUNG,myBas,HENTIAN KAMPUNG TITIAN BARU,HENTIAN KAMPUNG TITIAN BARU Bus Stop,5.250199,103.123592,06:17:00,,,
KUALA TERENGGANU - PASIR PANJANG - KG. LAUT - BUKIT PAYUNG,myBas,HENTIAN SMK SERI PAYONG,HENTIAN SMK SERI PAYONG Bus Stop,5.232618,103.104181,06:18:00,,,
KUALA TERENGGANU - PASIR PANJANG - KG. LAUT - BUKIT PAYUNG,myBas,COSMOPOINT,COSMOPOINT Bus Stop,5.329586,103.138019,06:19:00,,,
KUALA TERENGGANU - PASIR PANJANG - KG. LAUT - BUKIT PAYUNG,myBas,Jabatan Kimia,Jabatan Kimia Bus Stop,5.3202179,103.1400858,06:23:00,,,
KUALA TERENGGANU - PASIR PANJANG - KG. LAUT - BUKIT PAYUNG,myBas,Yayasan Pembangunan Keluarga,Yayasan Pembangunan Keluarga Bus Stop,5.3204606,103.1424886,06:27:00,,,
KUALA TERENGGANU - PASIR PANJANG - KG. LAUT - BUKIT PAYUNG,myBas,SMA KHAIRIAH JALAN SULTAN OMAR,SMA KHAIRIAH JALAN SULTAN OMAR Bus Stop,5.3163088,103.1447179,06:31:00,,,
KUALA TERENGGANU - PASIR PANJANG - KG. LAUT - BUKIT PAYUNG,myBas,SMA KHAIRIAH JALAN SULTAN MOHAMAD,SMA KHAIRIAH JALAN SULTAN MOHAMAD Bus Stop,5.3147041,103.1441175,06:35:00,,,
KUALA TERENGGANU - PASIR PANJANG - KG. LAUT - BUKIT PAYUNG,myBas,SK Gong Kapas,SK Gong Kapas Bus Stop,5.3141539,103.1426689,06:39:00,,,
KUALA TERENGGANU - PASIR PANJANG - KG. LAUT - BUKIT PAYUNG,myBas,Kompleks Belia Dan Sukan,Kompleks Belia Dan Sukan Bus Stop,5.3124178,103.139772,06:43:00,,,
KUALA TERENGGANU - PASIR PANJANG - KG. LAUT - BUKIT PAYUNG,myBas,SK Pusat Bukit Besar,SK Pusat Bukit Besar Bus Stop,5.3103123,103.1394391,06:47:00,,,
KUALA TERENGGANU - PASIR PANJANG - KG. LAUT - BUKIT PAYUNG,myBas,Pasar Bukit Besar,Pasar Bukit Besar Bus Stop,5.3062511,103.1389737,06:51:00,,,
KUALA TERENGGANU - PASIR PANJANG - KG. LAUT - BUKIT PAYUNG,myBas,SK Tengku Bariah,SK Tengku Bariah Bus Stop,5.3041417,103.1387055,06:54:00,,,
KUALA TERENGGANU - PASIR PANJANG - KG. LAUT - BUKIT PAYUNG,myBas,SMK Tengku Bariah,SMK Tengku Bariah Bus Stop,5.2988115,103.1378781,06:57:00,,,
KUALA TERENGGANU - PASIR PANJANG - KG. LAUT - BUKIT PAYUNG,myBas,Flat Gelong Bilal,Flat Gelong Bilal Bus Stop,5.2939107,103.1377297,07:00:00,,,
KUALA TERENGGANU - PASIR PANJANG - KG. LAUT - BUKIT PAYUNG,myBas,Pertubuhan Peladang Kuala Terengganu,Pertubuhan Peladang Kuala Terengganu Bus Stop,5.2847487,103.141939,07:03:00,,,
KUALA TERENGGANU - PASIR PANJANG - KG. LAUT - BUKIT PAYUNG,myBas,PASAR KAMPUNG LAUT 1,PASAR KAMPUNG LAUT 1 Bus Stop,5.2729826,103.1426955,07:06:00,,,
KUALA TERENGGANU - PASIR PANJANG - KG. LAUT - BUKIT PAYUNG,myBas,Kampung Belukar Jambu / Klinik Desa Kg Laut,Kampung Belukar Jambu / Klinik Desa Kg Laut Bus Stop,5.266725,103.143696,07:09:00,,,
KUALA TERENGGANU - PASIR PANJANG - KG. LAUT - BUKIT PAYUNG,myBas,SK Kampung Bukit Chendering,SK Kampung Bukit Chendering Bus Stop,5.259796,103.144623,07:11:00,,,
KUALA TERENGGANU - PASIR PANJANG - KG. LAUT - BUKIT PAYUNG,myBas,MASJID KAMPUNG SURAU PANJANG,MASJID KAMPUNG SURAU PANJANG Bus Stop,5.2536103,103.1344674,07:13:00,,,
KUALA TERENGGANU - PASIR PANJANG - KG. LAUT - BUKIT PAYUNG,myBas,PASAR PEKAN KEDAI BULUH / SMK SULTAN MANSOR,PASAR PEKAN KEDAI BULUH / SMK SULTAN MANSOR Bus Stop,5.2524441,103.1309476,07:15:00,,,
KUALA TERENGGANU - PASIR PANJANG - KG. LAUT - BUKIT PAYUNG,myBas,Kampung Titian Baru,Kampung Titian Baru Bus Stop,5.2502602,103.1237739,07:17:00,,,
KUALA TERENGGANU - PASIR PANJANG - KG. LAUT - BUKIT PAYUNG,myBas,Kampung Berangan Pak Ayu,Kampung Berangan Pak Ayu Bus Stop,5.2420331,103.1138894,07:18:00,,,
KUALA TERENGGANU - PASIR PANJANG - KG. LAUT - BUKIT PAYUNG,myBas,SK Bukit Payong,SK Bukit Payong Bus Stop,5.2338182,103.1057629,07:19:00,,,
KUALA TERENGGANU - PASIR PANJANG - KG. LAUT - BUKIT PAYUNG,myBas,SMK Seri Payong,SMK Seri Payong Bus Stop,5.2326342,103.1041884,07:20:00,,,
KUALA TERENGGANU - PASIR PANJANG - KG. LAUT - BUKIT PAYUNG,myBas,HENTIAN PEKAN BUKIT PAYUNG,HENTIAN PEKAN BUKIT PAYUNG Bus Stop,5.232374,103.102292,07:21:00,,,
KUALA TERENGGANU - PASIR PANJANG - KG. LAUT - BUKIT PAYUNG,myBas,HENTIAN SMK SERI PAYONG -1,HENTIAN SMK SERI PAYONG -1 Bus Stop,5.232665,103.104097,06:01:00,,,
KUALA TERENGGANU - PASIR PANJANG - KG. LAUT - BUKIT PAYUNG,myBas,HENTIAN SK BUKIT PAYONG -1,HENTIAN SK BUKIT PAYONG -1 Bus Stop,5.233872,103.105706,06:02:00,,,
KUALA TERENGGANU - PASIR PANJANG - KG. LAUT - BUKIT PAYUNG,myBas,HENTIAN KAMPUNG BERANGAN PAK AYU -1,HENTIAN KAMPUNG BERANGAN PAK AYU -1 Bus Stop,5.242125,103.1139,06:03:00,,,
KUALA TERENGGANU - PASIR PANJANG - KG. LAUT - BUKIT PAYUNG,myBas,HENTIAN KAMPUNG TITIAN BARU -1,HENTIAN KAMPUNG TITIAN BARU -1 Bus Stop,5.250274,103.123601,06:04:00,,,
KUALA TERENGGANU - PASIR PANJANG - KG. LAUT - BUKIT PAYUNG,myBas,HENTIAN MASJID KAMNPUNG SURAU PANJANG,HENTIAN MASJID KAMNPUNG SURAU PANJANG Bus Stop,5.253741,103.134657,06:05:00,,,
KUALA TERENGGANU - PASIR PANJANG - KG. LAUT - BUKIT PAYUNG,myBas,HENTIAN SK KAMPUNG BUKIT CHENDERING,HENTIAN SK KAMPUNG BUKIT CHENDERING Bus Stop,5.260084,103.14522,06:06:00,,,
KUALA TERENGGANU - PASIR PANJANG - KG. LAUT - BUKIT PAYUNG,myBas,HENTIAN KAMPUNG BELUKAR JAMBU -1,HENTIAN KAMPUNG BELUKAR JAMBU -1 Bus Stop,5.269066,103.142983,06:07:00,,,
KUALA TERENGGANU - PASIR PANJANG - KG. LAUT - BUKIT PAYUNG,myBas,HENTIAN PASAR KAMPUNG LAUT -1,HENTIAN PASAR KAMPUNG LAUT -1 Bus Stop,5.273733,103.142443,06:08:00,,,
KUALA TERENGGANU - PASIR PANJANG - KG. LAUT - BUKIT PAYUNG,myBas,HENTIAN PELADANG KUALA TERENGGANU -1,HENTIAN PELADANG KUALA TERENGGANU -1 Bus Stop,5.284912,103.141591,06:09:00,,,
KUALA TERENGGANU - PASIR PANJANG - KG. LAUT - BUKIT PAYUNG,myBas,HENTIAN FLAT GELONG BILAL -1,HENTIAN FLAT GELONG BILAL -1 Bus Stop,5.293897,103.137659,06:10:00,,,
KUALA TERENGGANU - PASIR PANJANG - KG. LAUT - BUKIT PAYUNG,myBas,HENTIAN SMK TENGKU BARIAH,HENTIAN SMK TENGKU BARIAH Bus Stop,5.29863,103.137833,06:11:00,,,
KUALA TERENGGANU - PASIR PANJANG - KG. LAUT - BUKIT PAYUNG,myBas,HENTIAN PASAR BUKT BESAR,HENTIAN PASAR BUKT BESAR Bus Stop,5.305517,103.138881,06:12:00,,,
KUALA TERENGGANU - PASIR PANJANG - KG. LAUT - BUKIT PAYUNG,myBas,HENTIAN SK PUSAT BUKIT BESAR,HENTIAN SK PUSAT BUKIT BESAR Bus Stop,5.309969,103.139428,06:13:00,,,
KUALA TERENGGANU - PASIR PANJANG - KG. LAUT - BUKIT PAYUNG,myBas,HENTIAN KOMPLEKS BELIA DAN SUKAN -1,HENTIAN KOMPLEKS BELIA DAN SUKAN -1 Bus Stop,5.312086,103.139652,06:14:00,,,
KUALA TERENGGANU - PASIR PANJANG - KG. LAUT - BUKIT PAYUNG,myBas,HENTIAN SK GONG KAPAS,HENTIAN SK GONG KAPAS Bus Stop,5.314199,103.142589,06:15:00,,,
KUALA TERENGGANU - PASIR PANJANG - KG. LAUT - BUKIT PAYUNG,myBas,HENTIAN SMA KHAIRIAH JALAN SULTAN MOHAMAD -1,HENTIAN SMA KHAIRIAH JALAN SULTAN MOHAMAD -1 Bus Stop,5.314672,103.143868,06:16:00,,,
KUALA TERENGGANU - PASIR PANJANG - KG. LAUT - BUKIT PAYUNG,myBas,HENTIAN SMA KHAIRIAH JALAN SULTAN OMAR -1,HENTIAN SMA KHAIRIAH JALAN SULTAN OMAR -1 Bus Stop,5.316336,103.144622,06:17:00,,,
KUALA TERENGGANU - PASIR PANJANG - KG. LAUT - BUKIT PAYUNG,myBas,HENTIAN YAYASAN PEMBANGUNAN KELUARGA -1,HENTIAN YAYASAN PEMBANGUNAN KELUARGA -1 Bus Stop,5.31997,103.143036,06:18:00,,,
KUALA TERENGGANU - PASIR PANJANG - KG. LAUT - BUKIT PAYUNG,myBas,KKIA JALAN AIR JERNIH,KKIA JALAN AIR JERNIH Bus Stop,5.328148,103.1351875,07:17:00,,,
KUALA TERENGGANU - CHENDERING(UiTM) - MARANG,myBas,HENTIAN BAS MAJLIS PERBANDARAN KUALA TERENGGANU 1,HENTIAN BAS MAJLIS PERBANDARAN KUALA TERENGGANU 1 Bus Stop,5.3319649,103.1378691,06:00:00,,,
KUALA TERENGGANU - CHENDERING(UiTM) - MARANG,myBas,YAYASAN TERENGGANU,YAYASAN TERENGGANU Bus Stop,5.3291939,103.1386021,06:04:00,,,
KUALA TERENGGANU - CHENDERING(UiTM) - MARANG,myBas,STADIUM SULTAN ISMAIL NASSIRUDIN SHAH,STADIUM SULTAN ISMAIL NASSIRUDIN SHAH Bus Stop,5.3288232,103.1398256,06:08:00,,,
KUALA TERENGGANU - CHENDERING(UiTM) - MARANG,myBas,JALAN PEJABAT,JALAN PEJABAT Bus Stop,5.3282373,103.1436998,06:12:00,,,
KUALA TERENGGANU - CHENDERING(UiTM) - MARANG,myBas,STADIUM NEGERI,STADIUM NEGERI Bus Stop,5.3245149,103.1498626,06:16:00,,,
KUALA TERENGGANU - CHENDERING(UiTM) - MARANG,myBas,SIMPANG PANTAI BATU BUROK,SIMPANG PANTAI BATU BUROK Bus Stop,5.3198096,103.1532315,06:19:00,,,
KUALA TERENGGANU - CHENDERING(UiTM) - MARANG,myBas,HOTEL PERMAI,HOTEL PERMAI Bus Stop,5.3154778,103.1546125,06:22:00,,,
KUALA TERENGGANU - CHENDERING(UiTM) - MARANG,myBas,KUALA TERENGGANU SPEC HOSPITAL BARU,KUALA TERENGGANU SPEC HOSPITAL BARU Bus Stop,5.3130652,103.1553915,06:25:00,,,
KUALA TERENGGANU - CHENDERING(UiTM) - MARANG,myBas,SMA SULTAN ZAINAL ABIDIN,SMA SULTAN ZAINAL ABIDIN Bus Stop,5.3109847,103.1564992,06:28:00,,,
KUALA TERENGGANU - CHENDERING(UiTM) - MARANG,myBas,SMK SULTAN SULAIMAN,SMK SULTAN SULAIMAN Bus Stop,5.2992948,103.1643887,06:31:00,,,
KUALA TERENGGANU - CHENDERING(UiTM) - MARANG,myBas,PUSAT PERABOT TM JATI GROUP,PUSAT PERABOT TM JATI GROUP Bus Stop,5.2964886,103.1659967,06:34:00,,,
KUALA TERENGGANU - CHENDERING(UiTM) - MARANG,myBas,KAMPUNG KUALA IBAI,KAMPUNG KUALA IBAI Bus Stop,5.2919702,103.1679635,06:37:00,,,
KUALA TERENGGANU - CHENDERING(UiTM) - MARANG,myBas,MASJID TERAPUNG KUALA IBAI,MASJID TERAPUNG KUALA IBAI Bus Stop,5.2845933,103.1689349,06:40:00,,,
KUALA TERENGGANU - CHENDERING(UiTM) - MARANG,myBas,SIMPANG TIGA CHENDERING,SIMPANG TIGA CHENDERING Bus Stop,5.2764656,103.1708422,06:42:00,,,
KUALA TERENGGANU - CHENDERING(UiTM) - MARANG,myBas,NOOR ARFA BATIK,NOOR ARFA BATIK Bus Stop,5.275945,103.167944,06:44:00,,,
KUALA TERENGGANU - CHENDERING(UiTM) - MARANG,myBas,KRAFTANGAN MALAYSIA,KRAFTANGAN MALAYSIA Bus Stop,5.2723979,103.1656453,06:46:00,,,
KUALA TERENGGANU - CHENDERING(UiTM) - MARANG,myBas,KILANG APTIV,KILANG APTIV Bus Stop,5.2703545,103.1642987,06:48:00,,,
KUALA TERENGGANU - CHENDERING(UiTM) - MARANG,myBas,WISMA TI / KOLEJ KOMUNITI,WISMA TI / KOLEJ KOMUNITI Bus Stop,5.2683654,103.1637804,06:50:00,,,
KUALA TERENGGANU - CHENDERING(UiTM) - MARANG,myBas,UITM KUALA TERENGGANU,UITM KUALA TERENGGANU Bus Stop,5.2622012,103.1647277,06:52:00,,,
KUALA TERENGGANU - CHENDERING(UiTM) - MARANG,myBas,PEJABAT PENGURUSAN KOLEJ KERAWANG,PEJABAT PENGURUSAN KOLEJ KERAWANG Bus Stop,5.2613008,103.1659401,06:54:00,,,
KUALA TERENGGANU - CHENDERING(UiTM) - MARANG,myBas,SEK PEND KHAS CHENDERING,SEK PEND KHAS CHENDERING Bus Stop,5.2631653,103.1683837,06:56:00,,,
KUALA TERENGGANU - CHENDERING(UiTM) - MARANG,myBas,FLAT DESA KELUARGA KUALA TERENGGANU,FLAT DESA KELUARGA KUALA TERENGGANU Bus Stop,5.2647192,103.1681586,06:58:00,,,
KUALA TERENGGANU - CHENDERING(UiTM) - MARANG,myBas,SIMPANG EMPAT CHENDERING,SIMPANG EMPAT CHENDERING Bus Stop,5.2681048,103.1760341,07:00:00,,,
KUALA TERENGGANU - CHENDERING(UiTM) - MARANG,myBas,BALAI POLIS CHENDERING,BALAI POLIS CHENDERING Bus Stop,5.2660904,103.1781431,07:02:00,,,
KUALA TERENGGANU - CHENDERING(UiTM) - MARANG,myBas,WISMA GEOSOIL,WISMA GEOSOIL Bus Stop,5.2512916,103.1836957,07:04:00,,,
KUALA TERENGGANU - CHENDERING(UiTM) - MARANG,myBas,MASJID RUSILA,MASJID RUSILA Bus Stop,5.2428685,103.1879078,07:05:00,,,
KUALA TERENGGANU - CHENDERING(UiTM) - MARANG,myBas,SIMPANG TIGA RUSILA,SIMPANG TIGA RUSILA Bus Stop,5.2235404,103.1960048,07:06:00,,,
KUALA TERENGGANU - CHENDERING(UiTM) - MARANG,myBas,KAMPUNG RHU RENDANG,KAMPUNG RHU RENDANG Bus Stop,5.2190262,103.1990786,07:07:00,,,
KUALA TERENGGANU - CHENDERING(UiTM) - MARANG,myBas,SHELL RHU RENDANG,SHELL RHU RENDANG Bus Stop,5.2167003,103.200831,07:08:00,,,
KUALA TERENGGANU - CHENDERING(UiTM) - MARANG,myBas,IPD MARANG,IPD MARANG Bus Stop,5.2150949,103.2017885,07:09:00,,,
KUALA TERENGGANU - CHENDERING(UiTM) - MARANG,myBas,HENTIAN BAS MARANG,HENTIAN BAS MARANG Bus Stop,5.204992,103.205617,07:10:00,,,
TERMINAL MBKT - BATU RAKIT (PAGI),myBas,TERMINAL MBKT,TERMINAL MBKT Bus Stop,5.33155,103.137253,06:00:00,,,
TERMINAL MBKT - BATU RAKIT (PAGI),myBas,YAYASAN TERENGGANU,YAYASAN TERENGGANU Bus Stop,5.3291939,103.1386021,06:01:00,,,
TERMINAL MBKT - BATU RAKIT (PAGI),myBas,STADIUM SULTAN ISMAIL NASSIRUDDIN SHAH,STADIUM SULTAN ISMAIL NASSIRUDDIN SHAH Bus Stop,5.328819,103.139817,06:02:00,,,
TERMINAL MBKT - BATU RAKIT (PAGI),myBas,MSU COLLEGE,MSU COLLEGE Bus Stop,5.324247,103.141578,06:03:00,,,
TERMINAL MBKT - BATU RAKIT (PAGI),myBas,Yayasan Pembangunan Keluarga,Yayasan Pembangunan Keluarga Bus Stop,5.3204606,103.1424886,06:04:00,,,
TERMINAL MBKT - BATU RAKIT (PAGI),myBas,OPPOSITE SMA KHAIRIAH JALAN SULTAN OMAR,OPPOSITE SMA KHAIRIAH JALAN SULTAN OMAR Bus Stop,5.316356,103.144844,06:05:00,,,
TERMINAL MBKT - BATU RAKIT (PAGI),myBas,SMK KHAIRIAH JALAN SULTAN MOHAMAD,SMK KHAIRIAH JALAN SULTAN MOHAMAD Bus Stop,5.316,103.144817,06:06:00,,,
TERMINAL MBKT - BATU RAKIT (PAGI),myBas,SK Gong Kapas,SK Gong Kapas Bus Stop,5.3141539,103.1426689,06:07:00,,,
TERMINAL MBKT - BATU RAKIT (PAGI),myBas,KOMPLEKS MAHKAMAH KUALA TERENGGANU,KOMPLEKS MAHKAMAH KUALA TERENGGANU Bus Stop,5.312561,103.136389,06:08:00,,,
TERMINAL MBKT - BATU RAKIT (PAGI),myBas,MYDIN MALL KUALA TERENGGANU,MYDIN MALL KUALA TERENGGANU Bus Stop,5.310178,103.130956,06:09:00,,,
TERMINAL MBKT - BATU RAKIT (PAGI),myBas,WISMA PELADANG KUALA TERENGGANU,WISMA PELADANG KUALA TERENGGANU Bus Stop,5.309587,103.129684,06:10:00,,,
TERMINAL MBKT - BATU RAKIT (PAGI),myBas,PERUMAHAN POLIS PADANG HILIRAN,PERUMAHAN POLIS PADANG HILIRAN Bus Stop,5.308353,103.127119,06:11:00,,,
TERMINAL MBKT - BATU RAKIT (PAGI),myBas,SK PUSAT CHABANG TIGA,SK PUSAT CHABANG TIGA Bus Stop,5.3063564,103.12112,06:12:00,,,
TERMINAL MBKT - BATU RAKIT (PAGI),myBas,MASJID LAMA DURIAN BURUNG,MASJID LAMA DURIAN BURUNG Bus Stop,5.3075914,103.109764,06:14:00,,,
TERMINAL MBKT - BATU RAKIT (PAGI),myBas,MASJID AT TAQWA,MASJID AT TAQWA Bus Stop,5.308195,103.104385,06:15:00,,,
TERMINAL MBKT - BATU RAKIT (PAGI),myBas,MAT LEH IKAN SEGAR/PULAU RUSA,MAT LEH IKAN SEGAR/PULAU RUSA Bus Stop,5.3092966,103.09467,06:17:00,,,
TERMINAL MBKT - BATU RAKIT (PAGI),myBas,JALAN BALAI POLIS MANIR,JALAN BALAI POLIS MANIR Bus Stop,5.310325,103.0859,06:19:00,,,
TERMINAL MBKT - BATU RAKIT (PAGI),myBas,SIMPANG SK MANIR,SIMPANG SK MANIR Bus Stop,5.310699,103.084216,06:20:00,,,
TERMINAL MBKT - BATU RAKIT (PAGI),myBas,PEJABAT POS MALAYSIA MANIR,PEJABAT POS MALAYSIA MANIR Bus Stop,5.311301,103.082923,06:21:00,,,
TERMINAL MBKT - BATU RAKIT (PAGI),myBas,MARDI MANIR,MARDI MANIR Bus Stop,5.314944,103.08004,06:22:00,,,
TERMINAL MBKT - BATU RAKIT (PAGI),myBas,SMK HJ ABDUL RAHMAN LIMBONG,SMK HJ ABDUL RAHMAN LIMBONG Bus Stop,5.321737,103.081058,06:23:00,,,
TERMINAL MBKT - BATU RAKIT (PAGI),myBas,KG KUBANG JELA,KG KUBANG JELA Bus Stop,5.324361,103.082308,06:24:00,,,
TERMINAL MBKT - BATU RAKIT (PAGI),myBas,BANGGOL TUAN MUDA,BANGGOL TUAN MUDA Bus Stop,5.330417,103.085206,06:25:00,,,
TERMINAL MBKT - BATU RAKIT (PAGI),myBas,ECO SHOP MANIR,ECO SHOP MANIR Bus Stop,5.333243,103.086558,06:26:00,,,
TERMINAL MBKT - BATU RAKIT (PAGI),myBas,PEJABAT HUTAN DAERAH KUALA TERENGGANU,PEJABAT HUTAN DAERAH KUALA TERENGGANU Bus Stop,5.342253,103.09086,06:28:00,,,
TERMINAL MBKT - BATU RAKIT (PAGI),myBas,PASAR BATU ENAM,PASAR BATU ENAM Bus Stop,5.346638,103.09226,06:29:00,,,
TERMINAL MBKT - BATU RAKIT (PAGI),myBas,SURAU BATU ENAM,SURAU BATU ENAM Bus Stop,5.348595,103.09265,06:30:00,,,
TERMINAL MBKT - BATU RAKIT (PAGI),myBas,BANGGOL AYER LILIN,BANGGOL AYER LILIN Bus Stop,5.3516955,103.09312,06:31:00,,,
TERMINAL MBKT - BATU RAKIT (PAGI),myBas,MYDIN GONG BADAK,MYDIN GONG BADAK Bus Stop,5.3552947,103.09517,06:32:00,,,
TERMINAL MBKT - BATU RAKIT (PAGI),myBas,KOLEJ VOKASIONAL WAKAF TEMBESU,KOLEJ VOKASIONAL WAKAF TEMBESU Bus Stop,5.358457,103.093736,06:33:00,,,
TERMINAL MBKT - BATU RAKIT (PAGI),myBas,SM SAINS SULTAN MAHMUD,SM SAINS SULTAN MAHMUD Bus Stop,5.3609059,103.0921858,06:34:00,,,
TERMINAL MBKT - BATU RAKIT (PAGI),myBas,SM TEKNIK KUALA TERENGGANU,SM TEKNIK KUALA TERENGGANU Bus Stop,5.3619366,103.09172,06:35:00,,,
TERMINAL MBKT - BATU RAKIT (PAGI),myBas,PETRONAS WAKAF BARU,PETRONAS WAKAF BARU Bus Stop,5.3650767,103.0896957,06:36:00,,,
TERMINAL MBKT - BATU RAKIT (PAGI),myBas,TAMAN SRI JAYA,TAMAN SRI JAYA Bus Stop,5.3679921,103.08775,06:37:00,,,
TERMINAL MBKT - BATU RAKIT (PAGI),myBas,TAMAN SETIA JAYA,TAMAN SETIA JAYA Bus Stop,5.3715408,103.0854283,06:38:00,,,
TERMINAL MBKT - BATU RAKIT (PAGI),myBas,KAMPUNG BARU GONG BADAK,KAMPUNG BARU GONG BADAK Bus Stop,5.3757963,103.0841237,06:39:00,,,
TERMINAL MBKT - BATU RAKIT (PAGI),myBas,HADAMI REST HOUSE,HADAMI REST HOUSE Bus Stop,5.377767,103.085343,06:40:00,,,
TERMINAL MBKT - BATU RAKIT (PAGI),myBas,SIMPANG JALAN DAMAI,SIMPANG JALAN DAMAI Bus Stop,5.378955,103.087426,06:41:00,,,
TERMINAL MBKT - BATU RAKIT (PAGI),myBas,SIMPANG PADANG GOLF,SIMPANG PADANG GOLF Bus Stop,5.3800116,103.09192,06:42:00,,,
TERMINAL MBKT - BATU RAKIT (PAGI),myBas,QUINARA,QUINARA Bus Stop,5.380827,103.094193,06:43:00,,,
TERMINAL MBKT - BATU RAKIT (PAGI),myBas,BALAI RAYA KG PAK TIJAH,BALAI RAYA KG PAK TIJAH Bus Stop,5.3816857,103.09625,06:44:00,,,
TERMINAL MBKT - BATU RAKIT (PAGI),myBas,DEWAN SERBAGUNA KG PAK TIJAH,DEWAN SERBAGUNA KG PAK TIJAH Bus Stop,5.383149,103.10052,06:45:00,,,
TERMINAL MBKT - BATU RAKIT (PAGI),myBas,TAMAN MURNI PERMAI,TAMAN MURNI PERMAI Bus Stop,5.385372,103.10013,06:46:00,,,
TERMINAL MBKT - BATU RAKIT (PAGI),myBas,SK TOK JEMBAL,SK TOK JEMBAL Bus Stop,5.390666,103.097242,06:47:00,,,
TERMINAL MBKT - BATU RAKIT (PAGI),myBas,TAMAN DESA PERWIRA,TAMAN DESA PERWIRA Bus Stop,5.3930316,103.09602,06:48:00,,,
TERMINAL MBKT - BATU RAKIT (PAGI),myBas,TAMAN DESA WIRA,TAMAN DESA WIRA Bus Stop,5.3958335,103.09451,06:49:00,,,
TERMINAL MBKT - BATU RAKIT (PAGI),myBas,KEM PGA GONG BADAK,KEM PGA GONG BADAK Bus Stop,5.399194,103.092705,06:50:00,,,
TERMINAL MBKT - BATU RAKIT (PAGI),myBas,UNIVERSITI MALAYSIA TERENGGANU 1,UNIVERSITI MALAYSIA TERENGGANU 1 Bus Stop,5.4031606,103.09036,06:51:00,,,
TERMINAL MBKT - BATU RAKIT (PAGI),myBas,BULATAN KG TAK TUYU,BULATAN KG TAK TUYU Bus Stop,5.407937,103.08494,06:52:00,,,
TERMINAL MBKT - BATU RAKIT (PAGI),myBas,UNISZA A (MASUK),UNISZA A (MASUK) Bus Stop,5.4093814,103.08062,06:53:00,,,
TERMINAL MBKT - BATU RAKIT (PAGI),myBas,UNISZA B (KELUAR),UNISZA B (KELUAR) Bus Stop,5.409402,103.08017,06:54:00,,,
TERMINAL MBKT - BATU RAKIT (PAGI),myBas,UNISZA PINTU B,UNISZA PINTU B Bus Stop,5.409111,103.081594,06:56:00,,,
TERMINAL MBKT - BATU RAKIT (PAGI),myBas,KAMPUNG GONG DATUK,KAMPUNG GONG DATUK Bus Stop,5.409608,103.07935,06:59:00,,,
TERMINAL MBKT - BATU RAKIT (PAGI),myBas,KAMPUNG GONG PAK JIN,KAMPUNG GONG PAK JIN Bus Stop,5.4099865,103.077354,07:00:00,,,
TERMINAL MBKT - BATU RAKIT (PAGI),myBas,KAMPUNG PADANG NENAS,KAMPUNG PADANG NENAS Bus Stop,5.4127349,103.0685383,07:02:00,,,
TERMINAL MBKT - BATU RAKIT (PAGI),myBas,MASJID PADANG NENAS,MASJID PADANG NENAS Bus Stop,5.414397,103.06653,07:03:00,,,
TERMINAL MBKT - BATU RAKIT (PAGI),myBas,BALAI POLIS MENGABANG TELIPOT,BALAI POLIS MENGABANG TELIPOT Bus Stop,5.415949,103.065411,07:04:00,,,
TERMINAL MBKT - BATU RAKIT (PAGI),myBas,MRSM KUALA TERENGGANU / IPG BATU RAKIT,MRSM KUALA TERENGGANU / IPG BATU RAKIT Bus Stop,5.420218,103.062045,07:05:00,,,
TERMINAL MBKT - BATU RAKIT (PAGI),myBas,SK KOMPLEKS MENGABANG TELIPOT,SK KOMPLEKS MENGABANG TELIPOT Bus Stop,5.4244691,103.0598691,07:06:00,,,
TERMINAL MBKT - BATU RAKIT (PAGI),myBas,KLINIK KESIHATAN BATU RAKIT,KLINIK KESIHATAN BATU RAKIT Bus Stop,5.425862,103.058722,07:07:00,,,
TERMINAL MBKT - BATU RAKIT (PAGI),myBas,TAMAN PERUMAHAN WAKAF TENGAH,TAMAN PERUMAHAN WAKAF TENGAH Bus Stop,5.4295183,103.0561542,07:08:00,,,
TERMINAL MBKT - BATU RAKIT (PAGI),myBas,KAMPUNG MENGABANG TELONG 1,KAMPUNG MENGABANG TELONG 1 Bus Stop,5.432419,103.05467,07:09:00,,,
TERMINAL MBKT - BATU RAKIT (PAGI),myBas,KAMPUNG MENGABANG TELONG 2,KAMPUNG MENGABANG TELONG 2 Bus Stop,5.4361025,103.0526757,07:10:00,,,
TERMINAL MBKT - BATU RAKIT (PAGI),myBas,KAMPUNG MENGKABANG KAPAL,KAMPUNG MENGKABANG KAPAL Bus Stop,5.438064,103.05167,07:11:00,,,
TERMINAL MBKT - BATU RAKIT (PAGI),myBas,TAMAN NIRWANA,TAMAN NIRWANA Bus Stop,5.439974,103.050634,07:12:00,,,
TERMINAL MBKT - BATU RAKIT (PAGI),myBas,DESA KAYANGAN,DESA KAYANGAN Bus Stop,5.442533,103.049297,07:13:00,,,
TERMINAL MBKT - BATU RAKIT (PAGI),myBas,TAMAN DESA KAYANGAN,TAMAN DESA KAYANGAN Bus Stop,5.4443735,103.0482584,07:14:00,,,
TERMINAL MBKT - BATU RAKIT (PAGI),myBas,KAMPUNG BATU RAKIT,KAMPUNG BATU RAKIT Bus Stop,5.446629,103.0466827,07:15:00,,,
TERMINAL MBKT - BATU RAKIT (PAGI),myBas,SK BATU RAKIT,SK BATU RAKIT Bus Stop,5.4482691,103.0456496,07:16:00,,,
TERMINAL MBKT - BATU RAKIT (PAGI),myBas,PUSAT KHIDMAT MASYARAKAT ADUN BATU RAKIT,PUSAT KHIDMAT MASYARAKAT ADUN BATU RAKIT Bus Stop,5.449756,103.04537,07:17:00,,,
TERMINAL MBKT - BATU RAKIT (PAGI),myBas,HENTIAN BATU RAKIT,HENTIAN BATU RAKIT Bus Stop,5.450886,103.046194,07:18:00,,,
TERMINAL MBKT - BATU RAKIT (PETANG),myBas,TERMINAL MBKT,TERMINAL MBKT Bus Stop,5.33155,103.137253,12:00:00,,,
TERMINAL MBKT - BATU RAKIT (PETANG),myBas,YAYASAN TERENGGANU,YAYASAN TERENGGANU Bus Stop,5.3291939,103.1386021,12:01:00,,,
TERMINAL MBKT - BATU RAKIT (PETANG),myBas,STADIUM SULTAN ISMAIL NASSIRUDDIN SHAH,STADIUM SULTAN ISMAIL NASSIRUDDIN SHAH Bus Stop,5.328819,103.139817,12:02:00,,,
TERMINAL MBKT - BATU RAKIT (PETANG),myBas,MSU COLLEGE,MSU COLLEGE Bus Stop,5.324247,103.141578,12:03:00,,,
TERMINAL MBKT - BATU RAKIT (PETANG),myBas,Yayasan Pembangunan Keluarga,Yayasan Pembangunan Keluarga Bus Stop,5.3204606,103.1424886,12:04:00,,,
TERMINAL MBKT - BATU RAKIT (PETANG),myBas,OPPOSITE SMA KHAIRIAH JALAN SULTAN OMAR,OPPOSITE SMA KHAIRIAH JALAN SULTAN OMAR Bus Stop,5.316356,103.144844,12:05:00,,,
TERMINAL MBKT - BATU RAKIT (PETANG),myBas,SMK KHAIRIAH JALAN SULTAN MOHAMAD,SMK KHAIRIAH JALAN SULTAN MOHAMAD Bus Stop,5.316,103.144817,12:06:00,,,
TERMINAL MBKT - BATU RAKIT (PETANG),myBas,SK Gong Kapas,SK Gong Kapas Bus Stop,5.3141539,103.1426689,12:07:00,,,
TERMINAL MBKT - BATU RAKIT (PETANG),myBas,KOMPLEKS MAHKAMAH KUALA TERENGGANU,KOMPLEKS MAHKAMAH KUALA TERENGGANU Bus Stop,5.312561,103.136389,12:08:00,,,
TERMINAL MBKT - BATU RAKIT (PETANG),myBas,MYDIN MALL KUALA TERENGGANU,MYDIN MALL KUALA TERENGGANU Bus Stop,5.310178,103.130956,12:09:00,,,
TERMINAL MBKT - BATU RAKIT (PETANG),myBas,WISMA PELADANG KUALA TERENGGANU,WISMA PELADANG KUALA TERENGGANU Bus Stop,5.309587,103.129684,12:10:00,,,
TERMINAL MBKT - BATU RAKIT (PETANG),myBas,PERUMAHAN POLIS PADANG HILIRAN,PERUMAHAN POLIS PADANG HILIRAN Bus Stop,5.308353,103.127119,12:11:00,,,
TERMINAL MBKT - BATU RAKIT (PETANG),myBas,SK PUSAT CHABANG TIGA,SK PUSAT CHABANG TIGA Bus Stop,5.3063564,103.12112,12:12:00,,,
TERMINAL MBKT - BATU RAKIT (PETANG),myBas,MASJID LAMA DURIAN BURUNG,MASJID LAMA DURIAN BURUNG Bus Stop,5.3075914,103.109764,12:14:00,,,
TERMINAL MBKT - BATU RAKIT (PETANG),myBas,MASJID AT TAQWA,MASJID AT TAQWA Bus Stop,5.308195,103.104385,12:15:00,,,
TERMINAL MBKT - BATU RAKIT (PETANG),myBas,MAT LEH IKAN SEGAR/PULAU RUSA,MAT LEH IKAN SEGAR/PULAU RUSA Bus Stop,5.3092966,103.09467,12:17:00,,,
TERMINAL MBKT - BATU RAKIT (PETANG),myBas,JALAN BALAI POLIS MANIR,JALAN BALAI POLIS MANIR Bus Stop,5.310325,103.0859,12:19:00,,,
TERMINAL MBKT - BATU RAKIT (PETANG),myBas,SK MANIR,SK MANIR Bus Stop,5.310128,103.083664,12:20:00,,,
TERMINAL MBKT - BATU RAKIT (PETANG),myBas,KG MANIR 1/KG BALOH,KG MANIR 1/KG BALOH Bus Stop,5.313975,103.07603,12:22:00,,,
TERMINAL MBKT - BATU RAKIT (PETANG),myBas,KG BALOH 2,KG BALOH 2 Bus Stop,5.3168097,103.070496,12:23:00,,,
TERMINAL MBKT - BATU RAKIT (PETANG),myBas,SK KEBOR AYER,SK KEBOR AYER Bus Stop,5.318217,103.066055,12:24:00,,,
TERMINAL MBKT - BATU RAKIT (PETANG),myBas,KEBOR AYER 1,KEBOR AYER 1 Bus Stop,5.321529,103.05398,12:26:00,,,
TERMINAL MBKT - BATU RAKIT (PETANG),myBas,MASJID BANGGOL PERADONG,MASJID BANGGOL PERADONG Bus Stop,5.324787,103.049736,12:27:00,,,
TERMINAL MBKT - BATU RAKIT (PETANG),myBas,SURAU JERAM,SURAU JERAM Bus Stop,5.3283134,103.05339,12:28:00,,,
TERMINAL MBKT - BATU RAKIT (PETANG),myBas,MASJID JERAM,MASJID JERAM Bus Stop,5.332052,103.05813,12:29:00,,,
TERMINAL MBKT - BATU RAKIT (PETANG),myBas,TANJUNG SABTU 1,TANJUNG SABTU 1 Bus Stop,5.339029,103.063866,12:31:00,,,
TERMINAL MBKT - BATU RAKIT (PETANG),myBas,MASJID KG TANJUNG SABTU,MASJID KG TANJUNG SABTU Bus Stop,5.340774,103.06549,12:32:00,,,
TERMINAL MBKT - BATU RAKIT (PETANG),myBas,JALAN KUBUR BINJAI,JALAN KUBUR BINJAI Bus Stop,5.339895,103.07573,12:34:00,,,
TERMINAL MBKT - BATU RAKIT (PETANG),myBas,MASJID TOK KU PETAI BUBUS,MASJID TOK KU PETAI BUBUS Bus Stop,5.339162,103.07859,12:35:00,,,
TERMINAL MBKT - BATU RAKIT (PETANG),myBas,KLINIK KESIHATAN PAYA DATU,KLINIK KESIHATAN PAYA DATU Bus Stop,5.338335,103.08481,12:36:00,,,
TERMINAL MBKT - BATU RAKIT (PETANG),myBas,DEWAN SIVIK BULUH GADING,DEWAN SIVIK BULUH GADING Bus Stop,5.337451,103.08763,12:37:00,,,
TERMINAL MBKT - BATU RAKIT (PETANG),myBas,PEJABAT HUTAN DAERAH KUALA TERENGGANU,PEJABAT HUTAN DAERAH KUALA TERENGGANU Bus Stop,5.342253,103.09086,12:38:00,,,
TERMINAL MBKT - BATU RAKIT (PETANG),myBas,PASAR BATU ENAM,PASAR BATU ENAM Bus Stop,5.346638,103.09226,12:39:00,,,
TERMINAL MBKT - BATU RAKIT (PETANG),myBas,SURAU BATU ENAM,SURAU BATU ENAM Bus Stop,5.348595,103.09265,12:40:00,,,
TERMINAL MBKT - BATU RAKIT (PETANG),myBas,BANGGOL AYER LILIN,BANGGOL AYER LILIN Bus Stop,5.3516955,103.09312,12:41:00,,,
TERMINAL MBKT - BATU RAKIT (PETANG),myBas,MYDIN GONG BADAK,MYDIN GONG BADAK Bus Stop,5.3552947,103.09517,12:42:00,,,
TERMINAL MBKT - BATU RAKIT (PETANG),myBas,KOLEJ VOKASIONAL WAKAF TEMBESU,KOLEJ VOKASIONAL WAKAF TEMBESU Bus Stop,5.358457,103.093736,12:43:00,,,
TERMINAL MBKT - BATU RAKIT (PETANG),myBas,SM SAINS SULTAN MAHMUD,SM SAINS SULTAN MAHMUD Bus Stop,5.3609059,103.0921858,12:44:00,,,
TERMINAL MBKT - BATU RAKIT (PETANG),myBas,SM TEKNIK KUALA TERENGGANU,SM TEKNIK KUALA TERENGGANU Bus Stop,5.3619366,103.09172,12:45:00,,,
TERMINAL MBKT - BATU RAKIT (PETANG),myBas,PETRONAS WAKAF BARU,PETRONAS WAKAF BARU Bus Stop,5.3650767,103.0896957,12:46:00,,,
TERMINAL MBKT - BATU RAKIT (PETANG),myBas,TAMAN SRI JAYA,TAMAN SRI JAYA Bus Stop,5.3679921,103.08775,12:47:00,,,
TERMINAL MBKT - BATU RAKIT (PETANG),myBas,TAMAN SETIA JAYA,TAMAN SETIA JAYA Bus Stop,5.3715408,103.0854283,12:48:00,,,
TERMINAL MBKT - BATU RAKIT (PETANG),myBas,KAMPUNG BARU GONG BADAK,KAMPUNG BARU GONG BADAK Bus Stop,5.3757963,103.0841237,12:49:00,,,
TERMINAL MBKT - BATU RAKIT (PETANG),myBas,HADAMI REST HOUSE,HADAMI REST HOUSE Bus Stop,5.377767,103.085343,12:50:00,,,
TERMINAL MBKT - BATU RAKIT (PETANG),myBas,SIMPANG JALAN DAMAI,SIMPANG JALAN DAMAI Bus Stop,5.378955,103.087426,12:51:00,,,
TERMINAL MBKT - BATU RAKIT (PETANG),myBas,SIMPANG PADANG GOLF,SIMPANG PADANG GOLF Bus Stop,5.3800116,103.09192,12:52:00,,,
TERMINAL MBKT - BATU RAKIT (PETANG),myBas,QUINARA,QUINARA Bus Stop,5.380827,103.094193,12:53:00,,,
TERMINAL MBKT - BATU RAKIT (PETANG),myBas,BALAI RAYA KG PAK TIJAH,BALAI RAYA KG PAK TIJAH Bus Stop,5.3816857,103.09625,12:54:00,,,
TERMINAL MBKT - BATU RAKIT (PETANG),myBas,DEWAN SERBAGUNA KG PAK TIJAH,DEWAN SERBAGUNA KG PAK TIJAH Bus Stop,5.383149,103.10052,12:55:00,,,
TERMINAL MBKT - BATU RAKIT (PETANG),myBas,TAMAN MURNI PERMAI,TAMAN MURNI PERMAI Bus Stop,5.385372,103.10013,12:56:00,,,
TERMINAL MBKT - BATU RAKIT (PETANG),myBas,SK TOK JEMBAL,SK TOK JEMBAL Bus Stop,5.390666,103.097242,12:57:00,,,
TERMINAL MBKT - BATU RAKIT (PETANG),myBas,TAMAN DESA PERWIRA,TAMAN DESA PERWIRA Bus Stop,5.3930316,103.09602,12:58:00,,,
TERMINAL MBKT - BATU RAKIT (PETANG),myBas,TAMAN DESA WIRA,TAMAN DESA WIRA Bus Stop,5.3958335,103.09451,12:59:00,,,
TERMINAL MBKT - BATU RAKIT (PETANG),myBas,KEM PGA GONG BADAK,KEM PGA GONG BADAK Bus Stop,5.399194,103.092705,13:00:00,,,
TERMINAL MBKT - BATU RAKIT (PETANG),myBas,UNIVERSITI MALAYSIA TERENGGANU 1,UNIVERSITI MALAYSIA TERENGGANU 1 Bus Stop,5.4031606,103.09036,13:01:00,,,
TERMINAL MBKT - BATU RAKIT (PETANG),myBas,BULATAN KG TAK TUYU,BULATAN KG TAK TUYU Bus Stop,5.407937,103.08494,13:02:00,,,
TERMINAL MBKT - BATU RAKIT (PETANG),myBas,UNISZA A (MASUK),UNISZA A (MASUK) Bus Stop,5.4093814,103.08062,13:03:00,,,
TERMINAL MBKT - BATU RAKIT (PETANG),myBas,UNISZA B (KELUAR),UNISZA B (KELUAR) Bus Stop,5.409402,103.08017,13:04:00,,,
TERMINAL MBKT - BATU RAKIT (PETANG),myBas,UNISZA PINTU B,UNISZA PINTU B Bus Stop,5.409111,103.081594,13:06:00,,,
TERMINAL MBKT - BATU RAKIT (PETANG),myBas,KAMPUNG GONG DATUK,KAMPUNG GONG DATUK Bus Stop,5.409608,103.07935,13:09:00,,,
TERMINAL MBKT - BATU RAKIT (PETANG),myBas,KAMPUNG GONG PAK JIN,KAMPUNG GONG PAK JIN Bus Stop,5.4099865,103.077354,13:10:00,,,
TERMINAL MBKT - BATU RAKIT (PETANG),myBas,KAMPUNG PADANG NENAS,KAMPUNG PADANG NENAS Bus Stop,5.4127349,103.0685383,13:12:00,,,
TERMINAL MBKT - BATU RAKIT (PETANG),myBas,MASJID PADANG NENAS,MASJID PADANG NENAS Bus Stop,5.414397,103.06653,13:13:00,,,
TERMINAL MBKT - BATU RAKIT (PETANG),myBas,BALAI POLIS MENGABANG TELIPOT,BALAI POLIS MENGABANG TELIPOT Bus Stop,5.415949,103.065411,13:14:00,,,
TERMINAL MBKT - BATU RAKIT (PETANG),myBas,MRSM KUALA TERENGGANU / IPG BATU RAKIT,MRSM KUALA TERENGGANU / IPG BATU RAKIT Bus Stop,5.420218,103.062045,13:15:00,,,
TERMINAL MBKT - BATU RAKIT (PETANG),myBas,SK KOMPLEKS MENGABANG TELIPOT,SK KOMPLEKS MENGABANG TELIPOT Bus Stop,5.4244691,103.0598691,13:16:00,,,
TERMINAL MBKT - BATU RAKIT (PETANG),myBas,KLINIK KESIHATAN BATU RAKIT,KLINIK KESIHATAN BATU RAKIT Bus Stop,5.425862,103.058722,13:17:00,,,
TERMINAL MBKT - BATU RAKIT (PETANG),myBas,TAMAN PERUMAHAN WAKAF TENGAH,TAMAN PERUMAHAN WAKAF TENGAH Bus Stop,5.4295183,103.0561542,13:18:00,,,
TERMINAL MBKT - BATU RAKIT (PETANG),myBas,KAMPUNG MENGABANG TELONG 1,KAMPUNG MENGABANG TELONG 1 Bus Stop,5.432419,103.05467,13:19:00,,,
TERMINAL MBKT - BATU RAKIT (PETANG),myBas,KAMPUNG MENGABANG TELONG 2,KAMPUNG MENGABANG TELONG 2 Bus Stop,5.4361025,103.0526757,13:20:00,,,
TERMINAL MBKT - BATU RAKIT (PETANG),myBas,KAMPUNG MENGKABANG KAPAL,KAMPUNG MENGKABANG KAPAL Bus Stop,5.438064,103.05167,13:21:00,,,
TERMINAL MBKT - BATU RAKIT (PETANG),myBas,TAMAN NIRWANA,TAMAN NIRWANA Bus Stop,5.439974,103.050634,13:22:00,,,
TERMINAL MBKT - BATU RAKIT (PETANG),myBas,DESA KAYANGAN,DESA KAYANGAN Bus Stop,5.442533,103.049297,13:23:00,,,
TERMINAL MBKT - BATU RAKIT (PETANG),myBas,TAMAN DESA KAYANGAN,TAMAN DESA KAYANGAN Bus Stop,5.4443735,103.0482584,13:24:00,,,
TERMINAL MBKT - BATU RAKIT (PETANG),myBas,KAMPUNG BATU RAKIT,KAMPUNG BATU RAKIT Bus Stop,5.446629,103.0466827,13:25:00,,,
TERMINAL MBKT - BATU RAKIT (PETANG),myBas,SK BATU RAKIT,SK BATU RAKIT Bus Stop,5.4482691,103.0456496,13:26:00,,,
TERMINAL MBKT - BATU RAKIT (PETANG),myBas,PUSAT KHIDMAT MASYARAKAT ADUN BATU RAKIT,PUSAT KHIDMAT MASYARAKAT ADUN BATU RAKIT Bus Stop,5.449756,103.04537,13:27:00,,,
TERMINAL MBKT - BATU RAKIT (PETANG),myBas,HENTIAN BATU RAKIT,HENTIAN BATU RAKIT Bus Stop,5.450886,103.046194,13:28:00,,,
TERMINAL MBKT - KUALA BERANG,myBas,TERMINAL MBKT,TERMINAL MBKT Bus Stop,5.33155,103.137253,06:00:00,,,
TERMINAL MBKT - KUALA BERANG,myBas,YAYASAN TERENGGANU,YAYASAN TERENGGANU Bus Stop,5.3291939,103.1386021,06:01:00,,,
TERMINAL MBKT - KUALA BERANG,myBas,STADIUM SULTAN ISMAIL NASSIRUDIN SHAH,STADIUM SULTAN ISMAIL NASSIRUDIN SHAH Bus Stop,5.3288232,103.1398256,06:02:00,,,
TERMINAL MBKT - KUALA BERANG,myBas,JALAN PEJABAT,JALAN PEJABAT Bus Stop,5.3282373,103.1436998,06:03:00,,,
TERMINAL MBKT - KUALA BERANG,myBas,MASJID AL-MEKHTAFI BILLAH SHAH,MASJID AL-MEKHTAFI BILLAH SHAH Bus Stop,5.327219,103.14745,06:04:00,,,
TERMINAL MBKT - KUALA BERANG,myBas,HOSPITAL SULTANAH NUR ZAHIRAH,HOSPITAL SULTANAH NUR ZAHIRAH Bus Stop,5.3246217,103.149826,06:05:00,,,
TERMINAL MBKT - KUALA BERANG,myBas,SIMPANG PANTAI BATU BUROK,SIMPANG PANTAI BATU BUROK Bus Stop,5.3198096,103.1532315,06:06:00,,,
TERMINAL MBKT - KUALA BERANG,myBas,KUALA TERENGGANU SPECIALIST HOSPITAL,KUALA TERENGGANU SPECIALIST HOSPITAL Bus Stop,5.318922,103.153372,06:07:00,,,
TERMINAL MBKT - KUALA BERANG,myBas,SMA KHAIRIAH JALAN SULTAN MOHAMAD,SMA KHAIRIAH JALAN SULTAN MOHAMAD Bus Stop,5.3147041,103.1441175,06:08:00,,,
TERMINAL MBKT - KUALA BERANG,myBas,SK Gong Kapas,SK Gong Kapas Bus Stop,5.3141539,103.1426689,06:09:00,,,
TERMINAL MBKT - KUALA BERANG,myBas,KOMPLEKS MAHKAMAH KUALA TERENGGANU,KOMPLEKS MAHKAMAH KUALA TERENGGANU Bus Stop,5.312561,103.136389,06:10:00,,,
TERMINAL MBKT - KUALA BERANG,myBas,MYDIN KUALA TERENGGANU,MYDIN KUALA TERENGGANU Bus Stop,5.3121054,103.1311467,06:11:00,,,
TERMINAL MBKT - KUALA BERANG,myBas,WISMA PELADANG KUALA TERENGGANU,WISMA PELADANG KUALA TERENGGANU Bus Stop,5.309587,103.129684,06:12:00,,,
TERMINAL MBKT - KUALA BERANG,myBas,PERUMAHAN POLIS PADANG HILIRAN,PERUMAHAN POLIS PADANG HILIRAN Bus Stop,5.308353,103.127119,06:13:00,,,
TERMINAL MBKT - KUALA BERANG,myBas,WAKAF BERUAS/RESTORAN DAPUR ARANG,WAKAF BERUAS/RESTORAN DAPUR ARANG Bus Stop,5.30125,103.120739,06:15:00,,,
TERMINAL MBKT - KUALA BERANG,myBas,KLINIK ANDA,KLINIK ANDA Bus Stop,5.299575,103.1198,06:16:00,,,
TERMINAL MBKT - KUALA BERANG,myBas,BANGGOL PAUH,BANGGOL PAUH Bus Stop,5.295514,103.117458,06:18:00,,,
TERMINAL MBKT - KUALA BERANG,myBas,KLINIK DESA GONG PAUH/PEJABAT PERTANIAN KUALA TERENGGANU,KLINIK DESA GONG PAUH/PEJABAT PERTANIAN KUALA TERENGGANU Bus Stop,5.291536,103.115169,06:19:00,,,
TERMINAL MBKT - KUALA BERANG,myBas,KAMPUNG KUBANG TANGGA,KAMPUNG KUBANG TANGGA Bus Stop,5.288397,103.113239,06:20:00,,,
TERMINAL MBKT - KUALA BERANG,myBas,WAKAF MEMPELAM,WAKAF MEMPELAM Bus Stop,5.286328,103.112081,06:21:00,,,
TERMINAL MBKT - KUALA BERANG,myBas,GONG KIAT,GONG KIAT Bus Stop,5.270211,103.103011,06:24:00,,,
TERMINAL MBKT - KUALA BERANG,myBas,SMK PADANG MIDIN,SMK PADANG MIDIN Bus Stop,5.2646,103.0999,06:25:00,,,
TERMINAL MBKT - KUALA BERANG,myBas,SMK TUN TELANAI,SMK TUN TELANAI Bus Stop,5.258056,103.096219,06:26:00,,,
TERMINAL MBKT - KUALA BERANG,myBas,WAKAF DUA,WAKAF DUA Bus Stop,5.245461,103.096503,06:28:00,,,
TERMINAL MBKT - KUALA BERANG,myBas,KLINIK KESIHATAN BUKIT PAYONG,KLINIK KESIHATAN BUKIT PAYONG Bus Stop,5.235336,103.099839,06:30:00,,,
TERMINAL MBKT - KUALA BERANG,myBas,PEKAN BUKIT PAYONG,PEKAN BUKIT PAYONG Bus Stop,5.232403,103.10225,06:31:00,,,
TERMINAL MBKT - KUALA BERANG,myBas,DATARAN BUKIT PAYONG,DATARAN BUKIT PAYONG Bus Stop,5.230172,103.104311,06:32:00,,,
TERMINAL MBKT - KUALA BERANG,myBas,TAMAN AL AMIN/JABATAN PERTANIAN,TAMAN AL AMIN/JABATAN PERTANIAN Bus Stop,5.227958,103.106089,06:33:00,,,
TERMINAL MBKT - KUALA BERANG,myBas,KAMPUNG BATU 9,KAMPUNG BATU 9 Bus Stop,5.223017,103.107289,06:34:00,,,
TERMINAL MBKT - KUALA BERANG,myBas,MASJID PADANG MENGKUANG,MASJID PADANG MENGKUANG Bus Stop,5.218506,103.105961,06:35:00,,,
TERMINAL MBKT - KUALA BERANG,myBas,TAMAN SAFIAH MURNI,TAMAN SAFIAH MURNI Bus Stop,5.212039,103.104003,06:36:00,,,
TERMINAL MBKT - KUALA BERANG,myBas,PETRONAS BATU 10 BUKIT PAYONG,PETRONAS BATU 10 BUKIT PAYONG Bus Stop,5.208497,103.1034,06:37:00,,,
TERMINAL MBKT - KUALA BERANG,myBas,BINJAI RENDAH,BINJAI RENDAH Bus Stop,5.203228,103.102619,06:38:00,,,
TERMINAL MBKT - KUALA BERANG,myBas,KLINIK KESIHATAN BINJAI RENDAH,KLINIK KESIHATAN BINJAI RENDAH Bus Stop,5.193433,103.100711,06:40:00,,,
TERMINAL MBKT - KUALA BERANG,myBas,SK BUKIT SAWA,SK BUKIT SAWA Bus Stop,5.189286,103.099261,06:41:00,,,
TERMINAL MBKT - KUALA BERANG,myBas,SMK BUKIT SAWA,SMK BUKIT SAWA Bus Stop,5.187375,103.097969,06:42:00,,,
TERMINAL MBKT - KUALA BERANG,myBas,SIMPANG KAMPUNG BELUKAR GOREK,SIMPANG KAMPUNG BELUKAR GOREK Bus Stop,5.184017,103.093439,06:43:00,,,
TERMINAL MBKT - KUALA BERANG,myBas,SMKA DURIAN GULING,SMKA DURIAN GULING Bus Stop,5.179014,103.089361,06:44:00,,,
TERMINAL MBKT - KUALA BERANG,myBas,TAMAN CERANG PERDANA,TAMAN CERANG PERDANA Bus Stop,5.174806,103.087667,06:45:00,,,
TERMINAL MBKT - KUALA BERANG,myBas,MASJID AL BAROKAH,MASJID AL BAROKAH Bus Stop,5.156667,103.083689,06:48:00,,,
TERMINAL MBKT - KUALA BERANG,myBas,PETRON KAMPUNG WAKAF TAPAI,PETRON KAMPUNG WAKAF TAPAI Bus Stop,5.149053,103.08465,06:49:00,,,
TERMINAL MBKT - KUALA BERANG,myBas,BALAI BOMBA DAN PENYELAMAT WAKAF TAPAI,BALAI BOMBA DAN PENYELAMAT WAKAF TAPAI Bus Stop,5.149053,103.08465,06:50:00,,,
TERMINAL MBKT - KUALA BERANG,myBas,WAKAF TAPAI,WAKAF TAPAI Bus Stop,5.141369,103.086189,06:51:00,,,
TERMINAL MBKT - KUALA BERANG,myBas,PASAR WAKAF TAPAI,PASAR WAKAF TAPAI Bus Stop,5.134892,103.08665,06:52:00,,,
TERMINAL MBKT - KUALA BERANG,myBas,SJKC CHONG HWA,SJKC CHONG HWA Bus Stop,5.132006,103.086131,06:53:00,,,
TERMINAL MBKT - KUALA BERANG,myBas,TAMAN ISTIWA,TAMAN ISTIWA Bus Stop,5.128583,103.085631,06:54:00,,,
TERMINAL MBKT - KUALA BERANG,myBas,OPPOSITE KAMPUNG BATU 18,OPPOSITE KAMPUNG BATU 18 Bus Stop,5.105094,103.088869,06:57:00,,,
TERMINAL MBKT - KUALA BERANG,myBas,BUKIT PERAPAT,BUKIT PERAPAT Bus Stop,5.100281,103.090003,06:58:00,,,
TERMINAL MBKT - KUALA BERANG,myBas,PULAI API BATU 18,PULAI API BATU 18 Bus Stop,5.096997,103.08945,06:59:00,,,
TERMINAL MBKT - KUALA BERANG,myBas,SK BUKIT PERAH,SK BUKIT PERAH Bus Stop,5.092917,103.088639,07:00:00,,,
TERMINAL MBKT - KUALA BERANG,myBas,PEKAN AJIL,PEKAN AJIL Bus Stop,5.083131,103.086831,07:02:00,,,
TERMINAL MBKT - KUALA BERANG,myBas,KLINIK KESIHATAN AJIL,KLINIK KESIHATAN AJIL Bus Stop,5.081231,103.085144,07:03:00,,,
TERMINAL MBKT - KUALA BERANG,myBas,PEDOUA AJIL,PEDOUA AJIL Bus Stop,5.078708,103.078925,07:04:00,,,
TERMINAL MBKT - KUALA BERANG,myBas,NSTP AJIL,NSTP AJIL Bus Stop,5.07735,103.072914,07:05:00,,,
TERMINAL MBKT - KUALA BERANG,myBas,PIMA ACADEMY,PIMA ACADEMY Bus Stop,5.075594,103.065475,07:06:00,,,
TERMINAL MBKT - KUALA BERANG,myBas,PMU KUALA BERANG,PMU KUALA BERANG Bus Stop,5.072139,103.05205,07:08:00,,,
TERMINAL MBKT - KUALA BERANG,myBas,HOSPITAL HULU TERENGGANU,HOSPITAL HULU TERENGGANU Bus Stop,5.072472,103.046036,07:09:00,,,
TERMINAL MBKT - KUALA BERANG,myBas,JKR DAERAH HULU TERENGGANU,JKR DAERAH HULU TERENGGANU Bus Stop,5.072694,103.043061,07:10:00,,,
TERMINAL MBKT - KUALA BERANG,myBas,PEJABAT AGAMA DAERAH HULU TERENGGANU,PEJABAT AGAMA DAERAH HULU TERENGGANU Bus Stop,5.072844,103.036289,07:11:00,,,
TERMINAL MBKT - KUALA BERANG,myBas,KBRANG MALL,KBRANG MALL Bus Stop,5.073008,103.02845,07:12:00,,,
TERMINAL MBKT - KUALA BERANG,myBas,WISMA HAIDA 2,WISMA HAIDA 2 Bus Stop,5.072903,103.0247,07:13:00,,,
TERMINAL MBKT - KUALA BERANG,myBas,PEJABAT PENDIDIKAN DAERAH HULU TERENGGANU,PEJABAT PENDIDIKAN DAERAH HULU TERENGGANU Bus Stop,5.073672,103.020011,07:14:00,,,
TERMINAL MBKT - KUALA BERANG,myBas,IPD KUALA BERANG/RISDA KUALA BERANG,IPD KUALA BERANG/RISDA KUALA BERANG Bus Stop,5.073528,103.016044,07:15:00,,,
TERMINAL MBKT - KUALA BERANG,myBas,MASJID KUALA BERANG,MASJID KUALA BERANG Bus Stop,5.073325,103.012606,07:16:00,,,
TERMINAL MBKT - KUALA BERANG,myBas,TERMINAL BAS KUALA BERANG,TERMINAL BAS KUALA BERANG Bus Stop,5.070667,103.010956,07:17:00,,,
TERMINAL MBKT - BUKIT PAYONG,myBas,TERMINAL MBKT,TERMINAL MBKT Bus Stop,5.33155,103.137253,06:00:00,,,
TERMINAL MBKT - BUKIT PAYONG,myBas,COSMOPOINT TERENGGANU,COSMOPOINT TERENGGANU Bus Stop,5.325564,103.137481,06:01:00,,,
TERMINAL MBKT - BUKIT PAYONG,myBas,WISMA MBKT,WISMA MBKT Bus Stop,5.323356,103.1321,06:03:00,,,
TERMINAL MBKT - BUKIT PAYONG,myBas,MASJID HILIRAN,MASJID HILIRAN Bus Stop,5.314567,103.125144,06:05:00,,,
TERMINAL MBKT - BUKIT PAYONG,myBas,SHELL HILIRAN,SHELL HILIRAN Bus Stop,5.314181,103.122406,06:06:00,,,
TERMINAL MBKT - BUKIT PAYONG,myBas,SIMPANG KUBANG BUYONG,SIMPANG KUBANG BUYONG Bus Stop,5.315428,103.121681,06:07:00,,,
TERMINAL MBKT - BUKIT PAYONG,myBas,KLINIK DESA LOSONG,KLINIK DESA LOSONG Bus Stop,5.317161,103.1162,06:08:00,,,
TERMINAL MBKT - BUKIT PAYONG,myBas,KG LOSONG ATAP ZINK,KG LOSONG ATAP ZINK Bus Stop,5.318583,103.108667,06:09:00,,,
TERMINAL MBKT - BUKIT PAYONG,myBas,MUZIUM NEGER TERENGGANU,MUZIUM NEGER TERENGGANU Bus Stop,5.31997,103.103164,06:10:00,,,
TERMINAL MBKT - BUKIT PAYONG,myBas,RESTORAN BETENG,RESTORAN BETENG Bus Stop,5.322222,103.1167,06:13:00,,,
TERMINAL MBKT - BUKIT PAYONG,myBas,PUSAT KONVENSYEN,PUSAT KONVENSYEN Bus Stop,5.321556,103.118331,06:14:00,,,
TERMINAL MBKT - BUKIT PAYONG,myBas,MASJID KRISTAL,MASJID KRISTAL Bus Stop,5.320944,103.11925,06:15:00,,,
TERMINAL MBKT - BUKIT PAYONG,myBas,OPPOSITE MUZIUM WARISAN,OPPOSITE MUZIUM WARISAN Bus Stop,5.320002,103.103019,06:18:00,,,
TERMINAL MBKT - BUKIT PAYONG,myBas,KG LOSONG LEBAI SALLEH,KG LOSONG LEBAI SALLEH Bus Stop,5.319611,103.105139,06:19:00,,,
TERMINAL MBKT - BUKIT PAYONG,myBas,HENTIAN KAMPUNG LOSONG ATAP ZINK,HENTIAN KAMPUNG LOSONG ATAP ZINK Bus Stop,5.318817,103.10865,06:20:00,,,
TERMINAL MBKT - BUKIT PAYONG,myBas,OPPOSITE SMK SULTAN AHMAD,OPPOSITE SMK SULTAN AHMAD Bus Stop,5.310675,103.107611,06:22:00,,,
TERMINAL MBKT - BUKIT PAYONG,myBas,KAMPUNG PULAU MUSANG,KAMPUNG PULAU MUSANG Bus Stop,5.303878,103.098661,06:24:00,,,
TERMINAL MBKT - BUKIT PAYONG,myBas,KAMPUNG KUALA BEKAH,KAMPUNG KUALA BEKAH Bus Stop,5.298467,103.0959,06:25:00,,,
TERMINAL MBKT - BUKIT PAYONG,myBas,SELEKOH TUNGGAL PULAU MUSANG,SELEKOH TUNGGAL PULAU MUSANG Bus Stop,5.294175,103.094361,06:26:00,,,
TERMINAL MBKT - BUKIT PAYONG,myBas,SK RENGAS BEKAH,SK RENGAS BEKAH Bus Stop,5.292589,103.0977,06:27:00,,,
TERMINAL MBKT - BUKIT PAYONG,myBas,MASJID AL-MUTTAQIN,MASJID AL-MUTTAQIN Bus Stop,5.278036,103.096,06:29:00,,,
TERMINAL MBKT - BUKIT PAYONG,myBas,SEK KEB KEPONG,SEK KEB KEPONG Bus Stop,5.276444,103.0905,06:30:00,,,
TERMINAL MBKT - BUKIT PAYONG,myBas,MASJID KAMPUNG BELADAU SELAT,MASJID KAMPUNG BELADAU SELAT Bus Stop,5.272989,103.083886,06:31:00,,,
TERMINAL MBKT - BUKIT PAYONG,myBas,SMK SERADA,SMK SERADA Bus Stop,5.266119,103.066331,06:34:00,,,
TERMINAL MBKT - BUKIT PAYONG,myBas,KAMPUNG SERADA,KAMPUNG SERADA Bus Stop,5.264639,103.063931,06:35:00,,,
TERMINAL MBKT - BUKIT PAYONG,myBas,SK KG BAHARU SERADA,SK KG BAHARU SERADA Bus Stop,5.262056,103.057847,06:36:00,,,
TERMINAL MBKT - BUKIT PAYONG,myBas,SIMPANG SK SERADA,SIMPANG SK SERADA Bus Stop,5.260914,103.053986,06:37:00,,,
TERMINAL MBKT - BUKIT PAYONG,myBas,KG BANGGOL KEMANG,KG BANGGOL KEMANG Bus Stop,5.239028,103.042194,06:40:00,,,
TERMINAL MBKT - BUKIT PAYONG,myBas,KG TIRUK,KG TIRUK Bus Stop,5.234111,103.04025,06:41:00,,,
TERMINAL MBKT - BUKIT PAYONG,myBas,SK PASIR TINGGI,SK PASIR TINGGI Bus Stop,5.205861,103.041361,06:43:00,,,
TERMINAL MBKT - BUKIT PAYONG,myBas,KLINIK DESA PASIR TINGGI,KLINIK DESA PASIR TINGGI Bus Stop,5.204578,103.0422,06:44:00,,,
TERMINAL MBKT - BUKIT PAYONG,myBas,PADANG BOLA PASIR TINGGI,PADANG BOLA PASIR TINGGI Bus Stop,5.204453,103.045311,06:45:00,,,
TERMINAL MBKT - BUKIT PAYONG,myBas,KG PASIR TINGGI,KG PASIR TINGGI Bus Stop,5.205056,103.051092,06:46:00,,,
TERMINAL MBKT - BUKIT PAYONG,myBas,KG PADANG LIMAU NIPIS,KG PADANG LIMAU NIPIS Bus Stop,5.207972,103.053806,06:48:00,,,
TERMINAL MBKT - BUKIT PAYONG,myBas,MASJID KAMPUNG PADANG LIMAU NIPIS,MASJID KAMPUNG PADANG LIMAU NIPIS Bus Stop,5.208908,103.058419,06:49:00,,,
TERMINAL MBKT - BUKIT PAYONG,myBas,PASTI KAMPUNG PADANG LIMAU NIPIS,PASTI KAMPUNG PADANG LIMAU NIPIS Bus Stop,5.209011,103.060711,06:50:00,,,
TERMINAL MBKT - BUKIT PAYONG,myBas,JALAN KAMPUNG PADANG LIMAU NIPIS 2,JALAN KAMPUNG PADANG LIMAU NIPIS 2 Bus Stop,5.209108,103.062939,06:51:00,,,
TERMINAL MBKT - BUKIT PAYONG,myBas,TAMAN DESA PADANG PAK WAN,TAMAN DESA PADANG PAK WAN Bus Stop,5.209758,103.069839,06:52:00,,,
TERMINAL MBKT - BUKIT PAYONG,myBas,JALAN MASJID PAK MADAH,JALAN MASJID PAK MADAH Bus Stop,5.208431,103.074589,06:53:00,,,
TERMINAL MBKT - BUKIT PAYONG,myBas,SK SIMPANG RAWAI,SK SIMPANG RAWAI Bus Stop,5.206447,103.0775,06:54:00,,,
TERMINAL MBKT - BUKIT PAYONG,myBas,SIMPANG 4 RAWAI,SIMPANG 4 RAWAI Bus Stop,5.206242,103.078361,06:55:00,,,
TERMINAL MBKT - BUKIT PAYONG,myBas,TASKA PERMATA KELUARGA,TASKA PERMATA KELUARGA Bus Stop,5.210764,103.082169,06:56:00,,,
TERMINAL MBKT - BUKIT PAYONG,myBas,JALAN KUBANG CIK MAN,JALAN KUBANG CIK MAN Bus Stop,5.213992,103.084175,06:57:00,,,
TERMINAL MBKT - BUKIT PAYONG,myBas,JALAN TAMBAK TOK SHEIKH,JALAN TAMBAK TOK SHEIKH Bus Stop,5.215883,103.0853,06:58:00,,,
TERMINAL MBKT - BUKIT PAYONG,myBas,SURAU PADANG RAJA,SURAU PADANG RAJA Bus Stop,5.218097,103.086814,06:59:00,,,
TERMINAL MBKT - BUKIT PAYONG,myBas,KG BINJAI BONGKOK,KG BINJAI BONGKOK Bus Stop,5.220717,103.088581,07:00:00,,,
TERMINAL MBKT - BUKIT PAYONG,myBas,MASJID BINJAI BONGKOK,MASJID BINJAI BONGKOK Bus Stop,5.221836,103.089244,07:01:00,,,
TERMINAL MBKT - BUKIT PAYONG,myBas,DEWAN BINJAI BONGKOK,DEWAN BINJAI BONGKOK Bus Stop,5.222969,103.089781,07:02:00,,,
TERMINAL MBKT - BUKIT PAYONG,myBas,MAKSU HOMESTAY / LORONG PADANG AIR DERAS,MAKSU HOMESTAY / LORONG PADANG AIR DERAS Bus Stop,5.226533,103.092539,07:03:00,,,
TERMINAL MBKT - BUKIT PAYONG,myBas,PULAU TINGGI BUKIT PAYUNG,PULAU TINGGI BUKIT PAYUNG Bus Stop,5.231386,103.098081,07:04:00,,,
TERMINAL MBKT - BUKIT PAYONG,myBas,MASJID BUKIT PAYUNG,MASJID BUKIT PAYUNG Bus Stop,5.233031,103.100364,07:05:00,,,
TERMINAL MBKT - BUKIT PAYONG,myBas,HENTIAN BUKIT PAYONG,HENTIAN BUKIT PAYONG Bus Stop,5.232136,103.1026,07:06:00,,,
TERMINAL MBKT - BUKIT PAYONG,myBas,KKIA JALAN AIR JERNIH,KKIA JALAN AIR JERNIH Bus Stop,5.328148,103.1351875,07:05:00,,,
TERMINAL MBKT - MARANG via KEDAI BULUH,myBas,TERMINAL MBKT,TERMINAL MBKT Bus Stop,5.33155,103.137253,06:00:00,,,
TERMINAL MBKT - MARANG via KEDAI BULUH,myBas,YAYASAN TERENGGANU,YAYASAN TERENGGANU Bus Stop,5.3291939,103.1386021,06:01:00,,,
TERMINAL MBKT - MARANG via KEDAI BULUH,myBas,STADIUM SULTAN ISMAIL NASSIRUDIN SHAH,STADIUM SULTAN ISMAIL NASSIRUDIN SHAH Bus Stop,5.3288232,103.1398256,06:02:00,,,
TERMINAL MBKT - MARANG via KEDAI BULUH,myBas,MSU COLLEGE,MSU COLLEGE Bus Stop,5.324247,103.141578,06:03:00,,,
TERMINAL MBKT - MARANG via KEDAI BULUH,myBas,Yayasan Pembangunan Keluarga,Yayasan Pembangunan Keluarga Bus Stop,5.3204606,103.1424886,06:04:00,,,
TERMINAL MBKT - MARANG via KEDAI BULUH,myBas,SMK KHAIRIAH JALAN SULTAN OMAR,SMK KHAIRIAH JALAN SULTAN OMAR Bus Stop,5.316344,103.144889,06:05:00,,,
TERMINAL MBKT - MARANG via KEDAI BULUH,myBas,KUATERS JKR,KUATERS JKR Bus Stop,5.313253,103.144319,06:06:00,,,
TERMINAL MBKT - MARANG via KEDAI BULUH,myBas,KG GEMIA,KG GEMIA Bus Stop,5.310322,103.1449,06:07:00,,,
TERMINAL MBKT - MARANG via KEDAI BULUH,myBas,SMK MEGAT PANJI ALAM,SMK MEGAT PANJI ALAM Bus Stop,5.3057,103.145189,06:08:00,,,
TERMINAL MBKT - MARANG via KEDAI BULUH,myBas,TANAH KUBUR ISLAM KG NIBONG ATAS,TANAH KUBUR ISLAM KG NIBONG ATAS Bus Stop,5.301506,103.146211,06:09:00,,,
TERMINAL MBKT - MARANG via KEDAI BULUH,myBas,LORONG PARMY,LORONG PARMY Bus Stop,5.299133,103.147353,06:10:00,,,
TERMINAL MBKT - MARANG via KEDAI BULUH,myBas,KLINIK DESA GONG TOK NASEK,KLINIK DESA GONG TOK NASEK Bus Stop,5.297897,103.147544,06:11:00,,,
TERMINAL MBKT - MARANG via KEDAI BULUH,myBas,ARKED MAIDAM,ARKED MAIDAM Bus Stop,5.296342,103.148519,06:12:00,,,
TERMINAL MBKT - MARANG via KEDAI BULUH,myBas,SK GONG TONG NASEK,SK GONG TONG NASEK Bus Stop,5.29425,103.150089,06:13:00,,,
TERMINAL MBKT - MARANG via KEDAI BULUH,myBas,LORONG HJ MAT AMIN,LORONG HJ MAT AMIN Bus Stop,5.288294,103.148681,06:14:00,,,
TERMINAL MBKT - MARANG via KEDAI BULUH,myBas,LORONG POK HIM,LORONG POK HIM Bus Stop,5.286767,103.146531,06:15:00,,,
TERMINAL MBKT - MARANG via KEDAI BULUH,myBas,PASTI IBNU SINAR,PASTI IBNU SINAR Bus Stop,5.285531,103.144731,06:16:00,,,
TERMINAL MBKT - MARANG via KEDAI BULUH,myBas,ALAM MUTIARA 1 & 2,ALAM MUTIARA 1 & 2 Bus Stop,5.27707,103.142119,06:18:00,,,
TERMINAL MBKT - MARANG via KEDAI BULUH,myBas,PASAR KAMPUNG LAUT 1,PASAR KAMPUNG LAUT 1 Bus Stop,5.2729826,103.1426955,06:19:00,,,
TERMINAL MBKT - MARANG via KEDAI BULUH,myBas,PASAR KAMPUNG LAUT 2,PASAR KAMPUNG LAUT 2 Bus Stop,5.270477,103.142882,06:20:00,,,
TERMINAL MBKT - MARANG via KEDAI BULUH,myBas,Kampung Belukar Jambu / Klinik Desa Kg Laut,Kampung Belukar Jambu / Klinik Desa Kg Laut Bus Stop,5.266725,103.143696,06:21:00,,,
TERMINAL MBKT - MARANG via KEDAI BULUH,myBas,LORONG TOK KHATIB ALI,LORONG TOK KHATIB ALI Bus Stop,5.266361,103.143766,06:22:00,,,
TERMINAL MBKT - MARANG via KEDAI BULUH,myBas,MASJID BELUKAR JAMBU,MASJID BELUKAR JAMBU Bus Stop,5.26454,103.144104,06:23:00,,,
TERMINAL MBKT - MARANG via KEDAI BULUH,myBas,SK Kampung Bukit Chendering,SK Kampung Bukit Chendering Bus Stop,5.259796,103.144623,06:24:00,,,
TERMINAL MBKT - MARANG via KEDAI BULUH,myBas,MASJID KAMPUNG SURAU PANJANG,MASJID KAMPUNG SURAU PANJANG Bus Stop,5.2536103,103.1344674,06:26:00,,,
TERMINAL MBKT - MARANG via KEDAI BULUH,myBas,PASAR PEKAN KEDAI BULUH / SMK SULTAN MANSOR,PASAR PEKAN KEDAI BULUH / SMK SULTAN MANSOR Bus Stop,5.2524441,103.1309476,06:27:00,,,
TERMINAL MBKT - MARANG via KEDAI BULUH,myBas,SURAU KAMPUNG TONG PONG,SURAU KAMPUNG TONG PONG Bus Stop,5.247933,103.132989,06:28:00,,,
TERMINAL MBKT - MARANG via KEDAI BULUH,myBas,SK TOK DIR,SK TOK DIR Bus Stop,5.244736,103.134819,06:29:00,,,
TERMINAL MBKT - MARANG via KEDAI BULUH,myBas,MASJID TOK DIR,MASJID TOK DIR Bus Stop,5.241189,103.135331,06:30:00,,,
TERMINAL MBKT - MARANG via KEDAI BULUH,myBas,JALAN BAROH PINANG,JALAN BAROH PINANG Bus Stop,5.231358,103.133161,06:32:00,,,
TERMINAL MBKT - MARANG via KEDAI BULUH,myBas,KAMPUNG ALUR PARIT,KAMPUNG ALUR PARIT Bus Stop,5.228028,103.132089,06:33:00,,,
TERMINAL MBKT - MARANG via KEDAI BULUH,myBas,JALAN PADANG KOLAH,JALAN PADANG KOLAH Bus Stop,5.222956,103.130811,06:34:00,,,
TERMINAL MBKT - MARANG via KEDAI BULUH,myBas,MASJID KAMPUNG UDANG,MASJID KAMPUNG UDANG Bus Stop,5.221292,103.130481,06:35:00,,,
TERMINAL MBKT - MARANG via KEDAI BULUH,myBas,ENTERPRENUE PARK BUKIT KOR,ENTERPRENUE PARK BUKIT KOR Bus Stop,5.214014,103.150569,06:38:00,,,
TERMINAL MBKT - MARANG via KEDAI BULUH,myBas,KOLEJ TASDEC,KOLEJ TASDEC Bus Stop,5.214672,103.158311,06:39:00,,,
TERMINAL MBKT - MARANG via KEDAI BULUH,myBas,UCSI UNIVERSITY,UCSI UNIVERSITY Bus Stop,5.215764,103.161869,06:40:00,,,
TERMINAL MBKT - MARANG via KEDAI BULUH,myBas,KILANG PADI / PRM FOOD & MARKETING,KILANG PADI / PRM FOOD & MARKETING Bus Stop,5.21655,103.175431,06:42:00,,,
TERMINAL MBKT - MARANG via KEDAI BULUH,myBas,BUKIT RHU RENDANG,BUKIT RHU RENDANG Bus Stop,5.220433,103.190511,06:44:00,,,
TERMINAL MBKT - MARANG via KEDAI BULUH,myBas,SK RHU RENDANG,SK RHU RENDANG Bus Stop,5.221631,103.192819,06:45:00,,,
TERMINAL MBKT - MARANG via KEDAI BULUH,myBas,SIMPANG RHU RENDANG,SIMPANG RHU RENDANG Bus Stop,5.222861,103.195367,06:46:00,,,
TERMINAL MBKT - MARANG via KEDAI BULUH,myBas,SHELL RHU RENDANG,SHELL RHU RENDANG Bus Stop,5.2167003,103.200831,06:48:00,,,
TERMINAL MBKT - MARANG via KEDAI BULUH,myBas,IPD MARANG,IPD MARANG Bus Stop,5.2150949,103.2017885,06:49:00,,,
TERMINAL MBKT - MARANG via KEDAI BULUH,myBas,KAMPUNG PAYA,KAMPUNG PAYA Bus Stop,5.210669,103.203561,06:50:00,,,
TERMINAL MBKT - MARANG via KEDAI BULUH,myBas,PASAR MARANG,PASAR MARANG Bus Stop,5.206858,103.207319,06:51:00,,,
TERMINAL MBKT - MARANG via KEDAI BULUH,myBas,JETI MARANG,JETI MARANG Bus Stop,5.204406,103.207731,06:52:00,,,
TERMINAL MBKT - MARANG via KEDAI BULUH,myBas,HENTIAN BAS MARANG,HENTIAN BAS MARANG Bus Stop,5.204992,103.205617,06:53:00,,,
Bandaraya Melaka Feeder,myBas,Melaka Sentral,Melaka Sentral Bus Stop,2.22045,102.2507,07:00:00,,,
Bandaraya Melaka Feeder,myBas,Petron Jalan Taming Sari,Petron Jalan Taming Sari Bus Stop,2.21307,102.25646,07:01:00,,,
Bandaraya Melaka Feeder,myBas,RTM Melaka,RTM Melaka Bus Stop,2.21233,102.25583,07:02:00,,,
Bandaraya Melaka Feeder,myBas,Hotel Orkid,Hotel Orkid Bus Stop,2.20096,102.25278,07:03:00,,,
Bandaraya Melaka Feeder,myBas,Hotel Ibis,Hotel Ibis Bus Stop,2.19795,102.252,07:04:00,,,
Bandaraya Melaka Feeder,myBas,Pejabat Pos Jalan Laksamana,Pejabat Pos Jalan Laksamana Bus Stop,2.19504,102.24971,07:05:00,,,
Bandaraya Melaka Feeder,myBas,Jongker Walk/Stadhuys,Jongker Walk/Stadhuys Bus Stop,2.1945,102.24902,07:06:00,,,
Bandaraya Melaka Feeder,myBas,Muzium Samudera,Muzium Samudera Bus Stop,2.19202,102.24686,07:07:00,,,
Bandaraya Melaka Feeder,myBas,Menara Tamingsari,Menara Tamingsari Bus Stop,2.19051,102.24748,07:08:00,,,
Bandaraya Melaka Feeder,myBas,Dataran Pahlawan,Dataran Pahlawan Bus Stop,2.18987,102.25026,07:09:00,,,
Bandaraya Melaka Feeder,myBas,SMK Convent Melaka,SMK Convent Melaka Bus Stop,2.18932,102.25639,07:10:00,,,
Bandaraya Melaka Feeder,myBas,Kampung Bandar Hilir/Jalan Imam Jh Mohd ,Kampung Bandar Hilir/Jalan Imam Jh Mohd  Bus Stop,2.18902,102.26053,07:11:00,,,
Bandaraya Melaka Feeder,myBas,Pangsapuri Seri Bukit,Pangsapuri Seri Bukit Bus Stop,2.18921,102.26558,07:12:00,,,
Bandaraya Melaka Feeder,myBas,Kampung Ujong Pasir,Kampung Ujong Pasir Bus Stop,2.18755,102.26946,07:13:00,,,
Bandaraya Melaka Feeder,myBas,Pangsapuri Pasir Mutiara,Pangsapuri Pasir Mutiara Bus Stop,2.18709,102.27137,07:14:00,,,
Bandaraya Melaka Feeder,myBas,Taman Jaya Padang Temu,Taman Jaya Padang Temu Bus Stop,2.18643,102.27567,07:15:00,,,
Bandaraya Melaka Feeder,myBas,Padang Temu,Padang Temu Bus Stop,2.18522,102.27707,07:16:00,,,
Bandaraya Melaka Feeder,myBas,Hotel Coastal Park,Hotel Coastal Park Bus Stop,2.1874,102.26991,07:17:00,,,
Bandaraya Melaka Feeder,myBas,Taman Kampong Atap,Taman Kampong Atap Bus Stop,2.1882,102.26463,07:18:00,,,
Bandaraya Melaka Feeder,myBas,Rumah Pangsa Hilir Kota,Rumah Pangsa Hilir Kota Bus Stop,2.18692,102.26306,07:19:00,,,
Bandaraya Melaka Feeder,myBas,Opp Mahkota Medical Centre,Opp Mahkota Medical Centre Bus Stop,2.186982862202488,102.251318,07:20:00,,,
Bandaraya Melaka Feeder,myBas,CIMB Taman Kota Laksamana,CIMB Taman Kota Laksamana Bus Stop,2.19526,102.23791,07:21:00,,,
Bandaraya Melaka Feeder,myBas,Persatuan Low Melaka,Persatuan Low Melaka Bus Stop,2.19774,102.24347,07:22:00,,,
Bandaraya Melaka Feeder,myBas,Melaka International School,Melaka International School Bus Stop,2.19766,102.24431,07:23:00,,,
Bandaraya Melaka Feeder,myBas,SJK (C) Yok Bin,SJK (C) Yok Bin Bus Stop,2.20029,102.24632,07:24:00,,,
Bandaraya Melaka Feeder,myBas,Plaza Hang Tuah 1,Plaza Hang Tuah 1 Bus Stop,2.20197,102.24721,07:25:00,,,
Bandaraya Melaka Feeder,myBas,Wisma Air,Wisma Air Bus Stop,2.20419,102.24617,07:26:00,,,
Bandaraya Melaka Feeder,myBas,Aeon Bandaraya Melaka,Aeon Bandaraya Melaka Bus Stop,2.21458,102.24802,07:27:00,,,
Bandaraya Melaka Feeder,myBas,Lotus Melaka,Lotus Melaka Bus Stop,2.21668,102.24798,07:28:00,,,
Bandaraya Melaka Feeder,myBas,Melaka Sentral 2,Melaka Sentral 2 Bus Stop,2.22009,102.25072,07:29:00,,,
Pasar Melaka Feeder,myBas,Melaka Sentral,Melaka Sentral Bus Stop,2.22045,102.2507,06:00:00,,,
Pasar Melaka Feeder,myBas,Opp Hospital Melaka,Opp Hospital Melaka Bus Stop,2.21849,102.26008,06:02:00,,,
Pasar Melaka Feeder,myBas,Pasar Besar Mbsb,Pasar Besar Mbsb Bus Stop,2.23501,102.24822,06:04:00,,,
Pasar Melaka Feeder,myBas,Opp Petronas Bachang,Opp Petronas Bachang Bus Stop,2.23721,102.24699,06:06:00,,,
Pasar Melaka Feeder,myBas,Security Force Bachang,Security Force Bachang Bus Stop,2.23916,102.24394,06:08:00,,,
Pasar Melaka Feeder,myBas,Kampung Bachang Barat,Kampung Bachang Barat Bus Stop,2.23742,102.24295,06:10:00,,,
Pasar Melaka Feeder,myBas,Taman Pasir Puteh/Lorong Haji Salleh,Taman Pasir Puteh/Lorong Haji Salleh Bus Stop,2.23456,102.24269,06:12:00,,,
Pasar Melaka Feeder,myBas,Jalan Salmah Baba,Jalan Salmah Baba Bus Stop,2.23343,102.24259,06:14:00,,,
Pasar Melaka Feeder,myBas,Masjid Ar-Razzaq,Masjid Ar-Razzaq Bus Stop,2.23166,102.24243,06:16:00,,,
Pasar Melaka Feeder,myBas,Taman Widuri,Taman Widuri Bus Stop,2.22814,102.24206,06:18:00,,,
Pasar Melaka Feeder,myBas,Kampung Baroh,Kampung Baroh Bus Stop,2.22558,102.24182,06:20:00,,,
Pasar Melaka Feeder,myBas,Kampung Bakar Batu,Kampung Bakar Batu Bus Stop,2.22226,102.24154,06:22:00,,,
Pasar Melaka Feeder,myBas,Melaka Sentral 2,Melaka Sentral 2 Bus Stop,2.22009,102.25072,06:24:00,,,
Melaka Sentral - MITC,myBas,Melaka Sentral,Melaka Sentral Bus Stop,2.22045,102.2507,06:30:00,,,
Melaka Sentral - MITC,myBas,Opp Hospital Melaka,Opp Hospital Melaka Bus Stop,2.21849,102.26008,06:31:00,,,
Melaka Sentral - MITC,myBas,Opp Sirim Melaka,Opp Sirim Melaka Bus Stop,2.22818,102.26185,06:32:00,,,
Melaka Sentral - MITC,myBas,Opp Texas Instrument,Opp Texas Instrument Bus Stop,2.23222,102.2619,06:33:00,,,
Melaka Sentral - MITC,myBas,Opp Kiara Apartment Taman Mutiara,Opp Kiara Apartment Taman Mutiara Bus Stop,2.2376,102.26036,06:34:00,,,
Melaka Sentral - MITC,myBas,Opp Taman Mutiara Melaka,Opp Taman Mutiara Melaka Bus Stop,2.24047,102.2589,06:35:00,,,
Melaka Sentral - MITC,myBas,Opp SK Batu Berendam 2,Opp SK Batu Berendam 2 Bus Stop,2.24343,102.25749,06:36:00,,,
Melaka Sentral - MITC,myBas,Opp Taman Ara,Opp Taman Ara Bus Stop,2.24676,102.25629,06:37:00,,,
Melaka Sentral - MITC,myBas,SK Batu Berendam 1,SK Batu Berendam 1 Bus Stop,2.24807,102.25553,06:38:00,,,
Melaka Sentral - MITC,myBas,Coconut Shake Batu Berendam,Coconut Shake Batu Berendam Bus Stop,2.25162,102.2539,06:39:00,,,
Melaka Sentral - MITC,myBas,Opp SMK Tun Mahathir,Opp SMK Tun Mahathir Bus Stop,2.25591,102.25627,06:40:00,,,
Melaka Sentral - MITC,myBas,Opp Taman Beringin Melaka,Opp Taman Beringin Melaka Bus Stop,2.257,102.25997,06:42:00,,,
Melaka Sentral - MITC,myBas,Opp Mango Float Royale,Opp Mango Float Royale Bus Stop,2.25597,102.26343,06:44:00,,,
Melaka Sentral - MITC,myBas,Opp Taman Putat Indah,Opp Taman Putat Indah Bus Stop,2.25653,102.26751,06:46:00,,,
Melaka Sentral - MITC,myBas,Opp Tokong Yui Yang Keong,Opp Tokong Yui Yang Keong Bus Stop,2.26682,102.28102,06:48:00,,,
Melaka Sentral - MITC,myBas,Opp Mydin MITC,Opp Mydin MITC Bus Stop,2.2706,102.29171,06:50:00,,,
Melaka Sentral - MITC,myBas,Wisma Negeri,Wisma Negeri Bus Stop,2.27186,102.28909,06:52:00,,,
Melaka Sentral - MITC,myBas,MITC,MITC Bus Stop,2.27156,102.28601,06:54:00,,,
Melaka Sentral - MITC,myBas,Opp Zoo Melaka,Opp Zoo Melaka Bus Stop,2.27589,102.29796,06:56:00,,,
Melaka Sentral - MITC,myBas,Opp Mini Malaysia,Opp Mini Malaysia Bus Stop,2.28357,102.30339,06:58:00,,,
Melaka Sentral - MITC,myBas,UTEM,UTEM Bus Stop,2.3135,102.3199,07:00:00,,,
Melaka Sentral - MITC,myBas,Mini Malaysia,Mini Malaysia Bus Stop,2.28355,102.30352,05:35:00,,,
Melaka Sentral - MITC,myBas,Zoo Melaka,Zoo Melaka Bus Stop,2.27595,102.29807,05:40:00,,,
Melaka Sentral - MITC,myBas,Opp Wisma Negeri,Opp Wisma Negeri Bus Stop,2.27196,102.2891,05:46:00,,,
Melaka Sentral - MITC,myBas,Mydin MITC,Mydin MITC Bus Stop,2.27078,102.29163,05:47:00,,,
Melaka Sentral - MITC,myBas,Klinik Kesihatan Air Keroh,Klinik Kesihatan Air Keroh Bus Stop,2.26649,102.28455,05:48:00,,,
Melaka Sentral - MITC,myBas,Kampung Baru Ayer Keroh,Kampung Baru Ayer Keroh Bus Stop,2.26561,102.28275,05:49:00,,,
Melaka Sentral - MITC,myBas,Tokong Yui Yang Keong,Tokong Yui Yang Keong Bus Stop,2.26612,102.2806,05:50:00,,,
Melaka Sentral - MITC,myBas,Taman Putat Indah,Taman Putat Indah Bus Stop,2.2566,102.26789,05:51:00,,,
Melaka Sentral - MITC,myBas,Mango Float Royale,Mango Float Royale Bus Stop,2.25585,102.26387,05:52:00,,,
Melaka Sentral - MITC,myBas,Taman Beringin Melaka,Taman Beringin Melaka Bus Stop,2.25692,102.26065,05:54:00,,,
Melaka Sentral - MITC,myBas,SMK Tun Mahathir,SMK Tun Mahathir Bus Stop,2.25601,102.25664,05:56:00,,,
Melaka Sentral - MITC,myBas,Medan Selera batu Berendam,Medan Selera batu Berendam Bus Stop,2.25366,102.25457,05:58:00,,,
Melaka Sentral - MITC,myBas,Opp SK Batu Berendam 1,Opp SK Batu Berendam 1 Bus Stop,2.24813,102.2556,06:00:00,,,
Melaka Sentral - MITC,myBas,Taman Ara,Taman Ara Bus Stop,2.24679,102.25638,06:02:00,,,
Melaka Sentral - MITC,myBas,SK Batu Berendam 2,SK Batu Berendam 2 Bus Stop,2.24436,102.25718,06:04:00,,,
Melaka Sentral - MITC,myBas,Taman Mutiara Melaka,Taman Mutiara Melaka Bus Stop,2.24074,102.25886,06:06:00,,,
Melaka Sentral - MITC,myBas,Kiara Apartment Taman Mutiara,Kiara Apartment Taman Mutiara Bus Stop,2.23769,102.26043,06:08:00,,,
Melaka Sentral - MITC,myBas,Texas Instrument,Texas Instrument Bus Stop,2.23301,102.26207,06:10:00,,,
Melaka Sentral - MITC,myBas,Sirim Melaka,Sirim Melaka Bus Stop,2.22803,102.26197,06:12:00,,,
Melaka Sentral - MITC,myBas,Hospital Melaka,Hospital Melaka Bus Stop,2.21716,102.2603,06:14:00,,,
Melaka Sentral - MITC - Via Jalan Pengkalan Batu & AEON Melaka,myBas,Melaka Sentral,Melaka Sentral Bus Stop,2.22045,102.2507,07:30:00,,,
Melaka Sentral - MITC - Via Jalan Pengkalan Batu & AEON Melaka,myBas,Opp Hospital Melaka,Opp Hospital Melaka Bus Stop,2.21849,102.26008,07:32:00,,,
Melaka Sentral - MITC - Via Jalan Pengkalan Batu & AEON Melaka,myBas,Opp Sirim Melaka,Opp Sirim Melaka Bus Stop,2.22818,102.26185,07:34:00,,,
Melaka Sentral - MITC - Via Jalan Pengkalan Batu & AEON Melaka,myBas,Opp Texas Instrument,Opp Texas Instrument Bus Stop,2.23222,102.2619,07:36:00,,,
Melaka Sentral - MITC - Via Jalan Pengkalan Batu & AEON Melaka,myBas,SMKA Sultan Muhammad,SMKA Sultan Muhammad Bus Stop,2.23478,102.26344,07:38:00,,,
Melaka Sentral - MITC - Via Jalan Pengkalan Batu & AEON Melaka,myBas,Kampung Pengkalan Batu,Kampung Pengkalan Batu Bus Stop,2.23354,102.26684,07:40:00,,,
Melaka Sentral - MITC - Via Jalan Pengkalan Batu & AEON Melaka,myBas,Putra Height Melaka,Putra Height Melaka Bus Stop,2.23177,102.26775,07:42:00,,,
Melaka Sentral - MITC - Via Jalan Pengkalan Batu & AEON Melaka,myBas,Taman Sentosa Melaka,Taman Sentosa Melaka Bus Stop,2.23042,102.27573,07:44:00,,,
Melaka Sentral - MITC - Via Jalan Pengkalan Batu & AEON Melaka,myBas,Aeon Ayer Keroh,Aeon Ayer Keroh Bus Stop,2.23296,102.28259,07:46:00,,,
Melaka Sentral - MITC - Via Jalan Pengkalan Batu & AEON Melaka,myBas,Kompleks Mahkamah Melaka,Kompleks Mahkamah Melaka Bus Stop,2.23487,102.28512,07:48:00,,,
Melaka Sentral - MITC - Via Jalan Pengkalan Batu & AEON Melaka,myBas,Pantai Hospital Meaka,Pantai Hospital Meaka Bus Stop,2.2371,102.28748,07:50:00,,,
Melaka Sentral - MITC - Via Jalan Pengkalan Batu & AEON Melaka,myBas,Pantai Hospital Melaka 2,Pantai Hospital Melaka 2 Bus Stop,2.23844,102.28698,07:52:00,,,
Melaka Sentral - MITC - Via Jalan Pengkalan Batu & AEON Melaka,myBas,Opp SK Bukit Beruang,Opp SK Bukit Beruang Bus Stop,2.2395,102.2796,07:54:00,,,
Melaka Sentral - MITC - Via Jalan Pengkalan Batu & AEON Melaka,myBas,Opp SJK C Bukit Beruang,Opp SJK C Bukit Beruang Bus Stop,2.24262,102.27766,07:56:00,,,
Melaka Sentral - MITC - Via Jalan Pengkalan Batu & AEON Melaka,myBas,Opp Taman Faridah,Opp Taman Faridah Bus Stop,2.24662,102.27503,07:58:00,,,
Melaka Sentral - MITC - Via Jalan Pengkalan Batu & AEON Melaka,myBas,Taman Kerjasama,Taman Kerjasama Bus Stop,2.24519,102.27153,08:00:00,,,
Melaka Sentral - MITC - Via Jalan Pengkalan Batu & AEON Melaka,myBas,Opp Regal Park,Opp Regal Park Bus Stop,2.24973,102.27408,08:02:00,,,
Melaka Sentral - MITC - Via Jalan Pengkalan Batu & AEON Melaka,myBas,Opp MMU Melaka,Opp MMU Melaka Bus Stop,2.25195,102.27552,08:04:00,,,
Melaka Sentral - MITC - Via Jalan Pengkalan Batu & AEON Melaka,myBas,Opp Kolej Komuniti Bukit Berung,Opp Kolej Komuniti Bukit Berung Bus Stop,2.25605,102.27835,08:06:00,,,
Melaka Sentral - MITC - Via Jalan Pengkalan Batu & AEON Melaka,myBas,Opp Tokong Yui Yang Keong,Opp Tokong Yui Yang Keong Bus Stop,2.26682,102.28102,08:08:00,,,
Melaka Sentral - MITC - Via Jalan Pengkalan Batu & AEON Melaka,myBas,Opp Mydin MITC,Opp Mydin MITC Bus Stop,2.2706,102.29171,08:10:00,,,
Melaka Sentral - MITC - Via Jalan Pengkalan Batu & AEON Melaka,myBas,Wisma Negeri,Wisma Negeri Bus Stop,2.27186,102.28909,08:12:00,,,
Melaka Sentral - MITC - Via Jalan Pengkalan Batu & AEON Melaka,myBas,MITC,MITC Bus Stop,2.27156,102.28601,08:14:00,,,
Melaka Sentral - MITC - Via Jalan Pengkalan Batu & AEON Melaka,myBas,Opp Wisma Negeri,Opp Wisma Negeri Bus Stop,2.27196,102.2891,06:32:00,,,
Melaka Sentral - MITC - Via Jalan Pengkalan Batu & AEON Melaka,myBas,Mydin MITC,Mydin MITC Bus Stop,2.27078,102.29163,06:34:00,,,
Melaka Sentral - MITC - Via Jalan Pengkalan Batu & AEON Melaka,myBas,Klinik Kesihatan Air Keroh,Klinik Kesihatan Air Keroh Bus Stop,2.26649,102.28455,06:36:00,,,
Melaka Sentral - MITC - Via Jalan Pengkalan Batu & AEON Melaka,myBas,Kampung Baru Ayer Keroh,Kampung Baru Ayer Keroh Bus Stop,2.26561,102.28275,06:38:00,,,
Melaka Sentral - MITC - Via Jalan Pengkalan Batu & AEON Melaka,myBas,Tokong Yui Yang Keong,Tokong Yui Yang Keong Bus Stop,2.26612,102.2806,06:40:00,,,
Melaka Sentral - MITC - Via Jalan Pengkalan Batu & AEON Melaka,myBas,Kolej Komuniti Bukit Berung,Kolej Komuniti Bukit Berung Bus Stop,2.25602,102.27841,06:42:00,,,
Melaka Sentral - MITC - Via Jalan Pengkalan Batu & AEON Melaka,myBas,MMU Melaka,MMU Melaka Bus Stop,2.25233,102.27595,06:44:00,,,
Melaka Sentral - MITC - Via Jalan Pengkalan Batu & AEON Melaka,myBas,Regal Park,Regal Park Bus Stop,2.24962,102.27414,06:46:00,,,
Melaka Sentral - MITC - Via Jalan Pengkalan Batu & AEON Melaka,myBas,Taman Faridah,Taman Faridah Bus Stop,2.24674,102.27508,06:50:00,,,
Melaka Sentral - MITC - Via Jalan Pengkalan Batu & AEON Melaka,myBas,SJK C Bukit Beruang,SJK C Bukit Beruang Bus Stop,2.24262,102.27774,06:52:00,,,
Melaka Sentral - MITC - Via Jalan Pengkalan Batu & AEON Melaka,myBas,SK Bukit Beruang,SK Bukit Beruang Bus Stop,2.23958,102.27955,06:54:00,,,
Melaka Sentral - MITC - Via Jalan Pengkalan Batu & AEON Melaka,myBas,Opp Pantai Hospital Melaka 2,Opp Pantai Hospital Melaka 2 Bus Stop,2.23852,102.28708,06:56:00,,,
Melaka Sentral - MITC - Via Jalan Pengkalan Batu & AEON Melaka,myBas,Opp Pantai Hospital Melaka,Opp Pantai Hospital Melaka Bus Stop,2.23707,102.2876,06:58:00,,,
Melaka Sentral - MITC - Via Jalan Pengkalan Batu & AEON Melaka,myBas,Opp Kompleks Mahkamah Melaka,Opp Kompleks Mahkamah Melaka Bus Stop,2.23489,102.28528,07:00:00,,,
Melaka Sentral - MITC - Via Jalan Pengkalan Batu & AEON Melaka,myBas,Opp Aeon Ayer Keroh,Opp Aeon Ayer Keroh Bus Stop,2.23288,102.28268,07:02:00,,,
Melaka Sentral - MITC - Via Jalan Pengkalan Batu & AEON Melaka,myBas,Opp Taman Sentosa Melaka,Opp Taman Sentosa Melaka Bus Stop,2.23034,102.27566,07:04:00,,,
Melaka Sentral - MITC - Via Jalan Pengkalan Batu & AEON Melaka,myBas,Texas Instrument,Texas Instrument Bus Stop,2.23301,102.26207,07:12:00,,,
Melaka Sentral - MITC - Via Jalan Pengkalan Batu & AEON Melaka,myBas,Sirim Melaka,Sirim Melaka Bus Stop,2.22803,102.26197,07:14:00,,,
Melaka Sentral - MITC - Via Jalan Pengkalan Batu & AEON Melaka,myBas,Hospital Melaka,Hospital Melaka Bus Stop,2.21716,102.2603,07:16:00,,,
Melaka Sentral - Bukit Katil / Taman Saujana Permai,myBas,Melaka Sentral,Melaka Sentral Bus Stop,2.22045,102.2507,07:00:00,,,
Melaka Sentral - Bukit Katil / Taman Saujana Permai,myBas,Taman Sin Hoe,Taman Sin Hoe Bus Stop,2.21539,102.26662,07:02:00,,,
Melaka Sentral - Bukit Katil / Taman Saujana Permai,myBas,Taman Goodwood,Taman Goodwood Bus Stop,2.21613,102.26822,07:04:00,,,
Melaka Sentral - Bukit Katil / Taman Saujana Permai,myBas,Perbadanan Perpustakaan Awam Melaka,Perbadanan Perpustakaan Awam Melaka Bus Stop,2.21645,102.26958,07:06:00,,,
Melaka Sentral - Bukit Katil / Taman Saujana Permai,myBas,Taman Bahagia,Taman Bahagia Bus Stop,2.21669,102.27061,07:08:00,,,
Melaka Sentral - Bukit Katil / Taman Saujana Permai,myBas,Pangsapuri Seri Siantan,Pangsapuri Seri Siantan Bus Stop,2.21701,102.27222,07:10:00,,,
Melaka Sentral - Bukit Katil / Taman Saujana Permai,myBas,Kampung Bukit Baru Dalam,Kampung Bukit Baru Dalam Bus Stop,2.21901,102.27432,07:12:00,,,
Melaka Sentral - Bukit Katil / Taman Saujana Permai,myBas,Sekolah Tinggi St David,Sekolah Tinggi St David Bus Stop,2.22123,102.27663,07:14:00,,,
Melaka Sentral - Bukit Katil / Taman Saujana Permai,myBas,Balai Polis Bukit Baru,Balai Polis Bukit Baru Bus Stop,2.22462,102.27636,07:16:00,,,
Melaka Sentral - Bukit Katil / Taman Saujana Permai,myBas,Jabatan Pendidikan Melaka Bukit Baru,Jabatan Pendidikan Melaka Bukit Baru Bus Stop,2.22649,102.27666,07:18:00,,,
Melaka Sentral - Bukit Katil / Taman Saujana Permai,myBas,Aeon Ayer Keroh,Aeon Ayer Keroh Bus Stop,2.23296,102.28259,07:20:00,,,
Melaka Sentral - Bukit Katil / Taman Saujana Permai,myBas,Kompleks Mahkamah Melaka,Kompleks Mahkamah Melaka Bus Stop,2.23487,102.28512,07:22:00,,,
Melaka Sentral - Bukit Katil / Taman Saujana Permai,myBas,Pantai Hospital Meaka,Pantai Hospital Meaka Bus Stop,2.2371,102.28748,07:24:00,,,
Melaka Sentral - Bukit Katil / Taman Saujana Permai,myBas,Opp Taman Baru Bukit Katil,Opp Taman Baru Bukit Katil Bus Stop,2.23245,102.29081,07:26:00,,,
Melaka Sentral - Bukit Katil / Taman Saujana Permai,myBas,Masjid Sayyidina Ali,Masjid Sayyidina Ali Bus Stop,2.2311,102.29261,07:28:00,,,
Melaka Sentral - Bukit Katil / Taman Saujana Permai,myBas,Opp Taman Merak,Opp Taman Merak Bus Stop,2.22967,102.29405,07:30:00,,,
Melaka Sentral - Bukit Katil / Taman Saujana Permai,myBas,JPJ Melaka,JPJ Melaka Bus Stop,2.22907,102.29681,07:32:00,,,
Melaka Sentral - Bukit Katil / Taman Saujana Permai,myBas,Kolej Vokasional Melaka Tengah,Kolej Vokasional Melaka Tengah Bus Stop,2.23577,102.3006,07:34:00,,,
Melaka Sentral - Bukit Katil / Taman Saujana Permai,myBas,Taman Puncak Bukit Katil,Taman Puncak Bukit Katil Bus Stop,2.23734,102.3004,07:36:00,,,
Melaka Sentral - Bukit Katil / Taman Saujana Permai,myBas,Ins. Lat. Perindustrian Bukit Katil,Ins. Lat. Perindustrian Bukit Katil Bus Stop,2.2402,102.29994,07:38:00,,,
Melaka Sentral - Bukit Katil / Taman Saujana Permai,myBas,Kampung Desa Tersusun,Kampung Desa Tersusun Bus Stop,2.24414,102.30006,07:40:00,,,
Melaka Sentral - Bukit Katil / Taman Saujana Permai,myBas,SK Kg Tun Razak,SK Kg Tun Razak Bus Stop,2.24323,102.30957,07:42:00,,,
Melaka Sentral - Bukit Katil / Taman Saujana Permai,myBas,Taman Bukit Katil Damai 2,Taman Bukit Katil Damai 2 Bus Stop,2.24283,102.31353,07:44:00,,,
Melaka Sentral - Bukit Katil / Taman Saujana Permai,myBas,Opp SK Kg Tun Razakk,Opp SK Kg Tun Razakk Bus Stop,2.24298,102.31028,06:02:00,,,
Melaka Sentral - Bukit Katil / Taman Saujana Permai,myBas,Taman Saujana Seksyen 2,Taman Saujana Seksyen 2 Bus Stop,2.23711,102.30193,06:04:00,,,
Melaka Sentral - Bukit Katil / Taman Saujana Permai,myBas,Taman Saujana Puri,Taman Saujana Puri Bus Stop,2.23392,102.30103,06:06:00,,,
Melaka Sentral - Bukit Katil / Taman Saujana Permai,myBas,Opp JPJ Melaka,Opp JPJ Melaka Bus Stop,2.22899,102.29694,06:08:00,,,
Melaka Sentral - Bukit Katil / Taman Saujana Permai,myBas,Taman Merak,Taman Merak Bus Stop,2.22961,102.29394,06:10:00,,,
Melaka Sentral - Bukit Katil / Taman Saujana Permai,myBas,Opp Masjid Sayyidina Ali,Opp Masjid Sayyidina Ali Bus Stop,2.23115,102.29237,06:12:00,,,
Melaka Sentral - Bukit Katil / Taman Saujana Permai,myBas,Taman Baru Bukit Katil,Taman Baru Bukit Katil Bus Stop,2.23242,102.29069,06:14:00,,,
Melaka Sentral - Bukit Katil / Taman Saujana Permai,myBas,Opp Pantai Hospital Melaka,Opp Pantai Hospital Melaka Bus Stop,2.23707,102.2876,06:16:00,,,
Melaka Sentral - Bukit Katil / Taman Saujana Permai,myBas,Opp Kompleks Mahkamah Melaka,Opp Kompleks Mahkamah Melaka Bus Stop,2.23489,102.28528,06:18:00,,,
Melaka Sentral - Bukit Katil / Taman Saujana Permai,myBas,Opp Aeon Ayer Keroh,Opp Aeon Ayer Keroh Bus Stop,2.23288,102.28268,06:20:00,,,
Melaka Sentral - Airport Batu Berendam / Angkasa Nuri,myBas,Melaka Sentral,Melaka Sentral Bus Stop,2.22045,102.2507,07:00:00,,,
Melaka Sentral - Airport Batu Berendam / Angkasa Nuri,myBas,Opp Lotus Melaka,Opp Lotus Melaka Bus Stop,2.21665,102.2481,07:02:00,,,
Melaka Sentral - Airport Batu Berendam / Angkasa Nuri,myBas,Opp Aeon Bandaraya Melaka,Opp Aeon Bandaraya Melaka Bus Stop,2.21463,102.24812,07:04:00,,,
Melaka Sentral - Airport Batu Berendam / Angkasa Nuri,myBas,Medan Selera Tun Ali,Medan Selera Tun Ali Bus Stop,2.20546,102.2478,07:06:00,,,
Melaka Sentral - Airport Batu Berendam / Angkasa Nuri,myBas,Plaza Hang Tuah 2,Plaza Hang Tuah 2 Bus Stop,2.20299,102.24803,07:08:00,,,
Melaka Sentral - Airport Batu Berendam / Angkasa Nuri,myBas,Wisma Air,Wisma Air Bus Stop,2.20419,102.24617,07:10:00,,,
Melaka Sentral - Airport Batu Berendam / Angkasa Nuri,myBas,Kampung Lapang Bachang,Kampung Lapang Bachang Bus Stop,2.21433,102.24029,07:12:00,,,
Melaka Sentral - Airport Batu Berendam / Angkasa Nuri,myBas,Kampung Bakar Batu,Kampung Bakar Batu Bus Stop,2.22226,102.24154,07:14:00,,,
Melaka Sentral - Airport Batu Berendam / Angkasa Nuri,myBas,Kampung Baroh,Kampung Baroh Bus Stop,2.22558,102.24182,07:16:00,,,
Melaka Sentral - Airport Batu Berendam / Angkasa Nuri,myBas,Taman Widuri,Taman Widuri Bus Stop,2.22814,102.24206,07:18:00,,,
Melaka Sentral - Airport Batu Berendam / Angkasa Nuri,myBas,Masjid Ar-Razzaq,Masjid Ar-Razzaq Bus Stop,2.23166,102.24243,07:20:00,,,
Melaka Sentral - Airport Batu Berendam / Angkasa Nuri,myBas,Jalan Salmah Baba,Jalan Salmah Baba Bus Stop,2.23343,102.24259,07:22:00,,,
Melaka Sentral - Airport Batu Berendam / Angkasa Nuri,myBas,Taman Pasir Puteh,Taman Pasir Puteh Bus Stop,2.23468,102.2427,07:24:00,,,
Melaka Sentral - Airport Batu Berendam / Angkasa Nuri,myBas,Kampung Bachang Barat,Kampung Bachang Barat Bus Stop,2.23742,102.24295,07:26:00,,,
Melaka Sentral - Airport Batu Berendam / Angkasa Nuri,myBas,Security Force,Security Force Bus Stop,2.2391,102.24388,07:28:00,,,
Melaka Sentral - Airport Batu Berendam / Angkasa Nuri,myBas,Taman Bachang Baru 1,Taman Bachang Baru 1 Bus Stop,2.2423,102.24731,07:30:00,,,
Melaka Sentral - Airport Batu Berendam / Angkasa Nuri,myBas,Taman Bachang Baru 2,Taman Bachang Baru 2 Bus Stop,2.24547,102.24969,07:32:00,,,
Melaka Sentral - Airport Batu Berendam / Angkasa Nuri,myBas,Kampung Tengah 1,Kampung Tengah 1 Bus Stop,2.24716,102.25078,07:34:00,,,
Melaka Sentral - Airport Batu Berendam / Angkasa Nuri,myBas,Kampung Tengah 2,Kampung Tengah 2 Bus Stop,2.24859,102.25198,07:36:00,,,
Melaka Sentral - Airport Batu Berendam / Angkasa Nuri,myBas,Klinik Desa Batu Beremdam,Klinik Desa Batu Beremdam Bus Stop,2.24981,102.25178,07:38:00,,,
Melaka Sentral - Airport Batu Berendam / Angkasa Nuri,myBas,Taman Datuk Tamby Chik Karim,Taman Datuk Tamby Chik Karim Bus Stop,2.26319,102.24214,07:40:00,,,
Melaka Sentral - Airport Batu Berendam / Angkasa Nuri,myBas,Opp Taman Merdeka,Opp Taman Merdeka Bus Stop,2.26717,102.24417,07:42:00,,,
Melaka Sentral - Airport Batu Berendam / Angkasa Nuri,myBas,Taman Merdeka Jaya,Taman Merdeka Jaya Bus Stop,2.27131,102.24631,07:44:00,,,
Melaka Sentral - Airport Batu Berendam / Angkasa Nuri,myBas,Taman Angkasa Nuri,Taman Angkasa Nuri Bus Stop,2.274,102.2477,07:46:00,,,
Melaka Sentral - Airport Batu Berendam / Angkasa Nuri,myBas,Opp Taman Angkasa Nuri 2,Opp Taman Angkasa Nuri 2 Bus Stop,2.28004,102.25348,07:47:00,,,
Melaka Sentral - Airport Batu Berendam / Angkasa Nuri,myBas,Taman Mekar,Taman Mekar Bus Stop,2.2709,102.25799,07:48:00,,,
Melaka Sentral - Airport Batu Berendam / Angkasa Nuri,myBas,Taman Mas Merah,Taman Mas Merah Bus Stop,2.26493,102.25462,07:49:00,,,
Melaka Sentral - Airport Batu Berendam / Angkasa Nuri,myBas,Opp Airport Fire And Rescue,Opp Airport Fire And Rescue Bus Stop,2.26219,102.25394,07:50:00,,,
Melaka Sentral - Airport Batu Berendam / Angkasa Nuri,myBas,Taman Seri Songket,Taman Seri Songket Bus Stop,2.25955,102.25342,07:51:00,,,
Melaka Sentral - Airport Batu Berendam / Angkasa Nuri,myBas,Lapangan Terbang Antarabangsa Melaka,Lapangan Terbang Antarabangsa Melaka Bus Stop,2.25546,102.25095,07:52:00,,,
Melaka Sentral - Airport Batu Berendam / Angkasa Nuri,myBas,Opp Taman Seri Songket,Opp Taman Seri Songket Bus Stop,2.25954,102.2533,06:01:00,,,
Melaka Sentral - Airport Batu Berendam / Angkasa Nuri,myBas,Airport Fire And Rescue,Airport Fire And Rescue Bus Stop,2.26227,102.25384,06:02:00,,,
Melaka Sentral - Airport Batu Berendam / Angkasa Nuri,myBas,Opp Taman Mas Merah,Opp Taman Mas Merah Bus Stop,2.265,102.25455,06:03:00,,,
Melaka Sentral - Airport Batu Berendam / Angkasa Nuri,myBas,Opp Taman Mekar,Opp Taman Mekar Bus Stop,2.27096,102.25794,06:04:00,,,
Melaka Sentral - Airport Batu Berendam / Angkasa Nuri,myBas,Opp Taman Angkasa Nuri,Opp Taman Angkasa Nuri Bus Stop,2.27384,102.24772,06:05:00,,,
Melaka Sentral - Airport Batu Berendam / Angkasa Nuri,myBas,Opp Taman Merdeka Jaya,Opp Taman Merdeka Jaya Bus Stop,2.27134,102.24644,06:06:00,,,
Melaka Sentral - Airport Batu Berendam / Angkasa Nuri,myBas,Taman Merdeka,Taman Merdeka Bus Stop,2.26703,102.24418,06:08:00,,,
Melaka Sentral - Airport Batu Berendam / Angkasa Nuri,myBas,Opp Taman Datuk Tamby Chik Karim,Opp Taman Datuk Tamby Chik Karim Bus Stop,2.26316,102.24221,06:10:00,,,
Melaka Sentral - Airport Batu Berendam / Angkasa Nuri,myBas,Aeon Bandaraya Melaka,Aeon Bandaraya Melaka Bus Stop,2.21458,102.24802,06:40:00,,,
Melaka Sentral - Airport Batu Berendam / Angkasa Nuri,myBas,Lotus Melaka,Lotus Melaka Bus Stop,2.21668,102.24798,06:42:00,,,
Melaka Sentral - Taman Inang Sari,myBas,Melaka Sentral,Melaka Sentral Bus Stop,2.22045,102.2507,07:30:00,,,
Melaka Sentral - Taman Inang Sari,myBas,Opp Lotus Melaka,Opp Lotus Melaka Bus Stop,2.21665,102.2481,07:32:00,,,
Melaka Sentral - Taman Inang Sari,myBas,Opp Aeon Bandaraya Melaka,Opp Aeon Bandaraya Melaka Bus Stop,2.21463,102.24812,07:34:00,,,
Melaka Sentral - Taman Inang Sari,myBas,Medan Selera Tun Ali,Medan Selera Tun Ali Bus Stop,2.20546,102.2478,07:36:00,,,
Melaka Sentral - Taman Inang Sari,myBas,Plaza Hang Tuah 2,Plaza Hang Tuah 2 Bus Stop,2.20299,102.24803,07:38:00,,,
Melaka Sentral - Taman Inang Sari,myBas,Wisma Air,Wisma Air Bus Stop,2.20419,102.24617,07:40:00,,,
Melaka Sentral - Taman Inang Sari,myBas,Kampung Lapang Bachang,Kampung Lapang Bachang Bus Stop,2.21433,102.24029,07:42:00,,,
Melaka Sentral - Taman Inang Sari,myBas,Smjk Tinggi Cina Melaka,Smjk Tinggi Cina Melaka Bus Stop,2.22082,102.23679,07:44:00,,,
Melaka Sentral - Taman Inang Sari,myBas,Opp Taman Malim Indah,Opp Taman Malim Indah Bus Stop,2.22399,102.23257,07:46:00,,,
Melaka Sentral - Taman Inang Sari,myBas,Opp Balai Panjang,Opp Balai Panjang Bus Stop,2.22651,102.2303,07:48:00,,,
Melaka Sentral - Taman Inang Sari,myBas,Malim Jaya,Malim Jaya Bus Stop,2.23365,102.23163,07:50:00,,,
Melaka Sentral - Taman Inang Sari,myBas,Pasar Malim Jaya,Pasar Malim Jaya Bus Stop,2.23891,102.23369,07:52:00,,,
Melaka Sentral - Taman Inang Sari,myBas,Opp Perindustrian Malim Jaya,Opp Perindustrian Malim Jaya Bus Stop,2.24151,102.2349,07:54:00,,,
Melaka Sentral - Taman Inang Sari,myBas,Taman Bertam Mutiara,Taman Bertam Mutiara Bus Stop,2.24577,102.23402,07:56:00,,,
Melaka Sentral - Taman Inang Sari,myBas,Pos Logistic,Pos Logistic Bus Stop,2.2483,102.22953,07:58:00,,,
Melaka Sentral - Taman Inang Sari,myBas,Xepa - Soul Pattinson,Xepa - Soul Pattinson Bus Stop,2.25134,102.22912,08:00:00,,,
Melaka Sentral - Taman Inang Sari,myBas,Aik Cheong Beverage,Aik Cheong Beverage Bus Stop,2.25468,102.22869,08:02:00,,,
Melaka Sentral - Taman Inang Sari,myBas,Taman Teknologi Cheng,Taman Teknologi Cheng Bus Stop,2.25732,102.23096,08:04:00,,,
Melaka Sentral - Taman Inang Sari,myBas,Nsk Trade City (Melaka),Nsk Trade City (Melaka) Bus Stop,2.2612,102.23394,08:06:00,,,
Melaka Sentral - Taman Inang Sari,myBas,Taman Sri Krubong/Goldsta,Taman Sri Krubong/Goldsta Bus Stop,2.26838,102.23161,08:08:00,,,
Melaka Sentral - Taman Inang Sari,myBas,Umw Toyota,Umw Toyota Bus Stop,2.2735,102.22937,08:10:00,,,
Melaka Sentral - Taman Inang Sari,myBas,Taman Sri Krubong 2,Taman Sri Krubong 2 Bus Stop,2.2798,102.23096,08:12:00,,,
Melaka Sentral - Taman Inang Sari,myBas,Masjid As Salam,Masjid As Salam Bus Stop,2.27979,102.23346,08:14:00,,,
Melaka Sentral - Taman Inang Sari,myBas,Kampung Tampoi,Kampung Tampoi Bus Stop,2.27872,102.23456,08:15:00,,,
Melaka Sentral - Taman Inang Sari,myBas,Taman Perindustrian Krubong,Taman Perindustrian Krubong Bus Stop,2.27916,102.23772,08:16:00,,,
Melaka Sentral - Taman Inang Sari,myBas,Opp Lt Hardware,Opp Lt Hardware Bus Stop,2.28585,102.24142,08:17:00,,,
Melaka Sentral - Taman Inang Sari,myBas,Kampung Ladang Melaka,Kampung Ladang Melaka Bus Stop,2.29226,102.24322,08:18:00,,,
Melaka Sentral - Taman Inang Sari,myBas,Taman Krubong Indah,Taman Krubong Indah Bus Stop,2.29638,102.24713,08:19:00,,,
Melaka Sentral - Taman Inang Sari,myBas,Taman 1 Krubong,Taman 1 Krubong Bus Stop,2.30361,102.2528,08:20:00,,,
Melaka Sentral - Taman Inang Sari,myBas,Jalan 1 Krubong Gate 2,Jalan 1 Krubong Gate 2 Bus Stop,2.30662,102.25182,08:21:00,,,
Melaka Sentral - Taman Inang Sari,myBas,Taman Krubong Perdana,Taman Krubong Perdana Bus Stop,2.3278,102.24962,08:22:00,,,
Melaka Sentral - Taman Inang Sari,myBas,Kedai Nasi Ayam Jalan Pantai,Kedai Nasi Ayam Jalan Pantai Bus Stop,2.33226,102.25011,08:23:00,,,
Melaka Sentral - Taman Inang Sari,myBas,Taman Inang Sari,Taman Inang Sari Bus Stop,2.33423,102.25168,08:24:00,,,
Melaka Sentral - Taman Inang Sari,myBas,Opp Taman Krubong Perdana,Opp Taman Krubong Perdana Bus Stop,2.32781,102.24971,06:32:00,,,
Melaka Sentral - Taman Inang Sari,myBas,Opp Jalan 1 Krubong Gate 2,Opp Jalan 1 Krubong Gate 2 Bus Stop,2.30671,102.25191,06:33:00,,,
Melaka Sentral - Taman Inang Sari,myBas,Opp Taman 1 Krubong,Opp Taman 1 Krubong Bus Stop,2.30367,102.25293,06:34:00,,,
Melaka Sentral - Taman Inang Sari,myBas,Opp Taman Krubong Indah,Opp Taman Krubong Indah Bus Stop,2.29631,102.24719,06:35:00,,,
Melaka Sentral - Taman Inang Sari,myBas,Lt Hardware,Lt Hardware Bus Stop,2.28578,102.24152,06:37:00,,,
Melaka Sentral - Taman Inang Sari,myBas,Opp Taman Sri Krubong/Goldsta,Opp Taman Sri Krubong/Goldsta Bus Stop,2.26802,102.22754,06:46:00,,,
Melaka Sentral - Taman Inang Sari,myBas,Opp Nsk Trade City (Melaka),Opp Nsk Trade City (Melaka) Bus Stop,2.26028,102.22938,06:48:00,,,
Melaka Sentral - Taman Inang Sari,myBas,Opp Taman Teknologi Cheng,Opp Taman Teknologi Cheng Bus Stop,2.25692,102.22988,06:50:00,,,
Melaka Sentral - Taman Inang Sari,myBas,Opp Taman Bertam Mutiara,Opp Taman Bertam Mutiara Bus Stop,2.24583,102.23409,06:58:00,,,
Melaka Sentral - Taman Inang Sari,myBas,Perindustrian Malim Jaya,Perindustrian Malim Jaya Bus Stop,2.24148,102.23498,07:00:00,,,
Melaka Sentral - Taman Inang Sari,myBas,Opp Pasar Malim Jaya,Opp Pasar Malim Jaya Bus Stop,2.23895,102.23383,07:02:00,,,
Melaka Sentral - Taman Inang Sari,myBas,Opp Malim Jaya,Opp Malim Jaya Bus Stop,2.23353,102.23171,07:04:00,,,
Melaka Sentral - Taman Inang Sari,myBas,Balai Panjang,Balai Panjang Bus Stop,2.22659,102.23037,07:06:00,,,
Melaka Sentral - Taman Inang Sari,myBas,Taman Malim Indah,Taman Malim Indah Bus Stop,2.22439,102.23227,07:08:00,,,
Melaka Sentral - Taman Inang Sari,myBas,Opp Smjk Tinggi Cina Melaka,Opp Smjk Tinggi Cina Melaka Bus Stop,2.22095,102.23674,07:10:00,,,
Melaka Sentral - Taman Inang Sari,myBas,Aeon Bandaraya Melaka,Aeon Bandaraya Melaka Bus Stop,2.21458,102.24802,07:14:00,,,
Melaka Sentral - Taman Inang Sari,myBas,Lotus Melaka,Lotus Melaka Bus Stop,2.21668,102.24798,07:16:00,,,
Melaka Sentral - Bertam Ulu / Tanjung Minyak Perdana,myBas,Melaka Sentral,Melaka Sentral Bus Stop,2.22045,102.2507,07:00:00,,,
Melaka Sentral - Bertam Ulu / Tanjung Minyak Perdana,myBas,Opp Lotus Melaka,Opp Lotus Melaka Bus Stop,2.21665,102.2481,07:02:00,,,
Melaka Sentral - Bertam Ulu / Tanjung Minyak Perdana,myBas,Opp Aeon Bandaraya Melaka,Opp Aeon Bandaraya Melaka Bus Stop,2.21463,102.24812,07:04:00,,,
Melaka Sentral - Bertam Ulu / Tanjung Minyak Perdana,myBas,Medan Selera Tun Ali,Medan Selera Tun Ali Bus Stop,2.20546,102.2478,07:06:00,,,
Melaka Sentral - Bertam Ulu / Tanjung Minyak Perdana,myBas,Plaza Hang Tuah 2,Plaza Hang Tuah 2 Bus Stop,2.20299,102.24803,07:08:00,,,
Melaka Sentral - Bertam Ulu / Tanjung Minyak Perdana,myBas,Wisma Air,Wisma Air Bus Stop,2.20419,102.24617,07:10:00,,,
Melaka Sentral - Bertam Ulu / Tanjung Minyak Perdana,myBas,Kampung Lapang Bachang,Kampung Lapang Bachang Bus Stop,2.21433,102.24029,07:12:00,,,
Melaka Sentral - Bertam Ulu / Tanjung Minyak Perdana,myBas,Smjk Tinggi Cina Melaka,Smjk Tinggi Cina Melaka Bus Stop,2.22082,102.23679,07:14:00,,,
Melaka Sentral - Bertam Ulu / Tanjung Minyak Perdana,myBas,Opp Taman Malim Indah,Opp Taman Malim Indah Bus Stop,2.22399,102.23257,07:16:00,,,
Melaka Sentral - Bertam Ulu / Tanjung Minyak Perdana,myBas,Opp Balai Panjang,Opp Balai Panjang Bus Stop,2.22651,102.2303,07:18:00,,,
Melaka Sentral - Bertam Ulu / Tanjung Minyak Perdana,myBas,Malim Jaya,Malim Jaya Bus Stop,2.23365,102.23163,07:20:00,,,
Melaka Sentral - Bertam Ulu / Tanjung Minyak Perdana,myBas,Pasar Malim Jaya,Pasar Malim Jaya Bus Stop,2.23891,102.23369,07:22:00,,,
Melaka Sentral - Bertam Ulu / Tanjung Minyak Perdana,myBas,Opp Perindustrian Malim Jaya,Opp Perindustrian Malim Jaya Bus Stop,2.24151,102.2349,07:24:00,,,
Melaka Sentral - Bertam Ulu / Tanjung Minyak Perdana,myBas,Taman Bertam Mutiara,Taman Bertam Mutiara Bus Stop,2.24577,102.23402,07:26:00,,,
Melaka Sentral - Bertam Ulu / Tanjung Minyak Perdana,myBas,Taman Bertam Malim,Taman Bertam Malim Bus Stop,2.24796,102.22297,07:28:00,,,
Melaka Sentral - Bertam Ulu / Tanjung Minyak Perdana,myBas,Opp SK Malim,Opp SK Malim Bus Stop,2.25055,102.22284,07:30:00,,,
Melaka Sentral - Bertam Ulu / Tanjung Minyak Perdana,myBas,Opp SMK Malim,Opp SMK Malim Bus Stop,2.25227,102.2227,07:32:00,,,
Melaka Sentral - Bertam Ulu / Tanjung Minyak Perdana,myBas,Opp Taman Cheng Utama,Opp Taman Cheng Utama Bus Stop,2.25715,102.22203,07:34:00,,,
Melaka Sentral - Bertam Ulu / Tanjung Minyak Perdana,myBas,Kampung Cheng,Kampung Cheng Bus Stop,2.26316,102.21941,07:36:00,,,
Melaka Sentral - Bertam Ulu / Tanjung Minyak Perdana,myBas,Taman Cheng Permai,Taman Cheng Permai Bus Stop,2.26645,102.21766,07:38:00,,,
Melaka Sentral - Bertam Ulu / Tanjung Minyak Perdana,myBas,Gerai MBMB Taman Cheng Baru,Gerai MBMB Taman Cheng Baru Bus Stop,2.269,102.21707,07:40:00,,,
Melaka Sentral - Bertam Ulu / Tanjung Minyak Perdana,myBas,Opp Taman Cheng Perdana,Opp Taman Cheng Perdana Bus Stop,2.27073,102.21665,07:42:00,,,
Melaka Sentral - Bertam Ulu / Tanjung Minyak Perdana,myBas,Rumah Seri Kenangan Taman Cheng,Rumah Seri Kenangan Taman Cheng Bus Stop,2.27446,102.21578,07:44:00,,,
Melaka Sentral - Bertam Ulu / Tanjung Minyak Perdana,myBas,Balai Raya Kampung Cheng,Balai Raya Kampung Cheng Bus Stop,2.27836,102.21496,07:46:00,,,
Melaka Sentral - Bertam Ulu / Tanjung Minyak Perdana,myBas,Taman Bertam Indah,Taman Bertam Indah Bus Stop,2.2827,102.19687,07:48:00,,,
Melaka Sentral - Bertam Ulu / Tanjung Minyak Perdana,myBas,Bertam Ulu Batu 10,Bertam Ulu Batu 10 Bus Stop,2.2916,102.18273,07:50:00,,,
Melaka Sentral - Bertam Ulu / Tanjung Minyak Perdana,myBas,Tanjung Minyak Perdana,Tanjung Minyak Perdana Bus Stop,2.28583,102.18205,07:52:00,,,
Melaka Sentral - Bertam Ulu / Tanjung Minyak Perdana,myBas,Opp Bertam Ulu Batu 10,Opp Bertam Ulu Batu 10 Bus Stop,2.29175,102.18285,06:02:00,,,
Melaka Sentral - Bertam Ulu / Tanjung Minyak Perdana,myBas,Opp Taman Bertam Indah,Opp Taman Bertam Indah Bus Stop,2.28989,102.20039,06:04:00,,,
Melaka Sentral - Bertam Ulu / Tanjung Minyak Perdana,myBas,Opp Balai Raya Kampung Cheng,Opp Balai Raya Kampung Cheng Bus Stop,2.27831,102.21506,06:06:00,,,
Melaka Sentral - Bertam Ulu / Tanjung Minyak Perdana,myBas,Opp Rumah Seri Kenangan Taman Cheng,Opp Rumah Seri Kenangan Taman Cheng Bus Stop,2.27443,102.21588,06:08:00,,,
Melaka Sentral - Bertam Ulu / Tanjung Minyak Perdana,myBas,Taman Cheng Perdana,Taman Cheng Perdana Bus Stop,2.27081,102.21673,06:10:00,,,
Melaka Sentral - Bertam Ulu / Tanjung Minyak Perdana,myBas,Opp Gerai MBMB Taman Cheng Baru,Opp Gerai MBMB Taman Cheng Baru Bus Stop,2.26905,102.21716,06:12:00,,,
Melaka Sentral - Bertam Ulu / Tanjung Minyak Perdana,myBas,Opp Taman Cheng Permai,Opp Taman Cheng Permai Bus Stop,2.26682,102.2177,06:14:00,,,
Melaka Sentral - Bertam Ulu / Tanjung Minyak Perdana,myBas,Opp Kampung Cheng,Opp Kampung Cheng Bus Stop,2.26313,102.21955,06:16:00,,,
Melaka Sentral - Bertam Ulu / Tanjung Minyak Perdana,myBas,Taman Cheng Utama,Taman Cheng Utama Bus Stop,2.25723,102.22213,06:18:00,,,
Melaka Sentral - Bertam Ulu / Tanjung Minyak Perdana,myBas,SMK Malim,SMK Malim Bus Stop,2.25219,102.22283,06:20:00,,,
Melaka Sentral - Bertam Ulu / Tanjung Minyak Perdana,myBas,SK Malim,SK Malim Bus Stop,2.25058,102.2229,06:22:00,,,
Melaka Sentral - Bertam Ulu / Tanjung Minyak Perdana,myBas,Opp Taman Bertam Malim,Opp Taman Bertam Malim Bus Stop,2.24791,102.22307,06:24:00,,,
Melaka Sentral - Bertam Ulu / Tanjung Minyak Perdana,myBas,Opp Taman Bertam Mutiara,Opp Taman Bertam Mutiara Bus Stop,2.24583,102.23409,06:26:00,,,
Melaka Sentral - Bertam Ulu / Tanjung Minyak Perdana,myBas,Perindustrian Malim Jaya,Perindustrian Malim Jaya Bus Stop,2.24148,102.23498,06:28:00,,,
Melaka Sentral - Bertam Ulu / Tanjung Minyak Perdana,myBas,Opp Pasar Malim Jaya,Opp Pasar Malim Jaya Bus Stop,2.23895,102.23383,06:30:00,,,
Melaka Sentral - Bertam Ulu / Tanjung Minyak Perdana,myBas,Opp Malim Jaya,Opp Malim Jaya Bus Stop,2.23353,102.23171,06:32:00,,,
Melaka Sentral - Bertam Ulu / Tanjung Minyak Perdana,myBas,Balai Panjang,Balai Panjang Bus Stop,2.22659,102.23037,06:34:00,,,
Melaka Sentral - Bertam Ulu / Tanjung Minyak Perdana,myBas,Taman Malim Indah,Taman Malim Indah Bus Stop,2.22439,102.23227,06:36:00,,,
Melaka Sentral - Bertam Ulu / Tanjung Minyak Perdana,myBas,Opp Smjk Tinggi Cina Melaka,Opp Smjk Tinggi Cina Melaka Bus Stop,2.22095,102.23674,06:38:00,,,
Melaka Sentral - Bertam Ulu / Tanjung Minyak Perdana,myBas,Aeon Bandaraya Melaka,Aeon Bandaraya Melaka Bus Stop,2.21458,102.24802,06:42:00,,,
Melaka Sentral - Bertam Ulu / Tanjung Minyak Perdana,myBas,Lotus Melaka,Lotus Melaka Bus Stop,2.21668,102.24798,06:44:00,,,
Melaka Sentral - Pulau Gadong,myBas,Melaka Sentral,Melaka Sentral Bus Stop,2.22045,102.2507,07:30:00,,,
Melaka Sentral - Pulau Gadong,myBas,Opp Lotus Melaka,Opp Lotus Melaka Bus Stop,2.21665,102.2481,07:32:00,,,
Melaka Sentral - Pulau Gadong,myBas,Opp Aeon Bandaraya Melaka,Opp Aeon Bandaraya Melaka Bus Stop,2.21463,102.24812,07:34:00,,,
Melaka Sentral - Pulau Gadong,myBas,Medan Selera Tun Ali,Medan Selera Tun Ali Bus Stop,2.20546,102.2478,07:36:00,,,
Melaka Sentral - Pulau Gadong,myBas,Plaza Hang Tuah 2,Plaza Hang Tuah 2 Bus Stop,2.20299,102.24803,07:38:00,,,
Melaka Sentral - Pulau Gadong,myBas,Wisma Air,Wisma Air Bus Stop,2.20419,102.24617,07:40:00,,,
Melaka Sentral - Pulau Gadong,myBas,SJK(T) Melaka (Kubu),SJK(T) Melaka (Kubu) Bus Stop,2.20378,102.24451,07:42:00,,,
Melaka Sentral - Pulau Gadong,myBas,Jalan Ong Kim Wee,Jalan Ong Kim Wee Bus Stop,2.20227,102.24353,07:44:00,,,
Melaka Sentral - Pulau Gadong,myBas,Balai Polis Tengkera,Balai Polis Tengkera Bus Stop,2.20066,102.23955,07:46:00,,,
Melaka Sentral - Pulau Gadong,myBas,Persatuan Badminton Melaka,Persatuan Badminton Melaka Bus Stop,2.2027,102.23574,07:48:00,,,
Melaka Sentral - Pulau Gadong,myBas,SMK (P) Methodist,SMK (P) Methodist Bus Stop,2.20346,102.23385,07:50:00,,,
Melaka Sentral - Pulau Gadong,myBas,Taman Siantan / Masjid Tengkera,Taman Siantan / Masjid Tengkera Bus Stop,2.20385,102.23201,07:52:00,,,
Melaka Sentral - Pulau Gadong,myBas,Kampong Sembilan,Kampong Sembilan Bus Stop,2.20448,102.22846,07:54:00,,,
Melaka Sentral - Pulau Gadong,myBas,SK Tengkera 1 & 2,SK Tengkera 1 & 2 Bus Stop,2.20443,102.2268,07:56:00,,,
Melaka Sentral - Pulau Gadong,myBas,Warung Hajjah Robiah,Warung Hajjah Robiah Bus Stop,2.20449,102.22526,07:58:00,,,
Melaka Sentral - Pulau Gadong,myBas,Kuih Keria Haji Jalil,Kuih Keria Haji Jalil Bus Stop,2.20463,102.22326,07:59:00,,,
Melaka Sentral - Pulau Gadong,myBas,Kuih Keria Hajah Rahmah,Kuih Keria Hajah Rahmah Bus Stop,2.20613,102.21908,08:00:00,,,
Melaka Sentral - Pulau Gadong,myBas,Oriental Melaka Straits Medical Centre,Oriental Melaka Straits Medical Centre Bus Stop,2.2095,102.21447,08:01:00,,,
Melaka Sentral - Pulau Gadong,myBas,Taman Melati,Taman Melati Bus Stop,2.21043,102.2129,08:02:00,,,
Melaka Sentral - Pulau Gadong,myBas,Lagenda Condo,Lagenda Condo Bus Stop,2.21201,102.21004,08:03:00,,,
Melaka Sentral - Pulau Gadong,myBas,Masjid Saad Ibni Abi Waqqas,Masjid Saad Ibni Abi Waqqas Bus Stop,2.21653,102.20421,08:04:00,,,
Melaka Sentral - Pulau Gadong,myBas,Kampung Tengah Melaka,Kampung Tengah Melaka Bus Stop,2.21765,102.20424,08:05:00,,,
Melaka Sentral - Pulau Gadong,myBas,Taman Sri Gadong,Taman Sri Gadong Bus Stop,2.22081,102.20517,08:06:00,,,
Melaka Sentral - Pulau Gadong,myBas,SK Klebang Besar,SK Klebang Besar Bus Stop,2.22267,102.20562,08:07:00,,,
Melaka Sentral - Pulau Gadong,myBas,Simpang Lorong Pokok Manggis,Simpang Lorong Pokok Manggis Bus Stop,2.22647,102.20699,08:08:00,,,
Melaka Sentral - Pulau Gadong,myBas,Taman Pulau Gadong Jaya,Taman Pulau Gadong Jaya Bus Stop,2.22792,102.20736,08:09:00,,,
Melaka Sentral - Pulau Gadong,myBas,Rumah Awam 2 Pulau Gadong,Rumah Awam 2 Pulau Gadong Bus Stop,2.22921,102.20784,08:10:00,,,
Melaka Sentral - Pulau Gadong,myBas,Taman Gadong Bahagia,Taman Gadong Bahagia Bus Stop,2.23301,102.21005,08:11:00,,,
Melaka Sentral - Pulau Gadong,myBas,Kompleks Pertanian Pulau Gadong,Kompleks Pertanian Pulau Gadong Bus Stop,2.2357,102.21167,08:12:00,,,
Melaka Sentral - Pulau Gadong,myBas,Taman Bertam Perdana 1,Taman Bertam Perdana 1 Bus Stop,2.24046,102.2147,08:13:00,,,
Melaka Sentral - Pulau Gadong,myBas,Taman Bertam Perdana 2,Taman Bertam Perdana 2 Bus Stop,2.24321,102.21646,08:14:00,,,
Melaka Sentral - Pulau Gadong,myBas,SMK Gajah Berang,SMK Gajah Berang Bus Stop,2.20256,102.24108,07:00:00,,,
Melaka Sentral - Pulau Gadong,myBas,Persatuan Low Melaka,Persatuan Low Melaka Bus Stop,2.19774,102.24347,07:02:00,,,
Melaka Sentral - Pulau Gadong,myBas,Melaka International School,Melaka International School Bus Stop,2.19766,102.24431,07:04:00,,,
Melaka Sentral - Pulau Gadong,myBas,SJK (C) Yok Bin,SJK (C) Yok Bin Bus Stop,2.20029,102.24632,07:06:00,,,
Melaka Sentral - Pulau Gadong,myBas,Plaza Hang Tuah 1,Plaza Hang Tuah 1 Bus Stop,2.20197,102.24721,07:08:00,,,
Melaka Sentral - Pulau Gadong,myBas,Aeon Bandaraya Melaka,Aeon Bandaraya Melaka Bus Stop,2.21458,102.24802,07:12:00,,,
Melaka Sentral - Pulau Gadong,myBas,Lotus Melaka,Lotus Melaka Bus Stop,2.21668,102.24798,07:14:00,,,
Melaka Sentral - Paya Luboh,myBas,Melaka Sentral,Melaka Sentral Bus Stop,2.22045,102.2507,07:30:00,,,
Melaka Sentral - Paya Luboh,myBas,Opp Lotus Melaka,Opp Lotus Melaka Bus Stop,2.21665,102.2481,07:32:00,,,
Melaka Sentral - Paya Luboh,myBas,Opp Aeon Bandaraya Melaka,Opp Aeon Bandaraya Melaka Bus Stop,2.21463,102.24812,07:34:00,,,
Melaka Sentral - Paya Luboh,myBas,Medan Selera Tun Ali,Medan Selera Tun Ali Bus Stop,2.20546,102.2478,07:36:00,,,
Melaka Sentral - Paya Luboh,myBas,Plaza Hang Tuah 2,Plaza Hang Tuah 2 Bus Stop,2.20299,102.24803,07:38:00,,,
Melaka Sentral - Paya Luboh,myBas,Wisma Air,Wisma Air Bus Stop,2.20419,102.24617,07:40:00,,,
Melaka Sentral - Paya Luboh,myBas,SJK(T) Melaka (Kubu),SJK(T) Melaka (Kubu) Bus Stop,2.20378,102.24451,07:42:00,,,
Melaka Sentral - Paya Luboh,myBas,Jalan Ong Kim Wee,Jalan Ong Kim Wee Bus Stop,2.20227,102.24353,07:44:00,,,
Melaka Sentral - Paya Luboh,myBas,Balai Polis Tengkera,Balai Polis Tengkera Bus Stop,2.20066,102.23955,07:46:00,,,
Melaka Sentral - Paya Luboh,myBas,Persatuan Badminton Melaka,Persatuan Badminton Melaka Bus Stop,2.2027,102.23574,07:48:00,,,
Melaka Sentral - Paya Luboh,myBas,SMK (P) Methodist,SMK (P) Methodist Bus Stop,2.20346,102.23385,07:50:00,,,
Melaka Sentral - Paya Luboh,myBas,Taman Siantan / Masjid Tengkera,Taman Siantan / Masjid Tengkera Bus Stop,2.20385,102.23201,07:52:00,,,
Melaka Sentral - Paya Luboh,myBas,Kampong Sembilan,Kampong Sembilan Bus Stop,2.20448,102.22846,07:54:00,,,
Melaka Sentral - Paya Luboh,myBas,SK Tengkera 1 & 2,SK Tengkera 1 & 2 Bus Stop,2.20443,102.2268,07:56:00,,,
Melaka Sentral - Paya Luboh,myBas,Warung Hajjah Robiah,Warung Hajjah Robiah Bus Stop,2.20449,102.22526,07:58:00,,,
Melaka Sentral - Paya Luboh,myBas,Kuih Keria Haji Jalil,Kuih Keria Haji Jalil Bus Stop,2.20463,102.22326,08:00:00,,,
Melaka Sentral - Paya Luboh,myBas,Kuih Keria Hajah Rahmah,Kuih Keria Hajah Rahmah Bus Stop,2.20613,102.21908,08:02:00,,,
Melaka Sentral - Paya Luboh,myBas,Oriental Melaka Straits Medical Centre,Oriental Melaka Straits Medical Centre Bus Stop,2.2095,102.21447,08:04:00,,,
Melaka Sentral - Paya Luboh,myBas,Taman Melati,Taman Melati Bus Stop,2.21043,102.2129,08:06:00,,,
Melaka Sentral - Paya Luboh,myBas,Lagenda Condo,Lagenda Condo Bus Stop,2.21201,102.21004,08:07:00,,,
Melaka Sentral - Paya Luboh,myBas,Masjid Saad Ibni Abi Waqqas,Masjid Saad Ibni Abi Waqqas Bus Stop,2.21653,102.20421,08:07:00,,,
Melaka Sentral - Paya Luboh,myBas,Taman Kenanga,Taman Kenanga Bus Stop,2.218,102.20077,08:08:00,,,
Melaka Sentral - Paya Luboh,myBas,Taman Mayfair,Taman Mayfair Bus Stop,2.21808,102.19827,08:08:00,,,
Melaka Sentral - Paya Luboh,myBas,Kampung Pesaran Balik Buluk Klebang,Kampung Pesaran Balik Buluk Klebang Bus Stop,2.21829,102.19603,08:09:00,,,
Melaka Sentral - Paya Luboh,myBas,Pantai Klebang,Pantai Klebang Bus Stop,2.2195,102.19184,08:09:00,,,
Melaka Sentral - Paya Luboh,myBas,Taman Muhibbah,Taman Muhibbah Bus Stop,2.21991,102.18982,08:10:00,,,
Melaka Sentral - Paya Luboh,myBas,Balai Polis Batang Tiga,Balai Polis Batang Tiga Bus Stop,2.22084,102.18733,08:10:00,,,
Melaka Sentral - Paya Luboh,myBas,Smk Klebang,Smk Klebang Bus Stop,2.2252,102.18804,08:11:00,,,
Melaka Sentral - Paya Luboh,myBas,Dhammacakka Buddist Vihara,Dhammacakka Buddist Vihara Bus Stop,2.23211,102.19051,08:11:00,,,
Melaka Sentral - Paya Luboh,myBas,Kampung Rambai Tengah,Kampung Rambai Tengah Bus Stop,2.23409,102.1914,08:12:00,,,
Melaka Sentral - Paya Luboh,myBas,Taman Rambai Tengah,Taman Rambai Tengah Bus Stop,2.23701,102.19223,08:12:00,,,
Melaka Sentral - Paya Luboh,myBas,Masjid Al Falah,Masjid Al Falah Bus Stop,2.24287,102.19344,08:13:00,,,
Melaka Sentral - Paya Luboh,myBas,Kampung Setulang Daing,Kampung Setulang Daing Bus Stop,2.24438,102.19307,08:13:00,,,
Melaka Sentral - Paya Luboh,myBas,Rumah Awam Bukit Rambai,Rumah Awam Bukit Rambai Bus Stop,2.24607,102.1922,08:14:00,,,
Melaka Sentral - Paya Luboh,myBas,Kampung Bukit Rambai,Kampung Bukit Rambai Bus Stop,2.24752,102.19072,08:14:00,,,
Melaka Sentral - Paya Luboh,myBas,Taman Rambai Mutiara,Taman Rambai Mutiara Bus Stop,2.24882,102.18886,08:15:00,,,
Melaka Sentral - Paya Luboh,myBas,Maahad Tahfiz Kasyfu Al Ulum,Maahad Tahfiz Kasyfu Al Ulum Bus Stop,2.24975,102.18675,08:15:00,,,
Melaka Sentral - Paya Luboh,myBas,Taman Rambai Mesra,Taman Rambai Mesra Bus Stop,2.25075,102.18552,08:16:00,,,
Melaka Sentral - Paya Luboh,myBas,Kampung Paya Mengkuang Melaka,Kampung Paya Mengkuang Melaka Bus Stop,2.25151,102.18472,08:16:00,,,
Melaka Sentral - Paya Luboh,myBas,MPKK Bukit Rambai,MPKK Bukit Rambai Bus Stop,2.2523,102.18306,08:17:00,,,
Melaka Sentral - Paya Luboh,myBas,Kampung Daya Wawasan,Kampung Daya Wawasan Bus Stop,2.25318,102.18126,08:17:00,,,
Melaka Sentral - Paya Luboh,myBas,Klinik Kesihatan Bukit Rambai,Klinik Kesihatan Bukit Rambai Bus Stop,2.25471,102.18017,08:18:00,,,
Melaka Sentral - Paya Luboh,myBas,Pejabat Mca Bukit Rambai,Pejabat Mca Bukit Rambai Bus Stop,2.25759,102.17823,08:18:00,,,
Melaka Sentral - Paya Luboh,myBas,MJ Construction,MJ Construction Bus Stop,2.2597,102.17621,08:19:00,,,
Melaka Sentral - Paya Luboh,myBas,SMK Bukit Rambai,SMK Bukit Rambai Bus Stop,2.259,102.17328,08:19:00,,,
Melaka Sentral - Paya Luboh,myBas,Taman Pizza Idaman,Taman Pizza Idaman Bus Stop,2.25768,102.16985,08:20:00,,,
Melaka Sentral - Paya Luboh,myBas,Paya Luboh 1,Paya Luboh 1 Bus Stop,2.25303,102.15904,08:20:00,,,
Melaka Sentral - Paya Luboh,myBas,Paya Luboh 2,Paya Luboh 2 Bus Stop,2.25132,102.15928,08:21:00,,,
Melaka Sentral - Paya Luboh,myBas,Paya Luboh 3,Paya Luboh 3 Bus Stop,2.24807,102.16033,08:21:00,,,
Melaka Sentral - Paya Luboh,myBas,PPR Tangga Batu,PPR Tangga Batu Bus Stop,2.2466,102.16162,08:22:00,,,
Melaka Sentral - Paya Luboh,myBas,Opp Pantai Klebang,Opp Pantai Klebang Bus Stop,2.21946,102.19225,06:43:00,,,
Melaka Sentral - Paya Luboh,myBas,SMK Gajah Berang,SMK Gajah Berang Bus Stop,2.20256,102.24108,07:15:00,,,
Melaka Sentral - Paya Luboh,myBas,Persatuan Low Melaka,Persatuan Low Melaka Bus Stop,2.19774,102.24347,07:18:00,,,
Melaka Sentral - Paya Luboh,myBas,Melaka International School,Melaka International School Bus Stop,2.19766,102.24431,07:21:00,,,
Melaka Sentral - Paya Luboh,myBas,SJK (C) Yok Bin,SJK (C) Yok Bin Bus Stop,2.20029,102.24632,07:24:00,,,
Melaka Sentral - Paya Luboh,myBas,Plaza Hang Tuah 1,Plaza Hang Tuah 1 Bus Stop,2.20197,102.24721,07:27:00,,,
Melaka Sentral - Paya Luboh,myBas,Aeon Bandaraya Melaka,Aeon Bandaraya Melaka Bus Stop,2.21458,102.24802,07:33:00,,,
Melaka Sentral - Paya Luboh,myBas,Lotus Melaka,Lotus Melaka Bus Stop,2.21668,102.24798,07:36:00,,,
Melaka Sentral - Tangga Batu,myBas,Melaka Sentral,Melaka Sentral Bus Stop,2.22045,102.2507,07:00:00,,,
Melaka Sentral - Tangga Batu,myBas,Opp Lotus Melaka,Opp Lotus Melaka Bus Stop,2.21665,102.2481,07:02:00,,,
Melaka Sentral - Tangga Batu,myBas,Opp Aeon Bandaraya Melaka,Opp Aeon Bandaraya Melaka Bus Stop,2.21463,102.24812,07:04:00,,,
Melaka Sentral - Tangga Batu,myBas,Medan Selera Tun Ali,Medan Selera Tun Ali Bus Stop,2.20546,102.2478,07:06:00,,,
Melaka Sentral - Tangga Batu,myBas,Plaza Hang Tuah 2,Plaza Hang Tuah 2 Bus Stop,2.20299,102.24803,07:08:00,,,
Melaka Sentral - Tangga Batu,myBas,Wisma Air,Wisma Air Bus Stop,2.20419,102.24617,07:10:00,,,
Melaka Sentral - Tangga Batu,myBas,SJK(T) Melaka (Kubu),SJK(T) Melaka (Kubu) Bus Stop,2.20378,102.24451,07:12:00,,,
Melaka Sentral - Tangga Batu,myBas,Jalan Ong Kim Wee,Jalan Ong Kim Wee Bus Stop,2.20227,102.24353,07:14:00,,,
Melaka Sentral - Tangga Batu,myBas,Balai Polis Tengkera,Balai Polis Tengkera Bus Stop,2.20066,102.23955,07:16:00,,,
Melaka Sentral - Tangga Batu,myBas,Persatuan Badminton Melaka,Persatuan Badminton Melaka Bus Stop,2.2027,102.23574,07:18:00,,,
Melaka Sentral - Tangga Batu,myBas,SMK (P) Methodist,SMK (P) Methodist Bus Stop,2.20346,102.23385,07:20:00,,,
Melaka Sentral - Tangga Batu,myBas,Taman Siantan / Masjid Tengkera,Taman Siantan / Masjid Tengkera Bus Stop,2.20385,102.23201,07:22:00,,,
Melaka Sentral - Tangga Batu,myBas,Kampong Sembilan,Kampong Sembilan Bus Stop,2.20448,102.22846,07:24:00,,,
Melaka Sentral - Tangga Batu,myBas,SK Tengkera 1 & 2,SK Tengkera 1 & 2 Bus Stop,2.20443,102.2268,07:26:00,,,
Melaka Sentral - Tangga Batu,myBas,Warung Hajjah Robiah,Warung Hajjah Robiah Bus Stop,2.20449,102.22526,07:28:00,,,
Melaka Sentral - Tangga Batu,myBas,Kuih Keria Haji Jalil,Kuih Keria Haji Jalil Bus Stop,2.20463,102.22326,07:30:00,,,
Melaka Sentral - Tangga Batu,myBas,Kuih Keria Hajah Rahmah,Kuih Keria Hajah Rahmah Bus Stop,2.20613,102.21908,07:32:00,,,
Melaka Sentral - Tangga Batu,myBas,Oriental Melaka Straits Medical Centre,Oriental Melaka Straits Medical Centre Bus Stop,2.2095,102.21447,07:34:00,,,
Melaka Sentral - Tangga Batu,myBas,Taman Melati,Taman Melati Bus Stop,2.21043,102.2129,07:36:00,,,
Melaka Sentral - Tangga Batu,myBas,Lagenda Condo,Lagenda Condo Bus Stop,2.21201,102.21004,07:37:00,,,
Melaka Sentral - Tangga Batu,myBas,Masjid Saad Ibni Abi Waqqas,Masjid Saad Ibni Abi Waqqas Bus Stop,2.21653,102.20421,07:37:00,,,
Melaka Sentral - Tangga Batu,myBas,Taman Kenanga,Taman Kenanga Bus Stop,2.218,102.20077,07:38:00,,,
Melaka Sentral - Tangga Batu,myBas,Taman Mayfair,Taman Mayfair Bus Stop,2.21808,102.19827,07:38:00,,,
Melaka Sentral - Tangga Batu,myBas,Kampung Pesaran Balik Buluk Klebang,Kampung Pesaran Balik Buluk Klebang Bus Stop,2.21829,102.19603,07:39:00,,,
Melaka Sentral - Tangga Batu,myBas,Pantai Klebang,Pantai Klebang Bus Stop,2.2195,102.19184,07:39:00,,,
Melaka Sentral - Tangga Batu,myBas,Taman Muhibbah,Taman Muhibbah Bus Stop,2.21991,102.18982,07:40:00,,,
Melaka Sentral - Tangga Batu,myBas,Opp Balai Polis Batang Tiga,Opp Balai Polis Batang Tiga Bus Stop,2.22027,102.18787,07:40:00,,,
Melaka Sentral - Tangga Batu,myBas,Marina Point,Marina Point Bus Stop,2.22102,102.18387,07:41:00,,,
Melaka Sentral - Tangga Batu,myBas,Seri Bayan Condominium,Seri Bayan Condominium Bus Stop,2.22132,102.18227,07:41:00,,,
Melaka Sentral - Tangga Batu,myBas,Taman Panjang Impian,Taman Panjang Impian Bus Stop,2.22157,102.18122,07:42:00,,,
Melaka Sentral - Tangga Batu,myBas,Zill Golden Village,Zill Golden Village Bus Stop,2.22194,102.17926,07:42:00,,,
Melaka Sentral - Tangga Batu,myBas,Sekolah Tunas Bakti / Ocean Palm Condo,Sekolah Tunas Bakti / Ocean Palm Condo Bus Stop,2.22216,102.1762,07:43:00,,,
Melaka Sentral - Tangga Batu,myBas,SJK(C) Ek Te,SJK(C) Ek Te Bus Stop,2.22197,102.17404,07:43:00,,,
Melaka Sentral - Tangga Batu,myBas,Taman Spring Garden,Taman Spring Garden Bus Stop,2.22181,102.17183,07:44:00,,,
Melaka Sentral - Tangga Batu,myBas,SK Lereh,SK Lereh Bus Stop,2.22172,102.16958,07:44:00,,,
Melaka Sentral - Tangga Batu,myBas,Surau Tengah,Surau Tengah Bus Stop,2.22171,102.16588,07:45:00,,,
Melaka Sentral - Tangga Batu,myBas,Kampung Tanjung Kling,Kampung Tanjung Kling Bus Stop,2.2217,102.16488,07:45:00,,,
Melaka Sentral - Tangga Batu,myBas,Tanjung Kling,Tanjung Kling Bus Stop,2.2219,102.16347,07:46:00,,,
Melaka Sentral - Tangga Batu,myBas,Masjid Bilal Bin Rabah Tanjong Kling,Masjid Bilal Bin Rabah Tanjong Kling Bus Stop,2.22131,102.16236,07:46:00,,,
Melaka Sentral - Tangga Batu,myBas,Kampung Kelongkong,Kampung Kelongkong Bus Stop,2.21985,102.16129,07:47:00,,,
Melaka Sentral - Tangga Batu,myBas,Kampung Hailam,Kampung Hailam Bus Stop,2.21796,102.16034,07:47:00,,,
Melaka Sentral - Tangga Batu,myBas,Kampung Balik Bukit 1,Kampung Balik Bukit 1 Bus Stop,2.21824,102.15762,07:48:00,,,
Melaka Sentral - Tangga Batu,myBas,Kampung Balik Bukit 2,Kampung Balik Bukit 2 Bus Stop,2.22012,102.1565,07:48:00,,,
Melaka Sentral - Tangga Batu,myBas,Kampung Lereh,Kampung Lereh Bus Stop,2.22338,102.15508,07:49:00,,,
Melaka Sentral - Tangga Batu,myBas,Kampung Pengkalan Perigi ,Kampung Pengkalan Perigi  Bus Stop,2.22633,102.15228,07:49:00,,,
Melaka Sentral - Tangga Batu,myBas,Tanjung Samudera,Tanjung Samudera Bus Stop,2.22811,102.14902,07:50:00,,,
Melaka Sentral - Tangga Batu,myBas,Medan Selera Pantai Rombang,Medan Selera Pantai Rombang Bus Stop,2.22975,102.14824,07:50:00,,,
Melaka Sentral - Tangga Batu,myBas,Taman Pantai Puteri,Taman Pantai Puteri Bus Stop,2.23145,102.14742,07:51:00,,,
Melaka Sentral - Tangga Batu,myBas,Puteri Qashrina Chalet,Puteri Qashrina Chalet Bus Stop,2.23502,102.14553,07:51:00,,,
Melaka Sentral - Tangga Batu,myBas,Masjid Km13,Masjid Km13 Bus Stop,2.23663,102.1447,07:52:00,,,
Melaka Sentral - Tangga Batu,myBas,Medan Selera Pantai Puteri,Medan Selera Pantai Puteri Bus Stop,2.23809,102.14386,07:52:00,,,
Melaka Sentral - Tangga Batu,myBas,Pantai Kundor,Pantai Kundor Bus Stop,2.2397,102.14299,07:53:00,,,
Melaka Sentral - Tangga Batu,myBas,Kampung Pantai Kundor,Kampung Pantai Kundor Bus Stop,2.24614,102.14051,07:53:00,,,
Melaka Sentral - Tangga Batu,myBas,Rumah Anak-Anak Yatim Sultan Salahuddin,Rumah Anak-Anak Yatim Sultan Salahuddin Bus Stop,2.24661,102.13895,07:54:00,,,
Melaka Sentral - Tangga Batu,myBas,SK Pantai Kundor,SK Pantai Kundor Bus Stop,2.2522,102.1384,07:54:00,,,
Melaka Sentral - Tangga Batu,myBas,Jalan Solok Haji Othman,Jalan Solok Haji Othman Bus Stop,2.25427,102.1413,07:55:00,,,
Melaka Sentral - Tangga Batu,myBas,Kawasan Perindustrian Tangga Batu,Kawasan Perindustrian Tangga Batu Bus Stop,2.25479,102.14374,07:55:00,,,
Melaka Sentral - Tangga Batu,myBas,Taman Tangga Batu,Taman Tangga Batu Bus Stop,2.25434,102.14814,07:56:00,,,
Melaka Sentral - Tangga Batu,myBas,Klinik Kesihatan Tangga Batu,Klinik Kesihatan Tangga Batu Bus Stop,2.25361,102.15104,07:56:00,,,
Melaka Sentral - Tangga Batu,myBas,Opp Pantai Klebang,Opp Pantai Klebang Bus Stop,2.21946,102.19225,06:17:00,,,
Melaka Sentral - Tangga Batu,myBas,SMK Gajah Berang,SMK Gajah Berang Bus Stop,2.20256,102.24108,06:41:00,,,
Melaka Sentral - Tangga Batu,myBas,Persatuan Low Melaka,Persatuan Low Melaka Bus Stop,2.19774,102.24347,06:43:00,,,
Melaka Sentral - Tangga Batu,myBas,Melaka International School,Melaka International School Bus Stop,2.19766,102.24431,06:45:00,,,
Melaka Sentral - Tangga Batu,myBas,SJK (C) Yok Bin,SJK (C) Yok Bin Bus Stop,2.20029,102.24632,06:47:00,,,
Melaka Sentral - Tangga Batu,myBas,Plaza Hang Tuah 1,Plaza Hang Tuah 1 Bus Stop,2.20197,102.24721,06:49:00,,,
Melaka Sentral - Tangga Batu,myBas,Aeon Bandaraya Melaka,Aeon Bandaraya Melaka Bus Stop,2.21458,102.24802,06:53:00,,,
Melaka Sentral - Tangga Batu,myBas,Lotus Melaka,Lotus Melaka Bus Stop,2.21668,102.24798,06:55:00,,,
Melaka Sentral - Tampin via Alor Gajah,myBas,Melaka Sentral,Melaka Sentral Bus Stop,2.22045,102.2507,08:00:00,,,
Melaka Sentral - Tampin via Alor Gajah,myBas,Opp Lotus Melaka,Opp Lotus Melaka Bus Stop,2.21665,102.2481,08:01:00,,,
Melaka Sentral - Tampin via Alor Gajah,myBas,Opp Aeon Bandaraya Melaka,Opp Aeon Bandaraya Melaka Bus Stop,2.21463,102.24812,08:02:00,,,
Melaka Sentral - Tampin via Alor Gajah,myBas,Medan Selera Tun Ali,Medan Selera Tun Ali Bus Stop,2.20546,102.2478,08:03:00,,,
Melaka Sentral - Tampin via Alor Gajah,myBas,Plaza Hang Tuah 2,Plaza Hang Tuah 2 Bus Stop,2.20299,102.24803,08:04:00,,,
Melaka Sentral - Tampin via Alor Gajah,myBas,Wisma Air,Wisma Air Bus Stop,2.20419,102.24617,08:05:00,,,
Melaka Sentral - Tampin via Alor Gajah,myBas,Kampung Lapang Bachang,Kampung Lapang Bachang Bus Stop,2.21433,102.24029,08:06:00,,,
Melaka Sentral - Tampin via Alor Gajah,myBas,Smjk Tinggi Cina Melaka,Smjk Tinggi Cina Melaka Bus Stop,2.22082,102.23679,08:07:00,,,
Melaka Sentral - Tampin via Alor Gajah,myBas,Opp Taman Malim Indah,Opp Taman Malim Indah Bus Stop,2.22399,102.23257,08:08:00,,,
Melaka Sentral - Tampin via Alor Gajah,myBas,Opp Balai Panjang,Opp Balai Panjang Bus Stop,2.22651,102.2303,08:09:00,,,
Melaka Sentral - Tampin via Alor Gajah,myBas,Taman Balai Panjang,Taman Balai Panjang Bus Stop,2.23507,102.22437,08:10:00,,,
Melaka Sentral - Tampin via Alor Gajah,myBas,Opp SJK (C) Malim Melaka,Opp SJK (C) Malim Melaka Bus Stop,2.23869,102.22447,08:11:00,,,
Melaka Sentral - Tampin via Alor Gajah,myBas,Rumah Awam Bertam Malim,Rumah Awam Bertam Malim Bus Stop,2.24355,102.22322,08:12:00,,,
Melaka Sentral - Tampin via Alor Gajah,myBas,Taman Bertam Malim,Taman Bertam Malim Bus Stop,2.24796,102.22297,08:13:00,,,
Melaka Sentral - Tampin via Alor Gajah,myBas,Opp SK Malim,Opp SK Malim Bus Stop,2.25055,102.22284,08:14:00,,,
Melaka Sentral - Tampin via Alor Gajah,myBas,Opp SMK Malim,Opp SMK Malim Bus Stop,2.25227,102.2227,08:15:00,,,
Melaka Sentral - Tampin via Alor Gajah,myBas,Opp Taman Cheng Utama,Opp Taman Cheng Utama Bus Stop,2.25715,102.22203,08:16:00,,,
Melaka Sentral - Tampin via Alor Gajah,myBas,Kampung Cheng,Kampung Cheng Bus Stop,2.26316,102.21941,08:17:00,,,
Melaka Sentral - Tampin via Alor Gajah,myBas,Taman Cheng Permai,Taman Cheng Permai Bus Stop,2.26645,102.21766,08:18:00,,,
Melaka Sentral - Tampin via Alor Gajah,myBas,Gerai MBMB Taman Cheng Baru,Gerai MBMB Taman Cheng Baru Bus Stop,2.269,102.21707,08:19:00,,,
Melaka Sentral - Tampin via Alor Gajah,myBas,Opp Taman Cheng Perdana,Opp Taman Cheng Perdana Bus Stop,2.27073,102.21665,08:20:00,,,
Melaka Sentral - Tampin via Alor Gajah,myBas,Rumah Seri Kenangan Taman Cheng,Rumah Seri Kenangan Taman Cheng Bus Stop,2.27446,102.21578,08:21:00,,,
Melaka Sentral - Tampin via Alor Gajah,myBas,Balai Raya Kampung Cheng,Balai Raya Kampung Cheng Bus Stop,2.27836,102.21496,08:22:00,,,
Melaka Sentral - Tampin via Alor Gajah,myBas,Opp Taman Paya Rumput Bistari,Opp Taman Paya Rumput Bistari Bus Stop,2.28459,102.21439,08:23:00,,,
Melaka Sentral - Tampin via Alor Gajah,myBas,Rumah Panjang Paya Rumput,Rumah Panjang Paya Rumput Bus Stop,2.28741,102.21357,08:24:00,,,
Melaka Sentral - Tampin via Alor Gajah,myBas,Opp Taman Seri Paya Rumput,Opp Taman Seri Paya Rumput Bus Stop,2.28992,102.213,08:25:00,,,
Melaka Sentral - Tampin via Alor Gajah,myBas,Opp Rumah Awam Paya Rumput,Opp Rumah Awam Paya Rumput Bus Stop,2.29417,102.21485,08:26:00,,,
Melaka Sentral - Tampin via Alor Gajah,myBas,Opp Taman Paya Rumput Indah,Opp Taman Paya Rumput Indah Bus Stop,2.29954,102.21624,08:27:00,,,
Melaka Sentral - Tampin via Alor Gajah,myBas,Paya Rumput,Paya Rumput Bus Stop,2.30541,102.21417,08:28:00,,,
Melaka Sentral - Tampin via Alor Gajah,myBas,Taman Permai,Taman Permai Bus Stop,2.31058,102.21739,08:29:00,,,
Melaka Sentral - Tampin via Alor Gajah,myBas,SK Rumbia,SK Rumbia Bus Stop,2.3173,102.21666,08:30:00,,,
Melaka Sentral - Tampin via Alor Gajah,myBas,Opp Taman Rembia Perkasa,Opp Taman Rembia Perkasa Bus Stop,2.32254,102.21346,08:31:00,,,
Melaka Sentral - Tampin via Alor Gajah,myBas,Taman Rembia Cemerlang,Taman Rembia Cemerlang Bus Stop,2.32577,102.21005,08:32:00,,,
Melaka Sentral - Tampin via Alor Gajah,myBas,Taman Rembia Jaya,Taman Rembia Jaya Bus Stop,2.32769,102.20885,08:33:00,,,
Melaka Sentral - Tampin via Alor Gajah,myBas,Taman Bukit Rumbia,Taman Bukit Rumbia Bus Stop,2.33298,102.20945,08:34:00,,,
Melaka Sentral - Tampin via Alor Gajah,myBas,Taman Sungai Petai Bahagia,Taman Sungai Petai Bahagia Bus Stop,2.33785,102.20942,08:35:00,,,
Melaka Sentral - Tampin via Alor Gajah,myBas,Opp Rumah Awam Sungai Petai,Opp Rumah Awam Sungai Petai Bus Stop,2.34649,102.20505,08:36:00,,,
Melaka Sentral - Tampin via Alor Gajah,myBas,Gajah Mati Sungai Petai,Gajah Mati Sungai Petai Bus Stop,2.35233,102.20654,08:37:00,,,
Melaka Sentral - Tampin via Alor Gajah,myBas,Sk Sungai Petai,Sk Sungai Petai Bus Stop,2.35463,102.20886,08:38:00,,,
Melaka Sentral - Tampin via Alor Gajah,myBas,Taman Perindustrian Kelemak,Taman Perindustrian Kelemak Bus Stop,2.36387,102.20867,08:39:00,,,
Melaka Sentral - Tampin via Alor Gajah,myBas,Taman Sri Kelemak,Taman Sri Kelemak Bus Stop,2.36632,102.20747,08:40:00,,,
Melaka Sentral - Tampin via Alor Gajah,myBas,Balai Raya Jkkk Kelemak Jaya,Balai Raya Jkkk Kelemak Jaya Bus Stop,2.37163,102.20638,08:41:00,,,
Melaka Sentral - Tampin via Alor Gajah,myBas,SMK Dato Dol Said,SMK Dato Dol Said Bus Stop,2.37416,102.20784,08:42:00,,,
Melaka Sentral - Tampin via Alor Gajah,myBas,Kampung Kelemak,Kampung Kelemak Bus Stop,2.37681,102.20923,08:43:00,,,
Melaka Sentral - Tampin via Alor Gajah,myBas,Terminal Alor Gajah Sentral,Terminal Alor Gajah Sentral Bus Stop,2.38215,102.21151,08:44:00,,,
Melaka Sentral - Tampin via Alor Gajah,myBas,Taman Seri Bayu,Taman Seri Bayu Bus Stop,2.38366,102.21344,08:45:00,,,
Melaka Sentral - Tampin via Alor Gajah,myBas,Klinik Desa Pegoh,Klinik Desa Pegoh Bus Stop,2.38756,102.21742,08:46:00,,,
Melaka Sentral - Tampin via Alor Gajah,myBas,Kampung Jelatang,Kampung Jelatang Bus Stop,2.38922,102.22137,08:47:00,,,
Melaka Sentral - Tampin via Alor Gajah,myBas,Kampung Buloh Cina,Kampung Buloh Cina Bus Stop,2.39523,102.23721,08:48:00,,,
Melaka Sentral - Tampin via Alor Gajah,myBas,Jalan Haji Mat Top,Jalan Haji Mat Top Bus Stop,2.40102,102.23796,08:49:00,,,
Melaka Sentral - Tampin via Alor Gajah,myBas,Balai Raya Kampung Gadek,Balai Raya Kampung Gadek Bus Stop,2.40657,102.23828,08:50:00,,,
Melaka Sentral - Tampin via Alor Gajah,myBas,Ayer Panas Gadek,Ayer Panas Gadek Bus Stop,2.40799,102.23896,08:51:00,,,
Melaka Sentral - Tampin via Alor Gajah,myBas,SK Ganun,SK Ganun Bus Stop,2.4094,102.23965,08:52:00,,,
Melaka Sentral - Tampin via Alor Gajah,myBas,Ladang Kemuning,Ladang Kemuning Bus Stop,2.41167,102.24221,08:53:00,,,
Melaka Sentral - Tampin via Alor Gajah,myBas,Kampung Bukit Nangka,Kampung Bukit Nangka Bus Stop,2.4137,102.24438,08:54:00,,,
Melaka Sentral - Tampin via Alor Gajah,myBas,Taman Bukit Nangka,Taman Bukit Nangka Bus Stop,2.41594,102.24829,08:55:00,,,
Melaka Sentral - Tampin via Alor Gajah,myBas,Taman Sebang Mutiara,Taman Sebang Mutiara Bus Stop,2.41786,102.25083,08:56:00,,,
Melaka Sentral - Tampin via Alor Gajah,myBas,Taman Sebang Gemilang,Taman Sebang Gemilang Bus Stop,2.41924,102.2513,08:57:00,,,
Melaka Sentral - Tampin via Alor Gajah,myBas,Masjid Al-Najihin Padang Sebang,Masjid Al-Najihin Padang Sebang Bus Stop,2.42104,102.25159,08:58:00,,,
Melaka Sentral - Tampin via Alor Gajah,myBas,Kampung Padang Sebang,Kampung Padang Sebang Bus Stop,2.42282,102.25136,08:59:00,,,
Melaka Sentral - Tampin via Alor Gajah,myBas,Sk Padang Sebang,Sk Padang Sebang Bus Stop,2.42678,102.25009,09:00:00,,,
Melaka Sentral - Tampin via Alor Gajah,myBas,Kampung Tanjong Rimau Luar,Kampung Tanjong Rimau Luar Bus Stop,2.43019,102.24911,09:01:00,,,
Melaka Sentral - Tampin via Alor Gajah,myBas,Masjid Al Qaniteen,Masjid Al Qaniteen Bus Stop,2.43337,102.24671,09:02:00,,,
Melaka Sentral - Tampin via Alor Gajah,myBas,SM Arab Al Asyraf,SM Arab Al Asyraf Bus Stop,2.4388,102.241,09:03:00,,,
Melaka Sentral - Tampin via Alor Gajah,myBas,Kampung Tanjung Rimau,Kampung Tanjung Rimau Bus Stop,2.44041,102.23895,09:04:00,,,
Melaka Sentral - Tampin via Alor Gajah,myBas,Kampung Pulau Sebang Selatan 1,Kampung Pulau Sebang Selatan 1 Bus Stop,2.44478,102.23504,09:05:00,,,
Melaka Sentral - Tampin via Alor Gajah,myBas,Kampung Pulau Sebang Selatan 2,Kampung Pulau Sebang Selatan 2 Bus Stop,2.44691,102.23287,09:06:00,,,
Melaka Sentral - Tampin via Alor Gajah,myBas,Kampung Pulau Sebang Selatan 3,Kampung Pulau Sebang Selatan 3 Bus Stop,2.45049,102.2323,09:07:00,,,
Melaka Sentral - Tampin via Alor Gajah,myBas,Kampung Pulau Sebang,Kampung Pulau Sebang Bus Stop,2.45275,102.23196,09:08:00,,,
Melaka Sentral - Tampin via Alor Gajah,myBas,Kampung Pulau Sebang Utara,Kampung Pulau Sebang Utara Bus Stop,2.45483,102.23174,09:09:00,,,
Melaka Sentral - Tampin via Alor Gajah,myBas,Taman Mahsuri,Taman Mahsuri Bus Stop,2.45579,102.23155,09:10:00,,,
Melaka Sentral - Tampin via Alor Gajah,myBas,Desa Pulau Sebang,Desa Pulau Sebang Bus Stop,2.45746,102.23092,09:11:00,,,
Melaka Sentral - Tampin via Alor Gajah,myBas,Opp Mydin Pulau Sebang,Opp Mydin Pulau Sebang Bus Stop,2.4619,102.23108,09:12:00,,,
Melaka Sentral - Tampin via Alor Gajah,myBas,Stesen Keretapi Pulau Sebang,Stesen Keretapi Pulau Sebang Bus Stop,2.46243,102.23019,09:13:00,,,
Melaka Sentral - Tampin via Alor Gajah,myBas,Pekan Tampin,Pekan Tampin Bus Stop,2.46495,102.23102,09:14:00,,,
Melaka Sentral - Tampin via Alor Gajah,myBas,Terminal Bas Tampin,Terminal Bas Tampin Bus Stop,2.46479,102.22641,09:15:00,,,
Melaka Sentral - Tampin via Alor Gajah,myBas,Mydin Pulau Sebang,Mydin Pulau Sebang Bus Stop,2.462,102.23112,10:03:00,,,
Melaka Sentral - Tampin via Alor Gajah,myBas,Opp Desa Pulau Sebang,Opp Desa Pulau Sebang Bus Stop,2.45741,102.23104,10:04:00,,,
Melaka Sentral - Tampin via Alor Gajah,myBas,Opp Sk Sungai Petai,Opp Sk Sungai Petai Bus Stop,2.35462,102.20904,10:37:00,,,
Melaka Sentral - Tampin via Alor Gajah,myBas,Opp Gajah Mati Sungai Petai,Opp Gajah Mati Sungai Petai Bus Stop,2.35211,102.20654,10:38:00,,,
Melaka Sentral - Tampin via Alor Gajah,myBas,Rumah Awam Sungai Petai,Rumah Awam Sungai Petai Bus Stop,2.34644,102.20519,10:39:00,,,
Melaka Sentral - Tampin via Alor Gajah,myBas,Opp Taman Sungai Petai Bahagia,Opp Taman Sungai Petai Bahagia Bus Stop,2.338,102.20956,10:40:00,,,
Melaka Sentral - Tampin via Alor Gajah,myBas,Opp Taman Bukit Rumbia,Opp Taman Bukit Rumbia Bus Stop,2.33361,102.20953,10:41:00,,,
Melaka Sentral - Tampin via Alor Gajah,myBas,Opp Taman Rembia Jaya,Opp Taman Rembia Jaya Bus Stop,2.32768,102.20902,10:42:00,,,
Melaka Sentral - Tampin via Alor Gajah,myBas,Opp Taman Rembia Cemerlang,Opp Taman Rembia Cemerlang Bus Stop,2.32583,102.21019,10:43:00,,,
Melaka Sentral - Tampin via Alor Gajah,myBas,Taman Rembia Perkasa,Taman Rembia Perkasa Bus Stop,2.32264,102.21366,10:44:00,,,
Melaka Sentral - Tampin via Alor Gajah,myBas,Opp SK Rumbia,Opp SK Rumbia Bus Stop,2.31744,102.21679,10:45:00,,,
Melaka Sentral - Tampin via Alor Gajah,myBas,Opp Taman Permai,Opp Taman Permai Bus Stop,2.31064,102.21752,10:46:00,,,
Melaka Sentral - Tampin via Alor Gajah,myBas,Opp Paya Rumput,Opp Paya Rumput Bus Stop,2.30526,102.21431,10:47:00,,,
Melaka Sentral - Tampin via Alor Gajah,myBas,Taman Paya Rumput Indah,Taman Paya Rumput Indah Bus Stop,2.29962,102.21635,10:48:00,,,
Melaka Sentral - Tampin via Alor Gajah,myBas,Rumah Awam Paya Rumput,Rumah Awam Paya Rumput Bus Stop,2.29404,102.21489,10:49:00,,,
Melaka Sentral - Tampin via Alor Gajah,myBas,Taman Seri Paya Rumput,Taman Seri Paya Rumput Bus Stop,2.28991,102.21311,10:50:00,,,
Melaka Sentral - Tampin via Alor Gajah,myBas,Opp Rumah Panjang Paya Rumput,Opp Rumah Panjang Paya Rumput Bus Stop,2.28743,102.21367,10:51:00,,,
Melaka Sentral - Tampin via Alor Gajah,myBas,Taman Paya Rumput Bistari,Taman Paya Rumput Bistari Bus Stop,2.28457,102.21451,10:52:00,,,
Melaka Sentral - Tampin via Alor Gajah,myBas,Opp Balai Raya Kampung Cheng,Opp Balai Raya Kampung Cheng Bus Stop,2.27831,102.21506,10:53:00,,,
Melaka Sentral - Tampin via Alor Gajah,myBas,Opp Rumah Seri Kenangan Taman Cheng,Opp Rumah Seri Kenangan Taman Cheng Bus Stop,2.27443,102.21588,10:54:00,,,
Melaka Sentral - Tampin via Alor Gajah,myBas,Taman Cheng Perdana,Taman Cheng Perdana Bus Stop,2.27081,102.21673,10:55:00,,,
Melaka Sentral - Tampin via Alor Gajah,myBas,Opp Gerai MBMB Taman Cheng Baru,Opp Gerai MBMB Taman Cheng Baru Bus Stop,2.26905,102.21716,10:56:00,,,
Melaka Sentral - Tampin via Alor Gajah,myBas,Opp Taman Cheng Permai,Opp Taman Cheng Permai Bus Stop,2.26682,102.2177,10:57:00,,,
Melaka Sentral - Tampin via Alor Gajah,myBas,Opp Kampung Cheng,Opp Kampung Cheng Bus Stop,2.26313,102.21955,10:58:00,,,
Melaka Sentral - Tampin via Alor Gajah,myBas,Taman Cheng Utama,Taman Cheng Utama Bus Stop,2.25723,102.22213,10:59:00,,,
Melaka Sentral - Tampin via Alor Gajah,myBas,SMK Malim,SMK Malim Bus Stop,2.25219,102.22283,11:00:00,,,
Melaka Sentral - Tampin via Alor Gajah,myBas,SK Malim,SK Malim Bus Stop,2.25058,102.2229,11:01:00,,,
Melaka Sentral - Tampin via Alor Gajah,myBas,Opp Taman Bertam Malim,Opp Taman Bertam Malim Bus Stop,2.24791,102.22307,11:02:00,,,
Melaka Sentral - Tampin via Alor Gajah,myBas,Opp Rumah Awam Bertam Malim,Opp Rumah Awam Bertam Malim Bus Stop,2.24356,102.22334,11:03:00,,,
Melaka Sentral - Tampin via Alor Gajah,myBas,SJK (C) Malim Melaka,SJK (C) Malim Melaka Bus Stop,2.23872,102.22456,11:04:00,,,
Melaka Sentral - Tampin via Alor Gajah,myBas,Opp Taman Balai Panjang,Opp Taman Balai Panjang Bus Stop,2.23533,102.2244,11:05:00,,,
Melaka Sentral - Tampin via Alor Gajah,myBas,Balai Panjang,Balai Panjang Bus Stop,2.22659,102.23037,11:06:00,,,
Melaka Sentral - Tampin via Alor Gajah,myBas,Taman Malim Indah,Taman Malim Indah Bus Stop,2.22439,102.23227,11:07:00,,,
Melaka Sentral - Tampin via Alor Gajah,myBas,Opp Smjk Tinggi Cina Melaka,Opp Smjk Tinggi Cina Melaka Bus Stop,2.22095,102.23674,11:08:00,,,
Melaka Sentral - Tampin via Alor Gajah,myBas,Aeon Bandaraya Melaka,Aeon Bandaraya Melaka Bus Stop,2.21458,102.24802,11:10:00,,,
Melaka Sentral - Tampin via Alor Gajah,myBas,Lotus Melaka,Lotus Melaka Bus Stop,2.21668,102.24798,11:11:00,,,
Terminal Alor Gajah Sentral - Melaka Sentral,myBas,Terminal Alor Gajah Sentral,Terminal Alor Gajah Sentral Bus Stop,2.38215,102.21151,06:00:00,,,
Terminal Alor Gajah Sentral - Melaka Sentral,myBas,Kampung Kelemak,Kampung Kelemak Bus Stop,2.37681,102.20923,06:01:00,,,
Terminal Alor Gajah Sentral - Melaka Sentral,myBas,SMK Dato Dol Said,SMK Dato Dol Said Bus Stop,2.37416,102.20784,06:02:00,,,
Terminal Alor Gajah Sentral - Melaka Sentral,myBas,Balai Raya Jkkk Kelemak Jaya,Balai Raya Jkkk Kelemak Jaya Bus Stop,2.37163,102.20638,06:03:00,,,
Terminal Alor Gajah Sentral - Melaka Sentral,myBas,Taman Sri Kelemak,Taman Sri Kelemak Bus Stop,2.36632,102.20747,06:04:00,,,
Terminal Alor Gajah Sentral - Melaka Sentral,myBas,Taman Perindustrian Kelemak,Taman Perindustrian Kelemak Bus Stop,2.36387,102.20867,06:05:00,,,
Terminal Alor Gajah Sentral - Melaka Sentral,myBas,Opp Sk Sungai Petai,Opp Sk Sungai Petai Bus Stop,2.35462,102.20904,06:06:00,,,
Terminal Alor Gajah Sentral - Melaka Sentral,myBas,Opp Gajah Mati Sungai Petai,Opp Gajah Mati Sungai Petai Bus Stop,2.35211,102.20654,06:07:00,,,
Terminal Alor Gajah Sentral - Melaka Sentral,myBas,Rumah Awam Sungai Petai,Rumah Awam Sungai Petai Bus Stop,2.34644,102.20519,06:08:00,,,
Terminal Alor Gajah Sentral - Melaka Sentral,myBas,Opp Taman Sungai Petai Bahagia,Opp Taman Sungai Petai Bahagia Bus Stop,2.338,102.20956,06:09:00,,,
Terminal Alor Gajah Sentral - Melaka Sentral,myBas,Opp Taman Bukit Rumbia,Opp Taman Bukit Rumbia Bus Stop,2.33361,102.20953,06:10:00,,,
Terminal Alor Gajah Sentral - Melaka Sentral,myBas,Opp Taman Rembia Jaya,Opp Taman Rembia Jaya Bus Stop,2.32768,102.20902,06:11:00,,,
Terminal Alor Gajah Sentral - Melaka Sentral,myBas,Opp Taman Rembia Cemerlang,Opp Taman Rembia Cemerlang Bus Stop,2.32583,102.21019,06:12:00,,,
Terminal Alor Gajah Sentral - Melaka Sentral,myBas,Taman Rembia Perkasa,Taman Rembia Perkasa Bus Stop,2.32264,102.21366,06:13:00,,,
Terminal Alor Gajah Sentral - Melaka Sentral,myBas,Opp SK Rumbia,Opp SK Rumbia Bus Stop,2.31744,102.21679,06:14:00,,,
Terminal Alor Gajah Sentral - Melaka Sentral,myBas,Opp Taman Permai,Opp Taman Permai Bus Stop,2.31064,102.21752,06:15:00,,,
Terminal Alor Gajah Sentral - Melaka Sentral,myBas,Opp Paya Rumput,Opp Paya Rumput Bus Stop,2.30526,102.21431,06:16:00,,,
Terminal Alor Gajah Sentral - Melaka Sentral,myBas,Taman Paya Rumput Indah,Taman Paya Rumput Indah Bus Stop,2.29962,102.21635,06:17:00,,,
Terminal Alor Gajah Sentral - Melaka Sentral,myBas,Rumah Awam Paya Rumput,Rumah Awam Paya Rumput Bus Stop,2.29404,102.21489,06:18:00,,,
Terminal Alor Gajah Sentral - Melaka Sentral,myBas,Taman Seri Paya Rumput,Taman Seri Paya Rumput Bus Stop,2.28991,102.21311,06:19:00,,,
Terminal Alor Gajah Sentral - Melaka Sentral,myBas,Opp Rumah Panjang Paya Rumput,Opp Rumah Panjang Paya Rumput Bus Stop,2.28743,102.21367,06:20:00,,,
Terminal Alor Gajah Sentral - Melaka Sentral,myBas,Taman Paya Rumput Bistari,Taman Paya Rumput Bistari Bus Stop,2.28457,102.21451,06:21:00,,,
Terminal Alor Gajah Sentral - Melaka Sentral,myBas,Opp Balai Raya Kampung Cheng,Opp Balai Raya Kampung Cheng Bus Stop,2.27831,102.21506,06:22:00,,,
Terminal Alor Gajah Sentral - Melaka Sentral,myBas,Opp Rumah Seri Kenangan Taman Cheng,Opp Rumah Seri Kenangan Taman Cheng Bus Stop,2.27443,102.21588,06:23:00,,,
Terminal Alor Gajah Sentral - Melaka Sentral,myBas,Taman Cheng Perdana,Taman Cheng Perdana Bus Stop,2.27081,102.21673,06:24:00,,,
Terminal Alor Gajah Sentral - Melaka Sentral,myBas,Opp Gerai MBMB Taman Cheng Baru,Opp Gerai MBMB Taman Cheng Baru Bus Stop,2.26905,102.21716,06:25:00,,,
Terminal Alor Gajah Sentral - Melaka Sentral,myBas,Opp Taman Cheng Permai,Opp Taman Cheng Permai Bus Stop,2.26682,102.2177,06:26:00,,,
Terminal Alor Gajah Sentral - Melaka Sentral,myBas,Opp Kampung Cheng,Opp Kampung Cheng Bus Stop,2.26313,102.21955,06:27:00,,,
Terminal Alor Gajah Sentral - Melaka Sentral,myBas,Taman Cheng Utama,Taman Cheng Utama Bus Stop,2.25723,102.22213,06:28:00,,,
Terminal Alor Gajah Sentral - Melaka Sentral,myBas,SMK Malim,SMK Malim Bus Stop,2.25219,102.22283,06:29:00,,,
Terminal Alor Gajah Sentral - Melaka Sentral,myBas,SK Malim,SK Malim Bus Stop,2.25058,102.2229,06:30:00,,,
Terminal Alor Gajah Sentral - Melaka Sentral,myBas,Opp Taman Bertam Malim,Opp Taman Bertam Malim Bus Stop,2.24791,102.22307,06:31:00,,,
Terminal Alor Gajah Sentral - Melaka Sentral,myBas,Opp Rumah Awam Bertam Malim,Opp Rumah Awam Bertam Malim Bus Stop,2.24356,102.22334,06:32:00,,,
Terminal Alor Gajah Sentral - Melaka Sentral,myBas,SJK (C) Malim Melaka,SJK (C) Malim Melaka Bus Stop,2.23872,102.22456,06:33:00,,,
Terminal Alor Gajah Sentral - Melaka Sentral,myBas,Opp Taman Balai Panjang,Opp Taman Balai Panjang Bus Stop,2.23533,102.2244,06:34:00,,,
Terminal Alor Gajah Sentral - Melaka Sentral,myBas,Balai Panjang,Balai Panjang Bus Stop,2.22659,102.23037,06:35:00,,,
Terminal Alor Gajah Sentral - Melaka Sentral,myBas,Taman Malim Indah,Taman Malim Indah Bus Stop,2.22439,102.23227,06:36:00,,,
Terminal Alor Gajah Sentral - Melaka Sentral,myBas,Opp Smjk Tinggi Cina Melaka,Opp Smjk Tinggi Cina Melaka Bus Stop,2.22095,102.23674,06:37:00,,,
Terminal Alor Gajah Sentral - Melaka Sentral,myBas,Kampung Lapang Bachang,Kampung Lapang Bachang Bus Stop,2.21433,102.24029,06:38:00,,,
Terminal Alor Gajah Sentral - Melaka Sentral,myBas,Aeon Bandaraya Melaka,Aeon Bandaraya Melaka Bus Stop,2.21458,102.24802,06:39:00,,,
Terminal Alor Gajah Sentral - Melaka Sentral,myBas,Lotus Melaka,Lotus Melaka Bus Stop,2.21668,102.24798,06:40:00,,,
Terminal Alor Gajah Sentral - Melaka Sentral,myBas,Melaka Sentral,Melaka Sentral Bus Stop,2.22045,102.2507,06:41:00,,,
Melaka Sentral - Tampin via Alor Gajah Durian Tunggal,myBas,Melaka Sentral,Melaka Sentral Bus Stop,2.22045,102.2507,08:00:00,,,
Melaka Sentral - Tampin via Alor Gajah Durian Tunggal,myBas,Opp Hospital Melaka,Opp Hospital Melaka Bus Stop,2.21849,102.26008,08:02:00,,,
Melaka Sentral - Tampin via Alor Gajah Durian Tunggal,myBas,Opp Kampung Batu Hampar,Opp Kampung Batu Hampar Bus Stop,2.2257,102.26342,08:04:00,,,
Melaka Sentral - Tampin via Alor Gajah Durian Tunggal,myBas,International College Of Yayasan Melaka/,International College Of Yayasan Melaka/ Bus Stop,2.22699,102.26662,08:06:00,,,
Melaka Sentral - Tampin via Alor Gajah Durian Tunggal,myBas,Taman Sentosa Melaka,Taman Sentosa Melaka Bus Stop,2.23042,102.27573,08:08:00,,,
Melaka Sentral - Tampin via Alor Gajah Durian Tunggal,myBas,Aeon Ayer Keroh,Aeon Ayer Keroh Bus Stop,2.23296,102.28259,08:10:00,,,
Melaka Sentral - Tampin via Alor Gajah Durian Tunggal,myBas,Kompleks Mahkamah Melaka,Kompleks Mahkamah Melaka Bus Stop,2.23487,102.28512,08:12:00,,,
Melaka Sentral - Tampin via Alor Gajah Durian Tunggal,myBas,Pantai Hospital Meaka,Pantai Hospital Meaka Bus Stop,2.2371,102.28748,08:14:00,,,
Melaka Sentral - Tampin via Alor Gajah Durian Tunggal,myBas,Makmal Perubatan Pantai,Makmal Perubatan Pantai Bus Stop,2.23848,102.28888,08:16:00,,,
Melaka Sentral - Tampin via Alor Gajah Durian Tunggal,myBas,SMS Muzaffar Shah,SMS Muzaffar Shah Bus Stop,2.24358,102.29075,08:18:00,,,
Melaka Sentral - Tampin via Alor Gajah Durian Tunggal,myBas,Mamee Ayer Keroh,Mamee Ayer Keroh Bus Stop,2.24694,102.29239,08:19:00,,,
Melaka Sentral - Tampin via Alor Gajah Durian Tunggal,myBas,Rumah Pangsa Murni,Rumah Pangsa Murni Bus Stop,2.25112,102.29164,08:20:00,,,
Melaka Sentral - Tampin via Alor Gajah Durian Tunggal,myBas,Ayer Keroh Heights,Ayer Keroh Heights Bus Stop,2.2547,102.29167,08:21:00,,,
Melaka Sentral - Tampin via Alor Gajah Durian Tunggal,myBas,Opp Ampang Steel,Opp Ampang Steel Bus Stop,2.25758,102.2917,08:22:00,,,
Melaka Sentral - Tampin via Alor Gajah Durian Tunggal,myBas,Dewan Kasturi Ayer Keroh,Dewan Kasturi Ayer Keroh Bus Stop,2.25927,102.29173,08:23:00,,,
Melaka Sentral - Tampin via Alor Gajah Durian Tunggal,myBas,Mydin Ayer Keroh,Mydin Ayer Keroh Bus Stop,2.2688,102.29305,08:24:00,,,
Melaka Sentral - Tampin via Alor Gajah Durian Tunggal,myBas,Opp Zoo Melaka,Opp Zoo Melaka Bus Stop,2.27589,102.29796,08:25:00,,,
Melaka Sentral - Tampin via Alor Gajah Durian Tunggal,myBas,Galeri Lebah Melaka,Galeri Lebah Melaka Bus Stop,2.27928,102.3002,08:26:00,,,
Melaka Sentral - Tampin via Alor Gajah Durian Tunggal,myBas,Opp Mini Malaysia,Opp Mini Malaysia Bus Stop,2.28357,102.30339,08:27:00,,,
Melaka Sentral - Tampin via Alor Gajah Durian Tunggal,myBas,Pintu Gerbang Melaka,Pintu Gerbang Melaka Bus Stop,2.28765,102.30424,08:28:00,,,
Melaka Sentral - Tampin via Alor Gajah Durian Tunggal,myBas,Taman Cempaka Heights,Taman Cempaka Heights Bus Stop,2.30367,102.30233,08:29:00,,,
Melaka Sentral - Tampin via Alor Gajah Durian Tunggal,myBas,Serama Camps & Resort,Serama Camps & Resort Bus Stop,2.30879,102.30018,08:30:00,,,
Melaka Sentral - Tampin via Alor Gajah Durian Tunggal,myBas,Jalan Durian Tunggal,Jalan Durian Tunggal Bus Stop,2.31005,102.29846,08:31:00,,,
Melaka Sentral - Tampin via Alor Gajah Durian Tunggal,myBas,Taman Kenari Jaya,Taman Kenari Jaya Bus Stop,2.31301,102.29183,08:32:00,,,
Melaka Sentral - Tampin via Alor Gajah Durian Tunggal,myBas,Madrasah Nahdatul Hasanah,Madrasah Nahdatul Hasanah Bus Stop,2.31353,102.29047,08:33:00,,,
Melaka Sentral - Tampin via Alor Gajah Durian Tunggal,myBas,Poliklinik Durian Tunggal,Poliklinik Durian Tunggal Bus Stop,2.3124,102.28494,08:34:00,,,
Melaka Sentral - Tampin via Alor Gajah Durian Tunggal,myBas,Balai Polis Durian Tunggal,Balai Polis Durian Tunggal Bus Stop,2.31213,102.28374,08:35:00,,,
Melaka Sentral - Tampin via Alor Gajah Durian Tunggal,myBas,Medan Selera Durian Tunggal,Medan Selera Durian Tunggal Bus Stop,2.312,102.28298,08:36:00,,,
Melaka Sentral - Tampin via Alor Gajah Durian Tunggal,myBas,Pekan Durian Tunggal,Pekan Durian Tunggal Bus Stop,2.31326,102.28226,08:37:00,,,
Melaka Sentral - Tampin via Alor Gajah Durian Tunggal,myBas,Taman Cempaka 2,Taman Cempaka 2 Bus Stop,2.31446,102.2805,08:38:00,,,
Melaka Sentral - Tampin via Alor Gajah Durian Tunggal,myBas,Taman Cempaka 3,Taman Cempaka 3 Bus Stop,2.31428,102.27752,08:39:00,,,
Melaka Sentral - Tampin via Alor Gajah Durian Tunggal,myBas,Kampung Pulau ,Kampung Pulau  Bus Stop,2.31344,102.27556,08:40:00,,,
Melaka Sentral - Tampin via Alor Gajah Durian Tunggal,myBas,Jalan Pulau Melaka,Jalan Pulau Melaka Bus Stop,2.31215,102.27268,08:41:00,,,
Melaka Sentral - Tampin via Alor Gajah Durian Tunggal,myBas,Kampung Tengah Durian Tunggal,Kampung Tengah Durian Tunggal Bus Stop,2.31152,102.27007,08:42:00,,,
Melaka Sentral - Tampin via Alor Gajah Durian Tunggal,myBas,Tadika Jaim Kampung Pulau,Tadika Jaim Kampung Pulau Bus Stop,2.31089,102.26693,08:43:00,,,
Melaka Sentral - Tampin via Alor Gajah Durian Tunggal,myBas,Kampung Harmoni,Kampung Harmoni Bus Stop,2.31033,102.26378,08:44:00,,,
Melaka Sentral - Tampin via Alor Gajah Durian Tunggal,myBas,Kampung Bunga Kertas,Kampung Bunga Kertas Bus Stop,2.31221,102.26057,08:45:00,,,
Melaka Sentral - Tampin via Alor Gajah Durian Tunggal,myBas,Simpang Jalan Bunga Ros,Simpang Jalan Bunga Ros Bus Stop,2.31534,102.25958,08:46:00,,,
Melaka Sentral - Tampin via Alor Gajah Durian Tunggal,myBas,Klinik Desa Belimbing,Klinik Desa Belimbing Bus Stop,2.31838,102.2592,08:47:00,,,
Melaka Sentral - Tampin via Alor Gajah Durian Tunggal,myBas,SK Belimbing Dalam,SK Belimbing Dalam Bus Stop,2.31967,102.25917,08:48:00,,,
Melaka Sentral - Tampin via Alor Gajah Durian Tunggal,myBas,Taman Belimbing Indah,Taman Belimbing Indah Bus Stop,2.32509,102.25965,08:49:00,,,
Melaka Sentral - Tampin via Alor Gajah Durian Tunggal,myBas,Jalan Bunga Anggerik,Jalan Bunga Anggerik Bus Stop,2.32697,102.2605,08:50:00,,,
Melaka Sentral - Tampin via Alor Gajah Durian Tunggal,myBas,Kampung Bunga Mawar,Kampung Bunga Mawar Bus Stop,2.33045,102.26208,08:51:00,,,
Melaka Sentral - Tampin via Alor Gajah Durian Tunggal,myBas,Jalan Bunga Kesuang,Jalan Bunga Kesuang Bus Stop,2.33381,102.26254,08:52:00,,,
Melaka Sentral - Tampin via Alor Gajah Durian Tunggal,myBas,Kampung Harmony Belimbing Dalam 1,Kampung Harmony Belimbing Dalam 1 Bus Stop,2.33477,102.26256,08:53:00,,,
Melaka Sentral - Tampin via Alor Gajah Durian Tunggal,myBas,Kampung Harmony Belimbing Dalam 2,Kampung Harmony Belimbing Dalam 2 Bus Stop,2.33606,102.26261,08:54:00,,,
Melaka Sentral - Tampin via Alor Gajah Durian Tunggal,myBas,Kampung Harmony Belimbing Dalam 3,Kampung Harmony Belimbing Dalam 3 Bus Stop,2.33778,102.26263,08:55:00,,,
Melaka Sentral - Tampin via Alor Gajah Durian Tunggal,myBas,Kampung Parit Melaka,Kampung Parit Melaka Bus Stop,2.34113,102.26268,08:56:00,,,
Melaka Sentral - Tampin via Alor Gajah Durian Tunggal,myBas,Kampung Beringin,Kampung Beringin Bus Stop,2.34109,102.25962,08:57:00,,,
Melaka Sentral - Tampin via Alor Gajah Durian Tunggal,myBas,Masjid Ar Rahman,Masjid Ar Rahman Bus Stop,2.3432,102.25768,08:58:00,,,
Melaka Sentral - Tampin via Alor Gajah Durian Tunggal,myBas,Pekan Pantai Belimbing,Pekan Pantai Belimbing Bus Stop,2.34336,102.25632,08:59:00,,,
Melaka Sentral - Tampin via Alor Gajah Durian Tunggal,myBas,Jalan Imam Abu,Jalan Imam Abu Bus Stop,2.34441,102.2526,09:00:00,,,
Melaka Sentral - Tampin via Alor Gajah Durian Tunggal,myBas,Taman Sri Tuah,Taman Sri Tuah Bus Stop,2.34631,102.25142,09:01:00,,,
Melaka Sentral - Tampin via Alor Gajah Durian Tunggal,myBas,Kampung Pachor,Kampung Pachor Bus Stop,2.34989,102.24845,09:02:00,,,
Melaka Sentral - Tampin via Alor Gajah Durian Tunggal,myBas,Simpang Jalan Makmur,Simpang Jalan Makmur Bus Stop,2.35013,102.24675,09:03:00,,,
Melaka Sentral - Tampin via Alor Gajah Durian Tunggal,myBas,Simpang Jalan Wajib,Simpang Jalan Wajib Bus Stop,2.3507,102.24458,09:04:00,,,
Melaka Sentral - Tampin via Alor Gajah Durian Tunggal,myBas,Klinik Desa Melaka Pindah,Klinik Desa Melaka Pindah Bus Stop,2.35799,102.22994,09:05:00,,,
Melaka Sentral - Tampin via Alor Gajah Durian Tunggal,myBas,SK Melaka Pindah,SK Melaka Pindah Bus Stop,2.35936,102.22999,09:06:00,,,
Melaka Sentral - Tampin via Alor Gajah Durian Tunggal,myBas,Opp Masjid Ubaidah Melaka,Opp Masjid Ubaidah Melaka Bus Stop,2.36166,102.22825,09:07:00,,,
Melaka Sentral - Tampin via Alor Gajah Durian Tunggal,myBas,Simpang Jalan Ujong Padang 2,Simpang Jalan Ujong Padang 2 Bus Stop,2.36222,102.22706,09:08:00,,,
Melaka Sentral - Tampin via Alor Gajah Durian Tunggal,myBas,Kampung Balai,Kampung Balai Bus Stop,2.36585,102.22358,09:09:00,,,
Melaka Sentral - Tampin via Alor Gajah Durian Tunggal,myBas,Taman Melaka Pindah,Taman Melaka Pindah Bus Stop,2.36828,102.22256,09:10:00,,,
Melaka Sentral - Tampin via Alor Gajah Durian Tunggal,myBas,Rumah Awam Seri Pengkalan,Rumah Awam Seri Pengkalan Bus Stop,2.3728,102.22186,09:11:00,,,
Melaka Sentral - Tampin via Alor Gajah Durian Tunggal,myBas,Kuil Sri Sithi Vinayagar Sri Bala Subram,Kuil Sri Sithi Vinayagar Sri Bala Subram Bus Stop,2.37676,102.22192,09:12:00,,,
Melaka Sentral - Tampin via Alor Gajah Durian Tunggal,myBas,Pejabat Perikanan Daerah Alor Gajah,Pejabat Perikanan Daerah Alor Gajah Bus Stop,2.38044,102.2184,09:13:00,,,
Melaka Sentral - Tampin via Alor Gajah Durian Tunggal,myBas,Pusat Perniagaan Jelatang,Pusat Perniagaan Jelatang Bus Stop,2.38349,102.21591,09:14:00,,,
Melaka Sentral - Tampin via Alor Gajah Durian Tunggal,myBas,Taman Seri Bayu,Taman Seri Bayu Bus Stop,2.38366,102.21344,09:15:00,,,
Melaka Sentral - Tampin via Alor Gajah Durian Tunggal,myBas,Terminal Alor Gajah Sentral,Terminal Alor Gajah Sentral Bus Stop,2.38215,102.21151,09:16:00,,,
Melaka Sentral - Tampin via Alor Gajah Durian Tunggal,myBas,Opp Taman Seri Bayu,Opp Taman Seri Bayu Bus Stop,2.38336,102.21259,09:17:00,,,
Melaka Sentral - Tampin via Alor Gajah Durian Tunggal,myBas,Klinik Desa Pegoh,Klinik Desa Pegoh Bus Stop,2.38756,102.21742,09:17:00,,,
Melaka Sentral - Tampin via Alor Gajah Durian Tunggal,myBas,Kampung Jelatang,Kampung Jelatang Bus Stop,2.38922,102.22137,09:18:00,,,
Melaka Sentral - Tampin via Alor Gajah Durian Tunggal,myBas,Kampung Buloh Cina,Kampung Buloh Cina Bus Stop,2.39523,102.23721,09:18:00,,,
Melaka Sentral - Tampin via Alor Gajah Durian Tunggal,myBas,Jalan Haji Mat Top,Jalan Haji Mat Top Bus Stop,2.40102,102.23796,09:19:00,,,
Melaka Sentral - Tampin via Alor Gajah Durian Tunggal,myBas,Balai Raya Kampung Gadek,Balai Raya Kampung Gadek Bus Stop,2.40657,102.23828,09:19:00,,,
Melaka Sentral - Tampin via Alor Gajah Durian Tunggal,myBas,Ayer Panas Gadek,Ayer Panas Gadek Bus Stop,2.40799,102.23896,09:20:00,,,
Melaka Sentral - Tampin via Alor Gajah Durian Tunggal,myBas,SK Ganun,SK Ganun Bus Stop,2.4094,102.23965,09:20:00,,,
Melaka Sentral - Tampin via Alor Gajah Durian Tunggal,myBas,Ladang Kemuning,Ladang Kemuning Bus Stop,2.41167,102.24221,09:21:00,,,
Melaka Sentral - Tampin via Alor Gajah Durian Tunggal,myBas,Kampung Bukit Nangka,Kampung Bukit Nangka Bus Stop,2.4137,102.24438,09:21:00,,,
Melaka Sentral - Tampin via Alor Gajah Durian Tunggal,myBas,Taman Bukit Nangka,Taman Bukit Nangka Bus Stop,2.41594,102.24829,09:22:00,,,
Melaka Sentral - Tampin via Alor Gajah Durian Tunggal,myBas,Taman Sebang Mutiara,Taman Sebang Mutiara Bus Stop,2.41786,102.25083,09:22:00,,,
Melaka Sentral - Tampin via Alor Gajah Durian Tunggal,myBas,Taman Sebang Gemilang,Taman Sebang Gemilang Bus Stop,2.41924,102.2513,09:23:00,,,
Melaka Sentral - Tampin via Alor Gajah Durian Tunggal,myBas,Masjid Al-Najihin Padang Sebang,Masjid Al-Najihin Padang Sebang Bus Stop,2.42104,102.25159,09:23:00,,,
Melaka Sentral - Tampin via Alor Gajah Durian Tunggal,myBas,Kampung Padang Sebang,Kampung Padang Sebang Bus Stop,2.42282,102.25136,09:24:00,,,
Melaka Sentral - Tampin via Alor Gajah Durian Tunggal,myBas,Sk Padang Sebang,Sk Padang Sebang Bus Stop,2.42678,102.25009,09:24:00,,,
Melaka Sentral - Tampin via Alor Gajah Durian Tunggal,myBas,Kampung Tanjong Rimau Luar,Kampung Tanjong Rimau Luar Bus Stop,2.43019,102.24911,09:25:00,,,
Melaka Sentral - Tampin via Alor Gajah Durian Tunggal,myBas,Masjid Al Qaniteen,Masjid Al Qaniteen Bus Stop,2.43337,102.24671,09:25:00,,,
Melaka Sentral - Tampin via Alor Gajah Durian Tunggal,myBas,SM Arab Al Asyraf,SM Arab Al Asyraf Bus Stop,2.4388,102.241,09:26:00,,,
Melaka Sentral - Tampin via Alor Gajah Durian Tunggal,myBas,Kampung Tanjung Rimau,Kampung Tanjung Rimau Bus Stop,2.44041,102.23895,09:26:00,,,
Melaka Sentral - Tampin via Alor Gajah Durian Tunggal,myBas,Kampung Pulau Sebang Selatan 1,Kampung Pulau Sebang Selatan 1 Bus Stop,2.44478,102.23504,09:27:00,,,
Melaka Sentral - Tampin via Alor Gajah Durian Tunggal,myBas,Kampung Pulau Sebang Selatan 2,Kampung Pulau Sebang Selatan 2 Bus Stop,2.44691,102.23287,09:27:00,,,
Melaka Sentral - Tampin via Alor Gajah Durian Tunggal,myBas,Kampung Pulau Sebang Selatan 3,Kampung Pulau Sebang Selatan 3 Bus Stop,2.45049,102.2323,09:28:00,,,
Melaka Sentral - Tampin via Alor Gajah Durian Tunggal,myBas,Kampung Pulau Sebang,Kampung Pulau Sebang Bus Stop,2.45275,102.23196,09:28:00,,,
Melaka Sentral - Tampin via Alor Gajah Durian Tunggal,myBas,Kampung Pulau Sebang Utara,Kampung Pulau Sebang Utara Bus Stop,2.45483,102.23174,09:29:00,,,
Melaka Sentral - Tampin via Alor Gajah Durian Tunggal,myBas,Taman Mahsuri,Taman Mahsuri Bus Stop,2.45579,102.23155,09:29:00,,,
Melaka Sentral - Tampin via Alor Gajah Durian Tunggal,myBas,Desa Pulau Sebang,Desa Pulau Sebang Bus Stop,2.45746,102.23092,09:30:00,,,
Melaka Sentral - Tampin via Alor Gajah Durian Tunggal,myBas,Opp Mydin Pulau Sebang,Opp Mydin Pulau Sebang Bus Stop,2.4619,102.23108,09:30:00,,,
Melaka Sentral - Tampin via Alor Gajah Durian Tunggal,myBas,Stesen Keretapi Pulau Sebang,Stesen Keretapi Pulau Sebang Bus Stop,2.46243,102.23019,09:31:00,,,
Melaka Sentral - Tampin via Alor Gajah Durian Tunggal,myBas,Pekan Tampin,Pekan Tampin Bus Stop,2.46495,102.23102,09:31:00,,,
Melaka Sentral - Tampin via Alor Gajah Durian Tunggal,myBas,Terminal Bas Tampin,Terminal Bas Tampin Bus Stop,2.46479,102.22641,09:32:00,,,
Melaka Sentral - Tampin via Alor Gajah Durian Tunggal,myBas,Mydin Pulau Sebang,Mydin Pulau Sebang Bus Stop,2.462,102.23112,10:02:00,,,
Melaka Sentral - Tampin via Alor Gajah Durian Tunggal,myBas,Opp Desa Pulau Sebang,Opp Desa Pulau Sebang Bus Stop,2.45741,102.23104,10:02:00,,,
Melaka Sentral - Tampin via Alor Gajah Durian Tunggal,myBas,Opp Pejabat Perikanan Daerah Alor Gajah,Opp Pejabat Perikanan Daerah Alor Gajah Bus Stop,2.38043,102.21848,10:19:00,,,
Melaka Sentral - Tampin via Alor Gajah Durian Tunggal,myBas,Masjid Ubaidah Melaka,Masjid Ubaidah Melaka Bus Stop,2.36171,102.22828,10:25:00,,,
Melaka Sentral - Tampin via Alor Gajah Durian Tunggal,myBas,Opp Pintu Gerbang Melaka,Opp Pintu Gerbang Melaka Bus Stop,2.28765,102.30433,11:04:00,,,
Melaka Sentral - Tampin via Alor Gajah Durian Tunggal,myBas,Mini Malaysia,Mini Malaysia Bus Stop,2.28355,102.30352,11:05:00,,,
Melaka Sentral - Tampin via Alor Gajah Durian Tunggal,myBas,Opp Galeri Lebah Melaka,Opp Galeri Lebah Melaka Bus Stop,2.27923,102.3003,11:06:00,,,
Melaka Sentral - Tampin via Alor Gajah Durian Tunggal,myBas,Zoo Melaka,Zoo Melaka Bus Stop,2.27595,102.29807,11:07:00,,,
Melaka Sentral - Tampin via Alor Gajah Durian Tunggal,myBas,Opp Mydin Ayer Keroh,Opp Mydin Ayer Keroh Bus Stop,2.26837,102.29307,11:08:00,,,
Melaka Sentral - Tampin via Alor Gajah Durian Tunggal,myBas,Opp Dewan Kasturi Ayer Keroh,Opp Dewan Kasturi Ayer Keroh Bus Stop,2.25933,102.29185,11:09:00,,,
Melaka Sentral - Tampin via Alor Gajah Durian Tunggal,myBas,Ampang Steel,Ampang Steel Bus Stop,2.25755,102.29181,11:10:00,,,
Melaka Sentral - Tampin via Alor Gajah Durian Tunggal,myBas,Opp Ayer Keroh Heights,Opp Ayer Keroh Heights Bus Stop,2.25476,102.29179,11:11:00,,,
Melaka Sentral - Tampin via Alor Gajah Durian Tunggal,myBas,Opp Rumah Pangsa Murni,Opp Rumah Pangsa Murni Bus Stop,2.25103,102.29176,11:12:00,,,
Melaka Sentral - Tampin via Alor Gajah Durian Tunggal,myBas,Opp Mamee Ayer Keroh,Opp Mamee Ayer Keroh Bus Stop,2.24696,102.29249,11:13:00,,,
Melaka Sentral - Tampin via Alor Gajah Durian Tunggal,myBas,Opp SMS Muzaffar Shah,Opp SMS Muzaffar Shah Bus Stop,2.24359,102.2909,11:14:00,,,
Melaka Sentral - Tampin via Alor Gajah Durian Tunggal,myBas,Opp Makmal Perubatan Pantai,Opp Makmal Perubatan Pantai Bus Stop,2.23833,102.28887,11:15:00,,,
Melaka Sentral - Tampin via Alor Gajah Durian Tunggal,myBas,Opp Pantai Hospital Melaka,Opp Pantai Hospital Melaka Bus Stop,2.23707,102.2876,11:17:00,,,
Melaka Sentral - Tampin via Alor Gajah Durian Tunggal,myBas,Opp Kompleks Mahkamah Melaka,Opp Kompleks Mahkamah Melaka Bus Stop,2.23489,102.28528,11:19:00,,,
Melaka Sentral - Tampin via Alor Gajah Durian Tunggal,myBas,Opp Aeon Ayer Keroh,Opp Aeon Ayer Keroh Bus Stop,2.23288,102.28268,11:21:00,,,
Melaka Sentral - Tampin via Alor Gajah Durian Tunggal,myBas,Opp Taman Sentosa Melaka,Opp Taman Sentosa Melaka Bus Stop,2.23034,102.27566,11:23:00,,,
Melaka Sentral - Tampin via Alor Gajah Durian Tunggal,myBas,Opp International College Of Yayasan Mel,Opp International College Of Yayasan Mel Bus Stop,2.22695,102.26674,11:25:00,,,
Melaka Sentral - Tampin via Alor Gajah Durian Tunggal,myBas,Kampung Batu Hampar,Kampung Batu Hampar Bus Stop,2.22557,102.26375,11:27:00,,,
Melaka Sentral - Tampin via Alor Gajah Durian Tunggal,myBas,Hospital Melaka,Hospital Melaka Bus Stop,2.21716,102.2603,11:29:00,,,
Terminal Alor Gajah Sentral - Melaka Sentral - Durian Tunggal,myBas,Terminal Alor Gajah Sentral,Terminal Alor Gajah Sentral Bus Stop,2.38215,102.21151,06:00:00,,,
Terminal Alor Gajah Sentral - Melaka Sentral - Durian Tunggal,myBas,Opp Taman Seri Bayu,Opp Taman Seri Bayu Bus Stop,2.38336,102.21259,06:01:00,,,
Terminal Alor Gajah Sentral - Melaka Sentral - Durian Tunggal,myBas,Pusat Perniagaan Jelatang,Pusat Perniagaan Jelatang Bus Stop,2.38349,102.21591,06:02:00,,,
Terminal Alor Gajah Sentral - Melaka Sentral - Durian Tunggal,myBas,Opp Pejabat Perikanan Daerah Alor Gajah,Opp Pejabat Perikanan Daerah Alor Gajah Bus Stop,2.38043,102.21848,06:03:00,,,
Terminal Alor Gajah Sentral - Melaka Sentral - Durian Tunggal,myBas,Kuil Sri Sithi Vinayagar Sri Bala Subram,Kuil Sri Sithi Vinayagar Sri Bala Subram Bus Stop,2.37676,102.22192,06:04:00,,,
Terminal Alor Gajah Sentral - Melaka Sentral - Durian Tunggal,myBas,Rumah Awam Seri Pengkalan,Rumah Awam Seri Pengkalan Bus Stop,2.3728,102.22186,06:05:00,,,
Terminal Alor Gajah Sentral - Melaka Sentral - Durian Tunggal,myBas,Taman Melaka Pindah,Taman Melaka Pindah Bus Stop,2.36828,102.22256,06:06:00,,,
Terminal Alor Gajah Sentral - Melaka Sentral - Durian Tunggal,myBas,Kampung Balai,Kampung Balai Bus Stop,2.36585,102.22358,06:07:00,,,
Terminal Alor Gajah Sentral - Melaka Sentral - Durian Tunggal,myBas,Simpang Jalan Ujong Padang 2,Simpang Jalan Ujong Padang 2 Bus Stop,2.36222,102.22706,06:08:00,,,
Terminal Alor Gajah Sentral - Melaka Sentral - Durian Tunggal,myBas,Masjid Ubaidah Melaka,Masjid Ubaidah Melaka Bus Stop,2.36171,102.22828,06:09:00,,,
Terminal Alor Gajah Sentral - Melaka Sentral - Durian Tunggal,myBas,SK Melaka Pindah,SK Melaka Pindah Bus Stop,2.35936,102.22999,06:10:00,,,
Terminal Alor Gajah Sentral - Melaka Sentral - Durian Tunggal,myBas,Klinik Desa Melaka Pindah,Klinik Desa Melaka Pindah Bus Stop,2.35799,102.22994,06:11:00,,,
Terminal Alor Gajah Sentral - Melaka Sentral - Durian Tunggal,myBas,Simpang Jalan Wajib,Simpang Jalan Wajib Bus Stop,2.3507,102.24458,06:12:00,,,
Terminal Alor Gajah Sentral - Melaka Sentral - Durian Tunggal,myBas,Simpang Jalan Makmur,Simpang Jalan Makmur Bus Stop,2.35013,102.24675,06:13:00,,,
Terminal Alor Gajah Sentral - Melaka Sentral - Durian Tunggal,myBas,Kampung Pachor,Kampung Pachor Bus Stop,2.34989,102.24845,06:14:00,,,
Terminal Alor Gajah Sentral - Melaka Sentral - Durian Tunggal,myBas,Taman Sri Tuah,Taman Sri Tuah Bus Stop,2.34631,102.25142,06:15:00,,,
Terminal Alor Gajah Sentral - Melaka Sentral - Durian Tunggal,myBas,Jalan Imam Abu,Jalan Imam Abu Bus Stop,2.34441,102.2526,06:16:00,,,
Terminal Alor Gajah Sentral - Melaka Sentral - Durian Tunggal,myBas,Pekan Pantai Belimbing,Pekan Pantai Belimbing Bus Stop,2.34336,102.25632,06:17:00,,,
Terminal Alor Gajah Sentral - Melaka Sentral - Durian Tunggal,myBas,Masjid Ar Rahman,Masjid Ar Rahman Bus Stop,2.3432,102.25768,06:18:00,,,
Terminal Alor Gajah Sentral - Melaka Sentral - Durian Tunggal,myBas,Kampung Beringin,Kampung Beringin Bus Stop,2.34109,102.25962,06:19:00,,,
Terminal Alor Gajah Sentral - Melaka Sentral - Durian Tunggal,myBas,Kampung Parit Melaka,Kampung Parit Melaka Bus Stop,2.34113,102.26268,06:20:00,,,
Terminal Alor Gajah Sentral - Melaka Sentral - Durian Tunggal,myBas,Kampung Harmony Belimbing Dalam 3,Kampung Harmony Belimbing Dalam 3 Bus Stop,2.33778,102.26263,06:21:00,,,
Terminal Alor Gajah Sentral - Melaka Sentral - Durian Tunggal,myBas,Kampung Harmony Belimbing Dalam 2,Kampung Harmony Belimbing Dalam 2 Bus Stop,2.33606,102.26261,06:22:00,,,
Terminal Alor Gajah Sentral - Melaka Sentral - Durian Tunggal,myBas,Kampung Harmony Belimbing Dalam 1,Kampung Harmony Belimbing Dalam 1 Bus Stop,2.33477,102.26256,06:23:00,,,
Terminal Alor Gajah Sentral - Melaka Sentral - Durian Tunggal,myBas,Jalan Bunga Kesuang,Jalan Bunga Kesuang Bus Stop,2.33381,102.26254,06:24:00,,,
Terminal Alor Gajah Sentral - Melaka Sentral - Durian Tunggal,myBas,Kampung Bunga Mawar,Kampung Bunga Mawar Bus Stop,2.33045,102.26208,06:25:00,,,
Terminal Alor Gajah Sentral - Melaka Sentral - Durian Tunggal,myBas,Jalan Bunga Anggerik,Jalan Bunga Anggerik Bus Stop,2.32697,102.2605,06:26:00,,,
Terminal Alor Gajah Sentral - Melaka Sentral - Durian Tunggal,myBas,Taman Belimbing Indah,Taman Belimbing Indah Bus Stop,2.32509,102.25965,06:27:00,,,
Terminal Alor Gajah Sentral - Melaka Sentral - Durian Tunggal,myBas,SK Belimbing Dalam,SK Belimbing Dalam Bus Stop,2.31967,102.25917,06:28:00,,,
Terminal Alor Gajah Sentral - Melaka Sentral - Durian Tunggal,myBas,Klinik Desa Belimbing,Klinik Desa Belimbing Bus Stop,2.31838,102.2592,06:29:00,,,
Terminal Alor Gajah Sentral - Melaka Sentral - Durian Tunggal,myBas,Simpang Jalan Bunga Ros,Simpang Jalan Bunga Ros Bus Stop,2.31534,102.25958,06:30:00,,,
Terminal Alor Gajah Sentral - Melaka Sentral - Durian Tunggal,myBas,Kampung Bunga Kertas,Kampung Bunga Kertas Bus Stop,2.31221,102.26057,06:31:00,,,
Terminal Alor Gajah Sentral - Melaka Sentral - Durian Tunggal,myBas,Kampung Harmoni,Kampung Harmoni Bus Stop,2.31033,102.26378,06:32:00,,,
Terminal Alor Gajah Sentral - Melaka Sentral - Durian Tunggal,myBas,Tadika Jaim Kampung Pulau,Tadika Jaim Kampung Pulau Bus Stop,2.31089,102.26693,06:33:00,,,
Terminal Alor Gajah Sentral - Melaka Sentral - Durian Tunggal,myBas,Kampung Tengah Durian Tunggal,Kampung Tengah Durian Tunggal Bus Stop,2.31152,102.27007,06:34:00,,,
Terminal Alor Gajah Sentral - Melaka Sentral - Durian Tunggal,myBas,Jalan Pulau Melaka,Jalan Pulau Melaka Bus Stop,2.31215,102.27268,06:35:00,,,
Terminal Alor Gajah Sentral - Melaka Sentral - Durian Tunggal,myBas,Kampung Pulau ,Kampung Pulau  Bus Stop,2.31344,102.27556,06:36:00,,,
Terminal Alor Gajah Sentral - Melaka Sentral - Durian Tunggal,myBas,Taman Cempaka 3,Taman Cempaka 3 Bus Stop,2.31428,102.27752,06:37:00,,,
Terminal Alor Gajah Sentral - Melaka Sentral - Durian Tunggal,myBas,Taman Cempaka 2,Taman Cempaka 2 Bus Stop,2.31446,102.2805,06:38:00,,,
Terminal Alor Gajah Sentral - Melaka Sentral - Durian Tunggal,myBas,Pekan Durian Tunggal,Pekan Durian Tunggal Bus Stop,2.31326,102.28226,06:39:00,,,
Terminal Alor Gajah Sentral - Melaka Sentral - Durian Tunggal,myBas,Medan Selera Durian Tunggal,Medan Selera Durian Tunggal Bus Stop,2.312,102.28298,06:40:00,,,
Terminal Alor Gajah Sentral - Melaka Sentral - Durian Tunggal,myBas,Balai Polis Durian Tunggal,Balai Polis Durian Tunggal Bus Stop,2.31213,102.28374,06:41:00,,,
Terminal Alor Gajah Sentral - Melaka Sentral - Durian Tunggal,myBas,Poliklinik Durian Tunggal,Poliklinik Durian Tunggal Bus Stop,2.3124,102.28494,06:42:00,,,
Terminal Alor Gajah Sentral - Melaka Sentral - Durian Tunggal,myBas,Madrasah Nahdatul Hasanah,Madrasah Nahdatul Hasanah Bus Stop,2.31353,102.29047,06:43:00,,,
Terminal Alor Gajah Sentral - Melaka Sentral - Durian Tunggal,myBas,Taman Kenari Jaya,Taman Kenari Jaya Bus Stop,2.31301,102.29183,06:44:00,,,
Terminal Alor Gajah Sentral - Melaka Sentral - Durian Tunggal,myBas,Jalan Durian Tunggal,Jalan Durian Tunggal Bus Stop,2.31005,102.29846,06:45:00,,,
Terminal Alor Gajah Sentral - Melaka Sentral - Durian Tunggal,myBas,Serama Camps & Resort,Serama Camps & Resort Bus Stop,2.30879,102.30018,06:46:00,,,
Terminal Alor Gajah Sentral - Melaka Sentral - Durian Tunggal,myBas,Taman Cempaka Heights,Taman Cempaka Heights Bus Stop,2.30367,102.30233,06:47:00,,,
Terminal Alor Gajah Sentral - Melaka Sentral - Durian Tunggal,myBas,Opp Pintu Gerbang Melaka,Opp Pintu Gerbang Melaka Bus Stop,2.28765,102.30433,06:48:00,,,
Terminal Alor Gajah Sentral - Melaka Sentral - Durian Tunggal,myBas,Mini Malaysia,Mini Malaysia Bus Stop,2.28355,102.30352,06:49:00,,,
Terminal Alor Gajah Sentral - Melaka Sentral - Durian Tunggal,myBas,Opp Galeri Lebah Melaka,Opp Galeri Lebah Melaka Bus Stop,2.27923,102.3003,06:50:00,,,
Terminal Alor Gajah Sentral - Melaka Sentral - Durian Tunggal,myBas,Zoo Melaka,Zoo Melaka Bus Stop,2.27595,102.29807,06:51:00,,,
Terminal Alor Gajah Sentral - Melaka Sentral - Durian Tunggal,myBas,Opp Mydin Ayer Keroh,Opp Mydin Ayer Keroh Bus Stop,2.26837,102.29307,06:52:00,,,
Terminal Alor Gajah Sentral - Melaka Sentral - Durian Tunggal,myBas,Opp Dewan Kasturi Ayer Keroh,Opp Dewan Kasturi Ayer Keroh Bus Stop,2.25933,102.29185,06:53:00,,,
Terminal Alor Gajah Sentral - Melaka Sentral - Durian Tunggal,myBas,Ampang Steel,Ampang Steel Bus Stop,2.25755,102.29181,06:54:00,,,
Terminal Alor Gajah Sentral - Melaka Sentral - Durian Tunggal,myBas,Opp Ayer Keroh Heights,Opp Ayer Keroh Heights Bus Stop,2.25476,102.29179,06:55:00,,,
Terminal Alor Gajah Sentral - Melaka Sentral - Durian Tunggal,myBas,Opp Rumah Pangsa Murni,Opp Rumah Pangsa Murni Bus Stop,2.25103,102.29176,06:56:00,,,
Terminal Alor Gajah Sentral - Melaka Sentral - Durian Tunggal,myBas,Opp Mamee Ayer Keroh,Opp Mamee Ayer Keroh Bus Stop,2.24696,102.29249,06:57:00,,,
Terminal Alor Gajah Sentral - Melaka Sentral - Durian Tunggal,myBas,Opp SMS Muzaffar Shah,Opp SMS Muzaffar Shah Bus Stop,2.24359,102.2909,06:58:00,,,
Terminal Alor Gajah Sentral - Melaka Sentral - Durian Tunggal,myBas,Opp Makmal Perubatan Pantai,Opp Makmal Perubatan Pantai Bus Stop,2.23833,102.28887,06:59:00,,,
Terminal Alor Gajah Sentral - Melaka Sentral - Durian Tunggal,myBas,Opp Pantai Hospital Melaka,Opp Pantai Hospital Melaka Bus Stop,2.23707,102.2876,07:01:00,,,
Terminal Alor Gajah Sentral - Melaka Sentral - Durian Tunggal,myBas,Opp Kompleks Mahkamah Melaka,Opp Kompleks Mahkamah Melaka Bus Stop,2.23489,102.28528,07:03:00,,,
Terminal Alor Gajah Sentral - Melaka Sentral - Durian Tunggal,myBas,Opp Aeon Ayer Keroh,Opp Aeon Ayer Keroh Bus Stop,2.23288,102.28268,07:05:00,,,
Terminal Alor Gajah Sentral - Melaka Sentral - Durian Tunggal,myBas,Opp Taman Sentosa Melaka,Opp Taman Sentosa Melaka Bus Stop,2.23034,102.27566,07:07:00,,,
Terminal Alor Gajah Sentral - Melaka Sentral - Durian Tunggal,myBas,Opp International College Of Yayasan Mel,Opp International College Of Yayasan Mel Bus Stop,2.22695,102.26674,07:09:00,,,
Terminal Alor Gajah Sentral - Melaka Sentral - Durian Tunggal,myBas,Kampung Batu Hampar,Kampung Batu Hampar Bus Stop,2.22557,102.26375,07:11:00,,,
Terminal Alor Gajah Sentral - Melaka Sentral - Durian Tunggal,myBas,Hospital Melaka,Hospital Melaka Bus Stop,2.21716,102.2603,07:13:00,,,
Terminal Alor Gajah Sentral - Melaka Sentral - Durian Tunggal,myBas,Melaka Sentral,Melaka Sentral Bus Stop,2.22045,102.2507,07:15:00,,,
Melaka Sentral - Bandar Vendor / UniKL,myBas,Melaka Sentral,Melaka Sentral Bus Stop,2.22045,102.2507,09:30:00,,,
Melaka Sentral - Bandar Vendor / UniKL,myBas,Opp Lotus Melaka,Opp Lotus Melaka Bus Stop,2.21665,102.2481,09:32:00,,,
Melaka Sentral - Bandar Vendor / UniKL,myBas,Opp Aeon Bandaraya Melaka,Opp Aeon Bandaraya Melaka Bus Stop,2.21463,102.24812,09:34:00,,,
Melaka Sentral - Bandar Vendor / UniKL,myBas,Medan Selera Tun Ali,Medan Selera Tun Ali Bus Stop,2.20546,102.2478,09:36:00,,,
Melaka Sentral - Bandar Vendor / UniKL,myBas,Plaza Hang Tuah 2,Plaza Hang Tuah 2 Bus Stop,2.20299,102.24803,09:38:00,,,
Melaka Sentral - Bandar Vendor / UniKL,myBas,Wisma Air,Wisma Air Bus Stop,2.20419,102.24617,09:40:00,,,
Melaka Sentral - Bandar Vendor / UniKL,myBas,Kampung Lapang Bachang,Kampung Lapang Bachang Bus Stop,2.21433,102.24029,09:42:00,,,
Melaka Sentral - Bandar Vendor / UniKL,myBas,Smjk Tinggi Cina Melaka,Smjk Tinggi Cina Melaka Bus Stop,2.22082,102.23679,09:44:00,,,
Melaka Sentral - Bandar Vendor / UniKL,myBas,Opp Taman Malim Indah,Opp Taman Malim Indah Bus Stop,2.22399,102.23257,09:46:00,,,
Melaka Sentral - Bandar Vendor / UniKL,myBas,Opp Balai Panjang,Opp Balai Panjang Bus Stop,2.22651,102.2303,09:48:00,,,
Melaka Sentral - Bandar Vendor / UniKL,myBas,Taman Balai Panjang,Taman Balai Panjang Bus Stop,2.23507,102.22437,09:50:00,,,
Melaka Sentral - Bandar Vendor / UniKL,myBas,Opp SJK (C) Malim Melaka,Opp SJK (C) Malim Melaka Bus Stop,2.23869,102.22447,09:52:00,,,
Melaka Sentral - Bandar Vendor / UniKL,myBas,Rumah Awam Bertam Malim,Rumah Awam Bertam Malim Bus Stop,2.24355,102.22322,09:54:00,,,
Melaka Sentral - Bandar Vendor / UniKL,myBas,Taman Bertam Malim,Taman Bertam Malim Bus Stop,2.24796,102.22297,09:56:00,,,
Melaka Sentral - Bandar Vendor / UniKL,myBas,Opp SK Malim,Opp SK Malim Bus Stop,2.25055,102.22284,09:58:00,,,
Melaka Sentral - Bandar Vendor / UniKL,myBas,Opp SMK Malim,Opp SMK Malim Bus Stop,2.25227,102.2227,10:00:00,,,
Melaka Sentral - Bandar Vendor / UniKL,myBas,Opp Taman Cheng Utama,Opp Taman Cheng Utama Bus Stop,2.25715,102.22203,10:02:00,,,
Melaka Sentral - Bandar Vendor / UniKL,myBas,Kampung Cheng,Kampung Cheng Bus Stop,2.26316,102.21941,10:04:00,,,
Melaka Sentral - Bandar Vendor / UniKL,myBas,Taman Cheng Permai,Taman Cheng Permai Bus Stop,2.26645,102.21766,10:06:00,,,
Melaka Sentral - Bandar Vendor / UniKL,myBas,Gerai MBMB Taman Cheng Baru,Gerai MBMB Taman Cheng Baru Bus Stop,2.269,102.21707,10:08:00,,,
Melaka Sentral - Bandar Vendor / UniKL,myBas,Opp Taman Cheng Perdana,Opp Taman Cheng Perdana Bus Stop,2.27073,102.21665,10:10:00,,,
Melaka Sentral - Bandar Vendor / UniKL,myBas,Rumah Seri Kenangan Taman Cheng,Rumah Seri Kenangan Taman Cheng Bus Stop,2.27446,102.21578,10:12:00,,,
Melaka Sentral - Bandar Vendor / UniKL,myBas,Balai Raya Kampung Cheng,Balai Raya Kampung Cheng Bus Stop,2.27836,102.21496,10:14:00,,,
Melaka Sentral - Bandar Vendor / UniKL,myBas,Opp Taman Paya Rumput Bistari,Opp Taman Paya Rumput Bistari Bus Stop,2.28459,102.21439,10:16:00,,,
Melaka Sentral - Bandar Vendor / UniKL,myBas,Rumah Panjang Paya Rumput,Rumah Panjang Paya Rumput Bus Stop,2.28741,102.21357,10:18:00,,,
Melaka Sentral - Bandar Vendor / UniKL,myBas,Opp Taman Seri Paya Rumput,Opp Taman Seri Paya Rumput Bus Stop,2.28992,102.213,10:20:00,,,
Melaka Sentral - Bandar Vendor / UniKL,myBas,Opp Rumah Awam Paya Rumput,Opp Rumah Awam Paya Rumput Bus Stop,2.29417,102.21485,10:22:00,,,
Melaka Sentral - Bandar Vendor / UniKL,myBas,Opp Taman Paya Rumput Indah,Opp Taman Paya Rumput Indah Bus Stop,2.29954,102.21624,10:24:00,,,
Melaka Sentral - Bandar Vendor / UniKL,myBas,Paya Rumput,Paya Rumput Bus Stop,2.30541,102.21417,10:26:00,,,
Melaka Sentral - Bandar Vendor / UniKL,myBas,Taman Permai,Taman Permai Bus Stop,2.31058,102.21739,10:28:00,,,
Melaka Sentral - Bandar Vendor / UniKL,myBas,SK Rumbia,SK Rumbia Bus Stop,2.3173,102.21666,10:30:00,,,
Melaka Sentral - Bandar Vendor / UniKL,myBas,Opp Taman Rembia Perkasa,Opp Taman Rembia Perkasa Bus Stop,2.32254,102.21346,10:32:00,,,
Melaka Sentral - Bandar Vendor / UniKL,myBas,Taman Rembia Cemerlang,Taman Rembia Cemerlang Bus Stop,2.32577,102.21005,10:34:00,,,
Melaka Sentral - Bandar Vendor / UniKL,myBas,Taman Rembia Jaya,Taman Rembia Jaya Bus Stop,2.32769,102.20885,10:36:00,,,
Melaka Sentral - Bandar Vendor / UniKL,myBas,Taman Bukit Rumbia,Taman Bukit Rumbia Bus Stop,2.33298,102.20945,10:37:00,,,
Melaka Sentral - Bandar Vendor / UniKL,myBas,Taman Sungai Petai Bahagia,Taman Sungai Petai Bahagia Bus Stop,2.33785,102.20942,10:38:00,,,
Melaka Sentral - Bandar Vendor / UniKL,myBas,Opp Rumah Awam Sungai Petai,Opp Rumah Awam Sungai Petai Bus Stop,2.34649,102.20505,10:39:00,,,
Melaka Sentral - Bandar Vendor / UniKL,myBas,Gajah Mati Sungai Petai,Gajah Mati Sungai Petai Bus Stop,2.35233,102.20654,10:40:00,,,
Melaka Sentral - Bandar Vendor / UniKL,myBas,Sk Sungai Petai,Sk Sungai Petai Bus Stop,2.35463,102.20886,10:41:00,,,
Melaka Sentral - Bandar Vendor / UniKL,myBas,Taman Perindustrian Kelemak,Taman Perindustrian Kelemak Bus Stop,2.36387,102.20867,10:42:00,,,
Melaka Sentral - Bandar Vendor / UniKL,myBas,Taman Sri Kelemak,Taman Sri Kelemak Bus Stop,2.36632,102.20747,10:43:00,,,
Melaka Sentral - Bandar Vendor / UniKL,myBas,Balai Raya Jkkk Kelemak Jaya,Balai Raya Jkkk Kelemak Jaya Bus Stop,2.37163,102.20638,10:44:00,,,
Melaka Sentral - Bandar Vendor / UniKL,myBas,SMK Dato Dol Said,SMK Dato Dol Said Bus Stop,2.37416,102.20784,10:45:00,,,
Melaka Sentral - Bandar Vendor / UniKL,myBas,Kampung Kelemak,Kampung Kelemak Bus Stop,2.37681,102.20923,10:46:00,,,
Melaka Sentral - Bandar Vendor / UniKL,myBas,Terminal Alor Gajah Sentral,Terminal Alor Gajah Sentral Bus Stop,2.38215,102.21151,10:47:00,,,
Melaka Sentral - Bandar Vendor / UniKL,myBas,Taman Ind. Kecik & Sederhana Paya Datok,Taman Ind. Kecik & Sederhana Paya Datok Bus Stop,2.3908,102.20604,10:48:00,,,
Melaka Sentral - Bandar Vendor / UniKL,myBas,Hospital Alor Gajah,Hospital Alor Gajah Bus Stop,2.39603,102.20174,10:49:00,,,
Melaka Sentral - Bandar Vendor / UniKL,myBas,Hospital Alor Gajah Luar,Hospital Alor Gajah Luar Bus Stop,2.39572,102.20349,10:50:00,,,
Melaka Sentral - Bandar Vendor / UniKL,myBas,Kampung Paya Datok,Kampung Paya Datok Bus Stop,2.39878,102.20319,10:51:00,,,
Melaka Sentral - Bandar Vendor / UniKL,myBas,Masjid Al-Jauhari,Masjid Al-Jauhari Bus Stop,2.40268,102.19975,10:52:00,,,
Melaka Sentral - Bandar Vendor / UniKL,myBas,Balai Raya JPKK Kampung Paya Datok,Balai Raya JPKK Kampung Paya Datok Bus Stop,2.40476,102.19786,10:53:00,,,
Melaka Sentral - Bandar Vendor / UniKL,myBas,Opp Surau Kampung Solok Sinda Paya Datok,Opp Surau Kampung Solok Sinda Paya Datok Bus Stop,2.41043,102.19513,10:54:00,,,
Melaka Sentral - Bandar Vendor / UniKL,myBas,Taman Sri Melekek,Taman Sri Melekek Bus Stop,2.41302,102.19442,10:55:00,,,
Melaka Sentral - Bandar Vendor / UniKL,myBas,Opp SMK Naning,Opp SMK Naning Bus Stop,2.42522,102.19164,10:56:00,,,
Melaka Sentral - Bandar Vendor / UniKL,myBas,Klinik Desa Melekek,Klinik Desa Melekek Bus Stop,2.43026,102.187,10:57:00,,,
Melaka Sentral - Bandar Vendor / UniKL,myBas,Opp Muzium Warisan Naning Melaka,Opp Muzium Warisan Naning Melaka Bus Stop,2.43571,102.1846,10:58:00,,,
Melaka Sentral - Bandar Vendor / UniKL,myBas,Kedai Makan Che Som 3 Beradik,Kedai Makan Che Som 3 Beradik Bus Stop,2.44622,102.18242,10:59:00,,,
Melaka Sentral - Bandar Vendor / UniKL,myBas,Sultan Salai,Sultan Salai Bus Stop,2.44922,102.18173,11:00:00,,,
Melaka Sentral - Bandar Vendor / UniKL,myBas,Tanah Perkuburan Islam Taboh Naning,Tanah Perkuburan Islam Taboh Naning Bus Stop,2.45311,102.18108,11:01:00,,,
Melaka Sentral - Bandar Vendor / UniKL,myBas,Warong Asam Pedas P. Ramli,Warong Asam Pedas P. Ramli Bus Stop,2.45547,102.1803,11:02:00,,,
Melaka Sentral - Bandar Vendor / UniKL,myBas,Rumah Asam Pedas Melaka,Rumah Asam Pedas Melaka Bus Stop,2.45791,102.17955,11:03:00,,,
Melaka Sentral - Bandar Vendor / UniKL,myBas,Dusun Acik Apau,Dusun Acik Apau Bus Stop,2.46149,102.17862,11:04:00,,,
Melaka Sentral - Bandar Vendor / UniKL,myBas,UniKL Melaka,UniKL Melaka Bus Stop,2.45684,102.17099,11:05:00,,,
Melaka Sentral - Bandar Vendor / UniKL,myBas,ADTEC Melaka,ADTEC Melaka Bus Stop,2.45652,102.16932,11:06:00,,,
Melaka Sentral - Bandar Vendor / UniKL,myBas,Muzium Warisan Naning Melaka,Muzium Warisan Naning Melaka Bus Stop,2.43573,102.18471,07:38:00,,,
Melaka Sentral - Bandar Vendor / UniKL,myBas,Opp Klinik Desa Melekek,Opp Klinik Desa Melekek Bus Stop,2.43035,102.18711,07:39:00,,,
Melaka Sentral - Bandar Vendor / UniKL,myBas,SMK Naning,SMK Naning Bus Stop,2.42528,102.19174,07:40:00,,,
Melaka Sentral - Bandar Vendor / UniKL,myBas,Opp Taman Sri Melekek,Opp Taman Sri Melekek Bus Stop,2.41305,102.19455,07:41:00,,,
Melaka Sentral - Bandar Vendor / UniKL,myBas,Surau Kampung Solok Sinda Paya Datok,Surau Kampung Solok Sinda Paya Datok Bus Stop,2.41039,102.19525,07:42:00,,,
Melaka Sentral - Bandar Vendor / UniKL,myBas,Opp Balai Raya JPKK Kampung Paya Datok,Opp Balai Raya JPKK Kampung Paya Datok Bus Stop,2.4048,102.19798,07:43:00,,,
Melaka Sentral - Bandar Vendor / UniKL,myBas,Opp Masjid Al-Jauhari,Opp Masjid Al-Jauhari Bus Stop,2.40287,102.19974,07:44:00,,,
Melaka Sentral - Bandar Vendor / UniKL,myBas,Opp Hospital Alor Gajah Luar,Opp Hospital Alor Gajah Luar Bus Stop,2.39574,102.20358,07:46:00,,,
Melaka Sentral - Bandar Vendor / UniKL,myBas,Opp Sk Sungai Petai,Opp Sk Sungai Petai Bus Stop,2.35462,102.20904,07:55:00,,,
Melaka Sentral - Bandar Vendor / UniKL,myBas,Opp Gajah Mati Sungai Petai,Opp Gajah Mati Sungai Petai Bus Stop,2.35211,102.20654,07:56:00,,,
Melaka Sentral - Bandar Vendor / UniKL,myBas,Rumah Awam Sungai Petai,Rumah Awam Sungai Petai Bus Stop,2.34644,102.20519,07:57:00,,,
Melaka Sentral - Bandar Vendor / UniKL,myBas,Opp Taman Sungai Petai Bahagia,Opp Taman Sungai Petai Bahagia Bus Stop,2.338,102.20956,07:58:00,,,
Melaka Sentral - Bandar Vendor / UniKL,myBas,Opp Taman Bukit Rumbia,Opp Taman Bukit Rumbia Bus Stop,2.33361,102.20953,07:59:00,,,
Melaka Sentral - Bandar Vendor / UniKL,myBas,Opp Taman Rembia Jaya,Opp Taman Rembia Jaya Bus Stop,2.32768,102.20902,08:00:00,,,
Melaka Sentral - Bandar Vendor / UniKL,myBas,Opp Taman Rembia Cemerlang,Opp Taman Rembia Cemerlang Bus Stop,2.32583,102.21019,08:02:00,,,
Melaka Sentral - Bandar Vendor / UniKL,myBas,Taman Rembia Perkasa,Taman Rembia Perkasa Bus Stop,2.32264,102.21366,08:04:00,,,
Melaka Sentral - Bandar Vendor / UniKL,myBas,Opp SK Rumbia,Opp SK Rumbia Bus Stop,2.31744,102.21679,08:06:00,,,
Melaka Sentral - Bandar Vendor / UniKL,myBas,Opp Taman Permai,Opp Taman Permai Bus Stop,2.31064,102.21752,08:08:00,,,
Melaka Sentral - Bandar Vendor / UniKL,myBas,Opp Paya Rumput,Opp Paya Rumput Bus Stop,2.30526,102.21431,08:10:00,,,
Melaka Sentral - Bandar Vendor / UniKL,myBas,Taman Paya Rumput Indah,Taman Paya Rumput Indah Bus Stop,2.29962,102.21635,08:12:00,,,
Melaka Sentral - Bandar Vendor / UniKL,myBas,Rumah Awam Paya Rumput,Rumah Awam Paya Rumput Bus Stop,2.29404,102.21489,08:14:00,,,
Melaka Sentral - Bandar Vendor / UniKL,myBas,Taman Seri Paya Rumput,Taman Seri Paya Rumput Bus Stop,2.28991,102.21311,08:16:00,,,
Melaka Sentral - Bandar Vendor / UniKL,myBas,Opp Rumah Panjang Paya Rumput,Opp Rumah Panjang Paya Rumput Bus Stop,2.28743,102.21367,08:18:00,,,
Melaka Sentral - Bandar Vendor / UniKL,myBas,Taman Paya Rumput Bistari,Taman Paya Rumput Bistari Bus Stop,2.28457,102.21451,08:20:00,,,
Melaka Sentral - Bandar Vendor / UniKL,myBas,Opp Balai Raya Kampung Cheng,Opp Balai Raya Kampung Cheng Bus Stop,2.27831,102.21506,08:22:00,,,
Melaka Sentral - Bandar Vendor / UniKL,myBas,Opp Rumah Seri Kenangan Taman Cheng,Opp Rumah Seri Kenangan Taman Cheng Bus Stop,2.27443,102.21588,08:24:00,,,
Melaka Sentral - Bandar Vendor / UniKL,myBas,Taman Cheng Perdana,Taman Cheng Perdana Bus Stop,2.27081,102.21673,08:26:00,,,
Melaka Sentral - Bandar Vendor / UniKL,myBas,Opp Gerai MBMB Taman Cheng Baru,Opp Gerai MBMB Taman Cheng Baru Bus Stop,2.26905,102.21716,08:28:00,,,
Melaka Sentral - Bandar Vendor / UniKL,myBas,Opp Taman Cheng Permai,Opp Taman Cheng Permai Bus Stop,2.26682,102.2177,08:30:00,,,
Melaka Sentral - Bandar Vendor / UniKL,myBas,Opp Kampung Cheng,Opp Kampung Cheng Bus Stop,2.26313,102.21955,08:32:00,,,
Melaka Sentral - Bandar Vendor / UniKL,myBas,Taman Cheng Utama,Taman Cheng Utama Bus Stop,2.25723,102.22213,08:34:00,,,
Melaka Sentral - Bandar Vendor / UniKL,myBas,SMK Malim,SMK Malim Bus Stop,2.25219,102.22283,08:36:00,,,
Melaka Sentral - Bandar Vendor / UniKL,myBas,SK Malim,SK Malim Bus Stop,2.25058,102.2229,08:38:00,,,
Melaka Sentral - Bandar Vendor / UniKL,myBas,Opp Taman Bertam Malim,Opp Taman Bertam Malim Bus Stop,2.24791,102.22307,08:40:00,,,
Melaka Sentral - Bandar Vendor / UniKL,myBas,Opp Rumah Awam Bertam Malim,Opp Rumah Awam Bertam Malim Bus Stop,2.24356,102.22334,08:42:00,,,
Melaka Sentral - Bandar Vendor / UniKL,myBas,SJK (C) Malim Melaka,SJK (C) Malim Melaka Bus Stop,2.23872,102.22456,08:44:00,,,
Melaka Sentral - Bandar Vendor / UniKL,myBas,Opp Taman Balai Panjang,Opp Taman Balai Panjang Bus Stop,2.23533,102.2244,08:46:00,,,
Melaka Sentral - Bandar Vendor / UniKL,myBas,Balai Panjang,Balai Panjang Bus Stop,2.22659,102.23037,08:48:00,,,
Melaka Sentral - Bandar Vendor / UniKL,myBas,Taman Malim Indah,Taman Malim Indah Bus Stop,2.22439,102.23227,08:50:00,,,
Melaka Sentral - Bandar Vendor / UniKL,myBas,Opp Smjk Tinggi Cina Melaka,Opp Smjk Tinggi Cina Melaka Bus Stop,2.22095,102.23674,08:52:00,,,
Melaka Sentral - Bandar Vendor / UniKL,myBas,Aeon Bandaraya Melaka,Aeon Bandaraya Melaka Bus Stop,2.21458,102.24802,08:56:00,,,
Melaka Sentral - Bandar Vendor / UniKL,myBas,Lotus Melaka,Lotus Melaka Bus Stop,2.21668,102.24798,08:58:00,,,
Melaka Sentral - Masjid Tanah / Pengkalan Balak,myBas,Melaka Sentral,Melaka Sentral Bus Stop,2.22045,102.2507,08:30:00,,,
Melaka Sentral - Masjid Tanah / Pengkalan Balak,myBas,Opp Lotus Melaka,Opp Lotus Melaka Bus Stop,2.21665,102.2481,08:31:00,,,
Melaka Sentral - Masjid Tanah / Pengkalan Balak,myBas,Opp Aeon Bandaraya Melaka,Opp Aeon Bandaraya Melaka Bus Stop,2.21463,102.24812,08:32:00,,,
Melaka Sentral - Masjid Tanah / Pengkalan Balak,myBas,Medan Selera Tun Ali,Medan Selera Tun Ali Bus Stop,2.20546,102.2478,08:33:00,,,
Melaka Sentral - Masjid Tanah / Pengkalan Balak,myBas,Plaza Hang Tuah 2,Plaza Hang Tuah 2 Bus Stop,2.20299,102.24803,08:34:00,,,
Melaka Sentral - Masjid Tanah / Pengkalan Balak,myBas,Wisma Air,Wisma Air Bus Stop,2.20419,102.24617,08:35:00,,,
Melaka Sentral - Masjid Tanah / Pengkalan Balak,myBas,SJK(T) Melaka (Kubu),SJK(T) Melaka (Kubu) Bus Stop,2.20378,102.24451,08:36:00,,,
Melaka Sentral - Masjid Tanah / Pengkalan Balak,myBas,Jalan Ong Kim Wee,Jalan Ong Kim Wee Bus Stop,2.20227,102.24353,08:37:00,,,
Melaka Sentral - Masjid Tanah / Pengkalan Balak,myBas,Balai Polis Tengkera,Balai Polis Tengkera Bus Stop,2.20066,102.23955,08:38:00,,,
Melaka Sentral - Masjid Tanah / Pengkalan Balak,myBas,Persatuan Badminton Melaka,Persatuan Badminton Melaka Bus Stop,2.2027,102.23574,08:39:00,,,
Melaka Sentral - Masjid Tanah / Pengkalan Balak,myBas,SMK (P) Methodist,SMK (P) Methodist Bus Stop,2.20346,102.23385,08:40:00,,,
Melaka Sentral - Masjid Tanah / Pengkalan Balak,myBas,Taman Siantan / Masjid Tengkera,Taman Siantan / Masjid Tengkera Bus Stop,2.20385,102.23201,08:41:00,,,
Melaka Sentral - Masjid Tanah / Pengkalan Balak,myBas,Kampong Sembilan,Kampong Sembilan Bus Stop,2.20448,102.22846,08:42:00,,,
Melaka Sentral - Masjid Tanah / Pengkalan Balak,myBas,SK Tengkera 1 & 2,SK Tengkera 1 & 2 Bus Stop,2.20443,102.2268,08:43:00,,,
Melaka Sentral - Masjid Tanah / Pengkalan Balak,myBas,Warung Hajjah Robiah,Warung Hajjah Robiah Bus Stop,2.20449,102.22526,08:44:00,,,
Melaka Sentral - Masjid Tanah / Pengkalan Balak,myBas,Kuih Keria Haji Jalil,Kuih Keria Haji Jalil Bus Stop,2.20463,102.22326,08:45:00,,,
Melaka Sentral - Masjid Tanah / Pengkalan Balak,myBas,Kuih Keria Hajah Rahmah,Kuih Keria Hajah Rahmah Bus Stop,2.20613,102.21908,08:46:00,,,
Melaka Sentral - Masjid Tanah / Pengkalan Balak,myBas,Oriental Melaka Straits Medical Centre,Oriental Melaka Straits Medical Centre Bus Stop,2.2095,102.21447,08:47:00,,,
Melaka Sentral - Masjid Tanah / Pengkalan Balak,myBas,Taman Melati,Taman Melati Bus Stop,2.21043,102.2129,08:48:00,,,
Melaka Sentral - Masjid Tanah / Pengkalan Balak,myBas,Lagenda Condo,Lagenda Condo Bus Stop,2.21201,102.21004,08:49:00,,,
Melaka Sentral - Masjid Tanah / Pengkalan Balak,myBas,Masjid Saad Ibni Abi Waqqas,Masjid Saad Ibni Abi Waqqas Bus Stop,2.21653,102.20421,08:50:00,,,
Melaka Sentral - Masjid Tanah / Pengkalan Balak,myBas,Taman Kenanga,Taman Kenanga Bus Stop,2.218,102.20077,08:51:00,,,
Melaka Sentral - Masjid Tanah / Pengkalan Balak,myBas,Taman Mayfair,Taman Mayfair Bus Stop,2.21808,102.19827,08:52:00,,,
Melaka Sentral - Masjid Tanah / Pengkalan Balak,myBas,Kampung Pesaran Balik Buluk Klebang,Kampung Pesaran Balik Buluk Klebang Bus Stop,2.21829,102.19603,08:53:00,,,
Melaka Sentral - Masjid Tanah / Pengkalan Balak,myBas,Pantai Klebang,Pantai Klebang Bus Stop,2.2195,102.19184,08:54:00,,,
Melaka Sentral - Masjid Tanah / Pengkalan Balak,myBas,Taman Muhibbah,Taman Muhibbah Bus Stop,2.21991,102.18982,08:55:00,,,
Melaka Sentral - Masjid Tanah / Pengkalan Balak,myBas,Opp Balai Polis Batang Tiga,Opp Balai Polis Batang Tiga Bus Stop,2.22027,102.18787,08:56:00,,,
Melaka Sentral - Masjid Tanah / Pengkalan Balak,myBas,Masjid Lama Batang Tiga,Masjid Lama Batang Tiga Bus Stop,2.22055,102.18603,08:57:00,,,
Melaka Sentral - Masjid Tanah / Pengkalan Balak,myBas,Marina Point,Marina Point Bus Stop,2.22102,102.18387,08:58:00,,,
Melaka Sentral - Masjid Tanah / Pengkalan Balak,myBas,Seri Bayan Condominium,Seri Bayan Condominium Bus Stop,2.22132,102.18227,08:59:00,,,
Melaka Sentral - Masjid Tanah / Pengkalan Balak,myBas,Taman Panjang Impian,Taman Panjang Impian Bus Stop,2.22157,102.18122,09:00:00,,,
Melaka Sentral - Masjid Tanah / Pengkalan Balak,myBas,Zill Golden Village,Zill Golden Village Bus Stop,2.22194,102.17926,09:01:00,,,
Melaka Sentral - Masjid Tanah / Pengkalan Balak,myBas,Sekolah Tunas Bakti / Ocean Palm Condo,Sekolah Tunas Bakti / Ocean Palm Condo Bus Stop,2.22216,102.1762,09:02:00,,,
Melaka Sentral - Masjid Tanah / Pengkalan Balak,myBas,SJK(C) Ek Te,SJK(C) Ek Te Bus Stop,2.22197,102.17404,09:03:00,,,
Melaka Sentral - Masjid Tanah / Pengkalan Balak,myBas,Taman Spring Garden,Taman Spring Garden Bus Stop,2.22181,102.17183,09:04:00,,,
Melaka Sentral - Masjid Tanah / Pengkalan Balak,myBas,SK Lereh,SK Lereh Bus Stop,2.22172,102.16958,09:05:00,,,
Melaka Sentral - Masjid Tanah / Pengkalan Balak,myBas,Kampung Tanjung Kling,Kampung Tanjung Kling Bus Stop,2.2217,102.16488,09:06:00,,,
Melaka Sentral - Masjid Tanah / Pengkalan Balak,myBas,Tanjung Kling,Tanjung Kling Bus Stop,2.2219,102.16347,09:07:00,,,
Melaka Sentral - Masjid Tanah / Pengkalan Balak,myBas,Pan Pacific Straptek,Pan Pacific Straptek Bus Stop,2.22321,102.16089,09:08:00,,,
Melaka Sentral - Masjid Tanah / Pengkalan Balak,myBas,Kampung Solok Biak,Kampung Solok Biak Bus Stop,2.22389,102.16008,09:09:00,,,
Melaka Sentral - Masjid Tanah / Pengkalan Balak,myBas,Taman Bukit Gedong 1,Taman Bukit Gedong 1 Bus Stop,2.22602,102.1588,09:10:00,,,
Melaka Sentral - Masjid Tanah / Pengkalan Balak,myBas,Taman Bukit Gedong 2,Taman Bukit Gedong 2 Bus Stop,2.22919,102.15835,09:11:00,,,
Melaka Sentral - Masjid Tanah / Pengkalan Balak,myBas,Kampung Bukit Darat,Kampung Bukit Darat Bus Stop,2.23191,102.15929,09:12:00,,,
Melaka Sentral - Masjid Tanah / Pengkalan Balak,myBas,SMK Kampung Gelam,SMK Kampung Gelam Bus Stop,2.23315,102.16004,09:13:00,,,
Melaka Sentral - Masjid Tanah / Pengkalan Balak,myBas,SK Kampung Gelam,SK Kampung Gelam Bus Stop,2.23759,102.16104,09:14:00,,,
Melaka Sentral - Masjid Tanah / Pengkalan Balak,myBas,Kampung Gelam,Kampung Gelam Bus Stop,2.2404,102.15966,09:15:00,,,
Melaka Sentral - Masjid Tanah / Pengkalan Balak,myBas,Klinik Kesihatan Seri Tanjung,Klinik Kesihatan Seri Tanjung Bus Stop,2.24303,102.15865,09:16:00,,,
Melaka Sentral - Masjid Tanah / Pengkalan Balak,myBas,Pusat Kegiatan Masyarakat Tangga Batu,Pusat Kegiatan Masyarakat Tangga Batu Bus Stop,2.24711,102.1579,09:17:00,,,
Melaka Sentral - Masjid Tanah / Pengkalan Balak,myBas,Balai Raya Tangga Batu,Balai Raya Tangga Batu Bus Stop,2.24931,102.15611,09:18:00,,,
Melaka Sentral - Masjid Tanah / Pengkalan Balak,myBas,Taman Tangga Batu 1,Taman Tangga Batu 1 Bus Stop,2.25307,102.15309,09:19:00,,,
Melaka Sentral - Masjid Tanah / Pengkalan Balak,myBas,Taman Tangga Batu 2,Taman Tangga Batu 2 Bus Stop,2.25346,102.15294,09:20:00,,,
Melaka Sentral - Masjid Tanah / Pengkalan Balak,myBas,Masjid Batu 10 Tangga Batu,Masjid Batu 10 Tangga Batu Bus Stop,2.25935,102.1525,09:21:00,,,
Melaka Sentral - Masjid Tanah / Pengkalan Balak,myBas,Kampung Paya Rumput Jaya,Kampung Paya Rumput Jaya Bus Stop,2.26218,102.14968,09:22:00,,,
Melaka Sentral - Masjid Tanah / Pengkalan Balak,myBas,SK Tangga Batu,SK Tangga Batu Bus Stop,2.26248,102.14874,09:23:00,,,
Melaka Sentral - Masjid Tanah / Pengkalan Balak,myBas,Kampung Bukit Salleh,Kampung Bukit Salleh Bus Stop,2.26332,102.14662,09:24:00,,,
Melaka Sentral - Masjid Tanah / Pengkalan Balak,myBas,Kampung Sungai Udang Jaya,Kampung Sungai Udang Jaya Bus Stop,2.26789,102.14492,09:25:00,,,
Melaka Sentral - Masjid Tanah / Pengkalan Balak,myBas,Surau Sungai Udang Jaya,Surau Sungai Udang Jaya Bus Stop,2.26885,102.14357,09:26:00,,,
Melaka Sentral - Masjid Tanah / Pengkalan Balak,myBas,Bilik Gerakan Tangga Batu,Bilik Gerakan Tangga Batu Bus Stop,2.27316,102.14246,09:27:00,,,
Melaka Sentral - Masjid Tanah / Pengkalan Balak,myBas,SK Sungai Udang,SK Sungai Udang Bus Stop,2.27728,102.13959,09:28:00,,,
Melaka Sentral - Masjid Tanah / Pengkalan Balak,myBas,Retoran Cahaya Bugis,Retoran Cahaya Bugis Bus Stop,2.28067,102.13562,09:29:00,,,
Melaka Sentral - Masjid Tanah / Pengkalan Balak,myBas,SJK (C) Sungai Udang,SJK (C) Sungai Udang Bus Stop,2.28224,102.13475,09:30:00,,,
Melaka Sentral - Masjid Tanah / Pengkalan Balak,myBas,Kampung Baru Sungai Udang,Kampung Baru Sungai Udang Bus Stop,2.28379,102.13438,09:31:00,,,
Melaka Sentral - Masjid Tanah / Pengkalan Balak,myBas,Plaza Sungai Udang,Plaza Sungai Udang Bus Stop,2.28456,102.13425,09:32:00,,,
Melaka Sentral - Masjid Tanah / Pengkalan Balak,myBas,Pekan Sungai Udang,Pekan Sungai Udang Bus Stop,2.28668,102.13283,09:33:00,,,
Melaka Sentral - Masjid Tanah / Pengkalan Balak,myBas,Pejabat Pos Sungai Udang,Pejabat Pos Sungai Udang Bus Stop,2.28917,102.13066,09:34:00,,,
Melaka Sentral - Masjid Tanah / Pengkalan Balak,myBas,Melaka Tropical Fruit Farm,Melaka Tropical Fruit Farm Bus Stop,2.29052,102.13116,09:35:00,,,
Melaka Sentral - Masjid Tanah / Pengkalan Balak,myBas,Opp SMK Sungai Udang,Opp SMK Sungai Udang Bus Stop,2.29451,102.13381,09:36:00,,,
Melaka Sentral - Masjid Tanah / Pengkalan Balak,myBas,Akademi Rela Malaysia Sungai Udang,Akademi Rela Malaysia Sungai Udang Bus Stop,2.29731,102.13282,09:37:00,,,
Melaka Sentral - Masjid Tanah / Pengkalan Balak,myBas,Kampung Tanah Merah Baru,Kampung Tanah Merah Baru Bus Stop,2.30012,102.13066,09:38:00,,,
Melaka Sentral - Masjid Tanah / Pengkalan Balak,myBas,Kem Masjid Tanah,Kem Masjid Tanah Bus Stop,2.32258,102.13235,09:39:00,,,
Melaka Sentral - Masjid Tanah / Pengkalan Balak,myBas,Taman Masjid Tanah,Taman Masjid Tanah Bus Stop,2.32747,102.13038,09:40:00,,,
Melaka Sentral - Masjid Tanah / Pengkalan Balak,myBas,HRSB Holding,HRSB Holding Bus Stop,2.32853,102.12598,09:41:00,,,
Melaka Sentral - Masjid Tanah / Pengkalan Balak,myBas,Seri Emas Seafood,Seri Emas Seafood Bus Stop,2.33026,102.12148,09:42:00,,,
Melaka Sentral - Masjid Tanah / Pengkalan Balak,myBas,Kampung Pulau Semut,Kampung Pulau Semut Bus Stop,2.334,102.1188,09:43:00,,,
Melaka Sentral - Masjid Tanah / Pengkalan Balak,myBas,Restoran Astana Puteh,Restoran Astana Puteh Bus Stop,2.33966,102.11675,09:44:00,,,
Melaka Sentral - Masjid Tanah / Pengkalan Balak,myBas,Tomyam Dzarfan,Tomyam Dzarfan Bus Stop,2.34305,102.11393,09:45:00,,,
Melaka Sentral - Masjid Tanah / Pengkalan Balak,myBas,Surau Ad Diniah Kampung Masjid Tanah,Surau Ad Diniah Kampung Masjid Tanah Bus Stop,2.34471,102.11203,09:46:00,,,
Melaka Sentral - Masjid Tanah / Pengkalan Balak,myBas,Petronas Masjid Tanah,Petronas Masjid Tanah Bus Stop,2.3475,102.11023,09:47:00,,,
Melaka Sentral - Masjid Tanah / Pengkalan Balak,myBas,Terminal Masjid Tanah Sentral,Terminal Masjid Tanah Sentral Bus Stop,2.35179,102.11045,09:48:00,,,
Melaka Sentral - Masjid Tanah / Pengkalan Balak,myBas,SK Bukit Beringin,SK Bukit Beringin Bus Stop,2.35247,102.09921,09:49:00,,,
Melaka Sentral - Masjid Tanah / Pengkalan Balak,myBas,Kampung Londang,Kampung Londang Bus Stop,2.34988,102.09647,09:50:00,,,
Melaka Sentral - Masjid Tanah / Pengkalan Balak,myBas,Kampung Londang Batu 19,Kampung Londang Batu 19 Bus Stop,2.34885,102.09491,09:51:00,,,
Melaka Sentral - Masjid Tanah / Pengkalan Balak,myBas,Kampung Londang 2,Kampung Londang 2 Bus Stop,2.34697,102.09382,09:52:00,,,
Melaka Sentral - Masjid Tanah / Pengkalan Balak,myBas,Dewan Londang,Dewan Londang Bus Stop,2.34536,102.09344,09:53:00,,,
Melaka Sentral - Masjid Tanah / Pengkalan Balak,myBas,Tabika Kemas Kampung Londang,Tabika Kemas Kampung Londang Bus Stop,2.34247,102.09126,09:54:00,,,
Melaka Sentral - Masjid Tanah / Pengkalan Balak,myBas,Jalan Haji Mad Arif,Jalan Haji Mad Arif Bus Stop,2.3403,102.08986,09:55:00,,,
Melaka Sentral - Masjid Tanah / Pengkalan Balak,myBas,SRA Londang,SRA Londang Bus Stop,2.3394,102.08916,09:56:00,,,
Melaka Sentral - Masjid Tanah / Pengkalan Balak,myBas,Jalan Hamid Othman,Jalan Hamid Othman Bus Stop,2.3386,102.08863,09:57:00,,,
Melaka Sentral - Masjid Tanah / Pengkalan Balak,myBas,Taman Bidara Indah,Taman Bidara Indah Bus Stop,2.33498,102.08735,09:58:00,,,
Melaka Sentral - Masjid Tanah / Pengkalan Balak,myBas,Kolej Matrikulasi Melaka,Kolej Matrikulasi Melaka Bus Stop,2.33103,102.08551,09:59:00,,,
Melaka Sentral - Masjid Tanah / Pengkalan Balak,myBas,Kampung Air Hitam Darat,Kampung Air Hitam Darat Bus Stop,2.3267,102.08436,10:00:00,,,
Melaka Sentral - Masjid Tanah / Pengkalan Balak,myBas,Taman Perindustrian Masjid Tanah,Taman Perindustrian Masjid Tanah Bus Stop,2.32613,102.08205,10:01:00,,,
Melaka Sentral - Masjid Tanah / Pengkalan Balak,myBas,SK Pengkalan Balak,SK Pengkalan Balak Bus Stop,2.32628,102.07946,10:02:00,,,
Melaka Sentral - Masjid Tanah / Pengkalan Balak,myBas,Giat Mara Pengkalan Balak,Giat Mara Pengkalan Balak Bus Stop,2.32363,102.07273,10:03:00,,,
Melaka Sentral - Masjid Tanah / Pengkalan Balak,myBas,Pantai Pengkalan Balak,Pantai Pengkalan Balak Bus Stop,2.32272,102.06982,10:04:00,,,
Melaka Sentral - Masjid Tanah / Pengkalan Balak,myBas,SMK Sungai Udang,SMK Sungai Udang Bus Stop,2.29451,102.1339,10:58:00,,,
Melaka Sentral - Masjid Tanah / Pengkalan Balak,myBas,Opp Pantai Klebang,Opp Pantai Klebang Bus Stop,2.21946,102.19225,11:39:00,,,
Melaka Sentral - Masjid Tanah / Pengkalan Balak,myBas,SMK Gajah Berang,SMK Gajah Berang Bus Stop,2.20256,102.24108,11:56:00,,,
Melaka Sentral - Masjid Tanah / Pengkalan Balak,myBas,Persatuan Low Melaka,Persatuan Low Melaka Bus Stop,2.19774,102.24347,11:57:00,,,
Melaka Sentral - Masjid Tanah / Pengkalan Balak,myBas,Melaka International School,Melaka International School Bus Stop,2.19766,102.24431,11:58:00,,,
Melaka Sentral - Masjid Tanah / Pengkalan Balak,myBas,SJK (C) Yok Bin,SJK (C) Yok Bin Bus Stop,2.20029,102.24632,11:59:00,,,
Melaka Sentral - Masjid Tanah / Pengkalan Balak,myBas,Plaza Hang Tuah 1,Plaza Hang Tuah 1 Bus Stop,2.20197,102.24721,12:00:00,,,
Melaka Sentral - Masjid Tanah / Pengkalan Balak,myBas,Aeon Bandaraya Melaka,Aeon Bandaraya Melaka Bus Stop,2.21458,102.24802,12:02:00,,,
Melaka Sentral - Masjid Tanah / Pengkalan Balak,myBas,Lotus Melaka,Lotus Melaka Bus Stop,2.21668,102.24798,12:03:00,,,
Terminal Masjid Tanah Sentral - Melaka Sentral,myBas,Terminal Masjid Tanah Sentral,Terminal Masjid Tanah Sentral Bus Stop,2.35179,102.11045,06:00:00,,,
Terminal Masjid Tanah Sentral - Melaka Sentral,myBas,Petronas Masjid Tanah,Petronas Masjid Tanah Bus Stop,2.3475,102.11023,06:01:00,,,
Terminal Masjid Tanah Sentral - Melaka Sentral,myBas,Surau Ad Diniah Kampung Masjid Tanah,Surau Ad Diniah Kampung Masjid Tanah Bus Stop,2.34471,102.11203,06:02:00,,,
Terminal Masjid Tanah Sentral - Melaka Sentral,myBas,Tomyam Dzarfan,Tomyam Dzarfan Bus Stop,2.34305,102.11393,06:03:00,,,
Terminal Masjid Tanah Sentral - Melaka Sentral,myBas,Restoran Astana Puteh,Restoran Astana Puteh Bus Stop,2.33966,102.11675,06:04:00,,,
Terminal Masjid Tanah Sentral - Melaka Sentral,myBas,Kampung Pulau Semut,Kampung Pulau Semut Bus Stop,2.334,102.1188,06:05:00,,,
Terminal Masjid Tanah Sentral - Melaka Sentral,myBas,Seri Emas Seafood,Seri Emas Seafood Bus Stop,2.33026,102.12148,06:06:00,,,
Terminal Masjid Tanah Sentral - Melaka Sentral,myBas,HRSB Holding,HRSB Holding Bus Stop,2.32853,102.12598,06:07:00,,,
Terminal Masjid Tanah Sentral - Melaka Sentral,myBas,Taman Masjid Tanah,Taman Masjid Tanah Bus Stop,2.32747,102.13038,06:08:00,,,
Terminal Masjid Tanah Sentral - Melaka Sentral,myBas,Kem Masjid Tanah,Kem Masjid Tanah Bus Stop,2.32258,102.13235,06:09:00,,,
Terminal Masjid Tanah Sentral - Melaka Sentral,myBas,Kampung Tanah Merah Baru,Kampung Tanah Merah Baru Bus Stop,2.30012,102.13066,06:10:00,,,
Terminal Masjid Tanah Sentral - Melaka Sentral,myBas,Akademi Rela Malaysia Sungai Udang,Akademi Rela Malaysia Sungai Udang Bus Stop,2.29731,102.13282,06:11:00,,,
Terminal Masjid Tanah Sentral - Melaka Sentral,myBas,SMK Sungai Udang,SMK Sungai Udang Bus Stop,2.29451,102.1339,06:12:00,,,
Terminal Masjid Tanah Sentral - Melaka Sentral,myBas,Melaka Tropical Fruit Farm,Melaka Tropical Fruit Farm Bus Stop,2.29052,102.13116,06:13:00,,,
Terminal Masjid Tanah Sentral - Melaka Sentral,myBas,Pejabat Pos Sungai Udang,Pejabat Pos Sungai Udang Bus Stop,2.28917,102.13066,06:14:00,,,
Terminal Masjid Tanah Sentral - Melaka Sentral,myBas,Pekan Sungai Udang,Pekan Sungai Udang Bus Stop,2.28668,102.13283,06:15:00,,,
Terminal Masjid Tanah Sentral - Melaka Sentral,myBas,Plaza Sungai Udang,Plaza Sungai Udang Bus Stop,2.28456,102.13425,06:16:00,,,
Terminal Masjid Tanah Sentral - Melaka Sentral,myBas,Kampung Baru Sungai Udang,Kampung Baru Sungai Udang Bus Stop,2.28379,102.13438,06:17:00,,,
Terminal Masjid Tanah Sentral - Melaka Sentral,myBas,SJK (C) Sungai Udang,SJK (C) Sungai Udang Bus Stop,2.28224,102.13475,06:18:00,,,
Terminal Masjid Tanah Sentral - Melaka Sentral,myBas,Retoran Cahaya Bugis,Retoran Cahaya Bugis Bus Stop,2.28067,102.13562,06:19:00,,,
Terminal Masjid Tanah Sentral - Melaka Sentral,myBas,SK Sungai Udang,SK Sungai Udang Bus Stop,2.27728,102.13959,06:20:00,,,
Terminal Masjid Tanah Sentral - Melaka Sentral,myBas,Bilik Gerakan Tangga Batu,Bilik Gerakan Tangga Batu Bus Stop,2.27316,102.14246,06:21:00,,,
Terminal Masjid Tanah Sentral - Melaka Sentral,myBas,Surau Sungai Udang Jaya,Surau Sungai Udang Jaya Bus Stop,2.26885,102.14357,06:22:00,,,
Terminal Masjid Tanah Sentral - Melaka Sentral,myBas,Kampung Sungai Udang Jaya,Kampung Sungai Udang Jaya Bus Stop,2.26789,102.14492,06:23:00,,,
Terminal Masjid Tanah Sentral - Melaka Sentral,myBas,Kampung Bukit Salleh,Kampung Bukit Salleh Bus Stop,2.26332,102.14662,06:24:00,,,
Terminal Masjid Tanah Sentral - Melaka Sentral,myBas,SK Tangga Batu,SK Tangga Batu Bus Stop,2.26248,102.14874,06:25:00,,,
Terminal Masjid Tanah Sentral - Melaka Sentral,myBas,Kampung Paya Rumput Jaya,Kampung Paya Rumput Jaya Bus Stop,2.26218,102.14968,06:26:00,,,
Terminal Masjid Tanah Sentral - Melaka Sentral,myBas,Masjid Batu 10 Tangga Batu,Masjid Batu 10 Tangga Batu Bus Stop,2.25935,102.1525,06:27:00,,,
Terminal Masjid Tanah Sentral - Melaka Sentral,myBas,Taman Tangga Batu 2,Taman Tangga Batu 2 Bus Stop,2.25346,102.15294,06:28:00,,,
Terminal Masjid Tanah Sentral - Melaka Sentral,myBas,Taman Tangga Batu 1,Taman Tangga Batu 1 Bus Stop,2.25307,102.15309,06:29:00,,,
Terminal Masjid Tanah Sentral - Melaka Sentral,myBas,Balai Raya Tangga Batu,Balai Raya Tangga Batu Bus Stop,2.24931,102.15611,06:30:00,,,
Terminal Masjid Tanah Sentral - Melaka Sentral,myBas,Pusat Kegiatan Masyarakat Tangga Batu,Pusat Kegiatan Masyarakat Tangga Batu Bus Stop,2.24711,102.1579,06:31:00,,,
Terminal Masjid Tanah Sentral - Melaka Sentral,myBas,Klinik Kesihatan Seri Tanjung,Klinik Kesihatan Seri Tanjung Bus Stop,2.24303,102.15865,06:32:00,,,
Terminal Masjid Tanah Sentral - Melaka Sentral,myBas,Kampung Gelam,Kampung Gelam Bus Stop,2.2404,102.15966,06:33:00,,,
Terminal Masjid Tanah Sentral - Melaka Sentral,myBas,SK Kampung Gelam,SK Kampung Gelam Bus Stop,2.23759,102.16104,06:34:00,,,
Terminal Masjid Tanah Sentral - Melaka Sentral,myBas,SMK Kampung Gelam,SMK Kampung Gelam Bus Stop,2.23315,102.16004,06:35:00,,,
Terminal Masjid Tanah Sentral - Melaka Sentral,myBas,Kampung Bukit Darat,Kampung Bukit Darat Bus Stop,2.23191,102.15929,06:36:00,,,
Terminal Masjid Tanah Sentral - Melaka Sentral,myBas,Taman Bukit Gedong 2,Taman Bukit Gedong 2 Bus Stop,2.22919,102.15835,06:37:00,,,
Terminal Masjid Tanah Sentral - Melaka Sentral,myBas,Taman Bukit Gedong 1,Taman Bukit Gedong 1 Bus Stop,2.22602,102.1588,06:38:00,,,
Terminal Masjid Tanah Sentral - Melaka Sentral,myBas,Kampung Solok Biak,Kampung Solok Biak Bus Stop,2.22389,102.16008,06:39:00,,,
Terminal Masjid Tanah Sentral - Melaka Sentral,myBas,Pan Pacific Straptek,Pan Pacific Straptek Bus Stop,2.22321,102.16089,06:40:00,,,
Terminal Masjid Tanah Sentral - Melaka Sentral,myBas,Tanjung Kling,Tanjung Kling Bus Stop,2.2219,102.16347,06:41:00,,,
Terminal Masjid Tanah Sentral - Melaka Sentral,myBas,Kampung Tanjung Kling,Kampung Tanjung Kling Bus Stop,2.2217,102.16488,06:42:00,,,
Terminal Masjid Tanah Sentral - Melaka Sentral,myBas,SK Lereh,SK Lereh Bus Stop,2.22172,102.16958,06:43:00,,,
Terminal Masjid Tanah Sentral - Melaka Sentral,myBas,Taman Spring Garden,Taman Spring Garden Bus Stop,2.22181,102.17183,06:44:00,,,
Terminal Masjid Tanah Sentral - Melaka Sentral,myBas,SJK(C) Ek Te,SJK(C) Ek Te Bus Stop,2.22197,102.17404,06:45:00,,,
Terminal Masjid Tanah Sentral - Melaka Sentral,myBas,Sekolah Tunas Bakti / Ocean Palm Condo,Sekolah Tunas Bakti / Ocean Palm Condo Bus Stop,2.22216,102.1762,06:46:00,,,
Terminal Masjid Tanah Sentral - Melaka Sentral,myBas,Zill Golden Village,Zill Golden Village Bus Stop,2.22194,102.17926,06:47:00,,,
Terminal Masjid Tanah Sentral - Melaka Sentral,myBas,Taman Panjang Impian,Taman Panjang Impian Bus Stop,2.22157,102.18122,06:48:00,,,
Terminal Masjid Tanah Sentral - Melaka Sentral,myBas,Seri Bayan Condominium,Seri Bayan Condominium Bus Stop,2.22132,102.18227,06:49:00,,,
Terminal Masjid Tanah Sentral - Melaka Sentral,myBas,Marina Point,Marina Point Bus Stop,2.22102,102.18387,06:50:00,,,
Terminal Masjid Tanah Sentral - Melaka Sentral,myBas,Masjid Lama Batang Tiga,Masjid Lama Batang Tiga Bus Stop,2.22055,102.18603,06:51:00,,,
Terminal Masjid Tanah Sentral - Melaka Sentral,myBas,Opp Balai Polis Batang Tiga,Opp Balai Polis Batang Tiga Bus Stop,2.22027,102.18787,06:52:00,,,
Terminal Masjid Tanah Sentral - Melaka Sentral,myBas,Taman Muhibbah,Taman Muhibbah Bus Stop,2.21991,102.18982,06:53:00,,,
Terminal Masjid Tanah Sentral - Melaka Sentral,myBas,Opp Pantai Klebang,Opp Pantai Klebang Bus Stop,2.21946,102.19225,06:54:00,,,
Terminal Masjid Tanah Sentral - Melaka Sentral,myBas,Kampung Pesaran Balik Buluk Klebang,Kampung Pesaran Balik Buluk Klebang Bus Stop,2.21829,102.19603,06:55:00,,,
Terminal Masjid Tanah Sentral - Melaka Sentral,myBas,Taman Mayfair,Taman Mayfair Bus Stop,2.21808,102.19827,06:56:00,,,
Terminal Masjid Tanah Sentral - Melaka Sentral,myBas,Taman Kenanga,Taman Kenanga Bus Stop,2.218,102.20077,06:57:00,,,
Terminal Masjid Tanah Sentral - Melaka Sentral,myBas,Masjid Saad Ibni Abi Waqqas,Masjid Saad Ibni Abi Waqqas Bus Stop,2.21653,102.20421,06:58:00,,,
Terminal Masjid Tanah Sentral - Melaka Sentral,myBas,Lagenda Condo,Lagenda Condo Bus Stop,2.21201,102.21004,06:59:00,,,
Terminal Masjid Tanah Sentral - Melaka Sentral,myBas,Taman Melati,Taman Melati Bus Stop,2.21043,102.2129,07:00:00,,,
Terminal Masjid Tanah Sentral - Melaka Sentral,myBas,Oriental Melaka Straits Medical Centre,Oriental Melaka Straits Medical Centre Bus Stop,2.2095,102.21447,07:01:00,,,
Terminal Masjid Tanah Sentral - Melaka Sentral,myBas,Kuih Keria Hajah Rahmah,Kuih Keria Hajah Rahmah Bus Stop,2.20613,102.21908,07:02:00,,,
Terminal Masjid Tanah Sentral - Melaka Sentral,myBas,Kuih Keria Haji Jalil,Kuih Keria Haji Jalil Bus Stop,2.20463,102.22326,07:03:00,,,
Terminal Masjid Tanah Sentral - Melaka Sentral,myBas,Warung Hajjah Robiah,Warung Hajjah Robiah Bus Stop,2.20449,102.22526,07:04:00,,,
Terminal Masjid Tanah Sentral - Melaka Sentral,myBas,SK Tengkera 1 & 2,SK Tengkera 1 & 2 Bus Stop,2.20443,102.2268,07:05:00,,,
Terminal Masjid Tanah Sentral - Melaka Sentral,myBas,Kampong Sembilan,Kampong Sembilan Bus Stop,2.20448,102.22846,07:06:00,,,
Terminal Masjid Tanah Sentral - Melaka Sentral,myBas,Taman Siantan / Masjid Tengkera,Taman Siantan / Masjid Tengkera Bus Stop,2.20385,102.23201,07:07:00,,,
Terminal Masjid Tanah Sentral - Melaka Sentral,myBas,SMK (P) Methodist,SMK (P) Methodist Bus Stop,2.20346,102.23385,07:08:00,,,
Terminal Masjid Tanah Sentral - Melaka Sentral,myBas,Persatuan Badminton Melaka,Persatuan Badminton Melaka Bus Stop,2.2027,102.23574,07:09:00,,,
Terminal Masjid Tanah Sentral - Melaka Sentral,myBas,Balai Polis Tengkera,Balai Polis Tengkera Bus Stop,2.20066,102.23955,07:10:00,,,
Terminal Masjid Tanah Sentral - Melaka Sentral,myBas,SMK Gajah Berang,SMK Gajah Berang Bus Stop,2.20256,102.24108,07:11:00,,,
Terminal Masjid Tanah Sentral - Melaka Sentral,myBas,Persatuan Low Melaka,Persatuan Low Melaka Bus Stop,2.19774,102.24347,07:12:00,,,
Terminal Masjid Tanah Sentral - Melaka Sentral,myBas,Melaka International School,Melaka International School Bus Stop,2.19766,102.24431,07:13:00,,,
Terminal Masjid Tanah Sentral - Melaka Sentral,myBas,SJK (C) Yok Bin,SJK (C) Yok Bin Bus Stop,2.20029,102.24632,07:14:00,,,
Terminal Masjid Tanah Sentral - Melaka Sentral,myBas,Plaza Hang Tuah 1,Plaza Hang Tuah 1 Bus Stop,2.20197,102.24721,07:15:00,,,
Terminal Masjid Tanah Sentral - Melaka Sentral,myBas,Wisma Air,Wisma Air Bus Stop,2.20419,102.24617,07:16:00,,,
Terminal Masjid Tanah Sentral - Melaka Sentral,myBas,Aeon Bandaraya Melaka,Aeon Bandaraya Melaka Bus Stop,2.21458,102.24802,07:17:00,,,
Terminal Masjid Tanah Sentral - Melaka Sentral,myBas,Lotus Melaka,Lotus Melaka Bus Stop,2.21668,102.24798,07:18:00,,,
Terminal Masjid Tanah Sentral - Melaka Sentral,myBas,Melaka Sentral,Melaka Sentral Bus Stop,2.22045,102.2507,07:19:00,,,
Melaka Sentral - Batang Melaka via Selandar,myBas,Melaka Sentral,Melaka Sentral Bus Stop,2.22045,102.2507,11:30:00,,,
Melaka Sentral - Batang Melaka via Selandar,myBas,Opp Hospital Melaka,Opp Hospital Melaka Bus Stop,2.21849,102.26008,11:31:00,,,
Melaka Sentral - Batang Melaka via Selandar,myBas,Opp Texas Instrument,Opp Texas Instrument Bus Stop,2.23222,102.2619,11:32:00,,,
Melaka Sentral - Batang Melaka via Selandar,myBas,Opp Kiara Apartment Taman Mutiara,Opp Kiara Apartment Taman Mutiara Bus Stop,2.2376,102.26036,11:33:00,,,
Melaka Sentral - Batang Melaka via Selandar,myBas,Opp Taman Mutiara Melaka,Opp Taman Mutiara Melaka Bus Stop,2.24047,102.2589,11:34:00,,,
Melaka Sentral - Batang Melaka via Selandar,myBas,Opp SK Batu Berendam 2,Opp SK Batu Berendam 2 Bus Stop,2.24343,102.25749,11:35:00,,,
Melaka Sentral - Batang Melaka via Selandar,myBas,Opp Taman Ara,Opp Taman Ara Bus Stop,2.24676,102.25629,11:36:00,,,
Melaka Sentral - Batang Melaka via Selandar,myBas,SK Batu Berendam 1,SK Batu Berendam 1 Bus Stop,2.24807,102.25553,11:37:00,,,
Melaka Sentral - Batang Melaka via Selandar,myBas,Coconut Shake Batu Berendam,Coconut Shake Batu Berendam Bus Stop,2.25162,102.2539,11:38:00,,,
Melaka Sentral - Batang Melaka via Selandar,myBas,Opp Medan Selera Batu Berendam,Opp Medan Selera Batu Berendam Bus Stop,2.25374,102.25444,11:39:00,,,
Melaka Sentral - Batang Melaka via Selandar,myBas,Taman Seri Daya,Taman Seri Daya Bus Stop,2.25521,102.25394,11:40:00,,,
Melaka Sentral - Batang Melaka via Selandar,myBas,Opp Taman Seri Songket,Opp Taman Seri Songket Bus Stop,2.25954,102.2533,11:41:00,,,
Melaka Sentral - Batang Melaka via Selandar,myBas,Airport Fire And Rescue,Airport Fire And Rescue Bus Stop,2.26227,102.25384,11:42:00,,,
Melaka Sentral - Batang Melaka via Selandar,myBas,Opp Taman Mas Merah,Opp Taman Mas Merah Bus Stop,2.265,102.25455,11:43:00,,,
Melaka Sentral - Batang Melaka via Selandar,myBas,Opp Taman Mekar,Opp Taman Mekar Bus Stop,2.27096,102.25794,11:44:00,,,
Melaka Sentral - Batang Melaka via Selandar,myBas,Taman Seri Bayan,Taman Seri Bayan Bus Stop,2.27927,102.26034,11:45:00,,,
Melaka Sentral - Batang Melaka via Selandar,myBas,Taman Gangsa,Taman Gangsa Bus Stop,2.28106,102.2617,11:46:00,,,
Melaka Sentral - Batang Melaka via Selandar,myBas,Sra Gangsa,Sra Gangsa Bus Stop,2.28362,102.2625,11:47:00,,,
Melaka Sentral - Batang Melaka via Selandar,myBas,Angsa Mas,Angsa Mas Bus Stop,2.29082,102.26247,11:48:00,,,
Melaka Sentral - Batang Melaka via Selandar,myBas,Kampung Tualang,Kampung Tualang Bus Stop,2.29463,102.26278,11:49:00,,,
Melaka Sentral - Batang Melaka via Selandar,myBas,Kampung Gangsa,Kampung Gangsa Bus Stop,2.30429,102.26831,11:50:00,,,
Melaka Sentral - Batang Melaka via Selandar,myBas,Kampung Bukit Balai,Kampung Bukit Balai Bus Stop,2.30524,102.26929,11:51:00,,,
Melaka Sentral - Batang Melaka via Selandar,myBas,Smk Durian Tunggal,Smk Durian Tunggal Bus Stop,2.30857,102.27577,11:52:00,,,
Melaka Sentral - Batang Melaka via Selandar,myBas,Kampung Baru Bukit Balai,Kampung Baru Bukit Balai Bus Stop,2.30955,102.27825,11:53:00,,,
Melaka Sentral - Batang Melaka via Selandar,myBas,Pekan Durian Tunggal,Pekan Durian Tunggal Bus Stop,2.31326,102.28226,11:54:00,,,
Melaka Sentral - Batang Melaka via Selandar,myBas,Durian Tunggal,Durian Tunggal Bus Stop,2.31723,102.28456,11:55:00,,,
Melaka Sentral - Batang Melaka via Selandar,myBas,Kampung Padang Kerbau,Kampung Padang Kerbau Bus Stop,2.31985,102.28742,11:56:00,,,
Melaka Sentral - Batang Melaka via Selandar,myBas,Surau Al Ehsan,Surau Al Ehsan Bus Stop,2.32174,102.28916,11:57:00,,,
Melaka Sentral - Batang Melaka via Selandar,myBas,Scientex Durian Tunggal,Scientex Durian Tunggal Bus Stop,2.32589,102.29514,11:58:00,,,
Melaka Sentral - Batang Melaka via Selandar,myBas,LTK,LTK Bus Stop,2.32775,102.30098,11:59:00,,,
Melaka Sentral - Batang Melaka via Selandar,myBas,Kampung Simpang Garing,Kampung Simpang Garing Bus Stop,2.33054,102.31252,12:00:00,,,
Melaka Sentral - Batang Melaka via Selandar,myBas,The Touch City,The Touch City Bus Stop,2.33076,102.32216,12:01:00,,,
Melaka Sentral - Batang Melaka via Selandar,myBas,Taman Machap Bestari,Taman Machap Bestari Bus Stop,2.37139,102.34464,12:02:00,,,
Melaka Sentral - Batang Melaka via Selandar,myBas,Klinik Kesihatan Machap Baru,Klinik Kesihatan Machap Baru Bus Stop,2.3771,102.33823,12:03:00,,,
Melaka Sentral - Batang Melaka via Selandar,myBas,Kampung Machap Baru,Kampung Machap Baru Bus Stop,2.3798,102.33066,12:04:00,,,
Melaka Sentral - Batang Melaka via Selandar,myBas,Taman Rekreasi Datuk Wira Poh Ah Tiam,Taman Rekreasi Datuk Wira Poh Ah Tiam Bus Stop,2.37981,102.32906,12:05:00,,,
Melaka Sentral - Batang Melaka via Selandar,myBas,Kampung Ayer Pasir,Kampung Ayer Pasir Bus Stop,2.37977,102.34604,12:06:00,,,
Melaka Sentral - Batang Melaka via Selandar,myBas,Kampung Bera Bukit Sedanan,Kampung Bera Bukit Sedanan Bus Stop,2.38048,102.35333,12:07:00,,,
Melaka Sentral - Batang Melaka via Selandar,myBas,Kampung Desa Mesra Sedanan,Kampung Desa Mesra Sedanan Bus Stop,2.38152,102.35589,12:08:00,,,
Melaka Sentral - Batang Melaka via Selandar,myBas,Klinik Kesihatan Selandar,Klinik Kesihatan Selandar Bus Stop,2.38754,102.37253,12:09:00,,,
Melaka Sentral - Batang Melaka via Selandar,myBas,SMK Selandar,SMK Selandar Bus Stop,2.38848,102.37515,12:10:00,,,
Melaka Sentral - Batang Melaka via Selandar,myBas,Pekan Selandar,Pekan Selandar Bus Stop,2.38972,102.37873,12:11:00,,,
Melaka Sentral - Batang Melaka via Selandar,myBas,Balai Polis Selandar,Balai Polis Selandar Bus Stop,2.39066,102.37976,12:12:00,,,
Melaka Sentral - Batang Melaka via Selandar,myBas,ILP Selandar,ILP Selandar Bus Stop,2.39586,102.38212,12:13:00,,,
Melaka Sentral - Batang Melaka via Selandar,myBas,Kolej Komuniti Selandar,Kolej Komuniti Selandar Bus Stop,2.40009,102.38514,12:14:00,,,
Melaka Sentral - Batang Melaka via Selandar,myBas,Taman Jus Perdana,Taman Jus Perdana Bus Stop,2.40301,102.38519,12:15:00,,,
Melaka Sentral - Batang Melaka via Selandar,myBas,Kampung Jus,Kampung Jus Bus Stop,2.42521,102.39841,12:16:00,,,
Melaka Sentral - Batang Melaka via Selandar,myBas,Empangan Jus,Empangan Jus Bus Stop,2.45288,102.40832,12:17:00,,,
Melaka Sentral - Batang Melaka via Selandar,myBas,SBPI Batang Melaka,SBPI Batang Melaka Bus Stop,2.46381,102.4118,12:18:00,,,
Melaka Sentral - Batang Melaka via Selandar,myBas,Taman Batang Melaka,Taman Batang Melaka Bus Stop,2.46677,102.41182,12:19:00,,,
Melaka Sentral - Batang Melaka via Selandar,myBas,SK Batang Melaka,SK Batang Melaka Bus Stop,2.47015,102.41206,12:20:00,,,
Melaka Sentral - Batang Melaka via Selandar,myBas,Pasar Awam Batang Melaka,Pasar Awam Batang Melaka Bus Stop,2.47332,102.417,12:21:00,,,
Melaka Sentral - Batang Melaka via Selandar,myBas,Hab Batang Melaka,Hab Batang Melaka Bus Stop,2.47411,102.41833,12:22:00,,,
Melaka Sentral - Batang Melaka via Selandar,myBas,Opp Sra Gangsa,Opp Sra Gangsa Bus Stop,2.28365,102.26259,07:35:00,,,
Melaka Sentral - Batang Melaka via Selandar,myBas,Opp Taman Gangsa,Opp Taman Gangsa Bus Stop,2.28102,102.26179,07:36:00,,,
Melaka Sentral - Batang Melaka via Selandar,myBas,Opp Taman Seri Bayan,Opp Taman Seri Bayan Bus Stop,2.27923,102.2604,07:37:00,,,
Melaka Sentral - Batang Melaka via Selandar,myBas,Taman Mekar,Taman Mekar Bus Stop,2.2709,102.25799,07:38:00,,,
Melaka Sentral - Batang Melaka via Selandar,myBas,Taman Mas Merah,Taman Mas Merah Bus Stop,2.26493,102.25462,07:39:00,,,
Melaka Sentral - Batang Melaka via Selandar,myBas,Opp Airport Fire And Rescue,Opp Airport Fire And Rescue Bus Stop,2.26219,102.25394,07:40:00,,,
Melaka Sentral - Batang Melaka via Selandar,myBas,Taman Seri Songket,Taman Seri Songket Bus Stop,2.25955,102.25342,07:41:00,,,
Melaka Sentral - Batang Melaka via Selandar,myBas,Opp Taman Seri Daya,Opp Taman Seri Daya Bus Stop,2.25525,102.25403,07:42:00,,,
Melaka Sentral - Batang Melaka via Selandar,myBas,Medan Selera batu Berendam,Medan Selera batu Berendam Bus Stop,2.25366,102.25457,07:43:00,,,
Melaka Sentral - Batang Melaka via Selandar,myBas,Opp SK Batu Berendam 1,Opp SK Batu Berendam 1 Bus Stop,2.24813,102.2556,07:44:00,,,
Melaka Sentral - Batang Melaka via Selandar,myBas,Taman Ara,Taman Ara Bus Stop,2.24679,102.25638,07:45:00,,,
Melaka Sentral - Batang Melaka via Selandar,myBas,SK Batu Berendam 2,SK Batu Berendam 2 Bus Stop,2.24436,102.25718,07:46:00,,,
Melaka Sentral - Batang Melaka via Selandar,myBas,Taman Mutiara Melaka,Taman Mutiara Melaka Bus Stop,2.24074,102.25886,07:47:00,,,
Melaka Sentral - Batang Melaka via Selandar,myBas,Kiara Apartment Taman Mutiara,Kiara Apartment Taman Mutiara Bus Stop,2.23769,102.26043,07:48:00,,,
Melaka Sentral - Batang Melaka via Selandar,myBas,Texas Instrument,Texas Instrument Bus Stop,2.23301,102.26207,07:49:00,,,
Melaka Sentral - Batang Melaka via Selandar,myBas,Hospital Melaka,Hospital Melaka Bus Stop,2.21716,102.2603,07:50:00,,,
Melaka Sentral - Batang Melaka via Tebong,myBas,Melaka Sentral,Melaka Sentral Bus Stop,2.22045,102.2507,07:00:00,,,
Melaka Sentral - Batang Melaka via Tebong,myBas,Opp Hospital Melaka,Opp Hospital Melaka Bus Stop,2.21849,102.26008,07:02:00,,,
Melaka Sentral - Batang Melaka via Tebong,myBas,Opp Texas Instrument,Opp Texas Instrument Bus Stop,2.23222,102.2619,07:04:00,,,
Melaka Sentral - Batang Melaka via Tebong,myBas,Opp Kiara Apartment Taman Mutiara,Opp Kiara Apartment Taman Mutiara Bus Stop,2.2376,102.26036,07:06:00,,,
Melaka Sentral - Batang Melaka via Tebong,myBas,Opp Taman Mutiara Melaka,Opp Taman Mutiara Melaka Bus Stop,2.24047,102.2589,07:08:00,,,
Melaka Sentral - Batang Melaka via Tebong,myBas,Opp SK Batu Berendam 2,Opp SK Batu Berendam 2 Bus Stop,2.24343,102.25749,07:10:00,,,
Melaka Sentral - Batang Melaka via Tebong,myBas,Opp Taman Ara,Opp Taman Ara Bus Stop,2.24676,102.25629,07:12:00,,,
Melaka Sentral - Batang Melaka via Tebong,myBas,SK Batu Berendam 1,SK Batu Berendam 1 Bus Stop,2.24807,102.25553,07:14:00,,,
Melaka Sentral - Batang Melaka via Tebong,myBas,Coconut Shake Batu Berendam,Coconut Shake Batu Berendam Bus Stop,2.25162,102.2539,07:16:00,,,
Melaka Sentral - Batang Melaka via Tebong,myBas,Opp Medan Selera Batu Berendam,Opp Medan Selera Batu Berendam Bus Stop,2.25374,102.25444,07:18:00,,,
Melaka Sentral - Batang Melaka via Tebong,myBas,Taman Seri Daya,Taman Seri Daya Bus Stop,2.25521,102.25394,07:20:00,,,
Melaka Sentral - Batang Melaka via Tebong,myBas,Opp Taman Seri Songket,Opp Taman Seri Songket Bus Stop,2.25954,102.2533,07:21:00,,,
Melaka Sentral - Batang Melaka via Tebong,myBas,Airport Fire And Rescue,Airport Fire And Rescue Bus Stop,2.26227,102.25384,07:22:00,,,
Melaka Sentral - Batang Melaka via Tebong,myBas,Opp Taman Mas Merah,Opp Taman Mas Merah Bus Stop,2.265,102.25455,07:23:00,,,
Melaka Sentral - Batang Melaka via Tebong,myBas,Opp Taman Mekar,Opp Taman Mekar Bus Stop,2.27096,102.25794,07:24:00,,,
Melaka Sentral - Batang Melaka via Tebong,myBas,Taman Seri Bayan,Taman Seri Bayan Bus Stop,2.27927,102.26034,07:25:00,,,
Melaka Sentral - Batang Melaka via Tebong,myBas,Taman Gangsa,Taman Gangsa Bus Stop,2.28106,102.2617,07:26:00,,,
Melaka Sentral - Batang Melaka via Tebong,myBas,Sra Gangsa,Sra Gangsa Bus Stop,2.28362,102.2625,07:27:00,,,
Melaka Sentral - Batang Melaka via Tebong,myBas,Angsa Mas,Angsa Mas Bus Stop,2.29082,102.26247,07:28:00,,,
Melaka Sentral - Batang Melaka via Tebong,myBas,Kampung Tualang,Kampung Tualang Bus Stop,2.29463,102.26278,07:29:00,,,
Melaka Sentral - Batang Melaka via Tebong,myBas,Kampung Gangsa,Kampung Gangsa Bus Stop,2.30429,102.26831,07:30:00,,,
Melaka Sentral - Batang Melaka via Tebong,myBas,Kampung Bukit Balai,Kampung Bukit Balai Bus Stop,2.30524,102.26929,07:31:00,,,
Melaka Sentral - Batang Melaka via Tebong,myBas,Smk Durian Tunggal,Smk Durian Tunggal Bus Stop,2.30857,102.27577,07:32:00,,,
Melaka Sentral - Batang Melaka via Tebong,myBas,Kampung Baru Bukit Balai,Kampung Baru Bukit Balai Bus Stop,2.30955,102.27825,07:33:00,,,
Melaka Sentral - Batang Melaka via Tebong,myBas,Pekan Durian Tunggal,Pekan Durian Tunggal Bus Stop,2.31326,102.28226,07:34:00,,,
Melaka Sentral - Batang Melaka via Tebong,myBas,Durian Tunggal,Durian Tunggal Bus Stop,2.31723,102.28456,07:35:00,,,
Melaka Sentral - Batang Melaka via Tebong,myBas,Kampung Padang Kerbau,Kampung Padang Kerbau Bus Stop,2.31985,102.28742,07:36:00,,,
Melaka Sentral - Batang Melaka via Tebong,myBas,Surau Al Ehsan,Surau Al Ehsan Bus Stop,2.32174,102.28916,07:37:00,,,
Melaka Sentral - Batang Melaka via Tebong,myBas,Scientex Durian Tunggal,Scientex Durian Tunggal Bus Stop,2.32589,102.29514,07:38:00,,,
Melaka Sentral - Batang Melaka via Tebong,myBas,LTK,LTK Bus Stop,2.32775,102.30098,07:39:00,,,
Melaka Sentral - Batang Melaka via Tebong,myBas,Kampung Simpang Garing,Kampung Simpang Garing Bus Stop,2.33054,102.31252,07:40:00,,,
Melaka Sentral - Batang Melaka via Tebong,myBas,The Touch City,The Touch City Bus Stop,2.33076,102.32216,07:41:00,,,
Melaka Sentral - Batang Melaka via Tebong,myBas,Taman Machap Bestari,Taman Machap Bestari Bus Stop,2.37139,102.34464,07:42:00,,,
Melaka Sentral - Batang Melaka via Tebong,myBas,Klinik Kesihatan Machap Baru,Klinik Kesihatan Machap Baru Bus Stop,2.3771,102.33823,07:43:00,,,
Melaka Sentral - Batang Melaka via Tebong,myBas,Kampung Machap Baru,Kampung Machap Baru Bus Stop,2.3798,102.33066,07:44:00,,,
Melaka Sentral - Batang Melaka via Tebong,myBas,Taman Rekreasi Datuk Wira Poh Ah Tiam,Taman Rekreasi Datuk Wira Poh Ah Tiam Bus Stop,2.37981,102.32906,07:45:00,,,
Melaka Sentral - Batang Melaka via Tebong,myBas,Kampung Machap,Kampung Machap Bus Stop,2.3838,102.34283,07:46:00,,,
Melaka Sentral - Batang Melaka via Tebong,myBas,Kampung Ayer Bangkong,Kampung Ayer Bangkong Bus Stop,2.38768,102.34628,07:47:00,,,
Melaka Sentral - Batang Melaka via Tebong,myBas,Taman Negeri Melaka,Taman Negeri Melaka Bus Stop,2.41167,102.34733,07:48:00,,,
Melaka Sentral - Batang Melaka via Tebong,myBas,Kampung Tebong Division,Kampung Tebong Division Bus Stop,2.42194,102.34046,07:49:00,,,
Melaka Sentral - Batang Melaka via Tebong,myBas,Kampung Tebong,Kampung Tebong Bus Stop,2.43205,102.33936,07:50:00,,,
Melaka Sentral - Batang Melaka via Tebong,myBas,Ladang Tebong,Ladang Tebong Bus Stop,2.4347,102.33912,07:51:00,,,
Melaka Sentral - Batang Melaka via Tebong,myBas,Taman Seri Cahaya,Taman Seri Cahaya Bus Stop,2.43936,102.33945,07:52:00,,,
Melaka Sentral - Batang Melaka via Tebong,myBas,SJK (T) Pekan Tebong,SJK (T) Pekan Tebong Bus Stop,2.44083,102.34006,07:53:00,,,
Melaka Sentral - Batang Melaka via Tebong,myBas,Kampung Tebong Km24,Kampung Tebong Km24 Bus Stop,2.44534,102.3423,07:54:00,,,
Melaka Sentral - Batang Melaka via Tebong,myBas,SJK (C) Khiaw Wah,SJK (C) Khiaw Wah Bus Stop,2.44737,102.34237,07:55:00,,,
Melaka Sentral - Batang Melaka via Tebong,myBas,Klinik Desa Tebong,Klinik Desa Tebong Bus Stop,2.45471,102.34043,07:56:00,,,
Melaka Sentral - Batang Melaka via Tebong,myBas,SK Ladang Kemuning,SK Ladang Kemuning Bus Stop,2.45947,102.33884,07:57:00,,,
Melaka Sentral - Batang Melaka via Tebong,myBas,Pekan Kampung Tebong,Pekan Kampung Tebong Bus Stop,2.4616,102.34039,07:58:00,,,
Melaka Sentral - Batang Melaka via Tebong,myBas,Balai Polis Tebong,Balai Polis Tebong Bus Stop,2.46441,102.3438,07:59:00,,,
Melaka Sentral - Batang Melaka via Tebong,myBas,Kampung Baru On Lock,Kampung Baru On Lock Bus Stop,2.4656,102.37651,08:00:00,,,
Melaka Sentral - Batang Melaka via Tebong,myBas,Taman Seri Hilir,Taman Seri Hilir Bus Stop,2.46368,102.37861,08:01:00,,,
Melaka Sentral - Batang Melaka via Tebong,myBas,Genting Plantation,Genting Plantation Bus Stop,2.46323,102.38327,08:02:00,,,
Melaka Sentral - Batang Melaka via Tebong,myBas,Kampung Batang Melaka 1,Kampung Batang Melaka 1 Bus Stop,2.4696,102.39753,08:03:00,,,
Melaka Sentral - Batang Melaka via Tebong,myBas,Kampung Batang Melaka 2,Kampung Batang Melaka 2 Bus Stop,2.46789,102.40163,08:04:00,,,
Melaka Sentral - Batang Melaka via Tebong,myBas,SK Batang Melaka,SK Batang Melaka Bus Stop,2.47015,102.41206,08:05:00,,,
Melaka Sentral - Batang Melaka via Tebong,myBas,Pasar Awam Batang Melaka,Pasar Awam Batang Melaka Bus Stop,2.47332,102.417,08:06:00,,,
Melaka Sentral - Batang Melaka via Tebong,myBas,Hab Batang Melaka,Hab Batang Melaka Bus Stop,2.47411,102.41833,08:07:00,,,
Melaka Sentral - Batang Melaka via Tebong,myBas,Opp Sra Gangsa,Opp Sra Gangsa Bus Stop,2.28365,102.26259,09:10:00,,,
Melaka Sentral - Batang Melaka via Tebong,myBas,Opp Taman Gangsa,Opp Taman Gangsa Bus Stop,2.28102,102.26179,09:11:00,,,
Melaka Sentral - Batang Melaka via Tebong,myBas,Opp Taman Seri Bayan,Opp Taman Seri Bayan Bus Stop,2.27923,102.2604,09:12:00,,,
Melaka Sentral - Batang Melaka via Tebong,myBas,Taman Mekar,Taman Mekar Bus Stop,2.2709,102.25799,09:13:00,,,
Melaka Sentral - Batang Melaka via Tebong,myBas,Taman Mas Merah,Taman Mas Merah Bus Stop,2.26493,102.25462,09:14:00,,,
Melaka Sentral - Batang Melaka via Tebong,myBas,Opp Airport Fire And Rescue,Opp Airport Fire And Rescue Bus Stop,2.26219,102.25394,09:15:00,,,
Melaka Sentral - Batang Melaka via Tebong,myBas,Taman Seri Songket,Taman Seri Songket Bus Stop,2.25955,102.25342,09:16:00,,,
Melaka Sentral - Batang Melaka via Tebong,myBas,Opp Taman Seri Daya,Opp Taman Seri Daya Bus Stop,2.25525,102.25403,09:17:00,,,
Melaka Sentral - Batang Melaka via Tebong,myBas,Medan Selera batu Berendam,Medan Selera batu Berendam Bus Stop,2.25366,102.25457,09:18:00,,,
Melaka Sentral - Batang Melaka via Tebong,myBas,Opp SK Batu Berendam 1,Opp SK Batu Berendam 1 Bus Stop,2.24813,102.2556,09:20:00,,,
Melaka Sentral - Batang Melaka via Tebong,myBas,Taman Ara,Taman Ara Bus Stop,2.24679,102.25638,09:22:00,,,
Melaka Sentral - Batang Melaka via Tebong,myBas,SK Batu Berendam 2,SK Batu Berendam 2 Bus Stop,2.24436,102.25718,09:24:00,,,
Melaka Sentral - Batang Melaka via Tebong,myBas,Taman Mutiara Melaka,Taman Mutiara Melaka Bus Stop,2.24074,102.25886,09:26:00,,,
Melaka Sentral - Batang Melaka via Tebong,myBas,Kiara Apartment Taman Mutiara,Kiara Apartment Taman Mutiara Bus Stop,2.23769,102.26043,09:28:00,,,
Melaka Sentral - Batang Melaka via Tebong,myBas,Texas Instrument,Texas Instrument Bus Stop,2.23301,102.26207,09:30:00,,,
Melaka Sentral - Batang Melaka via Tebong,myBas,Hospital Melaka,Hospital Melaka Bus Stop,2.21716,102.2603,09:32:00,,,
Melaka Sentral - Jasin,myBas,Melaka Sentral,Melaka Sentral Bus Stop,2.22045,102.2507,08:00:00,,,
Melaka Sentral - Jasin,myBas,Opp Hospital Melaka,Opp Hospital Melaka Bus Stop,2.21849,102.26008,08:02:00,,,
Melaka Sentral - Jasin,myBas,Opp Kampung Batu Hampar,Opp Kampung Batu Hampar Bus Stop,2.2257,102.26342,08:04:00,,,
Melaka Sentral - Jasin,myBas,International College Of Yayasan Melaka/,International College Of Yayasan Melaka/ Bus Stop,2.22699,102.26662,08:06:00,,,
Melaka Sentral - Jasin,myBas,Taman Sentosa Melaka,Taman Sentosa Melaka Bus Stop,2.23042,102.27573,08:08:00,,,
Melaka Sentral - Jasin,myBas,Aeon Ayer Keroh,Aeon Ayer Keroh Bus Stop,2.23296,102.28259,08:10:00,,,
Melaka Sentral - Jasin,myBas,Kompleks Mahkamah Melaka,Kompleks Mahkamah Melaka Bus Stop,2.23487,102.28512,08:12:00,,,
Melaka Sentral - Jasin,myBas,Pantai Hospital Meaka,Pantai Hospital Meaka Bus Stop,2.2371,102.28748,08:14:00,,,
Melaka Sentral - Jasin,myBas,Makmal Perubatan Pantai,Makmal Perubatan Pantai Bus Stop,2.23848,102.28888,08:16:00,,,
Melaka Sentral - Jasin,myBas,SMS Muzaffar Shah,SMS Muzaffar Shah Bus Stop,2.24358,102.29075,08:18:00,,,
Melaka Sentral - Jasin,myBas,Mamee Ayer Keroh,Mamee Ayer Keroh Bus Stop,2.24694,102.29239,08:20:00,,,
Melaka Sentral - Jasin,myBas,Rumah Pangsa Murni,Rumah Pangsa Murni Bus Stop,2.25112,102.29164,08:22:00,,,
Melaka Sentral - Jasin,myBas,Ayer Keroh Heights,Ayer Keroh Heights Bus Stop,2.2547,102.29167,08:24:00,,,
Melaka Sentral - Jasin,myBas,Opp Ampang Steel,Opp Ampang Steel Bus Stop,2.25758,102.2917,08:25:00,,,
Melaka Sentral - Jasin,myBas,Dewan Kasturi Ayer Keroh,Dewan Kasturi Ayer Keroh Bus Stop,2.25927,102.29173,08:26:00,,,
Melaka Sentral - Jasin,myBas,Mydin Ayer Keroh,Mydin Ayer Keroh Bus Stop,2.2688,102.29305,08:27:00,,,
Melaka Sentral - Jasin,myBas,Opp World Youth Foundation,Opp World Youth Foundation Bus Stop,2.26864,102.2956,08:28:00,,,
Melaka Sentral - Jasin,myBas,Taman Seribu Bunga,Taman Seribu Bunga Bus Stop,2.26652,102.29766,08:29:00,,,
Melaka Sentral - Jasin,myBas,Seri Negeri,Seri Negeri Bus Stop,2.26523,102.30071,08:30:00,,,
Melaka Sentral - Jasin,myBas,Opp Taman Hang Tuah,Opp Taman Hang Tuah Bus Stop,2.26762,102.30662,08:31:00,,,
Melaka Sentral - Jasin,myBas,Melaka Golf & Country Club,Melaka Golf & Country Club Bus Stop,2.26869,102.32047,08:32:00,,,
Melaka Sentral - Jasin,myBas,Opp Kampung Gapam,Opp Kampung Gapam Bus Stop,2.27497,102.32977,08:33:00,,,
Melaka Sentral - Jasin,myBas,Durable Farm & Resort Bemban,Durable Farm & Resort Bemban Bus Stop,2.27601,102.35444,08:34:00,,,
Melaka Sentral - Jasin,myBas,Anjung Gapam,Anjung Gapam Bus Stop,2.27487,102.36219,08:35:00,,,
Melaka Sentral - Jasin,myBas,Masjid Nurul Iman,Masjid Nurul Iman Bus Stop,2.27291,102.36701,08:36:00,,,
Melaka Sentral - Jasin,myBas,SK Sri Bemban,SK Sri Bemban Bus Stop,2.26954,102.37468,08:37:00,,,
Melaka Sentral - Jasin,myBas,Kompleks Japerun Bemban,Kompleks Japerun Bemban Bus Stop,2.2706,102.37648,08:38:00,,,
Melaka Sentral - Jasin,myBas,SMK Seri Bemban,SMK Seri Bemban Bus Stop,2.27211,102.37683,08:39:00,,,
Melaka Sentral - Jasin,myBas,Taman Bemban,Taman Bemban Bus Stop,2.27616,102.37779,08:40:00,,,
Melaka Sentral - Jasin,myBas,Kampung Bemban,Kampung Bemban Bus Stop,2.28377,102.37463,08:41:00,,,
Melaka Sentral - Jasin,myBas,Kampung Ayer Panas,Kampung Ayer Panas Bus Stop,2.28891,102.37631,08:42:00,,,
Melaka Sentral - Jasin,myBas,Taman Kesang Jaya,Taman Kesang Jaya Bus Stop,2.31176,102.39031,08:43:00,,,
Melaka Sentral - Jasin,myBas,Kesang Damai,Kesang Damai Bus Stop,2.31414,102.3942,08:44:00,,,
Melaka Sentral - Jasin,myBas,Kampung Kesang Jaya,Kampung Kesang Jaya Bus Stop,2.31517,102.3963,08:45:00,,,
Melaka Sentral - Jasin,myBas,Sk Kesang Tua,Sk Kesang Tua Bus Stop,2.31717,102.39793,08:46:00,,,
Melaka Sentral - Jasin,myBas,Masjid Al Barakah Kampung Kesang Luar,Masjid Al Barakah Kampung Kesang Luar Bus Stop,2.31852,102.40321,08:47:00,,,
Melaka Sentral - Jasin,myBas,Kampung Kesang Luar,Kampung Kesang Luar Bus Stop,2.31786,102.40535,08:48:00,,,
Melaka Sentral - Jasin,myBas,Kampung Ayer Perah,Kampung Ayer Perah Bus Stop,2.31514,102.40902,08:49:00,,,
Melaka Sentral - Jasin,myBas,Kampung Ayer Perah 2,Kampung Ayer Perah 2 Bus Stop,2.31339,102.41021,08:50:00,,,
Melaka Sentral - Jasin,myBas,Kampung Air Barok 1,Kampung Air Barok 1 Bus Stop,2.31178,102.41755,08:51:00,,,
Melaka Sentral - Jasin,myBas,Kampung Air Barok 2,Kampung Air Barok 2 Bus Stop,2.31168,102.42221,08:52:00,,,
Melaka Sentral - Jasin,myBas,Bulatan Kampung Air Barok,Bulatan Kampung Air Barok Bus Stop,2.31039,102.42776,08:53:00,,,
Melaka Sentral - Jasin,myBas,Terminal Jasin Sentral,Terminal Jasin Sentral Bus Stop,2.31327,102.43113,08:54:00,,,
Melaka Sentral - Jasin,myBas,Kampung Gapam,Kampung Gapam Bus Stop,2.27523,102.33066,06:21:00,,,
Melaka Sentral - Jasin,myBas,Opp Melaka Golf & Country Club,Opp Melaka Golf & Country Club Bus Stop,2.26863,102.32056,06:22:00,,,
Melaka Sentral - Jasin,myBas,Taman Hang Tuah,Taman Hang Tuah Bus Stop,2.26743,102.30652,06:23:00,,,
Melaka Sentral - Jasin,myBas,Opp Seri Negeri,Opp Seri Negeri Bus Stop,2.26515,102.30057,06:24:00,,,
Melaka Sentral - Jasin,myBas,Opp Taman Seribu Bunga,Opp Taman Seribu Bunga Bus Stop,2.2665,102.29753,06:25:00,,,
Melaka Sentral - Jasin,myBas,World Youth Foundation,World Youth Foundation Bus Stop,2.26867,102.29548,06:26:00,,,
Melaka Sentral - Jasin,myBas,Opp Mydin Ayer Keroh,Opp Mydin Ayer Keroh Bus Stop,2.26837,102.29307,06:27:00,,,
Melaka Sentral - Jasin,myBas,Opp Dewan Kasturi Ayer Keroh,Opp Dewan Kasturi Ayer Keroh Bus Stop,2.25933,102.29185,06:28:00,,,
Melaka Sentral - Jasin,myBas,Ampang Steel,Ampang Steel Bus Stop,2.25755,102.29181,06:29:00,,,
Melaka Sentral - Jasin,myBas,Opp Ayer Keroh Heights,Opp Ayer Keroh Heights Bus Stop,2.25476,102.29179,06:30:00,,,
Melaka Sentral - Jasin,myBas,Opp Rumah Pangsa Murni,Opp Rumah Pangsa Murni Bus Stop,2.25103,102.29176,06:31:00,,,
Melaka Sentral - Jasin,myBas,Opp Mamee Ayer Keroh,Opp Mamee Ayer Keroh Bus Stop,2.24696,102.29249,06:32:00,,,
Melaka Sentral - Jasin,myBas,Opp SMS Muzaffar Shah,Opp SMS Muzaffar Shah Bus Stop,2.24359,102.2909,06:33:00,,,
Melaka Sentral - Jasin,myBas,Opp Makmal Perubatan Pantai,Opp Makmal Perubatan Pantai Bus Stop,2.23833,102.28887,06:35:00,,,
Melaka Sentral - Jasin,myBas,Opp Pantai Hospital Melaka,Opp Pantai Hospital Melaka Bus Stop,2.23707,102.2876,06:37:00,,,
Melaka Sentral - Jasin,myBas,Opp Kompleks Mahkamah Melaka,Opp Kompleks Mahkamah Melaka Bus Stop,2.23489,102.28528,06:39:00,,,
Melaka Sentral - Jasin,myBas,Opp Aeon Ayer Keroh,Opp Aeon Ayer Keroh Bus Stop,2.23288,102.28268,06:41:00,,,
Melaka Sentral - Jasin,myBas,Opp Taman Sentosa Melaka,Opp Taman Sentosa Melaka Bus Stop,2.23034,102.27566,06:43:00,,,
Melaka Sentral - Jasin,myBas,Opp International College Of Yayasan Mel,Opp International College Of Yayasan Mel Bus Stop,2.22695,102.26674,06:45:00,,,
Melaka Sentral - Jasin,myBas,Kampung Batu Hampar,Kampung Batu Hampar Bus Stop,2.22557,102.26375,06:47:00,,,
Melaka Sentral - Jasin,myBas,Hospital Melaka,Hospital Melaka Bus Stop,2.21716,102.2603,06:49:00,,,
Jasin - Taman Seri Asahan,myBas,Terminal Jasin Sentral,Terminal Jasin Sentral Bus Stop,2.31327,102.43113,07:00:00,,,
Jasin - Taman Seri Asahan,myBas,Sjk(C) Yu Hsien,Sjk(C) Yu Hsien Bus Stop,2.31357,102.43363,07:02:00,,,
Jasin - Taman Seri Asahan,myBas,Masjid At Taqwa Kampung Rim,Masjid At Taqwa Kampung Rim Bus Stop,2.31131,102.44062,07:04:00,,,
Jasin - Taman Seri Asahan,myBas,Kampung Rim,Kampung Rim Bus Stop,2.30934,102.44553,07:06:00,,,
Jasin - Taman Seri Asahan,myBas,Dodol Warisan Abah Taman Rim,Dodol Warisan Abah Taman Rim Bus Stop,2.31176,102.44714,07:08:00,,,
Jasin - Taman Seri Asahan,myBas,Kastu Car Wash Taman Rim,Kastu Car Wash Taman Rim Bus Stop,2.31509,102.45154,07:10:00,,,
Jasin - Taman Seri Asahan,myBas,SJK (C) Pay Chuin,SJK (C) Pay Chuin Bus Stop,2.31758,102.45604,07:12:00,,,
Jasin - Taman Seri Asahan,myBas,Bukit Katong,Bukit Katong Bus Stop,2.31977,102.46066,07:14:00,,,
Jasin - Taman Seri Asahan,myBas,Taman Jarim Jaya,Taman Jarim Jaya Bus Stop,2.3228,102.46514,07:16:00,,,
Jasin - Taman Seri Asahan,myBas,Sime Darby Plantation Jasin,Sime Darby Plantation Jasin Bus Stop,2.32309,102.48341,07:18:00,,,
Jasin - Taman Seri Asahan,myBas,Tanah Perkuburan Kristian,Tanah Perkuburan Kristian Bus Stop,2.32791,102.48975,07:20:00,,,
Jasin - Taman Seri Asahan,myBas,Pondak Polis Chabau,Pondak Polis Chabau Bus Stop,2.33388,102.50516,07:22:00,,,
Jasin - Taman Seri Asahan,myBas,Green One/Kampung Betis,Green One/Kampung Betis Bus Stop,2.33526,102.50671,07:24:00,,,
Jasin - Taman Seri Asahan,myBas,Masjid Al Hidayah,Masjid Al Hidayah Bus Stop,2.34711,102.5076,07:26:00,,,
Jasin - Taman Seri Asahan,myBas,Chabau Estate,Chabau Estate Bus Stop,2.34875,102.50836,07:28:00,,,
Jasin - Taman Seri Asahan,myBas,Kampung Baru Parit Keliling,Kampung Baru Parit Keliling Bus Stop,2.3594,102.5016,07:30:00,,,
Jasin - Taman Seri Asahan,myBas,Simpang Parit Keliling,Simpang Parit Keliling Bus Stop,2.35308,102.50995,07:32:00,,,
Jasin - Taman Seri Asahan,myBas,Selera Simpang Bekoh,Selera Simpang Bekoh Bus Stop,2.35675,102.51163,07:34:00,,,
Jasin - Taman Seri Asahan,myBas,Klinik Kesihatan Simpang Bekoh,Klinik Kesihatan Simpang Bekoh Bus Stop,2.35842,102.51197,07:36:00,,,
Jasin - Taman Seri Asahan,myBas,Sjk(C) Simpang Bekoh,Sjk(C) Simpang Bekoh Bus Stop,2.35903,102.51206,07:38:00,,,
Jasin - Taman Seri Asahan,myBas,Simpang Bekoh,Simpang Bekoh Bus Stop,2.35982,102.51217,07:40:00,,,
Jasin - Taman Seri Asahan,myBas,Taman Kasturi,Taman Kasturi Bus Stop,2.36579,102.51541,07:42:00,,,
Jasin - Taman Seri Asahan,myBas,Surau Kampung Sungai Dua,Surau Kampung Sungai Dua Bus Stop,2.36719,102.52544,07:44:00,,,
Jasin - Taman Seri Asahan,myBas,Wemstar,Wemstar Bus Stop,2.37283,102.53267,07:46:00,,,
Jasin - Taman Seri Asahan,myBas,TK Tani,TK Tani Bus Stop,2.38524,102.53715,07:48:00,,,
Jasin - Taman Seri Asahan,myBas,Kampung Bukit Asahan,Kampung Bukit Asahan Bus Stop,2.38833,102.53766,07:50:00,,,
Jasin - Taman Seri Asahan,myBas,Rtc Asahan,Rtc Asahan Bus Stop,2.39257,102.54494,07:52:00,,,
Jasin - Taman Seri Asahan,myBas,Pejabat Pos Asahan,Pejabat Pos Asahan Bus Stop,2.39345,102.54741,07:54:00,,,
Jasin - Taman Seri Asahan,myBas,Taman Gunung Asahan,Taman Gunung Asahan Bus Stop,2.39509,102.55097,07:56:00,,,
Jasin - Taman Seri Asahan,myBas,Masjid Kariah Asahan,Masjid Kariah Asahan Bus Stop,2.39575,102.554,07:58:00,,,
Jasin - Taman Seri Asahan,myBas,Taman Seri Asahan,Taman Seri Asahan Bus Stop,2.39999,102.56399,08:00:00,,,
TERMINAL1 - POLITEKNIK NILAI,myBas,TERMINAL ONE,TERMINAL ONE Bus Stop,2.72153619,101.93721414,06:00:00,,,
TERMINAL1 - POLITEKNIK NILAI,myBas,KM PLAZA,KM PLAZA Bus Stop,2.7228809,101.9376292,06:01:00,,,
TERMINAL1 - POLITEKNIK NILAI,myBas,ERA BARU,ERA BARU Bus Stop,2.72578659,101.92982199,06:02:00,,,
TERMINAL1 - POLITEKNIK NILAI,myBas,TMN KOOP,TMN KOOP Bus Stop,2.72545315,101.92792296,06:03:00,,,
TERMINAL1 - POLITEKNIK NILAI,myBas,SPG TMN AST,SPG TMN AST Bus Stop,2.7236581,101.92737043,06:04:00,,,
TERMINAL1 - POLITEKNIK NILAI,myBas,PALM MALL,PALM MALL Bus Stop,2.72060383,101.92205429,06:05:00,,,
TERMINAL1 - POLITEKNIK NILAI,myBas,MUZIUM NEGERI,MUZIUM NEGERI Bus Stop,2.71833724,101.92027867,06:06:00,,,
TERMINAL1 - POLITEKNIK NILAI,myBas,AEON SEREMBAN 2,AEON SEREMBAN 2 Bus Stop,2.69906834,101.91109478,06:07:00,,,
TERMINAL1 - POLITEKNIK NILAI,myBas,UPTOWN S2,UPTOWN S2 Bus Stop,2.69592648,101.90844021,06:08:00,,,
TERMINAL1 - POLITEKNIK NILAI,myBas,SPG MYDIN SEREMBAN,SPG MYDIN SEREMBAN Bus Stop,2.69414614,101.90571375,06:09:00,,,
TERMINAL1 - POLITEKNIK NILAI,myBas,MCD SEREMBAN 2,MCD SEREMBAN 2 Bus Stop,2.69131588,101.90562167,06:10:00,,,
TERMINAL1 - POLITEKNIK NILAI,myBas,SURAU AT TAQWA,SURAU AT TAQWA Bus Stop,2.68972491,101.90571846,06:11:00,,,
TERMINAL1 - POLITEKNIK NILAI,myBas,FAMILY STORE,FAMILY STORE Bus Stop,2.68339351,101.90369122,06:12:00,,,
TERMINAL1 - POLITEKNIK NILAI,myBas,SK WAWASAN SEREMBAN2,SK WAWASAN SEREMBAN2 Bus Stop,2.67976097,101.90297917,06:13:00,,,
TERMINAL1 - POLITEKNIK NILAI,myBas,GARDEN AVENUE,GARDEN AVENUE Bus Stop,2.67683589,101.90289161,06:14:00,,,
TERMINAL1 - POLITEKNIK NILAI,myBas,AKADEMI MEMANDU RDS,AKADEMI MEMANDU RDS Bus Stop,2.67681992,101.89297012,06:15:00,,,
TERMINAL1 - POLITEKNIK NILAI,myBas,NUSARI BAYU 3,NUSARI BAYU 3 Bus Stop,2.67608566,101.87544823,06:16:00,,,
TERMINAL1 - POLITEKNIK NILAI,myBas,NUSARI BUSINES CENTER,NUSARI BUSINES CENTER Bus Stop,2.66866659,101.87480319,06:17:00,,,
TERMINAL1 - POLITEKNIK NILAI,myBas,SJKC KG PARIT TINGGI,SJKC KG PARIT TINGGI Bus Stop,2.66570223,101.87460581,06:18:00,,,
TERMINAL1 - POLITEKNIK NILAI,myBas,NUSARI BAYU 2B,NUSARI BAYU 2B Bus Stop,2.66352699,101.87898634,06:19:00,,,
TERMINAL1 - POLITEKNIK NILAI,myBas,SMK BANDAR BARU SENDAYAN,SMK BANDAR BARU SENDAYAN Bus Stop,2.66352512,101.88351631,06:20:00,,,
TERMINAL1 - POLITEKNIK NILAI,myBas,NUSARI BAYU 1,NUSARI BAYU 1 Bus Stop,2.66333663,101.8869725,06:21:00,,,
TERMINAL1 - POLITEKNIK NILAI,myBas,TMN SENDAYAN INDAH,TMN SENDAYAN INDAH Bus Stop,2.65716441,101.88040494,06:22:00,,,
TERMINAL1 - POLITEKNIK NILAI,myBas,SEK KEB JIMAH BARU,SEK KEB JIMAH BARU Bus Stop,2.66086188,101.86674714,06:23:00,,,
TERMINAL1 - POLITEKNIK NILAI,myBas,SPG KG JIMAH LAMA,SPG KG JIMAH LAMA Bus Stop,2.66766513,101.8531882,06:24:00,,,
TERMINAL1 - POLITEKNIK NILAI,myBas,KG SENDAYAN,KG SENDAYAN Bus Stop,2.66977935,101.85081798,06:25:00,,,
TERMINAL1 - POLITEKNIK NILAI,myBas,SMK SENDAYAN,SMK SENDAYAN Bus Stop,2.67156341,101.84583376,06:26:00,,,
TERMINAL1 - POLITEKNIK NILAI,myBas,BGN KOPERASI WANITA SENDAYAN,BGN KOPERASI WANITA SENDAYAN Bus Stop,2.6733994,101.84371186,06:27:00,,,
TERMINAL1 - POLITEKNIK NILAI,myBas,PONDOK POLIS SENDAYAN,PONDOK POLIS SENDAYAN Bus Stop,2.67452596,101.8483969,06:28:00,,,
TERMINAL1 - POLITEKNIK NILAI,myBas,KLINIK KESIHATAN SENDAYAN,KLINIK KESIHATAN SENDAYAN Bus Stop,2.6793651,101.84705436,06:29:00,,,
TERMINAL1 - POLITEKNIK NILAI,myBas,TMN GADONG INDAH,TMN GADONG INDAH Bus Stop,2.69642126,101.8344748,06:30:00,,,
TERMINAL1 - POLITEKNIK NILAI,myBas,TMN GADONG JAYA,TMN GADONG JAYA Bus Stop,2.70120637,101.83179259,06:31:00,,,
TERMINAL1 - POLITEKNIK NILAI,myBas,SPG TMN EKA MATAHARI,SPG TMN EKA MATAHARI Bus Stop,2.70191379,101.79793986,06:32:00,,,
TERMINAL1 - POLITEKNIK NILAI,myBas,TMN EKA MATAHARI,TMN EKA MATAHARI Bus Stop,2.69588005,101.79749787,06:33:00,,,
TERMINAL1 - POLITEKNIK NILAI,myBas,SPG LBJ,SPG LBJ Bus Stop,2.72116849,101.78763051,06:34:00,,,
TERMINAL1 - POLITEKNIK NILAI,myBas,POLITEKNIK NILAI,POLITEKNIK NILAI Bus Stop,2.72208554,101.79387539,06:35:00,,,
TERMINAL1 - POLITEKNIK NILAI,myBas,INT PENDIDIKAN GURU,INT PENDIDIKAN GURU Bus Stop,2.72776897,101.7987993,06:36:00,,,
TERMINAL1 - POLITEKNIK NILAI,myBas,INT AMINUDIN BAKI TKC,INT AMINUDIN BAKI TKC Bus Stop,2.72817815,101.79348046,06:37:00,,,
TERMINAL1 - POLITEKNIK NILAI,myBas,PENCAWANG TNB,PENCAWANG TNB Bus Stop,2.72951147,101.78984898,06:38:00,,,
NILAI SENTRAL - KLIA,myBas,NILAI SENTRAL,NILAI SENTRAL Bus Stop,2.80220369,101.79846883,04:45:00,,,
NILAI SENTRAL - KLIA,myBas,KG BARU NILAI,KG BARU NILAI Bus Stop,2.80494162,101.80064678,04:46:00,,,
NILAI SENTRAL - KLIA,myBas,CALTEX,CALTEX Bus Stop,2.80988168,101.80473447,04:47:00,,,
NILAI SENTRAL - KLIA,myBas,TMN DESA INDAH,TMN DESA INDAH Bus Stop,2.81208277,101.79905393,04:48:00,,,
NILAI SENTRAL - KLIA,myBas,TMN DESA JASMIN,TMN DESA JASMIN Bus Stop,2.80659152,101.79003924,04:49:00,,,
NILAI SENTRAL - KLIA,myBas,TMN JASMIN 2,TMN JASMIN 2 Bus Stop,2.80522348,101.78709832,04:50:00,,,
NILAI SENTRAL - KLIA,myBas,TMN DESA CEMPAKA,TMN DESA CEMPAKA Bus Stop,2.80427623,101.77168616,04:51:00,,,
NILAI SENTRAL - KLIA,myBas,CHEMPAKA MALL,CHEMPAKA MALL Bus Stop,2.80288032,101.767236,04:52:00,,,
NILAI SENTRAL - KLIA,myBas,PENCAWANG TNB,PENCAWANG TNB Bus Stop,2.80086866,101.75966783,04:53:00,,,
NILAI SENTRAL - KLIA,myBas,TMN PUTRA NILAI,TMN PUTRA NILAI Bus Stop,2.80550957,101.75669074,04:54:00,,,
NILAI SENTRAL - KLIA,myBas,KOLEJ INTI,KOLEJ INTI Bus Stop,2.81303752,101.757254,04:55:00,,,
NILAI SENTRAL - KLIA,myBas,STARZ VALLEY RESIDENCE,STARZ VALLEY RESIDENCE Bus Stop,2.81105256,101.75666504,04:56:00,,,
NILAI SENTRAL - KLIA,myBas,KOMP DAERAH SEPANG,KOMP DAERAH SEPANG Bus Stop,2.8103639,101.74442232,04:57:00,,,
NILAI SENTRAL - KLIA,myBas,SMK SERI SEPANG,SMK SERI SEPANG Bus Stop,2.8110817,101.74042518,04:58:00,,,
NILAI SENTRAL - KLIA,myBas,BDR BARU SALAK TINGGI,BDR BARU SALAK TINGGI Bus Stop,2.81110865,101.73878968,04:59:00,,,
NILAI SENTRAL - KLIA,myBas,MEDAN SELERA SALAK TINGGI,MEDAN SELERA SALAK TINGGI Bus Stop,2.80793673,101.73527062,05:00:00,,,
NILAI SENTRAL - KLIA,myBas,KILANG WRP,KILANG WRP Bus Stop,2.80570824,101.73083129,05:01:00,,,
NILAI SENTRAL - KLIA,myBas,IKTBN,IKTBN Bus Stop,2.80571853,101.71815276,05:02:00,,,
NILAI SENTRAL - KLIA,myBas,SPG KOTA WARISAN,SPG KOTA WARISAN Bus Stop,2.80510236,101.69605672,05:03:00,,,
NILAI SENTRAL - KLIA,myBas,KLIA 1 2,KLIA 1 2 Bus Stop,2.75465032,101.70201218,05:04:00,,,
NILAI SENTRAL - KLIA,myBas,KLIA2,KLIA2 Bus Stop,2.74548785,101.68499529,05:05:00,,,
NILAI SENTRAL - KLIA,myBas,TMN AWAM NILAI,TMN AWAM NILAI Bus Stop,2.8065267,101.7775389,06:20:00,,,
TERMINAL1 - NILAI SENTRAL,myBas,TERMINAL ONE,TERMINAL ONE Bus Stop,2.72153619,101.93721414,06:00:00,,,
TERMINAL1 - NILAI SENTRAL,myBas,DEWAN PERBANDARAN SEREMBAN,DEWAN PERBANDARAN SEREMBAN Bus Stop,2.72349735,101.94098532,06:01:00,,,
TERMINAL1 - NILAI SENTRAL,myBas,TMN KOOP,TMN KOOP Bus Stop,2.72545315,101.92792296,06:02:00,,,
TERMINAL1 - NILAI SENTRAL,myBas,RUMAH PANGSA MANICKAVASAGAM/FLAT LOBAK,RUMAH PANGSA MANICKAVASAGAM/FLAT LOBAK Bus Stop,2.72939911,101.93079731,06:03:00,,,
TERMINAL1 - NILAI SENTRAL,myBas,SJKT LOBAK,SJKT LOBAK Bus Stop,2.73101328,101.93154537,06:04:00,,,
TERMINAL1 - NILAI SENTRAL,myBas,RUMAH PANGSA TUN DR ISMAIL,RUMAH PANGSA TUN DR ISMAIL Bus Stop,2.73589032,101.93236844,06:05:00,,,
TERMINAL1 - NILAI SENTRAL,myBas,NSCMH MEDICAL CENTRE,NSCMH MEDICAL CENTRE Bus Stop,2.73716645,101.93079293,06:06:00,,,
TERMINAL1 - NILAI SENTRAL,myBas,TMN SENTOSA,TMN SENTOSA Bus Stop,2.7385631,101.928539,06:07:00,,,
TERMINAL1 - NILAI SENTRAL,myBas,TMN DAWN,TMN DAWN Bus Stop,2.74100834,101.92356169,06:08:00,,,
TERMINAL1 - NILAI SENTRAL,myBas,TMN BKT MIKA,TMN BKT MIKA Bus Stop,2.74536997,101.91992462,06:09:00,,,
TERMINAL1 - NILAI SENTRAL,myBas,TMN BKT DESA,TMN BKT DESA Bus Stop,2.7508207,101.9194967,06:10:00,,,
TERMINAL1 - NILAI SENTRAL,myBas,KG BELIHOI,KG BELIHOI Bus Stop,2.768408,101.908651,06:11:00,,,
TERMINAL1 - NILAI SENTRAL,myBas,PEJABAT PERHUTANAN,PEJABAT PERHUTANAN Bus Stop,2.79794406,101.91998363,06:12:00,,,
TERMINAL1 - NILAI SENTRAL,myBas,BATU 8 JALAN BESAR,BATU 8 JALAN BESAR Bus Stop,2.80497266,101.91841305,06:13:00,,,
TERMINAL1 - NILAI SENTRAL,myBas,KILANG YAMAKOH,KILANG YAMAKOH Bus Stop,2.80716717,101.91753022,06:14:00,,,
TERMINAL1 - NILAI SENTRAL,myBas,TMN ASOKA,TMN ASOKA Bus Stop,2.81580758,101.9073987,06:15:00,,,
TERMINAL1 - NILAI SENTRAL,myBas,TMN BUNGA RAYA,TMN BUNGA RAYA Bus Stop,2.8188616,101.90290332,06:16:00,,,
TERMINAL1 - NILAI SENTRAL,myBas,SEK KEB CINA MANTIN,SEK KEB CINA MANTIN Bus Stop,2.82148371,101.89832147,06:17:00,,,
TERMINAL1 - NILAI SENTRAL,myBas,PEKAN MANTIN,PEKAN MANTIN Bus Stop,2.82345135,101.89378805,06:18:00,,,
TERMINAL1 - NILAI SENTRAL,myBas,TMN GADING JAYA,TMN GADING JAYA Bus Stop,2.82346405,101.89193845,06:19:00,,,
TERMINAL1 - NILAI SENTRAL,myBas,TMN TONG SENG,TMN TONG SENG Bus Stop,2.82552148,101.88677788,06:20:00,,,
TERMINAL1 - NILAI SENTRAL,myBas,SEK KEB MANTIN,SEK KEB MANTIN Bus Stop,2.82660914,101.88350021,06:21:00,,,
TERMINAL1 - NILAI SENTRAL,myBas,DESA PINGGIRAN BAYU,DESA PINGGIRAN BAYU Bus Stop,2.82841473,101.87935292,06:22:00,,,
TERMINAL1 - NILAI SENTRAL,myBas,BT 12 KG GEBOK,BT 12 KG GEBOK Bus Stop,2.82926266,101.87713296,06:23:00,,,
TERMINAL1 - NILAI SENTRAL,myBas,KOLEJ LEGENDA,KOLEJ LEGENDA Bus Stop,2.82176023,101.87024474,06:24:00,,,
TERMINAL1 - NILAI SENTRAL,myBas,MASJID KG GEBOK,MASJID KG GEBOK Bus Stop,2.83487901,101.86328173,06:25:00,,,
TERMINAL1 - NILAI SENTRAL,myBas,KG GEBOK BT15,KG GEBOK BT15 Bus Stop,2.83720164,101.85971439,06:26:00,,,
TERMINAL1 - NILAI SENTRAL,myBas,TMN ANGGERIK PAJAM,TMN ANGGERIK PAJAM Bus Stop,2.8411075,101.8537277,06:27:00,,,
TERMINAL1 - NILAI SENTRAL,myBas,SJKT TUN SAMBANTH,SJKT TUN SAMBANTH Bus Stop,2.8437489,101.84991896,06:28:00,,,
TERMINAL1 - NILAI SENTRAL,myBas,BALAI POLIS PAJAM,BALAI POLIS PAJAM Bus Stop,2.84456329,101.84895337,06:29:00,,,
TERMINAL1 - NILAI SENTRAL,myBas,PKN PAJAM,PKN PAJAM Bus Stop,2.84575272,101.84731722,06:30:00,,,
TERMINAL1 - NILAI SENTRAL,myBas,TMN MULIA PAJAM,TMN MULIA PAJAM Bus Stop,2.84588131,101.84344411,06:31:00,,,
TERMINAL1 - NILAI SENTRAL,myBas,MASJID BATANG BENAR,MASJID BATANG BENAR Bus Stop,2.84433291,101.82717383,06:32:00,,,
TERMINAL1 - NILAI SENTRAL,myBas,KG SG MAHANG,KG SG MAHANG Bus Stop,2.84124353,101.828129,06:33:00,,,
TERMINAL1 - NILAI SENTRAL,myBas,KTM BATANG BENAR,KTM BATANG BENAR Bus Stop,2.82997389,101.82703435,06:34:00,,,
TERMINAL1 - NILAI SENTRAL,myBas,CIMB TAMAN SEMARAK,CIMB TAMAN SEMARAK Bus Stop,2.82000284,101.81719601,06:35:00,,,
TERMINAL1 - NILAI SENTRAL,myBas,SEK MEN TMN SEMARAK,SEK MEN TMN SEMARAK Bus Stop,2.82179238,101.81554914,06:36:00,,,
TERMINAL1 - NILAI SENTRAL,myBas,BLOK5 JLN SEMARAK,BLOK5 JLN SEMARAK Bus Stop,2.82345333,101.81435823,06:37:00,,,
TERMINAL1 - NILAI SENTRAL,myBas,BLOK 7 JLN SEMARAK,BLOK 7 JLN SEMARAK Bus Stop,2.82341,101.81229666,06:38:00,,,
TERMINAL1 - NILAI SENTRAL,myBas,SEK KEB TMN SEMARAK,SEK KEB TMN SEMARAK Bus Stop,2.82046362,101.81154191,06:39:00,,,
TERMINAL1 - NILAI SENTRAL,myBas,NILAI SQUARE,NILAI SQUARE Bus Stop,2.81730244,101.81501806,06:40:00,,,
TERMINAL1 - NILAI SENTRAL,myBas,SHELL TMN SEMARAK,SHELL TMN SEMARAK Bus Stop,2.81525035,101.81317806,06:41:00,,,
TERMINAL1 - NILAI SENTRAL,myBas,TMN SEMARAK,TMN SEMARAK Bus Stop,2.81424306,101.81079626,06:42:00,,,
TERMINAL1 - NILAI SENTRAL,myBas,PASAR AWAM NILAI,PASAR AWAM NILAI Bus Stop,2.81378227,101.80939078,06:43:00,,,
TERMINAL1 - NILAI SENTRAL,myBas,KG BARU NILAI,KG BARU NILAI Bus Stop,2.80494162,101.80064678,06:44:00,,,
TERMINAL1 - NILAI SENTRAL,myBas,NILAI SENTRAL,NILAI SENTRAL Bus Stop,2.80220369,101.79846882,06:45:00,,,
TERMINAL1 - NILAI SENTRAL,myBas,TMN AST,TMN AST Bus Stop,2.7240439,101.92744553,06:44:00,,,
NILAI SENTRAL - NILAI 3,myBas,NILAI SENTRAL,NILAI SENTRAL Bus Stop,2.80220369,101.79846882,06:30:00,,,
NILAI SENTRAL - NILAI 3,myBas,KG BARU NILAI,KG BARU NILAI Bus Stop,2.80494162,101.80064678,06:31:00,,,
NILAI SENTRAL - NILAI 3,myBas,CALTEX,CALTEX Bus Stop,2.80988168,101.80473447,06:32:00,,,
NILAI SENTRAL - NILAI 3,myBas,TMN DESA INDAH,TMN DESA INDAH Bus Stop,2.81181649,101.80071652,06:33:00,,,
NILAI SENTRAL - NILAI 3,myBas,WISMA BBN,WISMA BBN Bus Stop,2.81219632,101.79472446,06:34:00,,,
NILAI SENTRAL - NILAI 3,myBas,GIANT NILAI 1,GIANT NILAI 1 Bus Stop,2.81315004,101.79150581,06:35:00,,,
NILAI SENTRAL - NILAI 3,myBas,TESCO NILAI,TESCO NILAI Bus Stop,2.8157915,101.79181159,06:36:00,,,
NILAI SENTRAL - NILAI 3,myBas,SUTERA INDAH APARTMENT 1,SUTERA INDAH APARTMENT 1 Bus Stop,2.81829366,101.79264843,06:37:00,,,
NILAI SENTRAL - NILAI 3,myBas,NILAI SQUARE,NILAI SQUARE Bus Stop,2.82131553,101.79110885,06:38:00,,,
NILAI SENTRAL - NILAI 3,myBas,EMERSON,EMERSON Bus Stop,2.82017965,101.80527091,06:39:00,,,
NILAI SENTRAL - NILAI 3,myBas,SKF,SKF Bus Stop,2.81842225,101.80630088,06:40:00,,,
NILAI SENTRAL - NILAI 3,myBas,TMN SEMARAK,TMN SEMARAK Bus Stop,2.81424306,101.81079626,06:41:00,,,
NILAI SENTRAL - NILAI 3,myBas,SHELL TMN SEMARAK,SHELL TMN SEMARAK Bus Stop,2.81525035,101.81317806,06:42:00,,,
NILAI SENTRAL - NILAI 3,myBas,NILAI SQUARE TAMAN SEMARAK,NILAI SQUARE TAMAN SEMARAK Bus Stop,2.81746854,101.81494231,06:43:00,,,
NILAI SENTRAL - NILAI 3,myBas,SEK KEB TMN SEMARAK,SEK KEB TMN SEMARAK Bus Stop,2.82046362,101.81154191,06:44:00,,,
NILAI SENTRAL - NILAI 3,myBas,BLOK 7 JLN SEMARAK,BLOK 7 JLN SEMARAK Bus Stop,2.82341,101.81229666,06:45:00,,,
NILAI SENTRAL - NILAI 3,myBas,BLOK5 JLN SEMARAK,BLOK5 JLN SEMARAK Bus Stop,2.82345333,101.81435823,06:46:00,,,
NILAI SENTRAL - NILAI 3,myBas,SEK MEN TMN SEMARAK,SEK MEN TMN SEMARAK Bus Stop,2.82179238,101.81554914,06:47:00,,,
NILAI SENTRAL - NILAI 3,myBas,CIMB TAMAN SEMARAK,CIMB TAMAN SEMARAK Bus Stop,2.81997069,101.81723356,06:48:00,,,
NILAI SENTRAL - NILAI 3,myBas,HYTECH,HYTECH Bus Stop,2.83588167,101.819045,06:49:00,,,
NILAI SENTRAL - NILAI 3,myBas,NILAI IMPIAN,NILAI IMPIAN Bus Stop,2.843025,101.81409333,06:50:00,,,
NILAI SENTRAL - NILAI 3,myBas,KAW PERINDUSTRIAN NILAI 7,KAW PERINDUSTRIAN NILAI 7 Bus Stop,2.84571522,101.814031,06:51:00,,,
NILAI SENTRAL - NILAI 3,myBas,NILAI 3 STREET MALL,NILAI 3 STREET MALL Bus Stop,2.85238566,101.80732012,06:52:00,,,
NILAI SENTRAL - NILAI 3,myBas,KAW PERINDUSTRIAN NILAI 3,KAW PERINDUSTRIAN NILAI 3 Bus Stop,2.85226833,101.8049,06:53:00,,,
NILAI SENTRAL - NILAI 3,myBas,PASAR BORONG NILAI3,PASAR BORONG NILAI3 Bus Stop,2.85378,101.79932666,06:54:00,,,
NILAI SENTRAL - NILAI 3,myBas,KK HOTEL,KK HOTEL Bus Stop,2.8552735,101.79942369,06:55:00,,,
NILAI SENTRAL - NILAI 3,myBas,DESARIA,DESARIA Bus Stop,2.86389946,101.79829717,06:56:00,,,
TERMINAL1 - BUKIT MUTIARA LOOP,myBas,TERMINAL ONE,TERMINAL ONE Bus Stop,2.72153619,101.93721414,06:00:00,,,
TERMINAL1 - BUKIT MUTIARA LOOP,myBas,KM PLAZA,KM PLAZA Bus Stop,2.7228809,101.9376292,06:01:00,,,
TERMINAL1 - BUKIT MUTIARA LOOP,myBas,TAN BROTHERS,TAN BROTHERS Bus Stop,2.7263212,101.93687886,06:02:00,,,
TERMINAL1 - BUKIT MUTIARA LOOP,myBas,KLINIK PAKAR KANAK-KANAK,KLINIK PAKAR KANAK-KANAK Bus Stop,2.72762724,101.93800807,06:03:00,,,
TERMINAL1 - BUKIT MUTIARA LOOP,myBas,PEJABAT POS SEREMBAN UTAMA,PEJABAT POS SEREMBAN UTAMA Bus Stop,2.7294214,101.9376225,06:04:00,,,
TERMINAL1 - BUKIT MUTIARA LOOP,myBas,KFC TEMIANG,KFC TEMIANG Bus Stop,2.73264403,101.93633973,06:05:00,,,
TERMINAL1 - BUKIT MUTIARA LOOP,myBas,SHELL JALAN TEMIANG 1,SHELL JALAN TEMIANG 1 Bus Stop,2.73728969,101.93842649,06:06:00,,,
TERMINAL1 - BUKIT MUTIARA LOOP,myBas,SEK MEN KEB CHAN WAH1,SEK MEN KEB CHAN WAH1 Bus Stop,2.7401778,101.93907022,06:07:00,,,
TERMINAL1 - BUKIT MUTIARA LOOP,myBas,TAMAN TEMIANG1,TAMAN TEMIANG1 Bus Stop,2.74280872,101.93929553,06:08:00,,,
TERMINAL1 - BUKIT MUTIARA LOOP,myBas,TAMAN SRI PULAI 1,TAMAN SRI PULAI 1 Bus Stop,2.7480491,101.94138765,06:09:00,,,
TERMINAL1 - BUKIT MUTIARA LOOP,myBas,TAMAN BUKIT ZAMRUD 1,TAMAN BUKIT ZAMRUD 1 Bus Stop,2.75039065,101.94123209,06:10:00,,,
TERMINAL1 - BUKIT MUTIARA LOOP,myBas,TABIKA PERPADUAN ULU TEMIANG 1,TABIKA PERPADUAN ULU TEMIANG 1 Bus Stop,2.75290902,101.94116771,06:11:00,,,
TERMINAL1 - BUKIT MUTIARA LOOP,myBas,TMN KING WONG1,TMN KING WONG1 Bus Stop,2.75602215,101.94057762,06:12:00,,,
TERMINAL1 - BUKIT MUTIARA LOOP,myBas,TAMAN DESA TEMIANG 1,TAMAN DESA TEMIANG 1 Bus Stop,2.76009974,101.93670452,06:13:00,,,
TERMINAL1 - BUKIT MUTIARA LOOP,myBas,TAMAN BUKIT DESA TEMIANG 1,TAMAN BUKIT DESA TEMIANG 1 Bus Stop,2.76291279,101.93309963,06:14:00,,,
TERMINAL1 - BUKIT MUTIARA LOOP,myBas,TAMAN BUKIT MUTIARA 1 1,TAMAN BUKIT MUTIARA 1 1 Bus Stop,2.76282706,101.92984879,06:15:00,,,
TERMINAL1 - BUKIT MUTIARA LOOP,myBas,TAMAN BUKIT MUTIARA 2 1,TAMAN BUKIT MUTIARA 2 1 Bus Stop,2.76178757,101.92860961,06:16:00,,,
TERMINAL1 - BUKIT MUTIARA LOOP,myBas,TAMAN BUKIT MUTIARA 3,TAMAN BUKIT MUTIARA 3 Bus Stop,2.76456311,101.92727923,06:17:00,,,
TERMINAL1 - BUKIT MUTIARA LOOP,myBas,TAMAN BUKIT MUTIARA 2 2,TAMAN BUKIT MUTIARA 2 2 Bus Stop,2.76183044,101.92862034,06:18:00,,,
TERMINAL1 - BUKIT MUTIARA LOOP,myBas,TAMAN BUKIT MUTIARA 1 2,TAMAN BUKIT MUTIARA 1 2 Bus Stop,2.76281811,101.92986429,06:19:00,,,
TERMINAL1 - BUKIT MUTIARA LOOP,myBas,TAMAN BUKIT DESA TEMIANG 2,TAMAN BUKIT DESA TEMIANG 2 Bus Stop,2.76291279,101.93309963,06:20:00,,,
TERMINAL1 - BUKIT MUTIARA LOOP,myBas,TAMAN DESA TEMIANG 2,TAMAN DESA TEMIANG 2 Bus Stop,2.75995507,101.93683863,06:21:00,,,
TERMINAL1 - BUKIT MUTIARA LOOP,myBas,TAMAN KING WONG 2,TAMAN KING WONG 2 Bus Stop,2.75602215,101.94060445,06:22:00,,,
TERMINAL1 - BUKIT MUTIARA LOOP,myBas,TABIKA PERPADUAN ULU TEMIANG 2,TABIKA PERPADUAN ULU TEMIANG 2 Bus Stop,2.75290902,101.94116771,06:23:00,,,
TERMINAL1 - BUKIT MUTIARA LOOP,myBas,TAMAN BUKIT ZAMRUD 2,TAMAN BUKIT ZAMRUD 2 Bus Stop,2.75040137,101.94119453,06:24:00,,,
TERMINAL1 - BUKIT MUTIARA LOOP,myBas,TAMAN SRI PULAI 2,TAMAN SRI PULAI 2 Bus Stop,2.74819913,101.94138765,06:25:00,,,
TERMINAL1 - BUKIT MUTIARA LOOP,myBas,TAMAN TEMIANG2,TAMAN TEMIANG2 Bus Stop,2.74284623,101.93926871,06:26:00,,,
TERMINAL1 - BUKIT MUTIARA LOOP,myBas,SEK MEN KEB CHAN WA2,SEK MEN KEB CHAN WA2 Bus Stop,2.7401778,101.93907022,06:27:00,,,
TERMINAL1 - BUKIT MUTIARA LOOP,myBas,SHELL JALAN TEMIANG 2,SHELL JALAN TEMIANG 2 Bus Stop,2.73728969,101.93842649,06:28:00,,,
TERMINAL1 - BUKIT MUTIARA LOOP,myBas,HAJI SHARIFF CENDOL,HAJI SHARIFF CENDOL Bus Stop,2.72729374,101.94003045,06:29:00,,,
TERMINAL1 - BUKIT MUTIARA LOOP,myBas,TERMINAL1,TERMINAL1 Bus Stop,2.72181482,101.93712831,06:30:00,,,
TERMINAL1 - DESA RHU LOOP,myBas,TERMINAL ONE,TERMINAL ONE Bus Stop,2.72153619,101.93721414,05:45:00,,,
TERMINAL1 - DESA RHU LOOP,myBas,KM PLAZA,KM PLAZA Bus Stop,2.7228809,101.9376292,05:46:00,,,
TERMINAL1 - DESA RHU LOOP,myBas,PADANG MPS,PADANG MPS Bus Stop,2.7221554,101.9413501,05:47:00,,,
TERMINAL1 - DESA RHU LOOP,myBas,KWSP SEREMBAN,KWSP SEREMBAN Bus Stop,2.71988581,101.94300771,05:48:00,,,
TERMINAL1 - DESA RHU LOOP,myBas,SHELL JALAN ZAABA,SHELL JALAN ZAABA Bus Stop,2.71689583,101.94570601,05:49:00,,,
TERMINAL1 - DESA RHU LOOP,myBas,BALAI POLIS RAHANG,BALAI POLIS RAHANG Bus Stop,2.71431309,101.95125282,05:50:00,,,
TERMINAL1 - DESA RHU LOOP,myBas,SIMPANG TAMAN DUSUN NYIOR 1,SIMPANG TAMAN DUSUN NYIOR 1 Bus Stop,2.71502575,101.95236325,05:51:00,,,
TERMINAL1 - DESA RHU LOOP,myBas,PEJABAT MARA SEREMBAN 1,PEJABAT MARA SEREMBAN 1 Bus Stop,2.71883021,101.95490599,05:52:00,,,
TERMINAL1 - DESA RHU LOOP,myBas,CENTREPOINT,CENTREPOINT Bus Stop,2.72238817,101.95649385,05:53:00,,,
TERMINAL1 - DESA RHU LOOP,myBas,SK SERI KELANA 1,SK SERI KELANA 1 Bus Stop,2.72471905,101.95468605,05:54:00,,,
TERMINAL1 - DESA RHU LOOP,myBas,KEM TENTERA SIKAMAT1,KEM TENTERA SIKAMAT1 Bus Stop,2.72938617,101.95516348,05:55:00,,,
TERMINAL1 - DESA RHU LOOP,myBas,SMK DATO HAJI MOHD REDHA1,SMK DATO HAJI MOHD REDHA1 Bus Stop,2.73419794,101.95946038,05:56:00,,,
TERMINAL1 - DESA RHU LOOP,myBas,IPG KAMPUS RAJA MELEWAR1,IPG KAMPUS RAJA MELEWAR1 Bus Stop,2.73906864,101.95930481,05:57:00,,,
TERMINAL1 - DESA RHU LOOP,myBas,TAMAN MEGAWEY1,TAMAN MEGAWEY1 Bus Stop,2.74004921,101.9598949,05:58:00,,,
TERMINAL1 - DESA RHU LOOP,myBas,TMN DESA BERINGIN,TMN DESA BERINGIN Bus Stop,2.7423747,101.9604367,05:59:00,,,
TERMINAL1 - DESA RHU LOOP,myBas,TAMAN RASHIDA INDAH,TAMAN RASHIDA INDAH Bus Stop,2.74491988,101.95433199,06:00:00,,,
TERMINAL1 - DESA RHU LOOP,myBas,TMN SULIANA,TMN SULIANA Bus Stop,2.74722334,101.95522013,06:01:00,,,
TERMINAL1 - DESA RHU LOOP,myBas,TMN DESA RHU1,TMN DESA RHU1 Bus Stop,2.75034243,101.956864,06:02:00,,,
TERMINAL1 - DESA RHU LOOP,myBas,PERSIARAN DESA RHU 1,PERSIARAN DESA RHU 1 Bus Stop,2.75015489,101.95889711,06:03:00,,,
TERMINAL1 - DESA RHU LOOP,myBas,JLN DESA RHU 10,JLN DESA RHU 10 Bus Stop,2.74912016,101.95973096,06:04:00,,,
TERMINAL1 - DESA RHU LOOP,myBas,TMN JUJUR,TMN JUJUR Bus Stop,2.75104971,101.96168543,06:05:00,,,
TERMINAL1 - DESA RHU LOOP,myBas,TMN PELANGI,TMN PELANGI Bus Stop,2.75042816,101.96364462,06:06:00,,,
TERMINAL1 - DESA RHU LOOP,myBas,SK SIKAMAT,SK SIKAMAT Bus Stop,2.75396995,101.96570992,06:07:00,,,
TERMINAL1 - DESA RHU LOOP,myBas,KOLEJ TAFE,KOLEJ TAFE Bus Stop,2.75386814,101.9673568,06:08:00,,,
TERMINAL1 - DESA RHU LOOP,myBas,TMN DESA KIARA,TMN DESA KIARA Bus Stop,2.75046567,101.96603179,06:09:00,,,
TERMINAL1 - DESA RHU LOOP,myBas,FAMILY STORE,FAMILY STORE Bus Stop,2.74720249,101.96367145,06:10:00,,,
TERMINAL1 - DESA RHU LOOP,myBas,TAMAN MEGAWEY2,TAMAN MEGAWEY2 Bus Stop,2.7399862,101.9599707,06:11:00,,,
TERMINAL1 - DESA RHU LOOP,myBas,IPG KAMPUS RAJA MELEWAR2,IPG KAMPUS RAJA MELEWAR2 Bus Stop,2.73906864,101.95930481,06:12:00,,,
TERMINAL1 - DESA RHU LOOP,myBas,SMK DATO HAJI MOHD REDZA2,SMK DATO HAJI MOHD REDZA2 Bus Stop,2.73433726,101.95939064,06:13:00,,,
TERMINAL1 - DESA RHU LOOP,myBas,KEM TENTERA SIKAMAT2,KEM TENTERA SIKAMAT2 Bus Stop,2.72938617,101.95516348,06:14:00,,,
TERMINAL1 - DESA RHU LOOP,myBas,SK SERI KELANA 2,SK SERI KELANA 2 Bus Stop,2.72471905,101.95466459,06:15:00,,,
TERMINAL1 - DESA RHU LOOP,myBas,PEJABAT MARA SEREMBAN 2,PEJABAT MARA SEREMBAN 2 Bus Stop,2.71883021,101.95490599,06:16:00,,,
TERMINAL1 - DESA RHU LOOP,myBas,SIMPANG TAMAN DUSUN NYIOR 2,SIMPANG TAMAN DUSUN NYIOR 2 Bus Stop,2.71502575,101.95236325,06:17:00,,,
TERMINAL1 - DESA RHU LOOP,myBas,CYCLE N CARRIAGE,CYCLE N CARRIAGE Bus Stop,2.71410947,101.94960594,06:18:00,,,
TERMINAL1 - DESA RHU LOOP,myBas,KTM SEREMBAN,KTM SEREMBAN Bus Stop,2.71881949,101.94136083,06:19:00,,,
TERMINAL1 - DESA RHU LOOP,myBas,KM PLAZA 2,KM PLAZA 2 Bus Stop,2.72321336,101.93751454,06:20:00,,,
TERMINAL1 - DESA RHU LOOP,myBas,TERMINAL1,TERMINAL1 Bus Stop,2.72181482,101.93712831,06:21:00,,,
NILAI SENTRAL - USIM LOOP,myBas,NILAI SENTRAL,NILAI SENTRAL Bus Stop,2.80220369,101.79846882,06:30:00,,,
NILAI SENTRAL - USIM LOOP,myBas,KG BARU NILAI,KG BARU NILAI Bus Stop,2.80494162,101.80064678,06:31:00,,,
NILAI SENTRAL - USIM LOOP,myBas,CALTEX,CALTEX Bus Stop,2.80988168,101.80473447,06:32:00,,,
NILAI SENTRAL - USIM LOOP,myBas,TMN DESA INDAH,TMN DESA INDAH Bus Stop,2.81181649,101.80071652,06:33:00,,,
NILAI SENTRAL - USIM LOOP,myBas,WISMA BBN,WISMA BBN Bus Stop,2.81219632,101.79472446,06:34:00,,,
NILAI SENTRAL - USIM LOOP,myBas,GIANT NILAI 1,GIANT NILAI 1 Bus Stop,2.81315004,101.79150581,06:35:00,,,
NILAI SENTRAL - USIM LOOP,myBas,TESCO NILAI,TESCO NILAI Bus Stop,2.8157915,101.79181159,06:36:00,,,
NILAI SENTRAL - USIM LOOP,myBas,SUTERA INDAH APARTMENT 1,SUTERA INDAH APARTMENT 1 Bus Stop,2.81829366,101.79264843,06:37:00,,,
NILAI SENTRAL - USIM LOOP,myBas,DATARAN NILAI 1,DATARAN NILAI 1 Bus Stop,2.820619,101.79057777,06:38:00,,,
NILAI SENTRAL - USIM LOOP,myBas,KOMPLEKS SUKAN DREAMTEL1,KOMPLEKS SUKAN DREAMTEL1 Bus Stop,2.81157747,101.77505851,06:39:00,,,
NILAI SENTRAL - USIM LOOP,myBas,NILAI INTERNATIONAL SCHOOL1,NILAI INTERNATIONAL SCHOOL1 Bus Stop,2.81334528,101.77487848,06:40:00,,,
NILAI SENTRAL - USIM LOOP,myBas,TMN DESA KASIA1,TMN DESA KASIA1 Bus Stop,2.81980995,101.77463472,06:41:00,,,
NILAI SENTRAL - USIM LOOP,myBas,NILAI SPRING VILLAS1,NILAI SPRING VILLAS1 Bus Stop,2.82449277,101.77619576,06:42:00,,,
NILAI SENTRAL - USIM LOOP,myBas,TMN DESA ANGGERIK1,TMN DESA ANGGERIK1 Bus Stop,2.83119012,101.78719819,06:43:00,,,
NILAI SENTRAL - USIM LOOP,myBas,KOLEJ KEDIAMAN ACASIA AVENUE USIM1,KOLEJ KEDIAMAN ACASIA AVENUE USIM1 Bus Stop,2.83633367,101.78743958,06:44:00,,,
NILAI SENTRAL - USIM LOOP,myBas,ANGGERIK APARTMENT 1,ANGGERIK APARTMENT 1 Bus Stop,2.8376517,101.78669929,06:45:00,,,
NILAI SENTRAL - USIM LOOP,myBas,STADIUM TERTUTUP NILAI 1,STADIUM TERTUTUP NILAI 1 Bus Stop,2.8399131,101.7861247,06:46:00,,,
NILAI SENTRAL - USIM LOOP,myBas,PINTU UTAMA USIM 1,PINTU UTAMA USIM 1 Bus Stop,2.84328277,101.78393662,06:47:00,,,
NILAI SENTRAL - USIM LOOP,myBas,PUSAT KOMERSIAL USIM,PUSAT KOMERSIAL USIM Bus Stop,2.84201297,101.78019226,06:48:00,,,
NILAI SENTRAL - USIM LOOP,myBas,KOLEJ KEDIAMAN 1,KOLEJ KEDIAMAN 1 Bus Stop,2.84719397,101.78061068,06:49:00,,,
NILAI SENTRAL - USIM LOOP,myBas,PINTU UTAMA USIM 2,PINTU UTAMA USIM 2 Bus Stop,2.84451507,101.78222001,06:50:00,,,
NILAI SENTRAL - USIM LOOP,myBas,STADIUM TERTUTUP NILAI 2,STADIUM TERTUTUP NILAI 2 Bus Stop,2.84153613,101.78562105,06:51:00,,,
NILAI SENTRAL - USIM LOOP,myBas,ANGGERIK APARTMENT 2,ANGGERIK APARTMENT 2 Bus Stop,2.8376517,101.78669929,06:52:00,,,
NILAI SENTRAL - USIM LOOP,myBas,KOLEJ KEDIAMAN ACASIA AVENUE USIM 2,KOLEJ KEDIAMAN ACASIA AVENUE USIM 2 Bus Stop,2.83633367,101.78743958,06:53:00,,,
NILAI SENTRAL - USIM LOOP,myBas,TMN DESA ANGGERIK2,TMN DESA ANGGERIK2 Bus Stop,2.83114726,101.78717136,06:54:00,,,
NILAI SENTRAL - USIM LOOP,myBas,NILAI SPRING VILLAS2,NILAI SPRING VILLAS2 Bus Stop,2.82449277,101.77619576,06:55:00,,,
NILAI SENTRAL - USIM LOOP,myBas,TMN DESA KASIA2,TMN DESA KASIA2 Bus Stop,2.81980995,101.77463472,06:56:00,,,
NILAI SENTRAL - USIM LOOP,myBas,NILAI INTERNATIONAL SCHOOL2,NILAI INTERNATIONAL SCHOOL2 Bus Stop,2.81457466,101.77484275,06:57:00,,,
NILAI SENTRAL - USIM LOOP,myBas,KOMPLEKS SUKAN DREAMTEL2,KOMPLEKS SUKAN DREAMTEL2 Bus Stop,2.81157747,101.77505851,06:58:00,,,
NILAI SENTRAL - USIM LOOP,myBas,DATARAN NILAI 2,DATARAN NILAI 2 Bus Stop,2.820619,101.79057777,06:59:00,,,
NILAI SENTRAL - USIM LOOP,myBas,SUTERA INDAH APARTMENT 2,SUTERA INDAH APARTMENT 2 Bus Stop,2.81829366,101.79264843,07:00:00,,,
NILAI SENTRAL - USIM LOOP,myBas,TESCO NILAI 2,TESCO NILAI 2 Bus Stop,2.81581293,101.79184914,07:01:00,,,
NILAI SENTRAL - USIM LOOP,myBas,GIANT NILAI 2,GIANT NILAI 2 Bus Stop,2.81315004,101.79150581,07:02:00,,,
NILAI SENTRAL - USIM LOOP,myBas,WISMA BBN 2,WISMA BBN 2 Bus Stop,2.81219632,101.79472446,07:03:00,,,
NILAI SENTRAL - USIM LOOP,myBas,TMN DESA INDAH 2,TMN DESA INDAH 2 Bus Stop,2.8118278,101.80058659,07:04:00,,,
NILAI SENTRAL - USIM LOOP,myBas,CALTEX 2,CALTEX 2 Bus Stop,2.81037461,101.804021,07:05:00,,,
NILAI SENTRAL - USIM LOOP,myBas,KG BARU NILAI 2,KG BARU NILAI 2 Bus Stop,2.80494162,101.80064678,07:06:00,,,
NILAI SENTRAL - USIM LOOP,myBas,NILAI SENTRAL 2,NILAI SENTRAL 2 Bus Stop,2.80220369,101.79846883,07:07:00,,,
TERMINAL1 - NILAI VIA LABU,myBas,TERMINAL ONE,TERMINAL ONE Bus Stop,2.72153619,101.93721414,06:30:00,,,
TERMINAL1 - NILAI VIA LABU,myBas,KM PLAZA,KM PLAZA Bus Stop,2.7228809,101.9376292,06:31:00,,,
TERMINAL1 - NILAI VIA LABU,myBas,ERA BARU,ERA BARU Bus Stop,2.72578659,101.92982199,06:32:00,,,
TERMINAL1 - NILAI VIA LABU,myBas,TMN KOOP,TMN KOOP Bus Stop,2.72545315,101.92792296,06:33:00,,,
TERMINAL1 - NILAI VIA LABU,myBas,SPG TMN AST,SPG TMN AST Bus Stop,2.7236581,101.92737043,06:34:00,,,
TERMINAL1 - NILAI VIA LABU,myBas,PALM MALL,PALM MALL Bus Stop,2.72060383,101.92205429,06:35:00,,,
TERMINAL1 - NILAI VIA LABU,myBas,MUZIUM NEGERI,MUZIUM NEGERI Bus Stop,2.71841226,101.92006409,06:36:00,,,
TERMINAL1 - NILAI VIA LABU,myBas,KG DATO MOHD SAID,KG DATO MOHD SAID Bus Stop,2.72160863,101.91158458,06:37:00,,,
TERMINAL1 - NILAI VIA LABU,myBas,TELEKOM JALAN LABU,TELEKOM JALAN LABU Bus Stop,2.72192866,101.90930974,06:38:00,,,
TERMINAL1 - NILAI VIA LABU,myBas,ANGKATAN PERTAHANAN AWAM NEGERI SEMBILAN,ANGKATAN PERTAHANAN AWAM NEGERI SEMBILAN Bus Stop,2.72430257,101.90464467,06:39:00,,,
TERMINAL1 - NILAI VIA LABU,myBas,TAMAN HARMONI,TAMAN HARMONI Bus Stop,2.72620874,101.90101005,06:40:00,,,
TERMINAL1 - NILAI VIA LABU,myBas,TAMAN SRI PINANG,TAMAN SRI PINANG Bus Stop,2.72700415,101.89477312,06:41:00,,,
TERMINAL1 - NILAI VIA LABU,myBas,KG SEBIR,KG SEBIR Bus Stop,2.72912322,101.88237469,06:42:00,,,
TERMINAL1 - NILAI VIA LABU,myBas,KAMPUNG BATU 6,KAMPUNG BATU 6 Bus Stop,2.73620896,101.8781161,06:43:00,,,
TERMINAL1 - NILAI VIA LABU,myBas,TAMAN TIROI LABU,TAMAN TIROI LABU Bus Stop,2.739757,101.87113433,06:44:00,,,
TERMINAL1 - NILAI VIA LABU,myBas,RUMAH RAKYAT BT 7,RUMAH RAKYAT BT 7 Bus Stop,2.7400095,101.863617,06:45:00,,,
TERMINAL1 - NILAI VIA LABU,myBas,SMA PERSEKUTUAN LABU,SMA PERSEKUTUAN LABU Bus Stop,2.74097619,101.86117351,06:46:00,,,
TERMINAL1 - NILAI VIA LABU,myBas,KG BARU CINA,KG BARU CINA Bus Stop,2.74278612,101.8580846,06:47:00,,,
TERMINAL1 - NILAI VIA LABU,myBas,SJK CINA KG BARU BATU 8,SJK CINA KG BARU BATU 8 Bus Stop,2.74351065,101.85641527,06:48:00,,,
TERMINAL1 - NILAI VIA LABU,myBas,DEWAN ORANG RAMAI BATU 8,DEWAN ORANG RAMAI BATU 8 Bus Stop,2.74334455,101.85445726,06:49:00,,,
TERMINAL1 - NILAI VIA LABU,myBas,KAMPUNG PASIR PUTEH,KAMPUNG PASIR PUTEH Bus Stop,2.74325881,101.85231149,06:50:00,,,
TERMINAL1 - NILAI VIA LABU,myBas,MASJID PASIR PUTEH,MASJID PASIR PUTEH Bus Stop,2.7429909,101.85091138,06:51:00,,,
TERMINAL1 - NILAI VIA LABU,myBas,PADANG EMPANGAN BATU,PADANG EMPANGAN BATU Bus Stop,2.74298018,101.84766054,06:52:00,,,
TERMINAL1 - NILAI VIA LABU,myBas,SJK TAMIL LADANG KIRBY,SJK TAMIL LADANG KIRBY Bus Stop,2.7442876,101.8448174,06:53:00,,,
TERMINAL1 - NILAI VIA LABU,myBas,CAROTINA ESTATE,CAROTINA ESTATE Bus Stop,2.74504773,101.84203118,06:54:00,,,
TERMINAL1 - NILAI VIA LABU,myBas,BATU 9,BATU 9 Bus Stop,2.74560526,101.83735304,06:55:00,,,
TERMINAL1 - NILAI VIA LABU,myBas,TEBING TINGGI ELER,TEBING TINGGI ELER Bus Stop,2.74648522,101.83493913,06:56:00,,,
TERMINAL1 - NILAI VIA LABU,myBas,SIMPANG GADONG,SIMPANG GADONG Bus Stop,2.74858555,101.82502644,06:57:00,,,
TERMINAL1 - NILAI VIA LABU,myBas,PUSAT PENDIDIKAN AL IRSHAD,PUSAT PENDIDIKAN AL IRSHAD Bus Stop,2.75098542,101.82290257,06:58:00,,,
TERMINAL1 - NILAI VIA LABU,myBas,PEKAN LABU,PEKAN LABU Bus Stop,2.75248246,101.82203474,06:59:00,,,
TERMINAL1 - NILAI VIA LABU,myBas,KG KILANG PADI,KG KILANG PADI Bus Stop,2.75832986,101.81999858,07:00:00,,,
TERMINAL1 - NILAI VIA LABU,myBas,BATU 11 KAMPUNG LAMBAR,BATU 11 KAMPUNG LAMBAR Bus Stop,2.76177971,101.81847789,07:01:00,,,
TERMINAL1 - NILAI VIA LABU,myBas,KAMPUNG PULAU LAMBAR,KAMPUNG PULAU LAMBAR Bus Stop,2.76258009,101.81750494,07:02:00,,,
TERMINAL1 - NILAI VIA LABU,myBas,KAMPUNG LAMBAR,KAMPUNG LAMBAR Bus Stop,2.76452346,101.8157188,07:03:00,,,
TERMINAL1 - NILAI VIA LABU,myBas,KAMPUNG PULAU,KAMPUNG PULAU Bus Stop,2.76663739,101.81425239,07:04:00,,,
TERMINAL1 - NILAI VIA LABU,myBas,NEW LABU ESTATE,NEW LABU ESTATE Bus Stop,2.77300756,101.80940151,07:05:00,,,
TERMINAL1 - NILAI VIA LABU,myBas,KAMPUNG JERANGKANG,KAMPUNG JERANGKANG Bus Stop,2.77753518,101.80657446,07:06:00,,,
TERMINAL1 - NILAI VIA LABU,myBas,MASJID LABU HILIR,MASJID LABU HILIR Bus Stop,2.78100797,101.80142595,07:07:00,,,
TERMINAL1 - NILAI VIA LABU,myBas,TMN DATO SHAHARDIN BT13,TMN DATO SHAHARDIN BT13 Bus Stop,2.78281801,101.80077947,07:08:00,,,
TERMINAL1 - NILAI VIA LABU,myBas,SK DATO SHAH BANDAR,SK DATO SHAH BANDAR Bus Stop,2.78379403,101.80033028,07:09:00,,,
TERMINAL1 - NILAI VIA LABU,myBas,SIMPANG JALAN KG KONDOK 2,SIMPANG JALAN KG KONDOK 2 Bus Stop,2.79103868,101.79635735,07:10:00,,,
TERMINAL1 - NILAI VIA LABU,myBas,SIMPANG JALAN KG KONDOK  4,SIMPANG JALAN KG KONDOK  4 Bus Stop,2.79312373,101.79566225,07:11:00,,,
TERMINAL1 - NILAI VIA LABU,myBas,KAMPUNG KONDOK,KAMPUNG KONDOK Bus Stop,2.79627449,101.79243907,07:12:00,,,
TERMINAL1 - NILAI VIA LABU,myBas,SMA NILAI,SMA NILAI Bus Stop,2.79898657,101.79146713,07:13:00,,,
TERMINAL1 - NILAI VIA LABU,myBas,TAMAN BAN AIK,TAMAN BAN AIK Bus Stop,2.80176003,101.79134985,07:14:00,,,
TERMINAL1 - NILAI VIA LABU,myBas,NILAI SENTRAL,NILAI SENTRAL Bus Stop,2.80220369,101.79846882,07:15:00,,,
TERMINAL1 - SEREMBAN2,myBas,TERMINAL ONE,TERMINAL ONE Bus Stop,2.72152011,101.93715513,06:00:00,,,
TERMINAL1 - SEREMBAN2,myBas,DEWAN PERBANDARAN SEREMBAN,DEWAN PERBANDARAN SEREMBAN Bus Stop,2.72349735,101.94098532,06:01:00,,,
TERMINAL1 - SEREMBAN2,myBas,PADANG MPS,PADANG MPS Bus Stop,2.7221554,101.9413501,06:02:00,,,
TERMINAL1 - SEREMBAN2,myBas,KWSP SEREMBAN,KWSP SEREMBAN Bus Stop,2.71988581,101.94300771,06:03:00,,,
TERMINAL1 - SEREMBAN2,myBas,PETRON BKT RASAH,PETRON BKT RASAH Bus Stop,2.71466571,101.94258736,06:04:00,,,
TERMINAL1 - SEREMBAN2,myBas,HOSPITAL MAWAR,HOSPITAL MAWAR Bus Stop,2.70597003,101.94078147,06:05:00,,,
TERMINAL1 - SEREMBAN2,myBas,SIMPANG KAMPUNG PASIR KG DATO MANSOR,SIMPANG KAMPUNG PASIR KG DATO MANSOR Bus Stop,2.70100629,101.93960313,06:06:00,,,
TERMINAL1 - SEREMBAN2,myBas,KAMPUNG BARU RASAH,KAMPUNG BARU RASAH Bus Stop,2.6971768,101.93728924,06:07:00,,,
TERMINAL1 - SEREMBAN2,myBas,PUSAT PENJAGAAN ORANG-ORANG TUA,PUSAT PENJAGAAN ORANG-ORANG TUA Bus Stop,2.69898992,101.93488708,06:08:00,,,
TERMINAL1 - SEREMBAN2,myBas,PERPUSTAKAAN AWAM KG BARU RASAH,PERPUSTAKAAN AWAM KG BARU RASAH Bus Stop,2.7010543,101.9325413,06:09:00,,,
TERMINAL1 - SEREMBAN2,myBas,TAMAN PERMAI IMPIAN,TAMAN PERMAI IMPIAN Bus Stop,2.704153,101.929316,06:10:00,,,
TERMINAL1 - SEREMBAN2,myBas,TAMAN PERMAI 3,TAMAN PERMAI 3 Bus Stop,2.7055723,101.9270984,06:11:00,,,
TERMINAL1 - SEREMBAN2,myBas,TAMAN PERMAI FASA 2,TAMAN PERMAI FASA 2 Bus Stop,2.71007321,101.92501576,06:12:00,,,
TERMINAL1 - SEREMBAN2,myBas,TAMAN PERMAI FASA 1,TAMAN PERMAI FASA 1 Bus Stop,2.71526547,101.92309525,06:13:00,,,
TERMINAL1 - SEREMBAN2,myBas,KPJ PALM MALL,KPJ PALM MALL Bus Stop,2.71945753,101.92192512,06:14:00,,,
TERMINAL1 - SEREMBAN2,myBas,MUZIUM NEGERI,MUZIUM NEGERI Bus Stop,2.71833724,101.92027867,06:15:00,,,
TERMINAL1 - SEREMBAN2,myBas,TAMAN BUKIT KEPAYANG,TAMAN BUKIT KEPAYANG Bus Stop,2.71452863,101.9149975,06:16:00,,,
TERMINAL1 - SEREMBAN2,myBas,TESCO EXTRA SEREMBAN 2,TESCO EXTRA SEREMBAN 2 Bus Stop,2.71186312,101.91331565,06:17:00,,,
TERMINAL1 - SEREMBAN2,myBas,TAMAN OAKLAND FASA 3,TAMAN OAKLAND FASA 3 Bus Stop,2.71088371,101.91631973,06:18:00,,,
TERMINAL1 - SEREMBAN2,myBas,COLUMBIA HOSPITAL,COLUMBIA HOSPITAL Bus Stop,2.71076405,101.91715422,06:19:00,,,
TERMINAL1 - SEREMBAN2,myBas,TAMAN MEGAH,TAMAN MEGAH Bus Stop,2.70975844,101.91707611,06:20:00,,,
TERMINAL1 - SEREMBAN2,myBas,OAKLAND BUSSINESS CENTRE,OAKLAND BUSSINESS CENTRE Bus Stop,2.70769545,101.91696882,06:21:00,,,
TERMINAL1 - SEREMBAN2,myBas,DHL,DHL Bus Stop,2.70448574,101.91723168,06:22:00,,,
TERMINAL1 - SEREMBAN2,myBas,VICTOR BYUCK,VICTOR BYUCK Bus Stop,2.70272582,101.91743081,06:23:00,,,
TERMINAL1 - SEREMBAN2,myBas,TITILATEX,TITILATEX Bus Stop,2.69844317,101.91805007,06:24:00,,,
TERMINAL1 - SEREMBAN2,myBas,PETRONAS SEREMBAN 2,PETRONAS SEREMBAN 2 Bus Stop,2.69407601,101.91701651,06:25:00,,,
TERMINAL1 - SEREMBAN2,myBas,KOLEJ NEGERI,KOLEJ NEGERI Bus Stop,2.69353304,101.91146493,06:26:00,,,
TERMINAL1 - SEREMBAN2,myBas,AEON SEREMBAN 2,AEON SEREMBAN 2 Bus Stop,2.69943631,101.91274225,06:27:00,,,
TERMINAL1 - SEREMBAN2,myBas,SURAU AL-QUDWAH KPNKK,SURAU AL-QUDWAH KPNKK Bus Stop,2.70019965,101.91041561,06:28:00,,,
TERMINAL1 - SEREMBAN2,myBas,RESTOREN LUCKY PALACE,RESTOREN LUCKY PALACE Bus Stop,2.69816155,101.91066442,06:29:00,,,
TERMINAL1 - SEREMBAN2,myBas,CENTRAL PARK APARTMENT,CENTRAL PARK APARTMENT Bus Stop,2.69832558,101.90911012,06:30:00,,,
TERMINAL1 - SEREMBAN2,myBas,PASARAYA BESAR MYDIN,PASARAYA BESAR MYDIN Bus Stop,2.69470479,101.90473392,06:31:00,,,
TERMINAL1 - SEREMBAN2,myBas,SURAU AT TAQWA,SURAU AT TAQWA Bus Stop,2.68972491,101.90571846,06:32:00,,,
TERMINAL1 - SEREMBAN2,myBas,FAMILY STORE SEREMBAN 2,FAMILY STORE SEREMBAN 2 Bus Stop,2.6836303,101.9038041,06:33:00,,,
TERMINAL1 - SEREMBAN2,myBas,SIMPANG PARK AVENUE,SIMPANG PARK AVENUE Bus Stop,2.68360371,101.90180361,06:34:00,,,
TERMINAL1 - SEREMBAN2,myBas,GARDEN AVENUE 1,GARDEN AVENUE 1 Bus Stop,2.68302976,101.89952435,06:35:00,,,
TERMINAL1 - SEREMBAN2,myBas,GARDEN AVENUE 2,GARDEN AVENUE 2 Bus Stop,2.68037787,101.89812899,06:36:00,,,
TERMINAL1 - SEREMBAN2,myBas,FLAT SEREMBAN 2,FLAT SEREMBAN 2 Bus Stop,2.67880958,101.89855814,06:37:00,,,
TERMINAL1 - SEREMBAN2,myBas,SK WAWASAN SEREMBAN 2,SK WAWASAN SEREMBAN 2 Bus Stop,2.67912874,101.90319359,06:38:00,,,
TERMINAL1 - SEREMBAN2,myBas,SK WAWASAN SEREMBAN 2 2,SK WAWASAN SEREMBAN 2 2 Bus Stop,2.68076545,101.90354941,06:39:00,,,
TERMINAL1 - SEREMBAN2,myBas,SMK BUKIT KEPAYANG,SMK BUKIT KEPAYANG Bus Stop,2.68062347,101.90565532,06:40:00,,,
TERMINAL1 - SEREMBAN2,myBas,GARDEN HOMES,GARDEN HOMES Bus Stop,2.68034036,101.90939426,06:41:00,,,
TERMINAL1 - SEREMBAN2,myBas,GARDEN HOMES FASA E,GARDEN HOMES FASA E Bus Stop,2.68138587,101.91167237,06:42:00,,,
TERMINAL1 - SEREMBAN2,myBas,AROWANA INDAH,AROWANA INDAH Bus Stop,2.68231381,101.91431313,06:43:00,,,
TERMINAL1 - SEREMBAN2,myBas,KLINIK KESIHATAN SEREMBAN 2,KLINIK KESIHATAN SEREMBAN 2 Bus Stop,2.68409883,101.91722984,06:44:00,,,
TERMINAL1 - SEREMBAN2,myBas,BALAI POLIS MAHKAMAH,BALAI POLIS MAHKAMAH Bus Stop,2.68548679,101.91827493,06:45:00,,,
TERMINAL1 - SEREMBAN2,myBas,BALAI BOMBA SEREMBAN 2,BALAI BOMBA SEREMBAN 2 Bus Stop,2.68855,101.92141166,06:46:00,,,
TERMINAL1 - TAMPIN VIA SENAWANG,myBas,TERMINAL ONE,TERMINAL ONE Bus Stop,2.72152011,101.93715513,06:00:00,,,
TERMINAL1 - TAMPIN VIA SENAWANG,myBas,DEWAN PERBANDARAN SEREMBAN,DEWAN PERBANDARAN SEREMBAN Bus Stop,2.72349735,101.94098532,06:01:00,,,
TERMINAL1 - TAMPIN VIA SENAWANG,myBas,PADANG MPS,PADANG MPS Bus Stop,2.7221554,101.9413501,06:02:00,,,
TERMINAL1 - TAMPIN VIA SENAWANG,myBas,KWSP SEREMBAN,KWSP SEREMBAN Bus Stop,2.71988581,101.94300771,06:03:00,,,
TERMINAL1 - TAMPIN VIA SENAWANG,myBas,SHELL JALAN ZAABA,SHELL JALAN ZAABA Bus Stop,2.71689583,101.94570601,06:04:00,,,
TERMINAL1 - TAMPIN VIA SENAWANG,myBas,BALAI BOMBA RAHANG,BALAI BOMBA RAHANG Bus Stop,2.71436131,101.95116699,06:05:00,,,
TERMINAL1 - TAMPIN VIA SENAWANG,myBas,TAMAN CHOONG LOONG,TAMAN CHOONG LOONG Bus Stop,2.7074302,101.9556731,06:06:00,,,
TERMINAL1 - TAMPIN VIA SENAWANG,myBas,TAMAN SEREMBAN / TAMAN BINJAI,TAMAN SEREMBAN / TAMAN BINJAI Bus Stop,2.69884329,101.96200311,06:07:00,,,
TERMINAL1 - TAMPIN VIA SENAWANG,myBas,KAMPUNG BARU RAHANG,KAMPUNG BARU RAHANG Bus Stop,2.69576752,101.9679898,06:08:00,,,
TERMINAL1 - TAMPIN VIA SENAWANG,myBas,TAMAN BUKIT EMAS/JPJ,TAMAN BUKIT EMAS/JPJ Bus Stop,2.69090737,101.96981907,06:09:00,,,
TERMINAL1 - TAMPIN VIA SENAWANG,myBas,PETRONAS JALAN TAMPIN / SENAWANG,PETRONAS JALAN TAMPIN / SENAWANG Bus Stop,2.67856668,101.9789654,06:10:00,,,
TERMINAL1 - TAMPIN VIA SENAWANG,myBas,KAWASAN PERINDUSTRIAN SENAWANG,KAWASAN PERINDUSTRIAN SENAWANG Bus Stop,2.67761285,101.98069274,06:11:00,,,
TERMINAL1 - TAMPIN VIA SENAWANG,myBas,TAMAN TUNKU NAJIHAH,TAMAN TUNKU NAJIHAH Bus Stop,2.67733957,101.98316574,06:12:00,,,
TERMINAL1 - TAMPIN VIA SENAWANG,myBas,TAMAN TUNKU JAAFAR,TAMAN TUNKU JAAFAR Bus Stop,2.673872,101.99400695,06:13:00,,,
TERMINAL1 - TAMPIN VIA SENAWANG,myBas,SENAWANG LINK,SENAWANG LINK Bus Stop,2.66212116,102.00554072,06:14:00,,,
TERMINAL1 - TAMPIN VIA SENAWANG,myBas,KAWASAN PERINDUSTRIAN SUNGAI GADUT,KAWASAN PERINDUSTRIAN SUNGAI GADUT Bus Stop,2.66273204,102.01071203,06:15:00,,,
TERMINAL1 - TAMPIN VIA SENAWANG,myBas,BATU 10,BATU 10 Bus Stop,2.65901583,102.01983958,06:16:00,,,
TERMINAL1 - TAMPIN VIA SENAWANG,myBas,KUARTERS JPJ,KUARTERS JPJ Bus Stop,2.65518573,102.02313066,06:17:00,,,
TERMINAL1 - TAMPIN VIA SENAWANG,myBas,AIR PANAS PEDAS,AIR PANAS PEDAS Bus Stop,2.63309848,102.05394387,06:18:00,,,
TERMINAL1 - TAMPIN VIA SENAWANG,myBas,SIMPANG KAMPUNG ULU SEPRI,SIMPANG KAMPUNG ULU SEPRI Bus Stop,2.62510855,102.05715716,06:19:00,,,
TERMINAL1 - TAMPIN VIA SENAWANG,myBas,BALAI POLIS PEDAS,BALAI POLIS PEDAS Bus Stop,2.61976985,102.05840975,06:20:00,,,
TERMINAL1 - TAMPIN VIA SENAWANG,myBas,IKTBN,IKTBN Bus Stop,2.6159825,102.0621407,06:21:00,,,
TERMINAL1 - TAMPIN VIA SENAWANG,myBas,TAMAN CHEMBONG JAYA,TAMAN CHEMBONG JAYA Bus Stop,2.61224204,102.06453323,06:22:00,,,
TERMINAL1 - TAMPIN VIA SENAWANG,myBas,SJKT LADANG CHEMBONG,SJKT LADANG CHEMBONG Bus Stop,2.60854443,102.06704915,06:23:00,,,
TERMINAL1 - TAMPIN VIA SENAWANG,myBas,MEDAN SELERA REMBAU,MEDAN SELERA REMBAU Bus Stop,2.60371073,102.06883013,06:24:00,,,
TERMINAL1 - TAMPIN VIA SENAWANG,myBas,IPD REMBAU,IPD REMBAU Bus Stop,2.60126172,102.06952751,06:25:00,,,
TERMINAL1 - TAMPIN VIA SENAWANG,myBas,ZE MART REMBAU,ZE MART REMBAU Bus Stop,2.59794456,102.07215071,06:26:00,,,
TERMINAL1 - TAMPIN VIA SENAWANG,myBas,MASJID BATU 17,MASJID BATU 17 Bus Stop,2.5955652,102.07544982,06:27:00,,,
TERMINAL1 - TAMPIN VIA SENAWANG,myBas,SMK DATO SEDIA RAJA,SMK DATO SEDIA RAJA Bus Stop,2.59488998,102.07679092,06:28:00,,,
TERMINAL1 - TAMPIN VIA SENAWANG,myBas,KAMPUNG TANJUNG SENA,KAMPUNG TANJUNG SENA Bus Stop,2.59244765,102.08741918,06:29:00,,,
TERMINAL1 - TAMPIN VIA SENAWANG,myBas,KFC REMBAU,KFC REMBAU Bus Stop,2.58946139,102.09261596,06:30:00,,,
TERMINAL1 - TAMPIN VIA SENAWANG,myBas,PERHENTIAN BAS REMBAU,PERHENTIAN BAS REMBAU Bus Stop,2.59200152,102.09255695,06:31:00,,,
TERMINAL1 - TAMPIN VIA SENAWANG,myBas,SM AGAMA REMBAU,SM AGAMA REMBAU Bus Stop,2.59083327,102.0907706,06:32:00,,,
TERMINAL1 - TAMPIN VIA SENAWANG,myBas,KOMPLEKS KERAJAAN REMBAU,KOMPLEKS KERAJAAN REMBAU Bus Stop,2.59116553,102.09692895,06:33:00,,,
TERMINAL1 - TAMPIN VIA SENAWANG,myBas,KAMPUNG TANJUNG KELING,KAMPUNG TANJUNG KELING Bus Stop,2.5879716,102.09860802,06:34:00,,,
TERMINAL1 - TAMPIN VIA SENAWANG,myBas,KAMPUNG BATU  LONGGOK  KG  BATU,KAMPUNG BATU  LONGGOK  KG  BATU Bus Stop,2.58380903,102.11475223,06:35:00,,,
TERMINAL1 - TAMPIN VIA SENAWANG,myBas,MASJID KAMPUNG BATU,MASJID KAMPUNG BATU Bus Stop,2.58458608,102.11577415,06:36:00,,,
TERMINAL1 - TAMPIN VIA SENAWANG,myBas,SK SALAK NAMA,SK SALAK NAMA Bus Stop,2.57852374,102.11989939,06:37:00,,,
TERMINAL1 - TAMPIN VIA SENAWANG,myBas,KLINIK DESA BONGEK,KLINIK DESA BONGEK Bus Stop,2.5689405,102.12217927,06:38:00,,,
TERMINAL1 - TAMPIN VIA SENAWANG,myBas,MASJID BONGEK,MASJID BONGEK Bus Stop,2.56549062,102.1232146,06:39:00,,,
TERMINAL1 - TAMPIN VIA SENAWANG,myBas,PEKAN CHENGKAU,PEKAN CHENGKAU Bus Stop,2.56068891,102.12366253,06:40:00,,,
TERMINAL1 - TAMPIN VIA SENAWANG,myBas,MASJID CHENGKAU,MASJID CHENGKAU Bus Stop,2.55591934,102.12597191,06:41:00,,,
TERMINAL1 - TAMPIN VIA SENAWANG,myBas,TANAH DATAR CHENGKAU,TANAH DATAR CHENGKAU Bus Stop,2.55091394,102.13047802,06:42:00,,,
TERMINAL1 - TAMPIN VIA SENAWANG,myBas,BALAI RAYA KAMPUNG LADA,BALAI RAYA KAMPUNG LADA Bus Stop,2.5464766,102.13307977,06:43:00,,,
TERMINAL1 - TAMPIN VIA SENAWANG,myBas,SK CHENGKAU,SK CHENGKAU Bus Stop,2.54366306,102.13548839,06:44:00,,,
TERMINAL1 - TAMPIN VIA SENAWANG,myBas,KILANG MEMPROSES ANAK AYAM CHENGKAU,KILANG MEMPROSES ANAK AYAM CHENGKAU Bus Stop,2.54069946,102.13921666,06:45:00,,,
TERMINAL1 - TAMPIN VIA SENAWANG,myBas,SK AGAMA AL-SOFA,SK AGAMA AL-SOFA Bus Stop,2.5375054,102.14204639,06:46:00,,,
TERMINAL1 - TAMPIN VIA SENAWANG,myBas,CHENGKAU ULU,CHENGKAU ULU Bus Stop,2.52662626,102.15063214,06:47:00,,,
TERMINAL1 - TAMPIN VIA SENAWANG,myBas,SK DATO HAJI ADNAN,SK DATO HAJI ADNAN Bus Stop,2.52274084,102.15439796,06:48:00,,,
TERMINAL1 - TAMPIN VIA SENAWANG,myBas,PEKAN KOTA,PEKAN KOTA Bus Stop,2.51934845,102.15778291,06:49:00,,,
TERMINAL1 - TAMPIN VIA SENAWANG,myBas,SIMPANG KAMPUNG KOTA PULAU,SIMPANG KAMPUNG KOTA PULAU Bus Stop,2.5184347,102.15870559,06:50:00,,,
TERMINAL1 - TAMPIN VIA SENAWANG,myBas,SK KOTA,SK KOTA Bus Stop,2.51424109,102.16244995,06:51:00,,,
TERMINAL1 - TAMPIN VIA SENAWANG,myBas,KAMPUNG GADONG,KAMPUNG GADONG Bus Stop,2.51215232,102.16474056,06:52:00,,,
TERMINAL1 - TAMPIN VIA SENAWANG,myBas,PUSAT PERTANIAN GADONG,PUSAT PERTANIAN GADONG Bus Stop,2.51026987,102.16651082,06:53:00,,,
TERMINAL1 - TAMPIN VIA SENAWANG,myBas,KOTA TRADING,KOTA TRADING Bus Stop,2.50737587,102.16967583,06:54:00,,,
TERMINAL1 - TAMPIN VIA SENAWANG,myBas,KAMPUNG KENDONG,KAMPUNG KENDONG Bus Stop,2.50399415,102.17273355,06:55:00,,,
TERMINAL1 - TAMPIN VIA SENAWANG,myBas,SRI KENDONG,SRI KENDONG Bus Stop,2.4991815,102.17663348,06:56:00,,,
TERMINAL1 - TAMPIN VIA SENAWANG,myBas,SRI KENDONG 2,SRI KENDONG 2 Bus Stop,2.49727358,102.1803993,06:57:00,,,
TERMINAL1 - TAMPIN VIA SENAWANG,myBas,MEDAN SELERA SRI KENDONG,MEDAN SELERA SRI KENDONG Bus Stop,2.49515129,102.18432605,06:58:00,,,
TERMINAL1 - TAMPIN VIA SENAWANG,myBas,SIMPANG EMPAT,SIMPANG EMPAT Bus Stop,2.49417053,102.18626261,06:59:00,,,
TERMINAL1 - TAMPIN VIA SENAWANG,myBas,TABOH NANING,TABOH NANING Bus Stop,2.49362521,102.18750715,07:00:00,,,
TERMINAL1 - TAMPIN VIA SENAWANG,myBas,TABOH NANING JAYA,TABOH NANING JAYA Bus Stop,2.49064944,102.19195962,07:01:00,,,
TERMINAL1 - TAMPIN VIA SENAWANG,myBas,TAMAN SALAM NADIAH,TAMAN SALAM NADIAH Bus Stop,2.48854321,102.19350457,07:02:00,,,
TERMINAL1 - TAMPIN VIA SENAWANG,myBas,KAMPUNG TAMAN TASIK,KAMPUNG TAMAN TASIK Bus Stop,2.47869803,102.21273065,07:03:00,,,
TERMINAL1 - TAMPIN VIA SENAWANG,myBas,TAMAN WOON,TAMAN WOON Bus Stop,2.47790752,102.21394435,07:04:00,,,
TERMINAL1 - TAMPIN VIA SENAWANG,myBas,SK TUNKU BESAR TAMPIN,SK TUNKU BESAR TAMPIN Bus Stop,2.47417871,102.22272992,07:05:00,,,
TERMINAL1 - TAMPIN VIA SENAWANG,myBas,VETERINA,VETERINA Bus Stop,2.47419479,102.22492129,07:06:00,,,
TERMINAL1 - TAMPIN VIA SENAWANG,myBas,SK TENGKU ZAINUN,SK TENGKU ZAINUN Bus Stop,2.4738317,102.2261917,07:07:00,,,
TERMINAL1 - TAMPIN VIA SENAWANG,myBas,SJKT TAMPIN,SJKT TAMPIN Bus Stop,2.47268477,102.22857311,07:08:00,,,
TERMINAL1 - TAMPIN VIA SENAWANG,myBas,BANK ISLAM TAMPIN,BANK ISLAM TAMPIN Bus Stop,2.47120289,102.23176226,07:09:00,,,
TERMINAL1 - TAMPIN VIA SENAWANG,myBas,TERMINAL TAMPIN,TERMINAL TAMPIN Bus Stop,2.46488967,102.22626365,07:10:00,,,
TERMINAL1 - TAMPIN VIA SENAWANG,myBas,KAMPUNG CHENGKAU ULU,KAMPUNG CHENGKAU ULU Bus Stop,2.53409697,102.14531332,06:24:00,,,
TERMINAL1 - TAMPIN VIA SENAWANG,myBas,BATU HAMPAR,BATU HAMPAR Bus Stop,2.59252134,102.08162426,06:43:00,,,
TERMINAL1 - TAMPIN VIA SENAWANG,myBas,CYCLE N CARRIAGE,CYCLE N CARRIAGE Bus Stop,2.71410947,101.94960594,07:06:00,,,
TERMINAL1 - TAMPIN VIA SENAWANG,myBas,KTM SEREMBAN,KTM SEREMBAN Bus Stop,2.71881949,101.94136083,07:07:00,,,
TERMINAL1 - TAMPIN VIA SENAWANG,myBas,KM PLAZA,KM PLAZA Bus Stop,2.7228809,101.9376292,07:08:00,,,
TERMINAL1 - SEREMBAN2,myBas,HOSPITAL BESAR TUANKU JAAFAR,HOSPITAL BESAR TUANKU JAAFAR Bus Stop,2.70879955,101.94148958,06:42:00,,,
TERMINAL1 - SEREMBAN2,myBas,KTM SEREMBAN,KTM SEREMBAN Bus Stop,2.71881949,101.94136083,06:44:00,,,
TERMINAL1 - SEREMBAN2,myBas,KM PLAZA,KM PLAZA Bus Stop,2.7228809,101.9376292,06:45:00,,,
TERMINAL1 - TAMPIN VIA SEREMBAN JAYA,myBas,TERMINAL ONE,TERMINAL ONE Bus Stop,2.72152011,101.93715513,06:30:00,,,
TERMINAL1 - TAMPIN VIA SEREMBAN JAYA,myBas,DEWAN PERBANDARAN SEREMBAN,DEWAN PERBANDARAN SEREMBAN Bus Stop,2.72349735,101.94098532,06:31:00,,,
TERMINAL1 - TAMPIN VIA SEREMBAN JAYA,myBas,PADANG MPS,PADANG MPS Bus Stop,2.7221554,101.9413501,06:32:00,,,
TERMINAL1 - TAMPIN VIA SEREMBAN JAYA,myBas,KWSP SEREMBAN,KWSP SEREMBAN Bus Stop,2.71988581,101.94300771,06:33:00,,,
TERMINAL1 - TAMPIN VIA SEREMBAN JAYA,myBas,SHELL JALAN ZAABA,SHELL JALAN ZAABA Bus Stop,2.71689583,101.94570601,06:34:00,,,
TERMINAL1 - TAMPIN VIA SEREMBAN JAYA,myBas,BALAI POLIS RAHANG,BALAI POLIS RAHANG Bus Stop,2.71431309,101.95125282,06:35:00,,,
TERMINAL1 - TAMPIN VIA SEREMBAN JAYA,myBas,TAMAN CHOONG LOONG,TAMAN CHOONG LOONG Bus Stop,2.7074302,101.9556731,06:36:00,,,
TERMINAL1 - TAMPIN VIA SEREMBAN JAYA,myBas,TAMAN SEREMBAN / TAMAN BINJAI,TAMAN SEREMBAN / TAMAN BINJAI Bus Stop,2.69884329,101.96200311,06:37:00,,,
TERMINAL1 - TAMPIN VIA SEREMBAN JAYA,myBas,KAMPUNG BARU RAHANG,KAMPUNG BARU RAHANG Bus Stop,2.69576752,101.9679898,06:38:00,,,
TERMINAL1 - TAMPIN VIA SEREMBAN JAYA,myBas,TAMAN BUKIT EMAS/JPJ,TAMAN BUKIT EMAS/JPJ Bus Stop,2.69090737,101.96981907,06:39:00,,,
TERMINAL1 - TAMPIN VIA SEREMBAN JAYA,myBas,TESCO SEREMBAN JAYA,TESCO SEREMBAN JAYA Bus Stop,2.68529165,101.97205603,06:40:00,,,
TERMINAL1 - TAMPIN VIA SEREMBAN JAYA,myBas,TAMAN SEREMBAN JAYA FASA 1,TAMAN SEREMBAN JAYA FASA 1 Bus Stop,2.68343224,101.97018117,06:41:00,,,
TERMINAL1 - TAMPIN VIA SEREMBAN JAYA,myBas,SMK SEREMBAN JAYA,SMK SEREMBAN JAYA Bus Stop,2.67949773,101.96972787,06:42:00,,,
TERMINAL1 - TAMPIN VIA SEREMBAN JAYA,myBas,TAMAN SEREMBAN JAYA FASA 4,TAMAN SEREMBAN JAYA FASA 4 Bus Stop,2.67695777,101.97033003,06:43:00,,,
TERMINAL1 - TAMPIN VIA SEREMBAN JAYA,myBas,PASAR AWAM TAMAN SEREMBAN JAYA,PASAR AWAM TAMAN SEREMBAN JAYA Bus Stop,2.67492955,101.973892,06:44:00,,,
TERMINAL1 - TAMPIN VIA SEREMBAN JAYA,myBas,TAMAN SEREMBAN JAYA FASA 8,TAMAN SEREMBAN JAYA FASA 8 Bus Stop,2.67472619,101.976088,06:45:00,,,
TERMINAL1 - TAMPIN VIA SEREMBAN JAYA,myBas,TAMAN SEREMBAN JAYA FASA 5,TAMAN SEREMBAN JAYA FASA 5 Bus Stop,2.67353766,101.97988272,06:46:00,,,
TERMINAL1 - TAMPIN VIA SEREMBAN JAYA,myBas,TAMAN SEREMBAN JAYA FASA 9,TAMAN SEREMBAN JAYA FASA 9 Bus Stop,2.67234002,101.98147595,06:47:00,,,
TERMINAL1 - TAMPIN VIA SEREMBAN JAYA,myBas,TAMAN SEREMBAN JAYA FASA 10,TAMAN SEREMBAN JAYA FASA 10 Bus Stop,2.67057704,101.98341116,06:48:00,,,
TERMINAL1 - TAMPIN VIA SEREMBAN JAYA,myBas,BANDAR SEREMBAN SELATAN,BANDAR SEREMBAN SELATAN Bus Stop,2.66919453,101.98524714,06:49:00,,,
TERMINAL1 - TAMPIN VIA SEREMBAN JAYA,myBas,KTM SUNGAI GADUT,KTM SUNGAI GADUT Bus Stop,2.66017061,101.99539393,06:50:00,,,
TERMINAL1 - TAMPIN VIA SEREMBAN JAYA,myBas,KTM SUNGAI GADUT PARKING,KTM SUNGAI GADUT PARKING Bus Stop,2.66018787,101.99634134,06:51:00,,,
TERMINAL1 - TAMPIN VIA SEREMBAN JAYA,myBas,SENAWANG LINK,SENAWANG LINK Bus Stop,2.66212116,102.00554072,06:52:00,,,
TERMINAL1 - TAMPIN VIA SEREMBAN JAYA,myBas,KAWASAN PERINDUSTRIAN SUNGAI GADUT,KAWASAN PERINDUSTRIAN SUNGAI GADUT Bus Stop,2.66273204,102.01071203,06:53:00,,,
TERMINAL1 - TAMPIN VIA SEREMBAN JAYA,myBas,BATU 10,BATU 10 Bus Stop,2.65901583,102.01983958,06:54:00,,,
TERMINAL1 - TAMPIN VIA SEREMBAN JAYA,myBas,KUARTERS JPJ,KUARTERS JPJ Bus Stop,2.65518573,102.02313066,06:55:00,,,
TERMINAL1 - TAMPIN VIA SEREMBAN JAYA,myBas,AIR PANAS PEDAS,AIR PANAS PEDAS Bus Stop,2.63309848,102.05394387,06:56:00,,,
TERMINAL1 - TAMPIN VIA SEREMBAN JAYA,myBas,SIMPANG KAMPUNG ULU SEPRI,SIMPANG KAMPUNG ULU SEPRI Bus Stop,2.62510855,102.05715716,06:57:00,,,
TERMINAL1 - TAMPIN VIA SEREMBAN JAYA,myBas,BALAI POLIS PEDAS,BALAI POLIS PEDAS Bus Stop,2.61976985,102.05840975,06:58:00,,,
TERMINAL1 - TAMPIN VIA SEREMBAN JAYA,myBas,IKTBN,IKTBN Bus Stop,2.6159825,102.0621407,06:59:00,,,
TERMINAL1 - TAMPIN VIA SEREMBAN JAYA,myBas,TAMAN CHEMBONG JAYA,TAMAN CHEMBONG JAYA Bus Stop,2.61224204,102.06453323,07:00:00,,,
TERMINAL1 - TAMPIN VIA SEREMBAN JAYA,myBas,SJKT LADANG CHEMBONG,SJKT LADANG CHEMBONG Bus Stop,2.60854443,102.06704915,07:01:00,,,
TERMINAL1 - TAMPIN VIA SEREMBAN JAYA,myBas,MEDAN SELERA REMBAU,MEDAN SELERA REMBAU Bus Stop,2.60371073,102.06883013,07:02:00,,,
TERMINAL1 - TAMPIN VIA SEREMBAN JAYA,myBas,IPD REMBAU,IPD REMBAU Bus Stop,2.60126172,102.06952751,07:03:00,,,
TERMINAL1 - TAMPIN VIA SEREMBAN JAYA,myBas,ZE MART REMBAU,ZE MART REMBAU Bus Stop,2.59794456,102.07215071,07:04:00,,,
TERMINAL1 - TAMPIN VIA SEREMBAN JAYA,myBas,MASJID BATU 17,MASJID BATU 17 Bus Stop,2.5955652,102.07544982,07:05:00,,,
TERMINAL1 - TAMPIN VIA SEREMBAN JAYA,myBas,SMK DATO SEDIA RAJA,SMK DATO SEDIA RAJA Bus Stop,2.59488998,102.07679092,07:06:00,,,
TERMINAL1 - TAMPIN VIA SEREMBAN JAYA,myBas,KAMPUNG TANJUNG SENA,KAMPUNG TANJUNG SENA Bus Stop,2.59244765,102.08741918,07:07:00,,,
TERMINAL1 - TAMPIN VIA SEREMBAN JAYA,myBas,KFC REMBAU,KFC REMBAU Bus Stop,2.58946139,102.09261596,07:08:00,,,
TERMINAL1 - TAMPIN VIA SEREMBAN JAYA,myBas,PERHENTIAN BAS REMBAU,PERHENTIAN BAS REMBAU Bus Stop,2.59200152,102.09255695,07:09:00,,,
TERMINAL1 - TAMPIN VIA SEREMBAN JAYA,myBas,SM AGAMA REMBAU,SM AGAMA REMBAU Bus Stop,2.59083327,102.0907706,07:10:00,,,
TERMINAL1 - TAMPIN VIA SEREMBAN JAYA,myBas,KOMPLEKS KERAJAAN REMBAU,KOMPLEKS KERAJAAN REMBAU Bus Stop,2.59116553,102.09692895,07:11:00,,,
TERMINAL1 - TAMPIN VIA SEREMBAN JAYA,myBas,KAMPUNG TANJUNG KELING,KAMPUNG TANJUNG KELING Bus Stop,2.5879716,102.09860802,07:12:00,,,
TERMINAL1 - TAMPIN VIA SEREMBAN JAYA,myBas,KAMPUNG BATU  LONGGOK  KG  BATU,KAMPUNG BATU  LONGGOK  KG  BATU Bus Stop,2.58380903,102.11475223,07:13:00,,,
TERMINAL1 - TAMPIN VIA SEREMBAN JAYA,myBas,MASJID KAMPUNG BATU,MASJID KAMPUNG BATU Bus Stop,2.58458608,102.11577415,07:14:00,,,
TERMINAL1 - TAMPIN VIA SEREMBAN JAYA,myBas,SK SALAK NAMA,SK SALAK NAMA Bus Stop,2.57852374,102.11989939,07:15:00,,,
TERMINAL1 - TAMPIN VIA SEREMBAN JAYA,myBas,KLINIK DESA BONGEK,KLINIK DESA BONGEK Bus Stop,2.5689405,102.12217927,07:16:00,,,
TERMINAL1 - TAMPIN VIA SEREMBAN JAYA,myBas,MASJID BONGEK,MASJID BONGEK Bus Stop,2.56549062,102.1232146,07:17:00,,,
TERMINAL1 - TAMPIN VIA SEREMBAN JAYA,myBas,PEKAN CHENGKAU,PEKAN CHENGKAU Bus Stop,2.56068891,102.12366253,07:18:00,,,
TERMINAL1 - TAMPIN VIA SEREMBAN JAYA,myBas,MASJID CHENGKAU,MASJID CHENGKAU Bus Stop,2.55591934,102.12597191,07:19:00,,,
TERMINAL1 - TAMPIN VIA SEREMBAN JAYA,myBas,TANAH DATAR CHENGKAU,TANAH DATAR CHENGKAU Bus Stop,2.55091394,102.13047802,07:20:00,,,
TERMINAL1 - TAMPIN VIA SEREMBAN JAYA,myBas,BALAI RAYA KAMPUNG LADA,BALAI RAYA KAMPUNG LADA Bus Stop,2.5464766,102.13307977,07:21:00,,,
TERMINAL1 - TAMPIN VIA SEREMBAN JAYA,myBas,SK CHENGKAU,SK CHENGKAU Bus Stop,2.54366306,102.13548839,07:22:00,,,
TERMINAL1 - TAMPIN VIA SEREMBAN JAYA,myBas,KILANG MEMPROSES ANAK AYAM CHENGKAU,KILANG MEMPROSES ANAK AYAM CHENGKAU Bus Stop,2.54069946,102.13921666,07:23:00,,,
TERMINAL1 - TAMPIN VIA SEREMBAN JAYA,myBas,SK AGAMA AL-SOFA,SK AGAMA AL-SOFA Bus Stop,2.5375054,102.14204639,07:24:00,,,
TERMINAL1 - TAMPIN VIA SEREMBAN JAYA,myBas,CHENGKAU ULU,CHENGKAU ULU Bus Stop,2.52662626,102.15063214,07:25:00,,,
TERMINAL1 - TAMPIN VIA SEREMBAN JAYA,myBas,SK DATO HAJI ADNAN,SK DATO HAJI ADNAN Bus Stop,2.52274084,102.15439796,07:26:00,,,
TERMINAL1 - TAMPIN VIA SEREMBAN JAYA,myBas,PEKAN KOTA,PEKAN KOTA Bus Stop,2.51934845,102.15778291,07:27:00,,,
TERMINAL1 - TAMPIN VIA SEREMBAN JAYA,myBas,SIMPANG KAMPUNG KOTA PULAU,SIMPANG KAMPUNG KOTA PULAU Bus Stop,2.5184347,102.15870559,07:28:00,,,
TERMINAL1 - TAMPIN VIA SEREMBAN JAYA,myBas,SK KOTA,SK KOTA Bus Stop,2.51424109,102.16244995,07:29:00,,,
TERMINAL1 - TAMPIN VIA SEREMBAN JAYA,myBas,KAMPUNG GADONG,KAMPUNG GADONG Bus Stop,2.51215232,102.16474056,07:30:00,,,
TERMINAL1 - TAMPIN VIA SEREMBAN JAYA,myBas,PUSAT PERTANIAN GADONG,PUSAT PERTANIAN GADONG Bus Stop,2.51026987,102.16651082,07:31:00,,,
TERMINAL1 - TAMPIN VIA SEREMBAN JAYA,myBas,KOTA TRADING,KOTA TRADING Bus Stop,2.50737587,102.16967583,07:32:00,,,
TERMINAL1 - TAMPIN VIA SEREMBAN JAYA,myBas,KAMPUNG KENDONG,KAMPUNG KENDONG Bus Stop,2.50399415,102.17273355,07:33:00,,,
TERMINAL1 - TAMPIN VIA SEREMBAN JAYA,myBas,SRI KENDONG,SRI KENDONG Bus Stop,2.4991815,102.17663348,07:34:00,,,
TERMINAL1 - TAMPIN VIA SEREMBAN JAYA,myBas,SRI KENDONG 2,SRI KENDONG 2 Bus Stop,2.49727358,102.1803993,07:35:00,,,
TERMINAL1 - TAMPIN VIA SEREMBAN JAYA,myBas,MEDAN SELERA SRI KENDONG,MEDAN SELERA SRI KENDONG Bus Stop,2.49515129,102.18432605,07:36:00,,,
TERMINAL1 - TAMPIN VIA SEREMBAN JAYA,myBas,SIMPANG EMPAT,SIMPANG EMPAT Bus Stop,2.49417053,102.18626261,07:37:00,,,
TERMINAL1 - TAMPIN VIA SEREMBAN JAYA,myBas,TABOH NANING,TABOH NANING Bus Stop,2.49362521,102.18750715,07:38:00,,,
TERMINAL1 - TAMPIN VIA SEREMBAN JAYA,myBas,TABOH NANING JAYA,TABOH NANING JAYA Bus Stop,2.49064944,102.19195962,07:39:00,,,
TERMINAL1 - TAMPIN VIA SEREMBAN JAYA,myBas,TAMAN SALAM NADIAH,TAMAN SALAM NADIAH Bus Stop,2.48854321,102.19350457,07:40:00,,,
TERMINAL1 - TAMPIN VIA SEREMBAN JAYA,myBas,KAMPUNG TAMAN TASIK,KAMPUNG TAMAN TASIK Bus Stop,2.47869803,102.21273065,07:41:00,,,
TERMINAL1 - TAMPIN VIA SEREMBAN JAYA,myBas,TAMAN WOON,TAMAN WOON Bus Stop,2.47790752,102.21394435,07:42:00,,,
TERMINAL1 - TAMPIN VIA SEREMBAN JAYA,myBas,SK TUNKU BESAR TAMPIN,SK TUNKU BESAR TAMPIN Bus Stop,2.47417871,102.22272992,07:43:00,,,
TERMINAL1 - TAMPIN VIA SEREMBAN JAYA,myBas,VETERINA,VETERINA Bus Stop,2.47419479,102.22492129,07:44:00,,,
TERMINAL1 - TAMPIN VIA SEREMBAN JAYA,myBas,SK TENGKU ZAINUN,SK TENGKU ZAINUN Bus Stop,2.4738317,102.2261917,07:45:00,,,
TERMINAL1 - TAMPIN VIA SEREMBAN JAYA,myBas,SJKT TAMPIN,SJKT TAMPIN Bus Stop,2.47268477,102.22857311,07:46:00,,,
TERMINAL1 - TAMPIN VIA SEREMBAN JAYA,myBas,BANK ISLAM,BANK ISLAM Bus Stop,2.47120289,102.23176226,07:47:00,,,
TERMINAL1 - TAMPIN VIA SEREMBAN JAYA,myBas,TERMINAL TAMPIN,TERMINAL TAMPIN Bus Stop,2.46488967,102.22626365,07:48:00,,,
TERMINAL1 - TAMPIN VIA SEREMBAN JAYA,myBas,KAMPUNG CHENGKAU ULU,KAMPUNG CHENGKAU ULU Bus Stop,2.53409697,102.14531332,06:54:00,,,
TERMINAL1 - TAMPIN VIA SEREMBAN JAYA,myBas,BATU HAMPAR,BATU HAMPAR Bus Stop,2.59252134,102.08162426,07:13:00,,,
TERMINAL1 - TAMPIN VIA SEREMBAN JAYA,myBas,KTM SG GADUT1,KTM SG GADUT1 Bus Stop,2.66012507,101.99541538,07:28:00,,,
TERMINAL1 - TAMPIN VIA SEREMBAN JAYA,myBas,PROTON RAHANG,PROTON RAHANG Bus Stop,2.7106908,101.95234715,07:43:00,,,
TERMINAL1 - TAMPIN VIA SEREMBAN JAYA,myBas,CYCLE N CARRIAGE,CYCLE N CARRIAGE Bus Stop,2.71410947,101.94960594,07:44:00,,,
TERMINAL1 - TAMPIN VIA SEREMBAN JAYA,myBas,KTM,KTM Bus Stop,2.71884093,101.94131255,07:45:00,,,
TERMINAL1 - TAMPIN VIA SEREMBAN JAYA,myBas,KM PLAZA,KM PLAZA Bus Stop,2.7228809,101.9376292,07:46:00,,,
PORT DICKSON - POLYMALL,myBas,TERMINAL PORT DICKSON,TERMINAL PORT DICKSON Bus Stop,2.5239413,101.79633915,06:00:00,,,
PORT DICKSON - POLYMALL,myBas,STANDARD CHARTERED BANK,STANDARD CHARTERED BANK Bus Stop,2.52246484,101.79625601,06:01:00,,,
PORT DICKSON - POLYMALL,myBas,PEJABAT KASTAM,PEJABAT KASTAM Bus Stop,2.5220227,101.79551303,06:02:00,,,
PORT DICKSON - POLYMALL,myBas,GEDUNG TEN TEN,GEDUNG TEN TEN Bus Stop,2.52573098,101.80000485,06:03:00,,,
PORT DICKSON - POLYMALL,myBas,SIMPANG PD WATERFRONT,SIMPANG PD WATERFRONT Bus Stop,2.52606902,101.80207028,06:04:00,,,
PORT DICKSON - POLYMALL,myBas,MASJID JAMEK PD,MASJID JAMEK PD Bus Stop,2.52560395,101.80528295,06:05:00,,,
PORT DICKSON - POLYMALL,myBas,KOMPLEKS PENTADBIRAN PD,KOMPLEKS PENTADBIRAN PD Bus Stop,2.52520549,101.80727838,06:06:00,,,
PORT DICKSON - POLYMALL,myBas,MAHKAMAH RENDAH PD,MAHKAMAH RENDAH PD Bus Stop,2.52555113,101.8116941,06:07:00,,,
PORT DICKSON - POLYMALL,myBas,PEJABAT TNB,PEJABAT TNB Bus Stop,2.52390687,101.81623686,06:08:00,,,
PORT DICKSON - POLYMALL,myBas,SMK TINGGI PD,SMK TINGGI PD Bus Stop,2.52139814,101.82057208,06:09:00,,,
PORT DICKSON - POLYMALL,myBas,CORUS PARADISE RESORT,CORUS PARADISE RESORT Bus Stop,2.51949305,101.82209202,06:10:00,,,
PORT DICKSON - POLYMALL,myBas,SIMPANG TAMAN PD UTAMA,SIMPANG TAMAN PD UTAMA Bus Stop,2.51738889,101.82380358,06:11:00,,,
PORT DICKSON - POLYMALL,myBas,TAMAN PD UTAMA,TAMAN PD UTAMA Bus Stop,2.517054,101.8291153,06:12:00,,,
PORT DICKSON - POLYMALL,myBas,GOLDEN STRAITS VILLAS,GOLDEN STRAITS VILLAS Bus Stop,2.51188101,101.82744718,06:13:00,,,
PORT DICKSON - POLYMALL,myBas,MASJID JAMEK KG BAGAN PINANG,MASJID JAMEK KG BAGAN PINANG Bus Stop,2.50802166,101.83014333,06:14:00,,,
PORT DICKSON - POLYMALL,myBas,KFC BT 4,KFC BT 4 Bus Stop,2.50492583,101.83427588,06:15:00,,,
PORT DICKSON - POLYMALL,myBas,KLINIK DESA BAGAN PINANG,KLINIK DESA BAGAN PINANG Bus Stop,2.50377106,101.83566053,06:16:00,,,
PORT DICKSON - POLYMALL,myBas,UPTOWN BATU 4,UPTOWN BATU 4 Bus Stop,2.50128592,101.83755396,06:17:00,,,
PORT DICKSON - POLYMALL,myBas,PETRONAS BT 4,PETRONAS BT 4 Bus Stop,2.49921895,101.83845965,06:18:00,,,
PORT DICKSON - POLYMALL,myBas,TAMAN DESA RUSA,TAMAN DESA RUSA Bus Stop,2.49553443,101.83995489,06:19:00,,,
PORT DICKSON - POLYMALL,myBas,BAYU BEACH RESORT,BAYU BEACH RESORT Bus Stop,2.49185545,101.84222463,06:20:00,,,
PORT DICKSON - POLYMALL,myBas,THE REGENCY,THE REGENCY Bus Stop,2.48363901,101.84773391,06:21:00,,,
PORT DICKSON - POLYMALL,myBas,RESIDENT DESA LAGOON RESORT,RESIDENT DESA LAGOON RESORT Bus Stop,2.4817447,101.84960963,06:22:00,,,
PORT DICKSON - POLYMALL,myBas,KUARTERS ANGKATAN TENTERA,KUARTERS ANGKATAN TENTERA Bus Stop,2.47894192,101.85323347,06:23:00,,,
PORT DICKSON - POLYMALL,myBas,HOSPITAL PORT DICKSON,HOSPITAL PORT DICKSON Bus Stop,2.47705373,101.85537641,06:24:00,,,
PORT DICKSON - POLYMALL,myBas,TOKONG JALAN PANTAI,TOKONG JALAN PANTAI Bus Stop,2.47233902,101.85894676,06:25:00,,,
PORT DICKSON - POLYMALL,myBas,PASAR TELOK KEMANG,PASAR TELOK KEMANG Bus Stop,2.46461408,101.85391627,06:26:00,,,
PORT DICKSON - POLYMALL,myBas,BALAI RAYA TELOK KEMANG,BALAI RAYA TELOK KEMANG Bus Stop,2.46199928,101.85442626,06:27:00,,,
PORT DICKSON - POLYMALL,myBas,BALAI POLIS TELOK KEMANG,BALAI POLIS TELOK KEMANG Bus Stop,2.46024739,101.85541648,06:28:00,,,
PORT DICKSON - POLYMALL,myBas,SEK RENDAH AGAMA HJ AWALUDDIN,SEK RENDAH AGAMA HJ AWALUDDIN Bus Stop,2.4590068,101.85575325,06:29:00,,,
PORT DICKSON - POLYMALL,myBas,SK TELOK KEMANG,SK TELOK KEMANG Bus Stop,2.45391574,101.85752336,06:30:00,,,
PORT DICKSON - POLYMALL,myBas,SIMPANG TAMAN AROWANA,SIMPANG TAMAN AROWANA Bus Stop,2.45247845,101.85760864,06:31:00,,,
PORT DICKSON - POLYMALL,myBas,KOMPLEKS BELIA SUKAN TELOK KEMANG,KOMPLEKS BELIA SUKAN TELOK KEMANG Bus Stop,2.44907154,101.85801687,06:32:00,,,
PORT DICKSON - POLYMALL,myBas,PD OSTRICH FARM,PD OSTRICH FARM Bus Stop,2.44635999,101.86281234,06:33:00,,,
PORT DICKSON - POLYMALL,myBas,MEDAN SELERA TAMAN INTAN,MEDAN SELERA TAMAN INTAN Bus Stop,2.44816173,101.86927416,06:34:00,,,
PORT DICKSON - POLYMALL,myBas,TAMAN INTAN,TAMAN INTAN Bus Stop,2.44847037,101.87069772,06:35:00,,,
PORT DICKSON - POLYMALL,myBas,SMK INTAN PERDANA,SMK INTAN PERDANA Bus Stop,2.44847949,101.87398052,06:36:00,,,
PORT DICKSON - POLYMALL,myBas,SIMPANG JALAN POLITEKNIK 17,SIMPANG JALAN POLITEKNIK 17 Bus Stop,2.44249554,101.86851113,06:37:00,,,
PORT DICKSON - POLYMALL,myBas,SIMPANG JALAN POLITEKNIK 22,SIMPANG JALAN POLITEKNIK 22 Bus Stop,2.43988153,101.86874816,06:38:00,,,
PORT DICKSON - POLYMALL,myBas,SIMPANG JALAN POLITEKNIK 2,SIMPANG JALAN POLITEKNIK 2 Bus Stop,2.44162401,101.8654016,06:39:00,,,
PORT DICKSON - POLYMALL,myBas,PUSAT PERNIAGAAN TAMAN POLI,PUSAT PERNIAGAAN TAMAN POLI Bus Stop,2.44215624,101.86446901,06:40:00,,,
PORT DICKSON - POLYMALL,myBas,POLITEKNIK PORT DICKSON,POLITEKNIK PORT DICKSON Bus Stop,2.44138421,101.86236248,06:41:00,,,
PORT DICKSON - POLYMALL,myBas,POLYMALL,POLYMALL Bus Stop,2.44031948,101.86138555,06:42:00,,,
PORT DICKSON - POLYMALL,myBas,TAMAN SI RUSA JAYA,TAMAN SI RUSA JAYA Bus Stop,2.47541302,101.85877396,06:18:00,,,
TERMINAL 1-PORT DICKSON VIA SPRINGHILL,myBas,TERMINAL ONE,TERMINAL ONE Bus Stop,2.72152011,101.93715513,06:00:00,,,
TERMINAL 1-PORT DICKSON VIA SPRINGHILL,myBas,DEWAN PERBANDARAN SEREMBAN,DEWAN PERBANDARAN SEREMBAN Bus Stop,2.72349735,101.94098532,06:01:00,,,
TERMINAL 1-PORT DICKSON VIA SPRINGHILL,myBas,PADANG MPS,PADANG MPS Bus Stop,2.7221554,101.9413501,06:02:00,,,
TERMINAL 1-PORT DICKSON VIA SPRINGHILL,myBas,KWSP SEREMBAN,KWSP SEREMBAN Bus Stop,2.71988581,101.94300771,06:03:00,,,
TERMINAL 1-PORT DICKSON VIA SPRINGHILL,myBas,PETRON BKT RASAH,PETRON BKT RASAH Bus Stop,2.71466571,101.94258736,06:04:00,,,
TERMINAL 1-PORT DICKSON VIA SPRINGHILL,myBas,HOSPITAL MAWAR,HOSPITAL MAWAR Bus Stop,2.70597003,101.94078147,06:05:00,,,
TERMINAL 1-PORT DICKSON VIA SPRINGHILL,myBas,SIMPANG KAMPUNG PASIR KG DATO MANSOR,SIMPANG KAMPUNG PASIR KG DATO MANSOR Bus Stop,2.70100629,101.93960313,06:06:00,,,
TERMINAL 1-PORT DICKSON VIA SPRINGHILL,myBas,SHELL TAMAN RASAH,SHELL TAMAN RASAH Bus Stop,2.68213011,101.92860961,06:07:00,,,
TERMINAL 1-PORT DICKSON VIA SPRINGHILL,myBas,TAMAN NEGERI,TAMAN NEGERI Bus Stop,2.68019032,101.92811072,06:08:00,,,
TERMINAL 1-PORT DICKSON VIA SPRINGHILL,myBas,BALAI POLIS MAMBAU,BALAI POLIS MAMBAU Bus Stop,2.67023409,101.92001045,06:09:00,,,
TERMINAL 1-PORT DICKSON VIA SPRINGHILL,myBas,PEKAN MAMBAU,PEKAN MAMBAU Bus Stop,2.66810673,101.91890538,06:10:00,,,
TERMINAL 1-PORT DICKSON VIA SPRINGHILL,myBas,RUMAH RAKYAT MAMBAU,RUMAH RAKYAT MAMBAU Bus Stop,2.66540599,101.91758037,06:11:00,,,
TERMINAL 1-PORT DICKSON VIA SPRINGHILL,myBas,SEKOLAH KEBANGSAAN MAMBAU,SEKOLAH KEBANGSAAN MAMBAU Bus Stop,2.65742163,101.9113791,06:12:00,,,
TERMINAL 1-PORT DICKSON VIA SPRINGHILL,myBas,KAMPUNG BATU 5 1/2,KAMPUNG BATU 5 1/2 Bus Stop,2.65395458,101.90910995,06:13:00,,,
TERMINAL 1-PORT DICKSON VIA SPRINGHILL,myBas,KELAB TUNKU,KELAB TUNKU Bus Stop,2.6513568,101.90777362,06:14:00,,,
TERMINAL 1-PORT DICKSON VIA SPRINGHILL,myBas,KAMPUNG BEMBAN,KAMPUNG BEMBAN Bus Stop,2.64505381,101.90370798,06:15:00,,,
TERMINAL 1-PORT DICKSON VIA SPRINGHILL,myBas,SJK TAMIL LADANG SHANGHAI SEREMBAN,SJK TAMIL LADANG SHANGHAI SEREMBAN Bus Stop,2.64173141,101.89757645,06:16:00,,,
TERMINAL 1-PORT DICKSON VIA SPRINGHILL,myBas,BENGKEL SERI SEMBILAN,BENGKEL SERI SEMBILAN Bus Stop,2.63546705,101.88941181,06:17:00,,,
TERMINAL 1-PORT DICKSON VIA SPRINGHILL,myBas,LADANG JEMIMA 1,LADANG JEMIMA 1 Bus Stop,2.62095013,101.8751049,06:18:00,,,
TERMINAL 1-PORT DICKSON VIA SPRINGHILL,myBas,LADANG JEMIMA 2,LADANG JEMIMA 2 Bus Stop,2.61851723,101.87490106,06:19:00,,,
TERMINAL 1-PORT DICKSON VIA SPRINGHILL,myBas,KAMPUNG SUNGAI SENDAYAN 1,KAMPUNG SUNGAI SENDAYAN 1 Bus Stop,2.61485951,101.87451959,06:20:00,,,
TERMINAL 1-PORT DICKSON VIA SPRINGHILL,myBas,KAMPUNG SUNGAI SENDAYAN 2,KAMPUNG SUNGAI SENDAYAN 2 Bus Stop,2.61030037,101.87412381,06:21:00,,,
TERMINAL 1-PORT DICKSON VIA SPRINGHILL,myBas,2 RESIDENCES,2 RESIDENCES Bus Stop,2.60901166,101.87058333,06:22:00,,,
TERMINAL 1-PORT DICKSON VIA SPRINGHILL,myBas,PARK RESIDENCES,PARK RESIDENCES Bus Stop,2.60279435,101.86205327,06:23:00,,,
TERMINAL 1-PORT DICKSON VIA SPRINGHILL,myBas,UCSI INTERNATIONAL SCHOLL,UCSI INTERNATIONAL SCHOLL Bus Stop,2.60134,101.8563222,06:24:00,,,
TERMINAL 1-PORT DICKSON VIA SPRINGHILL,myBas,10 AVENUE SQUARE,10 AVENUE SQUARE Bus Stop,2.589371,101.85448,06:25:00,,,
TERMINAL 1-PORT DICKSON VIA SPRINGHILL,myBas,8 MERANTI 9 RESIDENCES,8 MERANTI 9 RESIDENCES Bus Stop,2.58500092,101.85359713,06:26:00,,,
TERMINAL 1-PORT DICKSON VIA SPRINGHILL,myBas,TAMAN SRI AMAN,TAMAN SRI AMAN Bus Stop,2.58167482,101.84756935,06:27:00,,,
TERMINAL 1-PORT DICKSON VIA SPRINGHILL,myBas,TAMAN SRI LUKUT,TAMAN SRI LUKUT Bus Stop,2.58000282,101.84465647,06:28:00,,,
TERMINAL 1-PORT DICKSON VIA SPRINGHILL,myBas,TAMAN INDAH JAYA,TAMAN INDAH JAYA Bus Stop,2.57716589,101.83925781,06:29:00,,,
TERMINAL 1-PORT DICKSON VIA SPRINGHILL,myBas,KLINIK KESIHATAN LUKUT,KLINIK KESIHATAN LUKUT Bus Stop,2.57698571,101.83711946,06:30:00,,,
TERMINAL 1-PORT DICKSON VIA SPRINGHILL,myBas,KAMPUNG BUKIT PALOH/KG LUKUT/KG SRI PARIT,KAMPUNG BUKIT PALOH/KG LUKUT/KG SRI PARIT Bus Stop,2.57693925,101.83537302,06:31:00,,,
TERMINAL 1-PORT DICKSON VIA SPRINGHILL,myBas,TAMAN ASTANA HARMONI,TAMAN ASTANA HARMONI Bus Stop,2.57301983,101.8325145,06:32:00,,,
TERMINAL 1-PORT DICKSON VIA SPRINGHILL,myBas,BALAI POLIS LUKUT,BALAI POLIS LUKUT Bus Stop,2.57086691,101.83070839,06:33:00,,,
TERMINAL 1-PORT DICKSON VIA SPRINGHILL,myBas,CIMB LUKUT,CIMB LUKUT Bus Stop,2.56751453,101.82794316,06:34:00,,,
TERMINAL 1-PORT DICKSON VIA SPRINGHILL,myBas,TAMAN KOTA LUKUT,TAMAN KOTA LUKUT Bus Stop,2.56566942,101.82163673,06:35:00,,,
TERMINAL 1-PORT DICKSON VIA SPRINGHILL,myBas,TAMAN BUNGA RAYA,TAMAN BUNGA RAYA Bus Stop,2.56553821,101.82012563,06:36:00,,,
TERMINAL 1-PORT DICKSON VIA SPRINGHILL,myBas,TMN SENTOSA,TMN SENTOSA Bus Stop,2.56407937,101.81612849,06:37:00,,,
TERMINAL 1-PORT DICKSON VIA SPRINGHILL,myBas,CENTRAL MARKET LUKUT,CENTRAL MARKET LUKUT Bus Stop,2.56056029,101.8126899,06:38:00,,,
TERMINAL 1-PORT DICKSON VIA SPRINGHILL,myBas,SMK RAJA JUMAAT,SMK RAJA JUMAAT Bus Stop,2.55859352,101.80965364,06:39:00,,,
TERMINAL 1-PORT DICKSON VIA SPRINGHILL,myBas,TAMAN PD JASMIN,TAMAN PD JASMIN Bus Stop,2.55571998,101.8070704,06:40:00,,,
TERMINAL 1-PORT DICKSON VIA SPRINGHILL,myBas,TAMAN CAHAYA SURIA,TAMAN CAHAYA SURIA Bus Stop,2.5525718,101.80614156,06:41:00,,,
TERMINAL 1-PORT DICKSON VIA SPRINGHILL,myBas,PETRON TAMAN SRI INTAN,PETRON TAMAN SRI INTAN Bus Stop,2.55002198,101.80511894,06:42:00,,,
TERMINAL 1-PORT DICKSON VIA SPRINGHILL,myBas,KAMPUNG PAYA,KAMPUNG PAYA Bus Stop,2.54799323,101.80389762,06:43:00,,,
TERMINAL 1-PORT DICKSON VIA SPRINGHILL,myBas,TAMAN SEA VIEW,TAMAN SEA VIEW Bus Stop,2.54412394,101.80150509,06:44:00,,,
TERMINAL 1-PORT DICKSON VIA SPRINGHILL,myBas,TAMAN SRI BAYU,TAMAN SRI BAYU Bus Stop,2.54181416,101.79904282,06:45:00,,,
TERMINAL 1-PORT DICKSON VIA SPRINGHILL,myBas,TAMAN PD LAVENDER,TAMAN PD LAVENDER Bus Stop,2.53996884,101.79817438,06:46:00,,,
TERMINAL 1-PORT DICKSON VIA SPRINGHILL,myBas,PEJABAT KESIHATAN DAERAH PORT DICKSON,PEJABAT KESIHATAN DAERAH PORT DICKSON Bus Stop,2.53851024,101.79727793,06:47:00,,,
TERMINAL 1-PORT DICKSON VIA SPRINGHILL,myBas,SK KAMPUNG GELAM,SK KAMPUNG GELAM Bus Stop,2.53484726,101.79517508,06:48:00,,,
TERMINAL 1-PORT DICKSON VIA SPRINGHILL,myBas,KLINIK KESIHATAN PORT DICKSON 1,KLINIK KESIHATAN PORT DICKSON 1 Bus Stop,2.52747302,101.79223537,06:49:00,,,
TERMINAL 1-PORT DICKSON VIA SPRINGHILL,myBas,CHURCH IMMACULATE CONCEPTION 1,CHURCH IMMACULATE CONCEPTION 1 Bus Stop,2.52545796,101.79259479,06:50:00,,,
TERMINAL 1-PORT DICKSON VIA SPRINGHILL,myBas,BALAI POLIS PD,BALAI POLIS PD Bus Stop,2.52414913,101.79418207,06:51:00,,,
TERMINAL 1-PORT DICKSON VIA SPRINGHILL,myBas,TERMINAL PORT DICKSON,TERMINAL PORT DICKSON Bus Stop,2.5239413,101.79633915,06:52:00,,,
TERMINAL 1-PORT DICKSON VIA SPRINGHILL,myBas,STANDARD CHARTERED BANK,STANDARD CHARTERED BANK Bus Stop,2.52246484,101.796256,06:01:00,,,
TERMINAL 1-PORT DICKSON VIA SPRINGHILL,myBas,PEJABAT KASTAM,PEJABAT KASTAM Bus Stop,2.5220227,101.79551303,06:02:00,,,
TERMINAL 1-PORT DICKSON VIA SPRINGHILL,myBas,HOSPITAL BESAR,HOSPITAL BESAR Bus Stop,2.70872539,101.94140345,06:50:00,,,
TERMINAL 1-PORT DICKSON VIA SPRINGHILL,myBas,KTM SEREMBAN,KTM SEREMBAN Bus Stop,2.71881949,101.94136083,06:52:00,,,
TERMINAL 1-PORT DICKSON VIA SPRINGHILL,myBas,KM PLAZA,KM PLAZA Bus Stop,2.7228809,101.9376292,06:53:00,,,
TERMINAL 1-PORT DICKSON VIA SPG SILIAU,myBas,TERMINAL ONE,TERMINAL ONE Bus Stop,2.72152011,101.93715513,06:30:00,,,
TERMINAL 1-PORT DICKSON VIA SPG SILIAU,myBas,DEWAN PERBANDARAN SEREMBAN,DEWAN PERBANDARAN SEREMBAN Bus Stop,2.72349735,101.94098532,06:31:00,,,
TERMINAL 1-PORT DICKSON VIA SPG SILIAU,myBas,PADANG MPS,PADANG MPS Bus Stop,2.7221554,101.9413501,06:32:00,,,
TERMINAL 1-PORT DICKSON VIA SPG SILIAU,myBas,KWSP SEREMBAN,KWSP SEREMBAN Bus Stop,2.71988581,101.94300771,06:33:00,,,
TERMINAL 1-PORT DICKSON VIA SPG SILIAU,myBas,PETRON BKT RASAH,PETRON BKT RASAH Bus Stop,2.71466571,101.94258736,06:34:00,,,
TERMINAL 1-PORT DICKSON VIA SPG SILIAU,myBas,HOSPITAL MAWAR,HOSPITAL MAWAR Bus Stop,2.70597003,101.94078147,06:35:00,,,
TERMINAL 1-PORT DICKSON VIA SPG SILIAU,myBas,SIMPANG KAMPUNG PASIR KG DATO MANSOR,SIMPANG KAMPUNG PASIR KG DATO MANSOR Bus Stop,2.70100629,101.93960313,06:36:00,,,
TERMINAL 1-PORT DICKSON VIA SPG SILIAU,myBas,SHELL TAMAN RASAH,SHELL TAMAN RASAH Bus Stop,2.68213011,101.92860961,06:37:00,,,
TERMINAL 1-PORT DICKSON VIA SPG SILIAU,myBas,TAMAN NEGERI,TAMAN NEGERI Bus Stop,2.68019032,101.92811072,06:38:00,,,
TERMINAL 1-PORT DICKSON VIA SPG SILIAU,myBas,BALAI POLIS MAMBAU,BALAI POLIS MAMBAU Bus Stop,2.67023409,101.92001045,06:39:00,,,
TERMINAL 1-PORT DICKSON VIA SPG SILIAU,myBas,PEKAN MAMBAU,PEKAN MAMBAU Bus Stop,2.66810673,101.91890538,06:40:00,,,
TERMINAL 1-PORT DICKSON VIA SPG SILIAU,myBas,RUMAH RAKYAT MAMBAU,RUMAH RAKYAT MAMBAU Bus Stop,2.66540599,101.91758037,06:41:00,,,
TERMINAL 1-PORT DICKSON VIA SPG SILIAU,myBas,SEKOLAH KEBANGSAAN MAMBAU,SEKOLAH KEBANGSAAN MAMBAU Bus Stop,2.65742163,101.9113791,06:42:00,,,
TERMINAL 1-PORT DICKSON VIA SPG SILIAU,myBas,KAMPUNG BATU 5 1/2,KAMPUNG BATU 5 1/2 Bus Stop,2.65395458,101.90910995,06:43:00,,,
TERMINAL 1-PORT DICKSON VIA SPG SILIAU,myBas,KELAB TUNKU,KELAB TUNKU Bus Stop,2.6513568,101.90777362,06:44:00,,,
TERMINAL 1-PORT DICKSON VIA SPG SILIAU,myBas,KAMPUNG BEMBAN,KAMPUNG BEMBAN Bus Stop,2.64505381,101.90370798,06:45:00,,,
TERMINAL 1-PORT DICKSON VIA SPG SILIAU,myBas,SJK TAMIL LADANG SHANGHAI SEREMBAN,SJK TAMIL LADANG SHANGHAI SEREMBAN Bus Stop,2.64173141,101.89757645,06:46:00,,,
TERMINAL 1-PORT DICKSON VIA SPG SILIAU,myBas,BENGKEL SERI SEMBILAN,BENGKEL SERI SEMBILAN Bus Stop,2.63546705,101.88941181,06:47:00,,,
TERMINAL 1-PORT DICKSON VIA SPG SILIAU,myBas,LADANG JEMIMA 1,LADANG JEMIMA 1 Bus Stop,2.62095013,101.8751049,06:48:00,,,
TERMINAL 1-PORT DICKSON VIA SPG SILIAU,myBas,LADANG JEMIMA 2,LADANG JEMIMA 2 Bus Stop,2.61851723,101.87490106,06:49:00,,,
TERMINAL 1-PORT DICKSON VIA SPG SILIAU,myBas,KAMPUNG SUNGAI SENDAYAN 1,KAMPUNG SUNGAI SENDAYAN 1 Bus Stop,2.61485951,101.87451959,06:50:00,,,
TERMINAL 1-PORT DICKSON VIA SPG SILIAU,myBas,KAMPUNG SUNGAI SENDAYAN 2,KAMPUNG SUNGAI SENDAYAN 2 Bus Stop,2.61030037,101.8741238,06:51:00,,,
TERMINAL 1-PORT DICKSON VIA SPG SILIAU,myBas,SPRINGHILL KM 16,SPRINGHILL KM 16 Bus Stop,2.60732797,101.87397838,06:52:00,,,
TERMINAL 1-PORT DICKSON VIA SPG SILIAU,myBas,KUIL INDIA KM 16,KUIL INDIA KM 16 Bus Stop,2.6033557,101.87357202,06:53:00,,,
TERMINAL 1-PORT DICKSON VIA SPG SILIAU,myBas,LADANG SALAK SIME DARBY,LADANG SALAK SIME DARBY Bus Stop,2.59762839,101.87394619,06:54:00,,,
TERMINAL 1-PORT DICKSON VIA SPG SILIAU,myBas,LADANG SALAK GMP/TOP GLOVE,LADANG SALAK GMP/TOP GLOVE Bus Stop,2.59601267,101.8739435,06:55:00,,,
TERMINAL 1-PORT DICKSON VIA SPG SILIAU,myBas,SIMPANG SILIAU,SIMPANG SILIAU Bus Stop,2.58637463,101.87058806,06:56:00,,,
TERMINAL 1-PORT DICKSON VIA SPG SILIAU,myBas,KUIL INDIA KAMPUNG BARU CINA,KUIL INDIA KAMPUNG BARU CINA Bus Stop,2.58717044,101.86453968,06:57:00,,,
TERMINAL 1-PORT DICKSON VIA SPG SILIAU,myBas,BATU 7 KAMPUNG BARU CINA,BATU 7 KAMPUNG BARU CINA Bus Stop,2.58766835,101.86019249,06:58:00,,,
TERMINAL 1-PORT DICKSON VIA SPG SILIAU,myBas,SEKOLAH KEBANGSAAN LUKUT/SMK YAM TUAN RADEN,SEKOLAH KEBANGSAAN LUKUT/SMK YAM TUAN RADEN Bus Stop,2.58495092,101.85539426,06:59:00,,,
TERMINAL 1-PORT DICKSON VIA SPG SILIAU,myBas,TAMAN SRI AMAN,TAMAN SRI AMAN Bus Stop,2.58167482,101.84756935,07:00:00,,,
TERMINAL 1-PORT DICKSON VIA SPG SILIAU,myBas,TAMAN SRI LUKUT,TAMAN SRI LUKUT Bus Stop,2.58000282,101.84465647,07:01:00,,,
TERMINAL 1-PORT DICKSON VIA SPG SILIAU,myBas,TAMAN INDAH JAYA,TAMAN INDAH JAYA Bus Stop,2.57716589,101.83925781,07:02:00,,,
TERMINAL 1-PORT DICKSON VIA SPG SILIAU,myBas,KLINIK KESIHATAN LUKUT,KLINIK KESIHATAN LUKUT Bus Stop,2.57698571,101.83711946,07:03:00,,,
TERMINAL 1-PORT DICKSON VIA SPG SILIAU,myBas,KAMPUNG BUKIT PALOH/KG LUKUT/KG SRI PARIT,KAMPUNG BUKIT PALOH/KG LUKUT/KG SRI PARIT Bus Stop,2.57693925,101.83537302,07:04:00,,,
TERMINAL 1-PORT DICKSON VIA SPG SILIAU,myBas,TAMAN ASTANA HARMONI,TAMAN ASTANA HARMONI Bus Stop,2.57301983,101.8325145,07:05:00,,,
TERMINAL 1-PORT DICKSON VIA SPG SILIAU,myBas,BALAI POLIS LUKUT,BALAI POLIS LUKUT Bus Stop,2.57086691,101.83070839,07:06:00,,,
TERMINAL 1-PORT DICKSON VIA SPG SILIAU,myBas,CIMB LUKUT,CIMB LUKUT Bus Stop,2.56751453,101.82794316,07:07:00,,,
TERMINAL 1-PORT DICKSON VIA SPG SILIAU,myBas,TAMAN KOTA LUKUT,TAMAN KOTA LUKUT Bus Stop,2.56566942,101.82163673,07:08:00,,,
TERMINAL 1-PORT DICKSON VIA SPG SILIAU,myBas,TAMAN BUNGA RAYA,TAMAN BUNGA RAYA Bus Stop,2.56553821,101.82012563,07:09:00,,,
TERMINAL 1-PORT DICKSON VIA SPG SILIAU,myBas,TMN SENTOSA,TMN SENTOSA Bus Stop,2.56407937,101.81612849,07:10:00,,,
TERMINAL 1-PORT DICKSON VIA SPG SILIAU,myBas,CENTRAL MARKET LUKUT,CENTRAL MARKET LUKUT Bus Stop,2.56056029,101.8126899,07:11:00,,,
TERMINAL 1-PORT DICKSON VIA SPG SILIAU,myBas,SMK RAJA JUMAAT,SMK RAJA JUMAAT Bus Stop,2.55859352,101.80965364,07:12:00,,,
TERMINAL 1-PORT DICKSON VIA SPG SILIAU,myBas,TAMAN PD JASMIN,TAMAN PD JASMIN Bus Stop,2.55571998,101.8070704,07:13:00,,,
TERMINAL 1-PORT DICKSON VIA SPG SILIAU,myBas,TAMAN CAHAYA SURIA,TAMAN CAHAYA SURIA Bus Stop,2.5525718,101.80614156,07:14:00,,,
TERMINAL 1-PORT DICKSON VIA SPG SILIAU,myBas,PETRON TAMAN SRI INTAN,PETRON TAMAN SRI INTAN Bus Stop,2.55002198,101.80511894,07:15:00,,,
TERMINAL 1-PORT DICKSON VIA SPG SILIAU,myBas,KAMPUNG PAYA,KAMPUNG PAYA Bus Stop,2.54799323,101.80389762,07:16:00,,,
TERMINAL 1-PORT DICKSON VIA SPG SILIAU,myBas,TAMAN SEA VIEW,TAMAN SEA VIEW Bus Stop,2.54412394,101.80150509,07:17:00,,,
TERMINAL 1-PORT DICKSON VIA SPG SILIAU,myBas,TAMAN SRI BAYU,TAMAN SRI BAYU Bus Stop,2.54181416,101.79904282,07:18:00,,,
TERMINAL 1-PORT DICKSON VIA SPG SILIAU,myBas,TAMAN PD LAVENDER,TAMAN PD LAVENDER Bus Stop,2.53996884,101.79817438,07:19:00,,,
TERMINAL 1-PORT DICKSON VIA SPG SILIAU,myBas,PEJABAT KESIHATAN DAERAH PORT DICKSON,PEJABAT KESIHATAN DAERAH PORT DICKSON Bus Stop,2.53851024,101.79727793,07:20:00,,,
TERMINAL 1-PORT DICKSON VIA SPG SILIAU,myBas,SK KAMPUNG GELAM,SK KAMPUNG GELAM Bus Stop,2.53484726,101.79517508,07:21:00,,,
TERMINAL 1-PORT DICKSON VIA SPG SILIAU,myBas,KLINIK KESIHATAN PORT DICKSON 1,KLINIK KESIHATAN PORT DICKSON 1 Bus Stop,2.52816435,101.79223537,07:22:00,,,
TERMINAL 1-PORT DICKSON VIA SPG SILIAU,myBas,CHURCH IMMACULATE CONCEPTION 1,CHURCH IMMACULATE CONCEPTION 1 Bus Stop,2.52545796,101.79259479,07:23:00,,,
TERMINAL 1-PORT DICKSON VIA SPG SILIAU,myBas,BALAI POLIS PD,BALAI POLIS PD Bus Stop,2.52414913,101.79418207,07:24:00,,,
TERMINAL 1-PORT DICKSON VIA SPG SILIAU,myBas,TERMINAL PORT DICKSON,TERMINAL PORT DICKSON Bus Stop,2.5239413,101.79633915,07:25:00,,,
TERMINAL 1- PORT DICKSON VIA RANTAU,myBas,TERMINAL ONE,TERMINAL ONE Bus Stop,2.72152011,101.93715513,05:45:00,,,
TERMINAL 1- PORT DICKSON VIA RANTAU,myBas,DEWAN PERBANDARAN SEREMBAN,DEWAN PERBANDARAN SEREMBAN Bus Stop,2.72349735,101.94098532,05:46:00,,,
TERMINAL 1- PORT DICKSON VIA RANTAU,myBas,PADANG MPS,PADANG MPS Bus Stop,2.7221554,101.9413501,05:47:00,,,
TERMINAL 1- PORT DICKSON VIA RANTAU,myBas,KWSP SEREMBAN,KWSP SEREMBAN Bus Stop,2.71988581,101.94300771,05:48:00,,,
TERMINAL 1- PORT DICKSON VIA RANTAU,myBas,SHELL JALAN ZAABA,SHELL JALAN ZAABA Bus Stop,2.71689583,101.94570601,05:49:00,,,
TERMINAL 1- PORT DICKSON VIA RANTAU,myBas,BALAI POLIS RAHANG,BALAI POLIS RAHANG Bus Stop,2.71431309,101.95125281,05:50:00,,,
TERMINAL 1- PORT DICKSON VIA RANTAU,myBas,MASJID JAMEK RAHANG,MASJID JAMEK RAHANG Bus Stop,2.70802231,101.95348978,05:51:00,,,
TERMINAL 1- PORT DICKSON VIA RANTAU,myBas,KAMPUNG SEMARAK,KAMPUNG SEMARAK Bus Stop,2.70505813,101.95289208,05:52:00,,,
TERMINAL 1- PORT DICKSON VIA RANTAU,myBas,PEJABAT POS JLTU,PEJABAT POS JLTU Bus Stop,2.70185726,101.953663,05:53:00,,,
TERMINAL 1- PORT DICKSON VIA RANTAU,myBas,SIMPANG TAMAN BUKIT BLOSSOM,SIMPANG TAMAN BUKIT BLOSSOM Bus Stop,2.69752725,101.94875901,05:54:00,,,
TERMINAL 1- PORT DICKSON VIA RANTAU,myBas,SMK BUKT MEWAH,SMK BUKT MEWAH Bus Stop,2.69418865,101.94515347,05:55:00,,,
TERMINAL 1- PORT DICKSON VIA RANTAU,myBas,TAMAN SRI LOOP,TAMAN SRI LOOP Bus Stop,2.69144006,101.94227879,05:56:00,,,
TERMINAL 1- PORT DICKSON VIA RANTAU,myBas,TAMAN THIVY JAYA 1,TAMAN THIVY JAYA 1 Bus Stop,2.68994284,101.94223523,05:57:00,,,
TERMINAL 1- PORT DICKSON VIA RANTAU,myBas,TAMAN THIVY JAYA 2,TAMAN THIVY JAYA 2 Bus Stop,2.68787981,101.94244444,05:58:00,,,
TERMINAL 1- PORT DICKSON VIA RANTAU,myBas,TAMAN RASAH JAYA FASA 5,TAMAN RASAH JAYA FASA 5 Bus Stop,2.68422814,101.94238892,05:59:00,,,
TERMINAL 1- PORT DICKSON VIA RANTAU,myBas,MASJID QARIAH RASAH JAYA,MASJID QARIAH RASAH JAYA Bus Stop,2.68158354,101.94800198,06:00:00,,,
TERMINAL 1- PORT DICKSON VIA RANTAU,myBas,FLAT TAMAN RASAH JAYA FASA 3,FLAT TAMAN RASAH JAYA FASA 3 Bus Stop,2.67754823,101.94839294,06:01:00,,,
TERMINAL 1- PORT DICKSON VIA RANTAU,myBas,TAMAN RASAH JAYA FASA 7,TAMAN RASAH JAYA FASA 7 Bus Stop,2.67592207,101.94837368,06:02:00,,,
TERMINAL 1- PORT DICKSON VIA RANTAU,myBas,TAMAN RASAH JAYA FASA 2,TAMAN RASAH JAYA FASA 2 Bus Stop,2.67458526,101.94551289,06:03:00,,,
TERMINAL 1- PORT DICKSON VIA RANTAU,myBas,SK TAMAN RASAH JAYA,SK TAMAN RASAH JAYA Bus Stop,2.67802739,101.94443153,06:04:00,,,
TERMINAL 1- PORT DICKSON VIA RANTAU,myBas,PASAR RASAH JAYA,PASAR RASAH JAYA Bus Stop,2.67994517,101.94342747,06:05:00,,,
TERMINAL 1- PORT DICKSON VIA RANTAU,myBas,TAMAN RASAH JAYA FASA 1,TAMAN RASAH JAYA FASA 1 Bus Stop,2.68106473,101.9428288,06:06:00,,,
TERMINAL 1- PORT DICKSON VIA RANTAU,myBas,TAMAN SEREMBAN3 1,TAMAN SEREMBAN3 1 Bus Stop,2.68097738,101.94030656,06:07:00,,,
TERMINAL 1- PORT DICKSON VIA RANTAU,myBas,PUSAT PERNIAGAAN SEREMBAN 3/BIRD PARADISE,PUSAT PERNIAGAAN SEREMBAN 3/BIRD PARADISE Bus Stop,2.67749497,101.93654894,06:08:00,,,
TERMINAL 1- PORT DICKSON VIA RANTAU,myBas,UITM SEREMBAN 3,UITM SEREMBAN 3 Bus Stop,2.67328661,101.93531701,06:09:00,,,
TERMINAL 1- PORT DICKSON VIA RANTAU,myBas,TAMAN SEREMBAN3 2,TAMAN SEREMBAN3 2 Bus Stop,2.67290396,101.93283237,06:10:00,,,
TERMINAL 1- PORT DICKSON VIA RANTAU,myBas,WISMA TUNG YANG,WISMA TUNG YANG Bus Stop,2.67440833,101.9283275,06:11:00,,,
TERMINAL 1- PORT DICKSON VIA RANTAU,myBas,MEDAN SELERA REMBAU,MEDAN SELERA REMBAU Bus Stop,2.66993578,101.92245126,06:12:00,,,
TERMINAL 1- PORT DICKSON VIA RANTAU,myBas,KILANG PAPAN,KILANG PAPAN Bus Stop,2.65586338,101.92390433,06:13:00,,,
TERMINAL 1- PORT DICKSON VIA RANTAU,myBas,TAMAN ANGSAMAS,TAMAN ANGSAMAS Bus Stop,2.64906769,101.92376525,06:14:00,,,
TERMINAL 1- PORT DICKSON VIA RANTAU,myBas,KG BELANGKAN,KG BELANGKAN Bus Stop,2.65237281,101.94060981,06:15:00,,,
TERMINAL 1- PORT DICKSON VIA RANTAU,myBas,KG BELANGKAN 2,KG BELANGKAN 2 Bus Stop,2.64808016,101.94549813,06:16:00,,,
TERMINAL 1- PORT DICKSON VIA RANTAU,myBas,SK NYATOH,SK NYATOH Bus Stop,2.64440634,101.94836459,06:17:00,,,
TERMINAL 1- PORT DICKSON VIA RANTAU,myBas,KG NYATOH,KG NYATOH Bus Stop,2.6432581,101.9493126,06:18:00,,,
TERMINAL 1- PORT DICKSON VIA RANTAU,myBas,SMA RANTAU,SMA RANTAU Bus Stop,2.63251526,101.95292594,06:19:00,,,
TERMINAL 1- PORT DICKSON VIA RANTAU,myBas,RUMAH RAKYAT KUALA SAWAH,RUMAH RAKYAT KUALA SAWAH Bus Stop,2.63113657,101.95235988,06:20:00,,,
TERMINAL 1- PORT DICKSON VIA RANTAU,myBas,PEKAN KUALA SAWAH,PEKAN KUALA SAWAH Bus Stop,2.6267552,101.95000272,06:21:00,,,
TERMINAL 1- PORT DICKSON VIA RANTAU,myBas,TAMAN KRISTAL,TAMAN KRISTAL Bus Stop,2.6216933,101.94709212,06:22:00,,,
TERMINAL 1- PORT DICKSON VIA RANTAU,myBas,TAMAN BERLIAN,TAMAN BERLIAN Bus Stop,2.61858689,101.94689155,06:23:00,,,
TERMINAL 1- PORT DICKSON VIA RANTAU,myBas,BATU 10 KG RIBU,BATU 10 KG RIBU Bus Stop,2.61295529,101.95099245,06:24:00,,,
TERMINAL 1- PORT DICKSON VIA RANTAU,myBas,KLINIK KESIHATAN RANTAU,KLINIK KESIHATAN RANTAU Bus Stop,2.60055988,101.96268659,06:25:00,,,
TERMINAL 1- PORT DICKSON VIA RANTAU,myBas,KG TAKAU RANTAU,KG TAKAU RANTAU Bus Stop,2.59725882,101.96351711,06:26:00,,,
TERMINAL 1- PORT DICKSON VIA RANTAU,myBas,BANDAR EKAR RANTAU,BANDAR EKAR RANTAU Bus Stop,2.5935181,101.96469604,06:27:00,,,
TERMINAL 1- PORT DICKSON VIA RANTAU,myBas,SJKC CHUNG HUA,SJKC CHUNG HUA Bus Stop,2.59252182,101.96421366,06:28:00,,,
TERMINAL 1- PORT DICKSON VIA RANTAU,myBas,SK DATO AKHIR ZAMAN,SK DATO AKHIR ZAMAN Bus Stop,2.59050248,101.96381289,06:29:00,,,
TERMINAL 1- PORT DICKSON VIA RANTAU,myBas,PEKAN RANTAU,PEKAN RANTAU Bus Stop,2.58525997,101.96209431,06:30:00,,,
TERMINAL 1- PORT DICKSON VIA RANTAU,myBas,TAMAN DELIMA,TAMAN DELIMA Bus Stop,2.58339505,101.96146131,06:31:00,,,
TERMINAL 1- PORT DICKSON VIA RANTAU,myBas,KG LINSUM,KG LINSUM Bus Stop,2.58088005,101.95853123,06:32:00,,,
TERMINAL 1- PORT DICKSON VIA RANTAU,myBas,KG PASIR,KG PASIR Bus Stop,2.58050878,101.95375235,06:33:00,,,
TERMINAL 1- PORT DICKSON VIA RANTAU,myBas,KG PASIR LIN SUM,KG PASIR LIN SUM Bus Stop,2.57900803,101.95222549,06:34:00,,,
TERMINAL 1- PORT DICKSON VIA RANTAU,myBas,TMN SRI INTAN,TMN SRI INTAN Bus Stop,2.5756425,101.94394511,06:35:00,,,
TERMINAL 1- PORT DICKSON VIA RANTAU,myBas,SIMPANG KG SILIAU,SIMPANG KG SILIAU Bus Stop,2.57673514,101.94029224,06:36:00,,,
TERMINAL 1- PORT DICKSON VIA RANTAU,myBas,KG SAGGA BARU,KG SAGGA BARU Bus Stop,2.57853042,101.93282123,06:37:00,,,
TERMINAL 1- PORT DICKSON VIA RANTAU,myBas,KG SAGGA TMN ORKID,KG SAGGA TMN ORKID Bus Stop,2.57593346,101.93025748,06:38:00,,,
TERMINAL 1- PORT DICKSON VIA RANTAU,myBas,LADANG BRADWALL,LADANG BRADWALL Bus Stop,2.57446294,101.92684407,06:39:00,,,
TERMINAL 1- PORT DICKSON VIA RANTAU,myBas,TMN SILIAU,TMN SILIAU Bus Stop,2.57624297,101.91275736,06:40:00,,,
TERMINAL 1- PORT DICKSON VIA RANTAU,myBas,SJKT LADANG SILIAU,SJKT LADANG SILIAU Bus Stop,2.57716836,101.91049637,06:41:00,,,
TERMINAL 1- PORT DICKSON VIA RANTAU,myBas,KG LADANG SILIAU,KG LADANG SILIAU Bus Stop,2.58019694,101.90330118,06:42:00,,,
TERMINAL 1- PORT DICKSON VIA RANTAU,myBas,LADANG SALAK,LADANG SALAK Bus Stop,2.58063518,101.8927002,06:43:00,,,
TERMINAL 1- PORT DICKSON VIA RANTAU,myBas,SIMPANG SILIAU,SIMPANG SILIAU Bus Stop,2.58637463,101.87058806,06:44:00,,,
TERMINAL 1- PORT DICKSON VIA RANTAU,myBas,KG BARU CINA,KG BARU CINA Bus Stop,2.58715232,101.86459722,06:45:00,,,
TERMINAL 1- PORT DICKSON VIA RANTAU,myBas,BATU 7 KAMPUNG BARU CINA,BATU 7 KAMPUNG BARU CINA Bus Stop,2.58766835,101.86019249,06:46:00,,,
TERMINAL 1- PORT DICKSON VIA RANTAU,myBas,SMK YAM TUAN RADEN,SMK YAM TUAN RADEN Bus Stop,2.58488758,101.85542233,06:47:00,,,
TERMINAL 1- PORT DICKSON VIA RANTAU,myBas,TAMAN SRI AMAN,TAMAN SRI AMAN Bus Stop,2.58167482,101.84756935,06:48:00,,,
TERMINAL 1- PORT DICKSON VIA RANTAU,myBas,TAMAN SRI LUKUT,TAMAN SRI LUKUT Bus Stop,2.58000282,101.84465647,06:49:00,,,
TERMINAL 1- PORT DICKSON VIA RANTAU,myBas,TAMAN INDAH JAYA,TAMAN INDAH JAYA Bus Stop,2.57716589,101.83925781,06:50:00,,,
TERMINAL 1- PORT DICKSON VIA RANTAU,myBas,KLINIK KESIHATAN LUKUT,KLINIK KESIHATAN LUKUT Bus Stop,2.57698571,101.83711946,06:51:00,,,
TERMINAL 1- PORT DICKSON VIA RANTAU,myBas,KAMPUNG BUKIT PALOH/KG LUKUT/KG SRI PARIT,KAMPUNG BUKIT PALOH/KG LUKUT/KG SRI PARIT Bus Stop,2.57693925,101.83537302,06:52:00,,,
TERMINAL 1- PORT DICKSON VIA RANTAU,myBas,TAMAN ASTANA HARMONI,TAMAN ASTANA HARMONI Bus Stop,2.57301983,101.8325145,06:53:00,,,
TERMINAL 1- PORT DICKSON VIA RANTAU,myBas,BALAI POLIS LUKUT,BALAI POLIS LUKUT Bus Stop,2.57086691,101.83070839,06:54:00,,,
TERMINAL 1- PORT DICKSON VIA RANTAU,myBas,CIMB LUKUT,CIMB LUKUT Bus Stop,2.56751453,101.82794316,06:55:00,,,
TERMINAL 1- PORT DICKSON VIA RANTAU,myBas,TAMAN KOTA LUKUT,TAMAN KOTA LUKUT Bus Stop,2.56566942,101.82163673,06:56:00,,,
TERMINAL 1- PORT DICKSON VIA RANTAU,myBas,TAMAN BUNGA RAYA,TAMAN BUNGA RAYA Bus Stop,2.56553821,101.82012563,06:57:00,,,
TERMINAL 1- PORT DICKSON VIA RANTAU,myBas,TMN SENTOSA,TMN SENTOSA Bus Stop,2.56407937,101.81612849,06:58:00,,,
TERMINAL 1- PORT DICKSON VIA RANTAU,myBas,CENTRAL MARKET LUKUT,CENTRAL MARKET LUKUT Bus Stop,2.56056029,101.8126899,06:59:00,,,
TERMINAL 1- PORT DICKSON VIA RANTAU,myBas,SMK RAJA JUMAAT,SMK RAJA JUMAAT Bus Stop,2.55859352,101.80965364,07:00:00,,,
TERMINAL 1- PORT DICKSON VIA RANTAU,myBas,TAMAN PD JASMIN,TAMAN PD JASMIN Bus Stop,2.55571998,101.8070704,07:01:00,,,
TERMINAL 1- PORT DICKSON VIA RANTAU,myBas,TAMAN CAHAYA SURIA,TAMAN CAHAYA SURIA Bus Stop,2.5525718,101.80614156,07:02:00,,,
TERMINAL 1- PORT DICKSON VIA RANTAU,myBas,PETRON TAMAN SRI INTAN,PETRON TAMAN SRI INTAN Bus Stop,2.55002198,101.80511894,07:03:00,,,
TERMINAL 1- PORT DICKSON VIA RANTAU,myBas,KAMPUNG PAYA,KAMPUNG PAYA Bus Stop,2.54799323,101.80389762,07:04:00,,,
TERMINAL 1- PORT DICKSON VIA RANTAU,myBas,TAMAN SEA VIEW,TAMAN SEA VIEW Bus Stop,2.54412394,101.80150509,07:05:00,,,
TERMINAL 1- PORT DICKSON VIA RANTAU,myBas,TAMAN SRI BAYU,TAMAN SRI BAYU Bus Stop,2.54181416,101.79904282,07:06:00,,,
TERMINAL 1- PORT DICKSON VIA RANTAU,myBas,TAMAN PD LAVENDER,TAMAN PD LAVENDER Bus Stop,2.53996884,101.79817438,07:07:00,,,
TERMINAL 1- PORT DICKSON VIA RANTAU,myBas,PEJABAT KESIHATAN DAERAH PORT DICKSON,PEJABAT KESIHATAN DAERAH PORT DICKSON Bus Stop,2.53851024,101.79727793,07:08:00,,,
TERMINAL 1- PORT DICKSON VIA RANTAU,myBas,SK KAMPUNG GELAM,SK KAMPUNG GELAM Bus Stop,2.53484726,101.79517508,07:09:00,,,
TERMINAL 1- PORT DICKSON VIA RANTAU,myBas,KLINIK KESIHATAN PORT DICKSON 1,KLINIK KESIHATAN PORT DICKSON 1 Bus Stop,2.52816435,101.79223537,07:10:00,,,
TERMINAL 1- PORT DICKSON VIA RANTAU,myBas,CHURCH IMMACULATE CONCEPTION 1,CHURCH IMMACULATE CONCEPTION 1 Bus Stop,2.52545796,101.79259479,07:11:00,,,
TERMINAL 1- PORT DICKSON VIA RANTAU,myBas,BALAI POLIS PD,BALAI POLIS PD Bus Stop,2.52414913,101.79418207,07:12:00,,,
TERMINAL 1- PORT DICKSON VIA RANTAU,myBas,TERMINAL PORT DICKSON,TERMINAL PORT DICKSON Bus Stop,2.5239413,101.79633915,07:13:00,,,
TERMINAL 1- PORT DICKSON VIA RANTAU,myBas,STANDARD CHARTERED BANK,STANDARD CHARTERED BANK Bus Stop,2.52246484,101.796256,05:46:00,,,
TERMINAL 1- PORT DICKSON VIA RANTAU,myBas,PEJABAT KASTAM,PEJABAT KASTAM Bus Stop,2.5220227,101.79551303,05:47:00,,,
TERMINAL 1- PORT DICKSON VIA RANTAU,myBas,SPG KG SILIAU,SPG KG SILIAU Bus Stop,2.5768571,101.9405669,06:24:00,,,
TERMINAL 1- PORT DICKSON VIA RANTAU,myBas,BATU 3 MAMBAU,BATU 3 MAMBAU Bus Stop,2.67906502,101.92751151,06:49:00,,,
TERMINAL 1- PORT DICKSON VIA RANTAU,myBas,TAMAN NEGERI,TAMAN NEGERI Bus Stop,2.68614755,101.93073513,06:50:00,,,
TERMINAL 1- PORT DICKSON VIA RANTAU,myBas,TAMAN RASAH 1,TAMAN RASAH 1 Bus Stop,2.68278921,101.92908436,06:51:00,,,
TERMINAL 1- PORT DICKSON VIA RANTAU,myBas,TAMAN RASAH 2,TAMAN RASAH 2 Bus Stop,2.68131026,101.92868873,06:52:00,,,
TERMINAL 1- PORT DICKSON VIA RANTAU,myBas,TAMAN NEGERI 2,TAMAN NEGERI 2 Bus Stop,2.68029525,101.92810946,06:53:00,,,
TERMINAL 1- PORT DICKSON VIA RANTAU,myBas,PROTON RAHANG,PROTON RAHANG Bus Stop,2.7106908,101.95234715,07:15:00,,,
TERMINAL 1- PORT DICKSON VIA RANTAU,myBas,CYCLE N CARRIAGE,CYCLE N CARRIAGE Bus Stop,2.71410947,101.94960594,07:16:00,,,
TERMINAL 1- PORT DICKSON VIA RANTAU,myBas,KTM SEREMBAN,KTM SEREMBAN Bus Stop,2.71881949,101.94136083,07:17:00,,,
TERMINAL 1- PORT DICKSON VIA RANTAU,myBas,KM PLAZA,KM PLAZA Bus Stop,2.7228809,101.9376292,07:18:00,,,
TERMINAL 1 - BAHAU VIA JUASEH,myBas,TERMINAL ONE,TERMINAL ONE Bus Stop,2.72152011,101.93715513,05:40:00,,,
TERMINAL 1 - BAHAU VIA JUASEH,myBas,DEWAN PERBANDARAN SEREMBAN,DEWAN PERBANDARAN SEREMBAN Bus Stop,2.72349735,101.94098532,05:41:00,,,
TERMINAL 1 - BAHAU VIA JUASEH,myBas,PADANG MPS,PADANG MPS Bus Stop,2.7221554,101.9413501,05:42:00,,,
TERMINAL 1 - BAHAU VIA JUASEH,myBas,KWSP SEREMBAN,KWSP SEREMBAN Bus Stop,2.71988581,101.94300771,05:43:00,,,
TERMINAL 1 - BAHAU VIA JUASEH,myBas,SHELL JALAN ZAABA,SHELL JALAN ZAABA Bus Stop,2.71689583,101.94570601,05:44:00,,,
TERMINAL 1 - BAHAU VIA JUASEH,myBas,BALAI POLIS RAHANG,BALAI POLIS RAHANG Bus Stop,2.71431309,101.95125281,05:45:00,,,
TERMINAL 1 - BAHAU VIA JUASEH,myBas,RUMAH PANGSA TAMAN BIDARA,RUMAH PANGSA TAMAN BIDARA Bus Stop,2.71053005,101.95845187,05:46:00,,,
TERMINAL 1 - BAHAU VIA JUASEH,myBas,TAMAN NYIOR GADING,TAMAN NYIOR GADING Bus Stop,2.71416573,101.95961863,05:47:00,,,
TERMINAL 1 - BAHAU VIA JUASEH,myBas,TAMAN NYIOR,TAMAN NYIOR Bus Stop,2.71647922,101.95894137,05:48:00,,,
TERMINAL 1 - BAHAU VIA JUASEH,myBas,KG BARU BLOCK C1,KG BARU BLOCK C1 Bus Stop,2.71989117,101.95828289,05:49:00,,,
TERMINAL 1 - BAHAU VIA JUASEH,myBas,KG BARU BLOCK C2,KG BARU BLOCK C2 Bus Stop,2.72142902,101.96231961,05:50:00,,,
TERMINAL 1 - BAHAU VIA JUASEH,myBas,TAMAN SRI TANJONG,TAMAN SRI TANJONG Bus Stop,2.72158977,101.96421861,05:51:00,,,
TERMINAL 1 - BAHAU VIA JUASEH,myBas,KOLEJ VOKASIONAL AMPANGAN,KOLEJ VOKASIONAL AMPANGAN Bus Stop,2.72426359,101.97061837,05:52:00,,,
TERMINAL 1 - BAHAU VIA JUASEH,myBas,SMK SERI AMPANGAN,SMK SERI AMPANGAN Bus Stop,2.72571571,101.96985126,05:53:00,,,
TERMINAL 1 - BAHAU VIA JUASEH,myBas,GEDONG LALANG,GEDONG LALANG Bus Stop,2.72677666,101.97347224,05:54:00,,,
TERMINAL 1 - BAHAU VIA JUASEH,myBas,KOMPLEKS BELIA DAN SUKAN NEGERI SEMBILAN,KOMPLEKS BELIA DAN SUKAN NEGERI SEMBILAN Bus Stop,2.72579072,101.97887957,05:55:00,,,
TERMINAL 1 - BAHAU VIA JUASEH,myBas,STADIUM PAROI,STADIUM PAROI Bus Stop,2.72469162,101.9813442,05:56:00,,,
TERMINAL 1 - BAHAU VIA JUASEH,myBas,KLINIK KESIHATAN AMPANGAN,KLINIK KESIHATAN AMPANGAN Bus Stop,2.72320264,101.98622882,05:57:00,,,
TERMINAL 1 - BAHAU VIA JUASEH,myBas,SK  PAROI,SK  PAROI Bus Stop,2.72268288,101.99396431,05:58:00,,,
TERMINAL 1 - BAHAU VIA JUASEH,myBas,BALAI POLIS PAROI,BALAI POLIS PAROI Bus Stop,2.72248462,101.9987762,05:59:00,,,
TERMINAL 1 - BAHAU VIA JUASEH,myBas,KAMPUNG PANCHOR,KAMPUNG PANCHOR Bus Stop,2.72149332,102.00506866,06:00:00,,,
TERMINAL 1 - BAHAU VIA JUASEH,myBas,PAKAR PAROI,PAKAR PAROI Bus Stop,2.71633833,102.01288462,06:01:00,,,
TERMINAL 1 - BAHAU VIA JUASEH,myBas,HUTAN LIPUR ULU BENDUL,HUTAN LIPUR ULU BENDUL Bus Stop,2.73092401,102.07819104,06:02:00,,,
TERMINAL 1 - BAHAU VIA JUASEH,myBas,TAMAN SRI ULU BENDUL,TAMAN SRI ULU BENDUL Bus Stop,2.733933,102.08881,06:03:00,,,
TERMINAL 1 - BAHAU VIA JUASEH,myBas,SK ULU BENDUL,SK ULU BENDUL Bus Stop,2.73537141,102.09494412,06:04:00,,,
TERMINAL 1 - BAHAU VIA JUASEH,myBas,MASJID KARIAH ULU BENDUL,MASJID KARIAH ULU BENDUL Bus Stop,2.73727815,102.10681419,06:05:00,,,
TERMINAL 1 - BAHAU VIA JUASEH,myBas,KAMPUNG SOLOK PAKU,KAMPUNG SOLOK PAKU Bus Stop,2.73805025,102.11755877,06:06:00,,,
TERMINAL 1 - BAHAU VIA JUASEH,myBas,KAMPUNG GEDANG,KAMPUNG GEDANG Bus Stop,2.73851939,102.12437769,06:07:00,,,
TERMINAL 1 - BAHAU VIA JUASEH,myBas,KAMPUNG ULU MAMPAS,KAMPUNG ULU MAMPAS Bus Stop,2.74062122,102.12877543,06:08:00,,,
TERMINAL 1 - BAHAU VIA JUASEH,myBas,KLINIK KESIHATAN TERACHI,KLINIK KESIHATAN TERACHI Bus Stop,2.74199962,102.13498414,06:09:00,,,
TERMINAL 1 - BAHAU VIA JUASEH,myBas,SK YAM TUAN HITAM,SK YAM TUAN HITAM Bus Stop,2.74366604,102.13778973,06:10:00,,,
TERMINAL 1 - BAHAU VIA JUASEH,myBas,KAMPUNG PAUH TERACHI,KAMPUNG PAUH TERACHI Bus Stop,2.74482343,102.13974237,06:11:00,,,
TERMINAL 1 - BAHAU VIA JUASEH,myBas,PERKAMPUNGAN BUDAYA SERI MENANTI,PERKAMPUNGAN BUDAYA SERI MENANTI Bus Stop,2.7443756,102.1488844,06:12:00,,,
TERMINAL 1 - BAHAU VIA JUASEH,myBas,BALAI POLIS TERACHI,BALAI POLIS TERACHI Bus Stop,2.74395539,102.1570158,06:13:00,,,
TERMINAL 1 - BAHAU VIA JUASEH,myBas,MASJID KAMPUNG IBOL,MASJID KAMPUNG IBOL Bus Stop,2.74402505,102.15875924,06:14:00,,,
TERMINAL 1 - BAHAU VIA JUASEH,myBas,KAMPUNG GEMENTIR1,KAMPUNG GEMENTIR1 Bus Stop,2.74372498,102.16391981,06:15:00,,,
TERMINAL 1 - BAHAU VIA JUASEH,myBas,KAMPUNG GEMENTIR 2,KAMPUNG GEMENTIR 2 Bus Stop,2.7426071,102.1687992,06:16:00,,,
TERMINAL 1 - BAHAU VIA JUASEH,myBas,KAMPUNG ULU GEMENTIR,KAMPUNG ULU GEMENTIR Bus Stop,2.74207999,102.17541575,06:17:00,,,
TERMINAL 1 - BAHAU VIA JUASEH,myBas,SMK DATO ABDUL SAMAD,SMK DATO ABDUL SAMAD Bus Stop,2.74256224,102.1796751,06:18:00,,,
TERMINAL 1 - BAHAU VIA JUASEH,myBas,PEJABAT POS TANJUNG IPOH,PEJABAT POS TANJUNG IPOH Bus Stop,2.74120659,102.18422413,06:19:00,,,
TERMINAL 1 - BAHAU VIA JUASEH,myBas,SJKC CHUNG HUA TANJUNG IPOH,SJKC CHUNG HUA TANJUNG IPOH Bus Stop,2.74052073,102.18802214,06:20:00,,,
TERMINAL 1 - BAHAU VIA JUASEH,myBas,KAMPUNG UJONG TANJUNG IPOH 1,KAMPUNG UJONG TANJUNG IPOH 1 Bus Stop,2.73948123,102.19596684,06:21:00,,,
TERMINAL 1 - BAHAU VIA JUASEH,myBas,KAMPUNG UJONG TANJUNG IPOH 2,KAMPUNG UJONG TANJUNG IPOH 2 Bus Stop,2.7393687,102.19756007,06:22:00,,,
TERMINAL 1 - BAHAU VIA JUASEH,myBas,AMPANG TINGGI,AMPANG TINGGI Bus Stop,2.73724682,102.20610023,06:23:00,,,
TERMINAL 1 - BAHAU VIA JUASEH,myBas,SIMPANG AMPANG TINGGI,SIMPANG AMPANG TINGGI Bus Stop,2.73712358,102.20760226,06:24:00,,,
TERMINAL 1 - BAHAU VIA JUASEH,myBas,SK AMPANG TINGGI,SK AMPANG TINGGI Bus Stop,2.73709859,102.21261295,06:25:00,,,
TERMINAL 1 - BAHAU VIA JUASEH,myBas,PASARAYA BESAR GIANT MELANG,PASARAYA BESAR GIANT MELANG Bus Stop,2.73678601,102.21754789,06:26:00,,,
TERMINAL 1 - BAHAU VIA JUASEH,myBas,IPD KUALA PILAH,IPD KUALA PILAH Bus Stop,2.73612693,102.22551942,06:27:00,,,
TERMINAL 1 - BAHAU VIA JUASEH,myBas,KLINIK DESA MELANG TENGAH,KLINIK DESA MELANG TENGAH Bus Stop,2.73569291,102.22836256,06:28:00,,,
TERMINAL 1 - BAHAU VIA JUASEH,myBas,HOSPITAL TUNKU NAJIHA,HOSPITAL TUNKU NAJIHA Bus Stop,2.73514637,102.23269165,06:29:00,,,
TERMINAL 1 - BAHAU VIA JUASEH,myBas,KAMPUNG GEMURUH,KAMPUNG GEMURUH Bus Stop,2.73484094,102.23865688,06:30:00,,,
TERMINAL 1 - BAHAU VIA JUASEH,myBas,KOLEJ KEJURURAWATAN KUALA PILAH,KOLEJ KEJURURAWATAN KUALA PILAH Bus Stop,2.73504456,102.24290013,06:31:00,,,
TERMINAL 1 - BAHAU VIA JUASEH,myBas,STESEN BAS KUALA PILAH,STESEN BAS KUALA PILAH Bus Stop,2.74099762,102.24812776,06:32:00,,,
TERMINAL 1 - BAHAU VIA JUASEH,myBas,SK KUALA PILAH,SK KUALA PILAH Bus Stop,2.74410274,102.2480607,06:33:00,,,
TERMINAL 1 - BAHAU VIA JUASEH,myBas,KAMPUNG GENTAM,KAMPUNG GENTAM Bus Stop,2.75005183,102.24817158,06:34:00,,,
TERMINAL 1 - BAHAU VIA JUASEH,myBas,PASARAYA SRI MINANG,PASARAYA SRI MINANG Bus Stop,2.75229446,102.24939428,06:35:00,,,
TERMINAL 1 - BAHAU VIA JUASEH,myBas,MARDEC,MARDEC Bus Stop,2.75758183,102.25215749,06:36:00,,,
TERMINAL 1 - BAHAU VIA JUASEH,myBas,SIMPANG UITM BETING,SIMPANG UITM BETING Bus Stop,2.75974074,102.25458384,06:37:00,,,
TERMINAL 1 - BAHAU VIA JUASEH,myBas,PELANGAI1,PELANGAI1 Bus Stop,2.76115338,102.26043948,06:38:00,,,
TERMINAL 1 - BAHAU VIA JUASEH,myBas,PELANGAI 2,PELANGAI 2 Bus Stop,2.76692775,102.26294597,06:39:00,,,
TERMINAL 1 - BAHAU VIA JUASEH,myBas,SPG PELANGAI,SPG PELANGAI Bus Stop,2.77074154,102.26712574,06:40:00,,,
TERMINAL 1 - BAHAU VIA JUASEH,myBas,KAMPUNG KUALA JEMAPOH,KAMPUNG KUALA JEMAPOH Bus Stop,2.77415465,102.28144687,06:41:00,,,
TERMINAL 1 - BAHAU VIA JUASEH,myBas,TAMAN JEMAPOH,TAMAN JEMAPOH Bus Stop,2.77588553,102.28309132,06:42:00,,,
TERMINAL 1 - BAHAU VIA JUASEH,myBas,JUASEH KAPITAN,JUASEH KAPITAN Bus Stop,2.7803582,102.28700103,06:43:00,,,
TERMINAL 1 - BAHAU VIA JUASEH,myBas,KAMPUNG JUASEH KAPITAN,KAMPUNG JUASEH KAPITAN Bus Stop,2.78122721,102.28782069,06:44:00,,,
TERMINAL 1 - BAHAU VIA JUASEH,myBas,TAMAN HARMONI JUASEH,TAMAN HARMONI JUASEH Bus Stop,2.78815677,102.29118275,06:45:00,,,
TERMINAL 1 - BAHAU VIA JUASEH,myBas,PEKAN JUASEH,PEKAN JUASEH Bus Stop,2.78600978,102.29911197,06:46:00,,,
TERMINAL 1 - BAHAU VIA JUASEH,myBas,SMK JUASEH,SMK JUASEH Bus Stop,2.78414706,102.30141078,06:47:00,,,
TERMINAL 1 - BAHAU VIA JUASEH,myBas,SIMPANG REMBANG PANAS,SIMPANG REMBANG PANAS Bus Stop,2.78555089,102.30870008,06:48:00,,,
TERMINAL 1 - BAHAU VIA JUASEH,myBas,KAMPUNG TERUSAN ULU,KAMPUNG TERUSAN ULU Bus Stop,2.78635465,102.3113223,06:49:00,,,
TERMINAL 1 - BAHAU VIA JUASEH,myBas,KAMPUNG TERUSAN,KAMPUNG TERUSAN Bus Stop,2.78795529,102.31727537,06:50:00,,,
TERMINAL 1 - BAHAU VIA JUASEH,myBas,KAMPUNG TERUSAN 2,KAMPUNG TERUSAN 2 Bus Stop,2.7902855,102.32585653,06:51:00,,,
TERMINAL 1 - BAHAU VIA JUASEH,myBas,SURAU BARU KAMPUNG TERUSAN,SURAU BARU KAMPUNG TERUSAN Bus Stop,2.79192609,102.33189101,06:52:00,,,
TERMINAL 1 - BAHAU VIA JUASEH,myBas,PUSAT LATIHAN BERUNIFOM KAMPUNG TERUSAN,PUSAT LATIHAN BERUNIFOM KAMPUNG TERUSAN Bus Stop,2.79237534,102.33354577,06:53:00,,,
TERMINAL 1 - BAHAU VIA JUASEH,myBas,KAMPUNG SUNGAI TALING,KAMPUNG SUNGAI TALING Bus Stop,2.79409337,102.33987751,06:54:00,,,
TERMINAL 1 - BAHAU VIA JUASEH,myBas,KAMPUNG ULU LALANG,KAMPUNG ULU LALANG Bus Stop,2.79504871,102.34347616,06:55:00,,,
TERMINAL 1 - BAHAU VIA JUASEH,myBas,KAMPUNG ULU PADANG LALANG 2,KAMPUNG ULU PADANG LALANG 2 Bus Stop,2.79615004,102.34704671,06:56:00,,,
TERMINAL 1 - BAHAU VIA JUASEH,myBas,KAMPUNG PADANG LALANG HILIR,KAMPUNG PADANG LALANG HILIR Bus Stop,2.79745444,102.35080561,06:57:00,,,
TERMINAL 1 - BAHAU VIA JUASEH,myBas,SK JEMPOL,SK JEMPOL Bus Stop,2.79886388,102.35484121,06:58:00,,,
TERMINAL 1 - BAHAU VIA JUASEH,myBas,KAMPUNG KUALA JEMPOL 1,KAMPUNG KUALA JEMPOL 1 Bus Stop,2.79961041,102.35710859,06:59:00,,,
TERMINAL 1 - BAHAU VIA JUASEH,myBas,KAMPUNG KUALA JEMPOL 2,KAMPUNG KUALA JEMPOL 2 Bus Stop,2.80045162,102.35999465,07:00:00,,,
TERMINAL 1 - BAHAU VIA JUASEH,myBas,TAMAN BIDARA,TAMAN BIDARA Bus Stop,2.8028144,102.36838959,07:01:00,,,
TERMINAL 1 - BAHAU VIA JUASEH,myBas,SMKA HAJI MUHAMAD,SMKA HAJI MUHAMAD Bus Stop,2.80421257,102.37353302,07:02:00,,,
TERMINAL 1 - BAHAU VIA JUASEH,myBas,KLINIK KESIHATAN BAHAU,KLINIK KESIHATAN BAHAU Bus Stop,2.80537337,102.37792812,07:03:00,,,
TERMINAL 1 - BAHAU VIA JUASEH,myBas,PASARAYA BORONG UPWELL,PASARAYA BORONG UPWELL Bus Stop,2.80752063,102.38621976,07:04:00,,,
TERMINAL 1 - BAHAU VIA JUASEH,myBas,SJKC BAHAU,SJKC BAHAU Bus Stop,2.80833323,102.39073454,07:05:00,,,
TERMINAL 1 - BAHAU VIA JUASEH,myBas,TAMAN ACBE,TAMAN ACBE Bus Stop,2.80927982,102.39360809,07:06:00,,,
TERMINAL 1 - BAHAU VIA JUASEH,myBas,TERMINAL BAHAU,TERMINAL BAHAU Bus Stop,2.80862189,102.40437323,07:07:00,,,
TERMINAL 1 - BAHAU VIA JUASEH,myBas,KAMPUNG ULU PADANG LALANG 1,KAMPUNG ULU PADANG LALANG 1 Bus Stop,2.79504871,102.34347616,05:52:00,,,
TERMINAL 1 - BAHAU VIA JUASEH,myBas,CYCLE N CARRIAGE,CYCLE N CARRIAGE Bus Stop,2.71410947,101.94960594,07:03:00,,,
TERMINAL 1 - BAHAU VIA JUASEH,myBas,KTM SEREMBAN,KTM SEREMBAN Bus Stop,2.71881949,101.94136083,07:04:00,,,
TERMINAL 1 - BAHAU VIA JUASEH,myBas,KM PLAZA,KM PLAZA Bus Stop,2.7228809,101.9376292,07:05:00,,,
TERMINAL 1 - BAHAU VIA BT KIKIR,myBas,TERMINAL ONE,TERMINAL ONE Bus Stop,2.72152011,101.93715513,06:00:00,,,
TERMINAL 1 - BAHAU VIA BT KIKIR,myBas,DEWAN PERBANDARAN SEREMBAN,DEWAN PERBANDARAN SEREMBAN Bus Stop,2.72349735,101.94098532,06:01:00,,,
TERMINAL 1 - BAHAU VIA BT KIKIR,myBas,PADANG MPS,PADANG MPS Bus Stop,2.7221554,101.9413501,06:02:00,,,
TERMINAL 1 - BAHAU VIA BT KIKIR,myBas,KWSP SEREMBAN,KWSP SEREMBAN Bus Stop,2.71988581,101.94300771,06:03:00,,,
TERMINAL 1 - BAHAU VIA BT KIKIR,myBas,SHELL JALAN ZAABA,SHELL JALAN ZAABA Bus Stop,2.71689583,101.94570601,06:04:00,,,
TERMINAL 1 - BAHAU VIA BT KIKIR,myBas,BALAI POLIS RAHANG,BALAI POLIS RAHANG Bus Stop,2.71431309,101.95125282,06:05:00,,,
TERMINAL 1 - BAHAU VIA BT KIKIR,myBas,SIMPANG TAMAN DUSUN NYIOR 1,SIMPANG TAMAN DUSUN NYIOR 1 Bus Stop,2.71502575,101.95236325,06:06:00,,,
TERMINAL 1 - BAHAU VIA BT KIKIR,myBas,PEJABAT MARA SEREMBAN 1,PEJABAT MARA SEREMBAN 1 Bus Stop,2.71883021,101.95490599,06:07:00,,,
TERMINAL 1 - BAHAU VIA BT KIKIR,myBas,CENTREPOINT,CENTREPOINT Bus Stop,2.72180947,101.95572674,06:08:00,,,
TERMINAL 1 - BAHAU VIA BT KIKIR,myBas,PLAZA AMPANGAN,PLAZA AMPANGAN Bus Stop,2.72394346,101.9610224,06:09:00,,,
TERMINAL 1 - BAHAU VIA BT KIKIR,myBas,SK AMPANGAN,SK AMPANGAN Bus Stop,2.72625154,101.96773231,06:10:00,,,
TERMINAL 1 - BAHAU VIA BT KIKIR,myBas,GEDONG LALANG,GEDONG LALANG Bus Stop,2.72640693,101.97007656,06:11:00,,,
TERMINAL 1 - BAHAU VIA BT KIKIR,myBas,KOMPLEKS BELIA DAN SUKAN NEGERI SEMBILAN,KOMPLEKS BELIA DAN SUKAN NEGERI SEMBILAN Bus Stop,2.72579072,101.97887957,06:12:00,,,
TERMINAL 1 - BAHAU VIA BT KIKIR,myBas,STADIUM PAROI,STADIUM PAROI Bus Stop,2.72469162,101.9813442,06:13:00,,,
TERMINAL 1 - BAHAU VIA BT KIKIR,myBas,KLINIK KESIHATAN AMPANGAN,KLINIK KESIHATAN AMPANGAN Bus Stop,2.72320264,101.98622882,06:14:00,,,
TERMINAL 1 - BAHAU VIA BT KIKIR,myBas,SK  PAROI,SK  PAROI Bus Stop,2.72268288,101.99396431,06:15:00,,,
TERMINAL 1 - BAHAU VIA BT KIKIR,myBas,BALAI POLIS PAROI,BALAI POLIS PAROI Bus Stop,2.72248462,101.9987762,06:16:00,,,
TERMINAL 1 - BAHAU VIA BT KIKIR,myBas,KAMPUNG PANCHOR,KAMPUNG PANCHOR Bus Stop,2.72149332,102.00506866,06:17:00,,,
TERMINAL 1 - BAHAU VIA BT KIKIR,myBas,PAROI PAKAR1,PAROI PAKAR1 Bus Stop,2.716108,102.01355,06:18:00,,,
TERMINAL 1 - BAHAU VIA BT KIKIR,myBas,HUTAN LIPUR ULU BENDUL,HUTAN LIPUR ULU BENDUL Bus Stop,2.73092401,102.07819104,06:19:00,,,
TERMINAL 1 - BAHAU VIA BT KIKIR,myBas,TAMAN SRI ULU BENDUL,TAMAN SRI ULU BENDUL Bus Stop,2.733933,102.08881,06:20:00,,,
TERMINAL 1 - BAHAU VIA BT KIKIR,myBas,SK ULU BENDUL,SK ULU BENDUL Bus Stop,2.73537141,102.09494412,06:21:00,,,
TERMINAL 1 - BAHAU VIA BT KIKIR,myBas,MASJID KARIAH ULU BENDUL,MASJID KARIAH ULU BENDUL Bus Stop,2.73727815,102.10681419,06:22:00,,,
TERMINAL 1 - BAHAU VIA BT KIKIR,myBas,KAMPUNG SOLOK PAKU,KAMPUNG SOLOK PAKU Bus Stop,2.73805025,102.11755877,06:23:00,,,
TERMINAL 1 - BAHAU VIA BT KIKIR,myBas,KAMPUNG GEDANG,KAMPUNG GEDANG Bus Stop,2.73851939,102.12437769,06:24:00,,,
TERMINAL 1 - BAHAU VIA BT KIKIR,myBas,KAMPUNG ULU MAMPAS,KAMPUNG ULU MAMPAS Bus Stop,2.73975986,102.12722182,06:25:00,,,
TERMINAL 1 - BAHAU VIA BT KIKIR,myBas,KLINIK KESIHATAN TERACHI,KLINIK KESIHATAN TERACHI Bus Stop,2.74199962,102.13498414,06:26:00,,,
TERMINAL 1 - BAHAU VIA BT KIKIR,myBas,SK YAM TUAN HITAM,SK YAM TUAN HITAM Bus Stop,2.74366604,102.13778973,06:27:00,,,
TERMINAL 1 - BAHAU VIA BT KIKIR,myBas,KAMPUNG PAUH TERACHI,KAMPUNG PAUH TERACHI Bus Stop,2.74482343,102.13974237,06:28:00,,,
TERMINAL 1 - BAHAU VIA BT KIKIR,myBas,PERKAMPUNGAN BUDAYA SERI MENANTI,PERKAMPUNGAN BUDAYA SERI MENANTI Bus Stop,2.7443756,102.1488844,06:29:00,,,
TERMINAL 1 - BAHAU VIA BT KIKIR,myBas,BALAI POLIS TERACHI,BALAI POLIS TERACHI Bus Stop,2.74395539,102.1570158,06:30:00,,,
TERMINAL 1 - BAHAU VIA BT KIKIR,myBas,MASJID KAMPUNG IBOL,MASJID KAMPUNG IBOL Bus Stop,2.74402505,102.15875924,06:31:00,,,
TERMINAL 1 - BAHAU VIA BT KIKIR,myBas,KAMPUNG GEMENTIR1,KAMPUNG GEMENTIR1 Bus Stop,2.74372498,102.16391981,06:32:00,,,
TERMINAL 1 - BAHAU VIA BT KIKIR,myBas,KAMPUNG GEMENTIR 2,KAMPUNG GEMENTIR 2 Bus Stop,2.7426071,102.1687992,06:33:00,,,
TERMINAL 1 - BAHAU VIA BT KIKIR,myBas,KAMPUNG ULU GEMENTIR,KAMPUNG ULU GEMENTIR Bus Stop,2.74207999,102.17541575,06:34:00,,,
TERMINAL 1 - BAHAU VIA BT KIKIR,myBas,SMK DATO ABDUL SAMAD,SMK DATO ABDUL SAMAD Bus Stop,2.74256224,102.1796751,06:35:00,,,
TERMINAL 1 - BAHAU VIA BT KIKIR,myBas,PEJABAT POS TANJUNG IPOH,PEJABAT POS TANJUNG IPOH Bus Stop,2.74120659,102.18422413,06:36:00,,,
TERMINAL 1 - BAHAU VIA BT KIKIR,myBas,SJKC CHUNG HUA TANJUNG IPOH,SJKC CHUNG HUA TANJUNG IPOH Bus Stop,2.74052073,102.18802214,06:37:00,,,
TERMINAL 1 - BAHAU VIA BT KIKIR,myBas,KAMPUNG UJONG TANJUNG IPOH 1,KAMPUNG UJONG TANJUNG IPOH 1 Bus Stop,2.73948123,102.19596684,06:38:00,,,
TERMINAL 1 - BAHAU VIA BT KIKIR,myBas,KAMPUNG UJONG TANJUNG IPOH 2,KAMPUNG UJONG TANJUNG IPOH 2 Bus Stop,2.7393687,102.19756007,06:39:00,,,
TERMINAL 1 - BAHAU VIA BT KIKIR,myBas,AMPANG TINGGI,AMPANG TINGGI Bus Stop,2.73724682,102.20610023,06:40:00,,,
TERMINAL 1 - BAHAU VIA BT KIKIR,myBas,SIMPANG AMPANG TINGGI,SIMPANG AMPANG TINGGI Bus Stop,2.73712358,102.20760226,06:41:00,,,
TERMINAL 1 - BAHAU VIA BT KIKIR,myBas,SK AMPANG TINGGI,SK AMPANG TINGGI Bus Stop,2.73709859,102.21261295,06:42:00,,,
TERMINAL 1 - BAHAU VIA BT KIKIR,myBas,PASARAYA BESAR GIANT MELANG,PASARAYA BESAR GIANT MELANG Bus Stop,2.73678601,102.21754789,06:43:00,,,
TERMINAL 1 - BAHAU VIA BT KIKIR,myBas,IPD KUALA PILAH,IPD KUALA PILAH Bus Stop,2.73612693,102.22551942,06:44:00,,,
TERMINAL 1 - BAHAU VIA BT KIKIR,myBas,KLINIK DESA MELANG TENGAH,KLINIK DESA MELANG TENGAH Bus Stop,2.73569291,102.22836256,06:45:00,,,
TERMINAL 1 - BAHAU VIA BT KIKIR,myBas,HOSPITAL TUNKU NAJIHA,HOSPITAL TUNKU NAJIHA Bus Stop,2.73514637,102.23269165,06:46:00,,,
TERMINAL 1 - BAHAU VIA BT KIKIR,myBas,KAMPUNG GEMURUH,KAMPUNG GEMURUH Bus Stop,2.73484094,102.23865688,06:47:00,,,
TERMINAL 1 - BAHAU VIA BT KIKIR,myBas,KOLEJ KEJURURAWATAN KUALA PILAH,KOLEJ KEJURURAWATAN KUALA PILAH Bus Stop,2.73504456,102.24290013,06:48:00,,,
TERMINAL 1 - BAHAU VIA BT KIKIR,myBas,STESEN BAS KUALA PILAH,STESEN BAS KUALA PILAH Bus Stop,2.74099762,102.24812776,06:49:00,,,
TERMINAL 1 - BAHAU VIA BT KIKIR,myBas,SK KUALA PILAH,SK KUALA PILAH Bus Stop,2.74410274,102.2480607,06:50:00,,,
TERMINAL 1 - BAHAU VIA BT KIKIR,myBas,KAMPUNG GENTAM,KAMPUNG GENTAM Bus Stop,2.75005183,102.24817158,06:51:00,,,
TERMINAL 1 - BAHAU VIA BT KIKIR,myBas,PASARAYA SRI MINANG,PASARAYA SRI MINANG Bus Stop,2.75229446,102.24939428,06:52:00,,,
TERMINAL 1 - BAHAU VIA BT KIKIR,myBas,MARDEC,MARDEC Bus Stop,2.75758183,102.25215749,06:53:00,,,
TERMINAL 1 - BAHAU VIA BT KIKIR,myBas,SIMPANG UITM BETING,SIMPANG UITM BETING Bus Stop,2.75974074,102.25458384,06:54:00,,,
TERMINAL 1 - BAHAU VIA BT KIKIR,myBas,PELANGAI1,PELANGAI1 Bus Stop,2.76115338,102.26043948,06:55:00,,,
TERMINAL 1 - BAHAU VIA BT KIKIR,myBas,PELANGAI 2,PELANGAI 2 Bus Stop,2.76692775,102.26294597,06:56:00,,,
TERMINAL 1 - BAHAU VIA BT KIKIR,myBas,SPG PELANGAI,SPG PELANGAI Bus Stop,2.77074154,102.26712574,06:57:00,,,
TERMINAL 1 - BAHAU VIA BT KIKIR,myBas,KAMPUNG KUALA JEMAPOH,KAMPUNG KUALA JEMAPOH Bus Stop,2.77415465,102.28144687,06:58:00,,,
TERMINAL 1 - BAHAU VIA BT KIKIR,myBas,TAMAN JEMAPOH,TAMAN JEMAPOH Bus Stop,2.77588553,102.28309132,06:59:00,,,
TERMINAL 1 - BAHAU VIA BT KIKIR,myBas,JUASEH KAPITAN,JUASEH KAPITAN Bus Stop,2.7803582,102.28700103,07:00:00,,,
TERMINAL 1 - BAHAU VIA BT KIKIR,myBas,KAMPUNG JUASEH KAPITAN,KAMPUNG JUASEH KAPITAN Bus Stop,2.78122721,102.28782069,07:01:00,,,
TERMINAL 1 - BAHAU VIA BT KIKIR,myBas,TAMAN HARMONI JUASEH,TAMAN HARMONI JUASEH Bus Stop,2.78815677,102.29118275,07:02:00,,,
TERMINAL 1 - BAHAU VIA BT KIKIR,myBas,KOLEJ VOKASIONAL JUASEH,KOLEJ VOKASIONAL JUASEH Bus Stop,2.7916323,102.30037987,07:03:00,,,
TERMINAL 1 - BAHAU VIA BT KIKIR,myBas,KLINIK KESIHATAN JUASEH,KLINIK KESIHATAN JUASEH Bus Stop,2.79365215,102.30210916,07:04:00,,,
TERMINAL 1 - BAHAU VIA BT KIKIR,myBas,LADANG JUASEH,LADANG JUASEH Bus Stop,2.79777312,102.30540645,07:05:00,,,
TERMINAL 1 - BAHAU VIA BT KIKIR,myBas,DESA BUKIT GELUGOR,DESA BUKIT GELUGOR Bus Stop,2.80483982,102.31037915,07:06:00,,,
TERMINAL 1 - BAHAU VIA BT KIKIR,myBas,TAMAN PUTRA,TAMAN PUTRA Bus Stop,2.8109671,102.31077225,07:07:00,,,
TERMINAL 1 - BAHAU VIA BT KIKIR,myBas,TAMAN ANGGERIK,TAMAN ANGGERIK Bus Stop,2.81606343,102.31254918,07:08:00,,,
TERMINAL 1 - BAHAU VIA BT KIKIR,myBas,KOMPLEKS SUKAN BATU KIKIR,KOMPLEKS SUKAN BATU KIKIR Bus Stop,2.82127896,102.31566113,07:09:00,,,
TERMINAL 1 - BAHAU VIA BT KIKIR,myBas,SBPI JEMPOL,SBPI JEMPOL Bus Stop,2.82364106,102.31617565,07:10:00,,,
TERMINAL 1 - BAHAU VIA BT KIKIR,myBas,SK BATU KIKIR,SK BATU KIKIR Bus Stop,2.82634315,102.31688727,07:11:00,,,
TERMINAL 1 - BAHAU VIA BT KIKIR,myBas,SMK BATU KIKIR,SMK BATU KIKIR Bus Stop,2.82796987,102.31729746,07:12:00,,,
TERMINAL 1 - BAHAU VIA BT KIKIR,myBas,STESEN BAS BATU KIKIR,STESEN BAS BATU KIKIR Bus Stop,2.83144232,102.31781738,07:13:00,,,
TERMINAL 1 - BAHAU VIA BT KIKIR,myBas,KAMPUNG AIR DEDALI,KAMPUNG AIR DEDALI Bus Stop,2.83344846,102.3190488,07:14:00,,,
TERMINAL 1 - BAHAU VIA BT KIKIR,myBas,SIMPANG BAHAU - BATU KIKIR,SIMPANG BAHAU - BATU KIKIR Bus Stop,2.83564199,102.32179541,07:15:00,,,
TERMINAL 1 - BAHAU VIA BT KIKIR,myBas,KAMPUNG BUKIT KERDAS,KAMPUNG BUKIT KERDAS Bus Stop,2.83258585,102.32925452,07:16:00,,,
TERMINAL 1 - BAHAU VIA BT KIKIR,myBas,TERATAK ZAABA,TERATAK ZAABA Bus Stop,2.83094902,102.33087659,07:18:00,,,
TERMINAL 1 - BAHAU VIA BT KIKIR,myBas,KAMPUNG GAJAH MATI,KAMPUNG GAJAH MATI Bus Stop,2.82915524,102.33334337,07:19:00,,,
TERMINAL 1 - BAHAU VIA BT KIKIR,myBas,KAMPUNG LONEK,KAMPUNG LONEK Bus Stop,2.82814101,102.33475992,07:20:00,,,
TERMINAL 1 - BAHAU VIA BT KIKIR,myBas,MASJID GAJAH MATI,MASJID GAJAH MATI Bus Stop,2.82628255,102.33769945,07:21:00,,,
TERMINAL 1 - BAHAU VIA BT KIKIR,myBas,PINTU GERBANG KAMPUNG LONEK,PINTU GERBANG KAMPUNG LONEK Bus Stop,2.82399914,102.34152597,07:22:00,,,
TERMINAL 1 - BAHAU VIA BT KIKIR,myBas,TAMAN PERMATA,TAMAN PERMATA Bus Stop,2.82336032,102.34322719,07:23:00,,,
TERMINAL 1 - BAHAU VIA BT KIKIR,myBas,SK SERTING ILIR,SK SERTING ILIR Bus Stop,2.8222738,102.3456149,07:24:00,,,
TERMINAL 1 - BAHAU VIA BT KIKIR,myBas,KAMPUNG SERTING ILIR,KAMPUNG SERTING ILIR Bus Stop,2.82061419,102.34924853,07:25:00,,,
TERMINAL 1 - BAHAU VIA BT KIKIR,myBas,TAMAN CEMARA,TAMAN CEMARA Bus Stop,2.81910054,102.35249554,07:26:00,,,
TERMINAL 1 - BAHAU VIA BT KIKIR,myBas,MASJID LAMA TUNKU PUAN CHIK,MASJID LAMA TUNKU PUAN CHIK Bus Stop,2.81701903,102.35692905,07:27:00,,,
TERMINAL 1 - BAHAU VIA BT KIKIR,myBas,BUKIT KELULUT,BUKIT KELULUT Bus Stop,2.8153463,102.35962897,07:28:00,,,
TERMINAL 1 - BAHAU VIA BT KIKIR,myBas,TMN KEPAYANG,TMN KEPAYANG Bus Stop,2.81266087,102.36407143,07:29:00,,,
TERMINAL 1 - BAHAU VIA BT KIKIR,myBas,SK TUNKU MUDA SERTING,SK TUNKU MUDA SERTING Bus Stop,2.81011369,102.36936017,07:30:00,,,
TERMINAL 1 - BAHAU VIA BT KIKIR,myBas,TAMAN TUANKU PUAN CHIK,TAMAN TUANKU PUAN CHIK Bus Stop,2.80826636,102.37272011,07:31:00,,,
TERMINAL 1 - BAHAU VIA BT KIKIR,myBas,TMN SERTING JAYA,TMN SERTING JAYA Bus Stop,2.80800163,102.37369277,07:32:00,,,
TERMINAL 1 - BAHAU VIA BT KIKIR,myBas,SMK DATUK MANSOR,SMK DATUK MANSOR Bus Stop,2.80720396,102.37783127,07:33:00,,,
TERMINAL 1 - BAHAU VIA BT KIKIR,myBas,PASARAYA BORONG UPWELL,PASARAYA BORONG UPWELL Bus Stop,2.80752063,102.38621976,07:34:00,,,
TERMINAL 1 - BAHAU VIA BT KIKIR,myBas,SJKC BAHAU,SJKC BAHAU Bus Stop,2.80833323,102.39073454,07:35:00,,,
TERMINAL 1 - BAHAU VIA BT KIKIR,myBas,TAMAN ACBE,TAMAN ACBE Bus Stop,2.80929647,102.39354782,07:36:00,,,
TERMINAL 1 - BAHAU VIA BT KIKIR,myBas,TERMINAL BAHAU,TERMINAL BAHAU Bus Stop,2.80862189,102.40437323,07:38:00,,,
TERMINAL 1 - BAHAU VIA BT KIKIR,myBas,TAMAN SERTING JAYA,TAMAN SERTING JAYA Bus Stop,2.80769791,102.37475039,06:05:00,,,
TERMINAL 1 - BAHAU VIA BT KIKIR,myBas,PAKAR PAROI,PAKAR PAROI Bus Stop,2.71633833,102.01288462,07:18:00,,,
TERMINAL 1 - BAHAU VIA BT KIKIR,myBas,CYCLE N CARRIAGE,CYCLE N CARRIAGE Bus Stop,2.71410947,101.94960594,07:31:00,,,
TERMINAL 1 - BAHAU VIA BT KIKIR,myBas,KTM SEREMBAN,KTM SEREMBAN Bus Stop,2.71881949,101.94136083,07:32:00,,,
TERMINAL 1 - BAHAU VIA BT KIKIR,myBas,KM PLAZA,KM PLAZA Bus Stop,2.7228809,101.9376292,07:33:00,,,
TERMINAL 1-PORT DICKSON VIA SPG SILIAU,myBas,STANDARD CHARTERED BANK,STANDARD CHARTERED BANK Bus Stop,2.52246484,101.796256,06:31:00,,,
TERMINAL 1-PORT DICKSON VIA SPG SILIAU,myBas,PEJABAT KASTAM,PEJABAT KASTAM Bus Stop,2.5220227,101.79551303,06:32:00,,,
TERMINAL 1-PORT DICKSON VIA SPG SILIAU,myBas,HOSPITAL BESAR TUANKU JAAFAR,HOSPITAL BESAR TUANKU JAAFAR Bus Stop,2.70879955,101.94148958,07:23:00,,,
TERMINAL 1-PORT DICKSON VIA SPG SILIAU,myBas,KTM SEREMBAN,KTM SEREMBAN Bus Stop,2.71881949,101.94136083,07:25:00,,,
TERMINAL 1-PORT DICKSON VIA SPG SILIAU,myBas,KM PLAZA,KM PLAZA Bus Stop,2.7228809,101.9376292,07:26:00,,,
TERMINAL1-PEKAN LINGGI,myBas,TERMINAL ONE,TERMINAL ONE Bus Stop,2.72152011,101.93715513,06:00:00,,,
TERMINAL1-PEKAN LINGGI,myBas,DEWAN PERBANDARAN SEREMBAN,DEWAN PERBANDARAN SEREMBAN Bus Stop,2.72349735,101.94098532,06:01:00,,,
TERMINAL1-PEKAN LINGGI,myBas,PADANG MPS,PADANG MPS Bus Stop,2.7221554,101.9413501,06:02:00,,,
TERMINAL1-PEKAN LINGGI,myBas,KWSP SEREMBAN,KWSP SEREMBAN Bus Stop,2.71988581,101.94300771,06:03:00,,,
TERMINAL1-PEKAN LINGGI,myBas,SHELL JALAN ZAABA,SHELL JALAN ZAABA Bus Stop,2.71689583,101.94570601,06:04:00,,,
TERMINAL1-PEKAN LINGGI,myBas,BALAI POLIS RAHANG,BALAI POLIS RAHANG Bus Stop,2.71431309,101.95125282,06:05:00,,,
TERMINAL1-PEKAN LINGGI,myBas,AEON BIG RAHANG,AEON BIG RAHANG Bus Stop,2.70512876,101.9583553,06:06:00,,,
TERMINAL1-PEKAN LINGGI,myBas,TMN RASHIDAH UTAMA,TMN RASHIDAH UTAMA Bus Stop,2.70217625,101.97591305,06:07:00,,,
TERMINAL1-PEKAN LINGGI,myBas,TMN GURU,TMN GURU Bus Stop,2.70524664,101.97701275,06:08:00,,,
TERMINAL1-PEKAN LINGGI,myBas,TAMAN SERI KIAMBANG,TAMAN SERI KIAMBANG Bus Stop,2.71023834,101.97864654,06:09:00,,,
TERMINAL1-PEKAN LINGGI,myBas,TAMAN BUKIT KELANA,TAMAN BUKIT KELANA Bus Stop,2.71511031,101.97889266,06:10:00,,,
TERMINAL1-PEKAN LINGGI,myBas,TAMAN BOURGENVILLA,TAMAN BOURGENVILLA Bus Stop,2.71729412,101.97964845,06:11:00,,,
TERMINAL1-PEKAN LINGGI,myBas,TMN SRI NEGERI,TMN SRI NEGERI Bus Stop,2.71956967,101.97984517,06:12:00,,,
TERMINAL1-PEKAN LINGGI,myBas,PUSAT DAKWAH ISLAM,PUSAT DAKWAH ISLAM Bus Stop,2.72346402,101.98086677,06:13:00,,,
TERMINAL1-PEKAN LINGGI,myBas,STADIUM PAROI,STADIUM PAROI Bus Stop,2.72469162,101.9813442,06:14:00,,,
TERMINAL1-PEKAN LINGGI,myBas,JOHAN TOM YAM,JOHAN TOM YAM Bus Stop,2.72201667,101.98550581,06:15:00,,,
TERMINAL1-PEKAN LINGGI,myBas,KAMPUNG SENTOSA,KAMPUNG SENTOSA Bus Stop,2.71756027,101.98794007,06:16:00,,,
TERMINAL1-PEKAN LINGGI,myBas,KAMPUNG SENTOSA 4,KAMPUNG SENTOSA 4 Bus Stop,2.71732986,101.98934555,06:17:00,,,
TERMINAL1-PEKAN LINGGI,myBas,SK TAMAN TASIK JAYA,SK TAMAN TASIK JAYA Bus Stop,2.71807468,101.99324548,06:18:00,,,
TERMINAL1-PEKAN LINGGI,myBas,TAMAN TASIK JAYA 1,TAMAN TASIK JAYA 1 Bus Stop,2.7119929,101.996153,06:19:00,,,
TERMINAL1-PEKAN LINGGI,myBas,TAMAN TASIK JAYA 2,TAMAN TASIK JAYA 2 Bus Stop,2.71713509,101.99501322,06:20:00,,,
TERMINAL1-PEKAN LINGGI,myBas,KILANG FABRIK KEJURUTERAAN TENCATE,KILANG FABRIK KEJURUTERAAN TENCATE Bus Stop,2.71251684,101.99611368,06:21:00,,,
TERMINAL1-PEKAN LINGGI,myBas,SEK TINGGI ISLAM AS SOFA,SEK TINGGI ISLAM AS SOFA Bus Stop,2.7096727,101.99653446,06:22:00,,,
TERMINAL1-PEKAN LINGGI,myBas,MATAHARI HEIGHTS,MATAHARI HEIGHTS Bus Stop,2.7086226,101.995406,06:23:00,,,
TERMINAL1-PEKAN LINGGI,myBas,TAMAN SERI PAGI,TAMAN SERI PAGI Bus Stop,2.70633505,101.99000822,06:24:00,,,
TERMINAL1-PEKAN LINGGI,myBas,TAIPAN SENAWANG,TAIPAN SENAWANG Bus Stop,2.70590166,101.98856331,06:25:00,,,
TERMINAL1-PEKAN LINGGI,myBas,GIANT SENAWANG,GIANT SENAWANG Bus Stop,2.70197263,101.98318183,06:26:00,,,
TERMINAL1-PEKAN LINGGI,myBas,MYDIN SENAWANG,MYDIN SENAWANG Bus Stop,2.70033503,101.98076873,06:27:00,,,
TERMINAL1-PEKAN LINGGI,myBas,TAMAN LILY,TAMAN LILY Bus Stop,2.6983771,101.97852015,06:28:00,,,
TERMINAL1-PEKAN LINGGI,myBas,KILANG MATEK KITAMURA,KILANG MATEK KITAMURA Bus Stop,2.69252682,101.97963418,06:29:00,,,
TERMINAL1-PEKAN LINGGI,myBas,KILANG ON SEMICONDUCTOR,KILANG ON SEMICONDUCTOR Bus Stop,2.68951769,101.9821007,06:30:00,,,
TERMINAL1-PEKAN LINGGI,myBas,KILANG KIM HIN CERAMIC,KILANG KIM HIN CERAMIC Bus Stop,2.6806079,101.98774765,06:31:00,,,
TERMINAL1-PEKAN LINGGI,myBas,KILANG INMAX / YANO MALAYSIA,KILANG INMAX / YANO MALAYSIA Bus Stop,2.67668875,101.99140366,06:32:00,,,
TERMINAL1-PEKAN LINGGI,myBas,TAMAN TUNKU JAAFAR,TAMAN TUNKU JAAFAR Bus Stop,2.673872,101.99400695,06:33:00,,,
TERMINAL1-PEKAN LINGGI,myBas,MASJID TUANKU JAAFAR,MASJID TUANKU JAAFAR Bus Stop,2.67087712,101.99403942,06:34:00,,,
TERMINAL1-PEKAN LINGGI,myBas,KTM SG GADUT1,KTM SG GADUT1 Bus Stop,2.66047257,101.99686963,06:35:00,,,
TERMINAL1-PEKAN LINGGI,myBas,KTM SUNGAI GADUT,KTM SUNGAI GADUT Bus Stop,2.66017061,101.99539393,06:36:00,,,
TERMINAL1-PEKAN LINGGI,myBas,SJKT LADANG SEREMBAN,SJKT LADANG SEREMBAN Bus Stop,2.65711714,101.99386515,06:37:00,,,
TERMINAL1-PEKAN LINGGI,myBas,SEKOLAH DATO  ABDUL RAZAK,SEKOLAH DATO  ABDUL RAZAK Bus Stop,2.64683702,101.99098836,06:38:00,,,
TERMINAL1-PEKAN LINGGI,myBas,KOMPLEKS PENYIARAN TUANKU MUHAMMAD RTM,KOMPLEKS PENYIARAN TUANKU MUHAMMAD RTM Bus Stop,2.64494126,101.99077748,06:39:00,,,
TERMINAL1-PEKAN LINGGI,myBas,KAMPUNG CINA ULU RANTAU,KAMPUNG CINA ULU RANTAU Bus Stop,2.63951761,101.98951039,06:40:00,,,
TERMINAL1-PEKAN LINGGI,myBas,TAMAN SRI PERMATA,TAMAN SRI PERMATA Bus Stop,2.63560433,101.9851495,06:41:00,,,
TERMINAL1-PEKAN LINGGI,myBas,LADANG KOMBOK,LADANG KOMBOK Bus Stop,2.63135153,101.98432982,06:42:00,,,
TERMINAL1-PEKAN LINGGI,myBas,SKJT LADANG KOMBOK,SKJT LADANG KOMBOK Bus Stop,2.61940639,101.98682654,06:43:00,,,
TERMINAL1-PEKAN LINGGI,myBas,KAMPUNG KOMBOK,KAMPUNG KOMBOK Bus Stop,2.61681912,101.98343021,06:44:00,,,
TERMINAL1-PEKAN LINGGI,myBas,RANTAU AGRO PARK,RANTAU AGRO PARK Bus Stop,2.61571831,101.98070948,06:45:00,,,
TERMINAL1-PEKAN LINGGI,myBas,KAMPUNG ULU LALANG,KAMPUNG ULU LALANG Bus Stop,2.61414231,101.97710529,06:46:00,,,
TERMINAL1-PEKAN LINGGI,myBas,KAMPUNG ULU LALANG 2,KAMPUNG ULU LALANG 2 Bus Stop,2.61270729,101.97465305,06:47:00,,,
TERMINAL1-PEKAN LINGGI,myBas,RUMAH RAKYAT ULU LALANG,RUMAH RAKYAT ULU LALANG Bus Stop,2.61198953,101.97351451,06:48:00,,,
TERMINAL1-PEKAN LINGGI,myBas,TAMAN SERI LALANG,TAMAN SERI LALANG Bus Stop,2.61127138,101.97250649,06:49:00,,,
TERMINAL1-PEKAN LINGGI,myBas,PERINGKAT TIGA ULU LALANG,PERINGKAT TIGA ULU LALANG Bus Stop,2.61030026,101.97101689,06:50:00,,,
TERMINAL1-PEKAN LINGGI,myBas,SURAU ULU LALANG,SURAU ULU LALANG Bus Stop,2.60940378,101.96986456,06:51:00,,,
TERMINAL1-PEKAN LINGGI,myBas,MASJID JAMIK KAMPUNG SOLOK,MASJID JAMIK KAMPUNG SOLOK Bus Stop,2.60108112,101.96471407,06:52:00,,,
TERMINAL1-PEKAN LINGGI,myBas,KAMPUNG TAKAU RANTAU,KAMPUNG TAKAU RANTAU Bus Stop,2.597757,101.9639343,06:53:00,,,
TERMINAL1-PEKAN LINGGI,myBas,BANDAR EKAR RANTAU,BANDAR EKAR RANTAU Bus Stop,2.5935181,101.96469604,06:54:00,,,
TERMINAL1-PEKAN LINGGI,myBas,SJKC CHUNG HUA,SJKC CHUNG HUA Bus Stop,2.59252182,101.96421366,06:55:00,,,
TERMINAL1-PEKAN LINGGI,myBas,SK DATO AKHIR ZAMAN,SK DATO AKHIR ZAMAN Bus Stop,2.59050248,101.96381289,06:56:00,,,
TERMINAL1-PEKAN LINGGI,myBas,PEKAN RANTAU,PEKAN RANTAU Bus Stop,2.58525997,101.96209431,06:57:00,,,
TERMINAL1-PEKAN LINGGI,myBas,TAMAN DELIMA,TAMAN DELIMA Bus Stop,2.58339505,101.96146131,06:58:00,,,
TERMINAL1-PEKAN LINGGI,myBas,RUMAH RAKYAT LINSUM,RUMAH RAKYAT LINSUM Bus Stop,2.57941413,101.95990079,06:59:00,,,
TERMINAL1-PEKAN LINGGI,myBas,SMK RANTAU,SMK RANTAU Bus Stop,2.57691259,101.9597725,07:00:00,,,
TERMINAL1-PEKAN LINGGI,myBas,SMK DATO SHAMSUDIN NAIN,SMK DATO SHAMSUDIN NAIN Bus Stop,2.5740893,101.95991964,07:01:00,,,
TERMINAL1-PEKAN LINGGI,myBas,SKJT LADANG LINSUM,SKJT LADANG LINSUM Bus Stop,2.57174637,101.96136174,07:02:00,,,
TERMINAL1-PEKAN LINGGI,myBas,SIME DARBY PLANTATION LADANG LINSUM,SIME DARBY PLANTATION LADANG LINSUM Bus Stop,2.5689415,101.9614728,07:03:00,,,
TERMINAL1-PEKAN LINGGI,myBas,LADANG MAJORIE,LADANG MAJORIE Bus Stop,2.56337317,101.9613203,07:04:00,,,
TERMINAL1-PEKAN LINGGI,myBas,PEKAN AIR KUNING,PEKAN AIR KUNING Bus Stop,2.54852282,101.97556088,07:05:00,,,
TERMINAL1-PEKAN LINGGI,myBas,KAMPUNG AIR KUNING,KAMPUNG AIR KUNING Bus Stop,2.54738894,101.97729331,07:06:00,,,
TERMINAL1-PEKAN LINGGI,myBas,KG TAKAU RANTAU,KG TAKAU RANTAU Bus Stop,2.54289946,101.9841169,07:07:00,,,
TERMINAL1-PEKAN LINGGI,myBas,KAMPUNG TAKAU 2,KAMPUNG TAKAU 2 Bus Stop,2.54005392,101.98486024,07:08:00,,,
TERMINAL1-PEKAN LINGGI,myBas,SIMPANG LORONG TAKAU 5,SIMPANG LORONG TAKAU 5 Bus Stop,2.53557483,101.98692438,07:09:00,,,
TERMINAL1-PEKAN LINGGI,myBas,SKJT LADANG TAMPIN LINGGI,SKJT LADANG TAMPIN LINGGI Bus Stop,2.51794969,101.9960618,07:10:00,,,
TERMINAL1-PEKAN LINGGI,myBas,SIMPANG LORONG MERANTI,SIMPANG LORONG MERANTI Bus Stop,2.51394708,101.99843014,07:11:00,,,
TERMINAL1-PEKAN LINGGI,myBas,PUSAT KOMUNITI KAMPUNG TAMPIN LINGGI,PUSAT KOMUNITI KAMPUNG TAMPIN LINGGI Bus Stop,2.51174453,101.9998909,07:12:00,,,
TERMINAL1-PEKAN LINGGI,myBas,SIMPANG LORONG NYATOH,SIMPANG LORONG NYATOH Bus Stop,2.50849461,102.00188605,07:13:00,,,
TERMINAL1-PEKAN LINGGI,myBas,FELCRA KAMPUNG TAMPIN LINGGI,FELCRA KAMPUNG TAMPIN LINGGI Bus Stop,2.50683837,102.00288757,07:14:00,,,
TERMINAL1-PEKAN LINGGI,myBas,SIMPANG LORONG SERAYA,SIMPANG LORONG SERAYA Bus Stop,2.50334175,102.00291935,07:15:00,,,
TERMINAL1-PEKAN LINGGI,myBas,RUMAH RAKYAT LINGGI,RUMAH RAKYAT LINGGI Bus Stop,2.49788303,102.00321581,07:16:00,,,
TERMINAL1-PEKAN LINGGI,myBas,SMK DATUK MUHAMMAD YUSOF,SMK DATUK MUHAMMAD YUSOF Bus Stop,2.49502865,102.00415026,07:17:00,,,
TERMINAL1-PEKAN LINGGI,myBas,GIAT MARA TELUK KEMANG,GIAT MARA TELUK KEMANG Bus Stop,2.49354083,102.00495082,07:18:00,,,
TERMINAL1-PEKAN LINGGI,myBas,BALAI RAYA KAMPUNG LINGGI,BALAI RAYA KAMPUNG LINGGI Bus Stop,2.49044749,102.00778781,07:19:00,,,
TERMINAL1-PEKAN LINGGI,myBas,PEJABAT PENGHULU MUKIM LINGGI,PEJABAT PENGHULU MUKIM LINGGI Bus Stop,2.48929549,102.00866998,07:20:00,,,
TERMINAL1-PEKAN LINGGI,myBas,BALAI POLIS LINGGI,BALAI POLIS LINGGI Bus Stop,2.48660975,102.01033311,07:21:00,,,
TERMINAL1-PEKAN LINGGI,myBas,PEKAN LINGGI,PEKAN LINGGI Bus Stop,2.48412079,102.01142039,07:22:00,,,
TERMINAL1-PEKAN LINGGI,myBas,MASJID KAMPUNG PERMATANG,MASJID KAMPUNG PERMATANG Bus Stop,2.4726553,102.0170984,07:23:00,,,
TERMINAL1-PEKAN LINGGI,myBas,KAMPUNG PERMATANG PASIR,KAMPUNG PERMATANG PASIR Bus Stop,2.46931,102.017826,07:24:00,,,
TERMINAL1-PEKAN LINGGI,myBas,SK PERMATANG PASIR,SK PERMATANG PASIR Bus Stop,2.4641659,102.0173559,07:25:00,,,
TERMINAL1-PEKAN LINGGI,myBas,LADANG GETAH TARZAN,LADANG GETAH TARZAN Bus Stop,2.4583469,102.0168369,07:26:00,,,
TERMINAL1-PEKAN LINGGI,myBas,HUB PENGKALAN KEMPAS,HUB PENGKALAN KEMPAS Bus Stop,2.44819197,102.01768917,07:27:00,,,
TERMINAL1-PEKAN LINGGI,myBas,AEON FOREST HEIGHTS,AEON FOREST HEIGHTS Bus Stop,2.70586822,101.95932627,07:21:00,,,
TERMINAL1-PEKAN LINGGI,myBas,PROTON RAHANG,PROTON RAHANG Bus Stop,2.7106908,101.95234715,07:22:00,,,
TERMINAL1-PEKAN LINGGI,myBas,CYCLE N CARRIAGE,CYCLE N CARRIAGE Bus Stop,2.71410947,101.94960594,07:23:00,,,
TERMINAL1-PEKAN LINGGI,myBas,KTM SEREMBAN,KTM SEREMBAN Bus Stop,2.71881949,101.94136083,07:24:00,,,
TERMINAL1-PEKAN LINGGI,myBas,KM PLAZA,KM PLAZA Bus Stop,2.7228809,101.9376292,07:25:00,,,
TERMINAL 1 - KUALA KLAWANG - TITI,myBas,TERMINAL ONE,TERMINAL ONE Bus Stop,2.72152011,101.93715513,06:00:00,,,
TERMINAL 1 - KUALA KLAWANG - TITI,myBas,DEWAN PERBANDARAN SEREMBAN,DEWAN PERBANDARAN SEREMBAN Bus Stop,2.72349735,101.94098532,06:01:00,,,
TERMINAL 1 - KUALA KLAWANG - TITI,myBas,PADANG MPS,PADANG MPS Bus Stop,2.7221554,101.9413501,06:02:00,,,
TERMINAL 1 - KUALA KLAWANG - TITI,myBas,KWSP SEREMBAN,KWSP SEREMBAN Bus Stop,2.71988581,101.94300771,06:03:00,,,
TERMINAL 1 - KUALA KLAWANG - TITI,myBas,SHELL JALAN ZAABA,SHELL JALAN ZAABA Bus Stop,2.71689583,101.94570601,06:04:00,,,
TERMINAL 1 - KUALA KLAWANG - TITI,myBas,BALAI POLIS RAHANG,BALAI POLIS RAHANG Bus Stop,2.71431309,101.95125282,06:05:00,,,
TERMINAL 1 - KUALA KLAWANG - TITI,myBas,SIMPANG TAMAN DUSUN NYIOR 1,SIMPANG TAMAN DUSUN NYIOR 1 Bus Stop,2.71502575,101.95236325,06:06:00,,,
TERMINAL 1 - KUALA KLAWANG - TITI,myBas,PEJABAT MARA SEREMBAN 1,PEJABAT MARA SEREMBAN 1 Bus Stop,2.71883021,101.95490599,06:07:00,,,
TERMINAL 1 - KUALA KLAWANG - TITI,myBas,CENTREPOINT,CENTREPOINT Bus Stop,2.72180947,101.95572674,06:08:00,,,
TERMINAL 1 - KUALA KLAWANG - TITI,myBas,PETRONAS JALAN JELEBU,PETRONAS JALAN JELEBU Bus Stop,2.72692134,101.95947647,06:09:00,,,
TERMINAL 1 - KUALA KLAWANG - TITI,myBas,KG ISMAIL,KG ISMAIL Bus Stop,2.7304632,101.96231425,06:10:00,,,
TERMINAL 1 - KUALA KLAWANG - TITI,myBas,SIMPANG UJONG PASIR,SIMPANG UJONG PASIR Bus Stop,2.7333118,101.9646263,06:11:00,,,
TERMINAL 1 - KUALA KLAWANG - TITI,myBas,TMN PERWIRA,TMN PERWIRA Bus Stop,2.73663597,101.97093487,06:12:00,,,
TERMINAL 1 - KUALA KLAWANG - TITI,myBas,KILANG KOKO,KILANG KOKO Bus Stop,2.73935316,101.97589355,06:13:00,,,
TERMINAL 1 - KUALA KLAWANG - TITI,myBas,BATU 4 JALAN JELEBU,BATU 4 JALAN JELEBU Bus Stop,2.73961683,101.98067348,06:14:00,,,
TERMINAL 1 - KUALA KLAWANG - TITI,myBas,KILANG LAMA BATU 4,KILANG LAMA BATU 4 Bus Stop,2.73839797,101.9854609,06:15:00,,,
TERMINAL 1 - KUALA KLAWANG - TITI,myBas,BATU 4 1/2,BATU 4 1/2 Bus Stop,2.74128272,101.98987175,06:16:00,,,
TERMINAL 1 - KUALA KLAWANG - TITI,myBas,BATU 5 JALAN JELEBU,BATU 5 JALAN JELEBU Bus Stop,2.74903394,101.9925021,06:17:00,,,
TERMINAL 1 - KUALA KLAWANG - TITI,myBas,LOJI AIR BATU 6,LOJI AIR BATU 6 Bus Stop,2.75862856,101.99681637,06:18:00,,,
TERMINAL 1 - KUALA KLAWANG - TITI,myBas,GIATMARA SEREMBAN,GIATMARA SEREMBAN Bus Stop,2.76128999,101.9996486,06:19:00,,,
TERMINAL 1 - KUALA KLAWANG - TITI,myBas,KG BKT KUBOT,KG BKT KUBOT Bus Stop,2.76541506,102.00178027,06:20:00,,,
TERMINAL 1 - KUALA KLAWANG - TITI,myBas,BATU 7 JALAN PANTAI,BATU 7 JALAN PANTAI Bus Stop,2.76696716,102.00055659,06:21:00,,,
TERMINAL 1 - KUALA KLAWANG - TITI,myBas,KG JERLANG BATU 7,KG JERLANG BATU 7 Bus Stop,2.76907468,101.99824512,06:22:00,,,
TERMINAL 1 - KUALA KLAWANG - TITI,myBas,BATU 7 1/2,BATU 7 1/2 Bus Stop,2.7719155,101.99418802,06:23:00,,,
TERMINAL 1 - KUALA KLAWANG - TITI,myBas,PANTAI,PANTAI Bus Stop,2.77445844,101.99148418,06:24:00,,,
TERMINAL 1 - KUALA KLAWANG - TITI,myBas,BALAI RAYA,BALAI RAYA Bus Stop,2.77597363,101.99119609,06:25:00,,,
TERMINAL 1 - KUALA KLAWANG - TITI,myBas,KG BEMBAN BATU 8,KG BEMBAN BATU 8 Bus Stop,2.77855894,101.99201339,06:26:00,,,
TERMINAL 1 - KUALA KLAWANG - TITI,myBas,PEKAN PANTAI,PEKAN PANTAI Bus Stop,2.78163225,101.99257357,06:27:00,,,
TERMINAL 1 - KUALA KLAWANG - TITI,myBas,KLINIK DESA PANTAI,KLINIK DESA PANTAI Bus Stop,2.78458247,101.99255866,06:28:00,,,
TERMINAL 1 - KUALA KLAWANG - TITI,myBas,KG BARU PANTAI,KG BARU PANTAI Bus Stop,2.78619931,101.99222803,06:29:00,,,
TERMINAL 1 - KUALA KLAWANG - TITI,myBas,BATU 8 1/4,BATU 8 1/4 Bus Stop,2.78766375,101.99197325,06:30:00,,,
TERMINAL 1 - KUALA KLAWANG - TITI,myBas,KG GAYAN BATU 9,KG GAYAN BATU 9 Bus Stop,2.79255527,101.99112244,06:31:00,,,
TERMINAL 1 - KUALA KLAWANG - TITI,myBas,KG GATUH BATU 9,KG GATUH BATU 9 Bus Stop,2.79670327,101.9923412,06:32:00,,,
TERMINAL 1 - KUALA KLAWANG - TITI,myBas,KG PAJAM BATU 10,KG PAJAM BATU 10 Bus Stop,2.79959017,101.99271981,06:33:00,,,
TERMINAL 1 - KUALA KLAWANG - TITI,myBas,SIMPANG LENGGENG,SIMPANG LENGGENG Bus Stop,2.8097932,101.99278521,06:34:00,,,
TERMINAL 1 - KUALA KLAWANG - TITI,myBas,KG NGOI NGOI,KG NGOI NGOI Bus Stop,2.8119626,101.99548143,06:35:00,,,
TERMINAL 1 - KUALA KLAWANG - TITI,myBas,JERAM PERLING,JERAM PERLING Bus Stop,2.82074008,101.99936137,06:36:00,,,
TERMINAL 1 - KUALA KLAWANG - TITI,myBas,TOKONG CINA BKT TANGGA,TOKONG CINA BKT TANGGA Bus Stop,2.8412018,101.99971318,06:37:00,,,
TERMINAL 1 - KUALA KLAWANG - TITI,myBas,JERAM TOI,JERAM TOI Bus Stop,2.86489337,102.01241298,06:38:00,,,
TERMINAL 1 - KUALA KLAWANG - TITI,myBas,KG BATU 17,KG BATU 17 Bus Stop,2.87432242,102.01772578,06:39:00,,,
TERMINAL 1 - KUALA KLAWANG - TITI,myBas,JALAN BATU 17/6,JALAN BATU 17/6 Bus Stop,2.87921186,102.01981661,06:40:00,,,
TERMINAL 1 - KUALA KLAWANG - TITI,myBas,JALAN KG BATU 18,JALAN KG BATU 18 Bus Stop,2.88261294,102.02153176,06:41:00,,,
TERMINAL 1 - KUALA KLAWANG - TITI,myBas,JALAN KG BATU 18/1,JALAN KG BATU 18/1 Bus Stop,2.88528779,102.02166038,06:42:00,,,
TERMINAL 1 - KUALA KLAWANG - TITI,myBas,KAMPUNG RAMBAI BARIS,KAMPUNG RAMBAI BARIS Bus Stop,2.88728674,102.02248477,06:43:00,,,
TERMINAL 1 - KUALA KLAWANG - TITI,myBas,MADRASAH TAHFIZ YAMIN,MADRASAH TAHFIZ YAMIN Bus Stop,2.88822064,102.02328957,06:44:00,,,
TERMINAL 1 - KUALA KLAWANG - TITI,myBas,BT 19 AMAR PENGHULU,BT 19 AMAR PENGHULU Bus Stop,2.88999637,102.02592489,06:45:00,,,
TERMINAL 1 - KUALA KLAWANG - TITI,myBas,KAMPUNG TANJUNG CHACHAR,KAMPUNG TANJUNG CHACHAR Bus Stop,2.8917723,102.02691467,06:46:00,,,
TERMINAL 1 - KUALA KLAWANG - TITI,myBas,MASJID QARIAH AMAR PENGHULU,MASJID QARIAH AMAR PENGHULU Bus Stop,2.89315477,102.02828129,06:47:00,,,
TERMINAL 1 - KUALA KLAWANG - TITI,myBas,SK AMAR PENGHULU,SK AMAR PENGHULU Bus Stop,2.89521074,102.02965404,06:48:00,,,
TERMINAL 1 - KUALA KLAWANG - TITI,myBas,BALAI RAYA KG ULU KLAWANG,BALAI RAYA KG ULU KLAWANG Bus Stop,2.89714712,102.02974462,06:49:00,,,
TERMINAL 1 - KUALA KLAWANG - TITI,myBas,KG GEDANG,KG GEDANG Bus Stop,2.9015809,102.03057922,06:50:00,,,
TERMINAL 1 - KUALA KLAWANG - TITI,myBas,KG RENAL,KG RENAL Bus Stop,2.90486085,102.03221485,06:51:00,,,
TERMINAL 1 - KUALA KLAWANG - TITI,myBas,EMPANG BATU 21,EMPANG BATU 21 Bus Stop,2.90808061,102.03765958,06:52:00,,,
TERMINAL 1 - KUALA KLAWANG - TITI,myBas,MASJID KARIAH BATU SERAMBAI,MASJID KARIAH BATU SERAMBAI Bus Stop,2.90913997,102.04056102,06:53:00,,,
TERMINAL 1 - KUALA KLAWANG - TITI,myBas,KG SUNGAI RAYA,KG SUNGAI RAYA Bus Stop,2.91208681,102.0436717,06:54:00,,,
TERMINAL 1 - KUALA KLAWANG - TITI,myBas,KG NYIUR,KG NYIUR Bus Stop,2.91237074,102.04659638,06:55:00,,,
TERMINAL 1 - KUALA KLAWANG - TITI,myBas,KG NYIUR 2,KG NYIUR 2 Bus Stop,2.91297769,102.04925008,06:56:00,,,
TERMINAL 1 - KUALA KLAWANG - TITI,myBas,KG JAMBATAN SERONG BT 21,KG JAMBATAN SERONG BT 21 Bus Stop,2.91440795,102.05070458,06:57:00,,,
TERMINAL 1 - KUALA KLAWANG - TITI,myBas,KG KEMIN BT 22,KG KEMIN BT 22 Bus Stop,2.91697274,102.05322658,06:58:00,,,
TERMINAL 1 - KUALA KLAWANG - TITI,myBas,KG ULU KEMIN/KONA ASAN BANGAU,KG ULU KEMIN/KONA ASAN BANGAU Bus Stop,2.92003212,102.05374716,06:59:00,,,
TERMINAL 1 - KUALA KLAWANG - TITI,myBas,KG SUNGAI KUA,KG SUNGAI KUA Bus Stop,2.92371759,102.05784299,07:00:00,,,
TERMINAL 1 - KUALA KLAWANG - TITI,myBas,JAB PERTANIAN TEMBUN,JAB PERTANIAN TEMBUN Bus Stop,2.92489099,102.05926906,07:01:00,,,
TERMINAL 1 - KUALA KLAWANG - TITI,myBas,KG TEMBUN,KG TEMBUN Bus Stop,2.92732765,102.06231344,07:02:00,,,
TERMINAL 1 - KUALA KLAWANG - TITI,myBas,SURAU KG BINJAI,SURAU KG BINJAI Bus Stop,2.93167381,102.0642194,07:03:00,,,
TERMINAL 1 - KUALA KLAWANG - TITI,myBas,TAMAN DATO UNDANG ABDULLAH,TAMAN DATO UNDANG ABDULLAH Bus Stop,2.93387749,102.06566095,07:04:00,,,
TERMINAL 1 - KUALA KLAWANG - TITI,myBas,SK KUALA KELAWANG / PEJABAT HUTAN,SK KUALA KELAWANG / PEJABAT HUTAN Bus Stop,2.93524796,102.06813169,07:05:00,,,
TERMINAL 1 - KUALA KLAWANG - TITI,myBas,SK UNDANG JELEBU,SK UNDANG JELEBU Bus Stop,2.93954051,102.06908855,07:06:00,,,
TERMINAL 1 - KUALA KLAWANG - TITI,myBas,TERMINAL KELAWANG,TERMINAL KELAWANG Bus Stop,2.9413346,102.07057759,07:07:00,,,
TERMINAL 1 - KUALA KLAWANG - TITI,myBas,TAMAN MENGKAN,TAMAN MENGKAN Bus Stop,2.94365301,102.06539839,07:08:00,,,
TERMINAL 1 - KUALA KLAWANG - TITI,myBas,KG MENGKAN,KG MENGKAN Bus Stop,2.94667167,102.06218533,07:09:00,,,
TERMINAL 1 - KUALA KLAWANG - TITI,myBas,PETALING,PETALING Bus Stop,2.94814329,102.06027272,07:10:00,,,
TERMINAL 1 - KUALA KLAWANG - TITI,myBas,HOSPITAL JELEBU,HOSPITAL JELEBU Bus Stop,2.95042999,102.05912931,07:11:00,,,
TERMINAL 1 - KUALA KLAWANG - TITI,myBas,SMK UNDANG JELEBU,SMK UNDANG JELEBU Bus Stop,2.95433689,102.05994163,07:12:00,,,
TERMINAL 1 - KUALA KLAWANG - TITI,myBas,KOLEJ VOKASIONAL KUALA KLAWANG,KOLEJ VOKASIONAL KUALA KLAWANG Bus Stop,2.96215911,102.05787727,07:13:00,,,
TERMINAL 1 - KUALA KLAWANG - TITI,myBas,TAMAN IRAMA,TAMAN IRAMA Bus Stop,2.9682268,102.05989758,07:14:00,,,
TERMINAL 1 - KUALA KLAWANG - TITI,myBas,TAMAN ANGSANA,TAMAN ANGSANA Bus Stop,2.97031066,102.06012247,07:15:00,,,
TERMINAL 1 - KUALA KLAWANG - TITI,myBas,JELEBU ESTATE,JELEBU ESTATE Bus Stop,2.97403397,102.06057818,07:16:00,,,
TERMINAL 1 - KUALA KLAWANG - TITI,myBas,SIMPANG SEPRI / KOLEJ KOMUNITI JELEBU,SIMPANG SEPRI / KOLEJ KOMUNITI JELEBU Bus Stop,2.9766394,102.0618927,07:17:00,,,
TERMINAL 1 - KUALA KLAWANG - TITI,myBas,MRSM KUALA KLAWANG,MRSM KUALA KLAWANG Bus Stop,2.97886618,102.06318145,07:18:00,,,
TERMINAL 1 - KUALA KLAWANG - TITI,myBas,TAMAN BUKIT KEMPAS,TAMAN BUKIT KEMPAS Bus Stop,2.9804667,102.0658093,07:19:00,,,
TERMINAL 1 - KUALA KLAWANG - TITI,myBas,TAMAN TITI,TAMAN TITI Bus Stop,2.98224525,102.06754804,07:20:00,,,
TERMINAL 1 - KUALA KLAWANG - TITI,myBas,TAMAN NAGA EMAS,TAMAN NAGA EMAS Bus Stop,2.98436132,102.07084715,07:21:00,,,
TERMINAL 1 - KUALA KLAWANG - TITI,myBas,TAMAN DESA PERMAI,TAMAN DESA PERMAI Bus Stop,2.99093452,102.07295537,07:22:00,,,
TERMINAL 1 - KUALA KLAWANG - TITI,myBas,KG SERI HOSAPA,KG SERI HOSAPA Bus Stop,2.99443806,102.07141578,07:23:00,,,
TERMINAL 1 - KUALA KLAWANG - TITI,myBas,TAMAN MAWAR,TAMAN MAWAR Bus Stop,2.99574519,102.07053065,07:24:00,,,
TERMINAL 1 - KUALA KLAWANG - TITI,myBas,PEKAN TITI,PEKAN TITI Bus Stop,2.99717018,102.07395315,07:25:00,,,
TERMINAL 1 - KUALA KLAWANG - TITI,myBas,BALAI POLIS TITI,BALAI POLIS TITI Bus Stop,2.99833802,102.07759559,07:26:00,,,
TERMINAL 1 - KUALA KLAWANG - TITI,myBas,TAMAN SIOW PING KIOW,TAMAN SIOW PING KIOW Bus Stop,3.0011612,102.07841098,07:27:00,,,
TERMINAL 1 - KUALA KLAWANG - TITI,myBas,KLINIK KESIHATAN TITI,KLINIK KESIHATAN TITI Bus Stop,3.00259153,102.07937121,07:28:00,,,
TERMINAL 1 - KUALA KLAWANG - TITI,myBas,RUMAH RAKYAT TITI,RUMAH RAKYAT TITI Bus Stop,3.00400043,102.08017588,07:29:00,,,
TERMINAL 1 - KUALA KLAWANG - TITI,myBas,MUZIUM ADAT,MUZIUM ADAT Bus Stop,2.93729916,102.06972063,06:24:00,,,
TERMINAL 1 - KUALA KLAWANG - TITI,myBas,KG BINJAI,KG BINJAI Bus Stop,2.92684822,102.06204146,06:28:00,,,
TERMINAL 1 - KUALA KLAWANG - TITI,myBas,KLINIK DESA ULU KLAWANG,KLINIK DESA ULU KLAWANG Bus Stop,2.91543954,102.05152586,06:34:00,,,
TERMINAL 1 - KUALA KLAWANG - TITI,myBas,CYCLE N CARRIAGE,CYCLE N CARRIAGE Bus Stop,2.71410947,101.94960594,07:27:00,,,
TERMINAL 1 - KUALA KLAWANG - TITI,myBas,KTM SEREMBAN,KTM SEREMBAN Bus Stop,2.71881949,101.94136083,07:28:00,,,
TERMINAL 1 - KUALA KLAWANG - TITI,myBas,KM PLAZA,KM PLAZA Bus Stop,2.7228809,101.9376292,07:29:00,,,
POLYMALL - TANJUNG AGAS,myBas,POLYMALL,POLYMALL Bus Stop,2.44031948,101.86138555,06:30:00,,,
POLYMALL - TANJUNG AGAS,myBas,TAMAN TIARA,TAMAN TIARA Bus Stop,2.43632203,101.86254588,06:31:00,,,
POLYMALL - TANJUNG AGAS,myBas,TAMAN ORKID N,TAMAN ORKID N Bus Stop,2.4326974,101.86293075,06:32:00,,,
POLYMALL - TANJUNG AGAS,myBas,SIMPANG TANJUNG BIRU,SIMPANG TANJUNG BIRU Bus Stop,2.42505713,101.86355957,06:33:00,,,
POLYMALL - TANJUNG AGAS,myBas,KOMPLEKS PERANGINAN BANK NEGARA,KOMPLEKS PERANGINAN BANK NEGARA Bus Stop,2.42185212,101.86890228,06:34:00,,,
POLYMALL - TANJUNG AGAS,myBas,KG SEGENTING,KG SEGENTING Bus Stop,2.42302864,101.8719913,06:35:00,,,
POLYMALL - TANJUNG AGAS,myBas,TAMAN HARUMANIS,TAMAN HARUMANIS Bus Stop,2.42389463,101.87965059,06:36:00,,,
POLYMALL - TANJUNG AGAS,myBas,MASJID KG PELANDUK,MASJID KG PELANDUK Bus Stop,2.4241247,101.8868413,06:37:00,,,
POLYMALL - TANJUNG AGAS,myBas,KG TELUK PELANDUK,KG TELUK PELANDUK Bus Stop,2.42548759,101.88739464,06:38:00,,,
POLYMALL - TANJUNG AGAS,myBas,TAMAN GREEN VIEW,TAMAN GREEN VIEW Bus Stop,2.42687929,101.88763031,06:39:00,,,
POLYMALL - TANJUNG AGAS,myBas,TAMAN PERANGINAN MUTIARA,TAMAN PERANGINAN MUTIARA Bus Stop,2.42856248,101.891948,06:40:00,,,
POLYMALL - TANJUNG AGAS,myBas,KG SUNGAI SEKAWANG,KG SUNGAI SEKAWANG Bus Stop,2.43191383,101.91965692,06:41:00,,,
POLYMALL - TANJUNG AGAS,myBas,KG PASIR PANJANG,KG PASIR PANJANG Bus Stop,2.42866069,101.92787215,06:42:00,,,
POLYMALL - TANJUNG AGAS,myBas,PEKAN PASIR PANJANG,PEKAN PASIR PANJANG Bus Stop,2.42749776,101.93055152,06:43:00,,,
POLYMALL - TANJUNG AGAS,myBas,SJK CHUNG HWA,SJK CHUNG HWA Bus Stop,2.42685663,101.93240233,06:44:00,,,
POLYMALL - TANJUNG AGAS,myBas,SMK PASIR PANJANG,SMK PASIR PANJANG Bus Stop,2.42910266,101.93780805,06:45:00,,,
POLYMALL - TANJUNG AGAS,myBas,KG BUKIT TEMBOK,KG BUKIT TEMBOK Bus Stop,2.43146303,101.94355109,06:46:00,,,
POLYMALL - TANJUNG AGAS,myBas,BALAI RAYA KG BUKIT TEMBOK,BALAI RAYA KG BUKIT TEMBOK Bus Stop,2.43300688,101.94562976,06:47:00,,,
POLYMALL - TANJUNG AGAS,myBas,SPG LRG SG RAYA 21,SPG LRG SG RAYA 21 Bus Stop,2.42573004,101.95782423,06:48:00,,,
POLYMALL - TANJUNG AGAS,myBas,SURAU AL HIDAYAH,SURAU AL HIDAYAH Bus Stop,2.42337239,101.95984181,06:49:00,,,
POLYMALL - TANJUNG AGAS,myBas,SPG LRG SG RAYA 17,SPG LRG SG RAYA 17 Bus Stop,2.42028751,101.96262526,06:50:00,,,
POLYMALL - TANJUNG AGAS,myBas,SPG LRG KUBOR KG SG RAYA,SPG LRG KUBOR KG SG RAYA Bus Stop,2.41633781,101.96480339,06:51:00,,,
POLYMALL - TANJUNG AGAS,myBas,SIMPANG KOLEJ UNITI,SIMPANG KOLEJ UNITI Bus Stop,2.4111075,101.96657238,06:52:00,,,
POLYMALL - TANJUNG AGAS,myBas,KOLEJ UNITI TANJUNG AGAS,KOLEJ UNITI TANJUNG AGAS Bus Stop,2.40641131,101.96767375,06:53:00,,,
KUALA PILAH - BETING UITM,myBas,PASARAYA BESAR GIANT MELANG,PASARAYA BESAR GIANT MELANG Bus Stop,2.73678601,102.21754789,09:45:00,,,
KUALA PILAH - BETING UITM,myBas,IPD KUALA PILAH,IPD KUALA PILAH Bus Stop,2.73631447,102.22094894,09:46:00,,,
KUALA PILAH - BETING UITM,myBas,TAMAN DESA MELANG,TAMAN DESA MELANG Bus Stop,2.7362317,102.22378804,09:47:00,,,
KUALA PILAH - BETING UITM,myBas,KLINIK DESA MELANG TENGAH,KLINIK DESA MELANG TENGAH Bus Stop,2.73569291,102.22836256,09:48:00,,,
KUALA PILAH - BETING UITM,myBas,ECONSAVE MELANG,ECONSAVE MELANG Bus Stop,2.73546383,102.23168365,09:49:00,,,
KUALA PILAH - BETING UITM,myBas,HOSPITAL TUANKU AMPUAN NAJIHAH,HOSPITAL TUANKU AMPUAN NAJIHAH Bus Stop,2.73523953,102.2341963,09:50:00,,,
KUALA PILAH - BETING UITM,myBas,UITM LAMA,UITM LAMA Bus Stop,2.73494406,102.23779404,09:51:00,,,
KUALA PILAH - BETING UITM,myBas,KG GEMURUH,KG GEMURUH Bus Stop,2.73485368,102.23908524,09:52:00,,,
KUALA PILAH - BETING UITM,myBas,KOLEJ KEJURURAWATAN KUALA PILAH,KOLEJ KEJURURAWATAN KUALA PILAH Bus Stop,2.73518923,102.24253803,09:53:00,,,
KUALA PILAH - BETING UITM,myBas,KUIL SRI KANTHASAMY,KUIL SRI KANTHASAMY Bus Stop,2.73825483,102.24713447,09:54:00,,,
KUALA PILAH - BETING UITM,myBas,STESEN BAS KUALA PILAH,STESEN BAS KUALA PILAH Bus Stop,2.74099762,102.24812776,09:55:00,,,
KUALA PILAH - BETING UITM,myBas,PEJABAT DAERAH,PEJABAT DAERAH Bus Stop,2.74549034,102.24756212,09:56:00,,,
KUALA PILAH - BETING UITM,myBas,KG GENTAM,KG GENTAM Bus Stop,2.75007451,102.24816001,09:57:00,,,
KUALA PILAH - BETING UITM,myBas,PASARAYA SRI MINANG,PASARAYA SRI MINANG Bus Stop,2.75229446,102.24939428,09:58:00,,,
KUALA PILAH - BETING UITM,myBas,SIMPANG SM SAINS TUANKU JAAFAR,SIMPANG SM SAINS TUANKU JAAFAR Bus Stop,2.7545974,102.25109001,09:59:00,,,
KUALA PILAH - BETING UITM,myBas,MARDEC,MARDEC Bus Stop,2.75758183,102.25215749,10:00:00,,,
KUALA PILAH - BETING UITM,myBas,SIMPANG UITM BETING,SIMPANG UITM BETING Bus Stop,2.75988,102.25478918,10:01:00,,,
KUALA PILAH - BETING UITM,myBas,TAMAN SENIMAS,TAMAN SENIMAS Bus Stop,2.76840809,102.25113956,10:02:00,,,
KUALA PILAH - BETING UITM,myBas,TAMAN SENIMAS 2,TAMAN SENIMAS 2 Bus Stop,2.77186939,102.24870763,10:03:00,,,
KUALA PILAH - BETING UITM,myBas,KAMPUNG BARU PARIT TINGGI,KAMPUNG BARU PARIT TINGGI Bus Stop,2.78674478,102.22244073,10:04:00,,,
KUALA PILAH - BETING UITM,myBas,SIMPANG UITM,SIMPANG UITM Bus Stop,2.78865592,102.21782415,10:05:00,,,
KUALA PILAH - BETING UITM,myBas,KOLEJ SRI PILAH 2,KOLEJ SRI PILAH 2 Bus Stop,2.79411301,102.22187941,10:06:00,,,
