Stop_search,Stop_name,Route_long_name,Transport_type,avg_sentiment,avg_rating,main_sentiment
BRT MENTARI,MENTARI,BRT Sunway Line,BRT,0.07744,3.933333333333333,Neutral
BRT SOUTH QUAY-USJ 1,SOUTH QUAY-USJ 1,BRT Sunway Line,BRT,-0.13292857142857145,2.2142857142857144,Negative
BRT SUNMED,SUNMED,BRT Sunway Line,BRT,0.22811818181818183,4.0,Neutral
BRT SUN,SunU-Monash,BRT Sunway Line,BRT,,,
BRT SunU-Monash,SunU-Monash,BRT Sunway Line,BRT,0.02886,3.6666666666666665,Neutral
BRT SUNWAY LAGOON ,SUNWAY LAGOON ,BRT Sunway Line,BRT,0.2540027777777778,4.083333333333333,Positive
BRT SUNWAY-SETIA JAYA,SUNWAY-SETIA JAYA,BRT Sunway Line,BRT,0.03677272727272727,4.2727272727272725,Neutral
BRT USJ7,USJ7,BRT Sunway Line,BRT,0.670675,4.0,Positive
KTM ABDULLAH HUKUM,ABDULLAH HUKUM,,KTM,0.047661797752808994,3.6179775280898876,Neutral
KTM ALOR SETAR,Alor Star,KTM Butterworth - Padang Besar,KTM,0.049033999999999994,3.62,Neutral
KTM ANAK BUKIT,ANAK BUKIT,KTM Butterworth - Padang Besar,KTM,0.071425,3.87,Neutral
KTM ANAK BUKIT,ANAK BUKIT,Electric Train Service Padang Besar - Gemas,KTM,0.071425,3.87,Neutral
KTM ANGKASAPURI,Angkasapuri,,KTM,0.07765757575757576,3.9393939393939394,Neutral
KTM ARAU,ARAU,KTM Butterworth - Padang Besar,KTM,0.043752000000000006,3.61,Neutral
KTM ARAU,ARAU,Electric Train Service Padang Besar - Gemas,KTM,0.043752000000000006,3.61,Neutral
KTM AUR GADING,Aur Gading,Intercity Ekspres Rakyat Timuran Tumpat - JB Sentral,KTM,0.0,5.0,Neutral
KTM AUR GADING,Aur Gading,Intercity Shuttle Tumpat - Gemas,KTM,0.0,5.0,Neutral
KTM BAGAN SERAI,BAGAN SERAI,KTM Butterworth - Ipoh,KTM,0.0876,4.057142857142857,Neutral
KTM BAGAN SERAI,BAGAN SERAI,Electric Train Service Padang Besar - Gemas,KTM,0.0876,4.057142857142857,Neutral
KTM BAHAU,Bahau,Intercity Ekspres Rakyat Timuran Tumpat - JB Sentral,KTM,0.14196666666666669,3.8666666666666667,Neutral
KTM BAHAU,Bahau,Intercity Shuttle Tumpat - Gemas,KTM,0.14196666666666669,3.8666666666666667,Neutral
KTM BANDAR TASEK (S),BANDAR TASEK (S),,KTM,0.023743,3.67,Neutral
KTM BANGI,BANGI,,KTM,0.039069,3.81,Neutral
KTM BANK NEGARA,Bank Negara,,KTM,0.112637,3.89,Neutral
KTM BANK NEGARA,Bank Negara,Electric Train Service Padang Besar - Gemas,KTM,0.112637,3.89,Neutral
KTM BATANG BENAR,BATANG BENAR,,KTM,-0.04253417721518988,3.0,Neutral
KTM BATANG KALI,BATANG KALI,,KTM,0.018622222222222224,3.4285714285714284,Neutral
KTM BATANG KALI,BATANG KALI,Electric Train Service Padang Besar - Gemas,KTM,0.018622222222222224,3.4285714285714284,Neutral
KTM BATU ANAM,Batu Anam,Intercity Ekspres Rakyat Timuran Tumpat - JB Sentral,KTM,0.0,3.5,Neutral
KTM BATU CAVES,BATU CAVES,,KTM,0.170641,4.03,Neutral
KTM BATU GAJAH,BATU GAJAH,Electric Train Service Padang Besar - Gemas,KTM,0.046305,3.71,Neutral
KTM BATU KENTOMEN,Batu Kentonmen,,KTM,0.12096250000000001,3.8541666666666665,Neutral
KTM BATU TIGA,BATU TIGA,,KTM,0.10188076923076922,3.6153846153846154,Neutral
KTM BEHRANG,BEHRANG,Electric Train Service Padang Besar - Gemas,KTM,-0.074,3.5,Neutral
KTM BEKOK,Bekok,Intercity Ekspres Rakyat Timuran Tumpat - JB Sentral,KTM,0.10244210526315789,4.7894736842105265,Neutral
KTM BERTAM,Bertam,Intercity Ekspres Rakyat Timuran Tumpat - JB Sentral,KTM,0.0,4.25,Neutral
KTM BERTAM,Bertam,Intercity Shuttle Tumpat - Gemas,KTM,0.0,4.25,Neutral
KTM BERTAM BARU,Bertam Baru,Intercity Ekspres Rakyat Timuran Tumpat - JB Sentral,KTM,0.1425611111111111,3.7777777777777777,Neutral
KTM BERTAM BARU,Bertam Baru,Intercity Shuttle Tumpat - Gemas,KTM,0.1425611111111111,3.7777777777777777,Neutral
KTM BUKIT ABU,Bukit Abu,Intercity Ekspres Rakyat Timuran Tumpat - JB Sentral,KTM,,,
KTM BUKIT ABU,Bukit Abu,Intercity Shuttle Tumpat - Gemas,KTM,,,
KTM BUKIT BADAK,Bukit Badak,,KTM,-0.071157,3.09,Neutral
KTM BUKIT BETONG,B.Betong,Intercity Ekspres Rakyat Timuran Tumpat - JB Sentral,KTM,0.1302,4.285714285714286,Neutral
KTM BUKIT BETONG,B.Betong,Intercity Shuttle Tumpat - Gemas,KTM,0.1302,4.285714285714286,Neutral
KTM BUKIT KETRI,BUKIT KATRI,KTM Butterworth - Padang Besar,KTM,0.027420930232558146,4.093023255813954,Neutral
KTM BUKIT KETRI,BUKIT KATRI,Electric Train Service Padang Besar - Gemas,KTM,0.027420930232558146,4.093023255813954,Neutral
KTM BUKIT MERTAJAM,BUKIT MERTAJAM,KTM Butterworth - Ipoh,KTM,0.051419,3.7,Neutral
KTM BUKIT MERTAJAM,BUKIT MERTAJAM,KTM Butterworth - Padang Besar,KTM,0.051419,3.7,Neutral
KTM BUKIT MERTAJAM,BUKIT MERTAJAM,Electric Train Service Padang Besar - Gemas,KTM,0.051419,3.7,Neutral
KTM BUKIT PANAU,Bukit Panau,Intercity Ekspres Rakyat Timuran Tumpat - JB Sentral,KTM,0.233,4.166666666666667,Neutral
KTM BUKIT PANAU,Bukit Panau,Intercity Shuttle Tumpat - Gemas,KTM,0.233,4.166666666666667,Neutral
KTM BUKIT TENGAH,BUKIT TENGAH,KTM Butterworth - Ipoh,KTM,0.026374000000000005,3.71,Neutral
KTM BUKIT TENGAH,BUKIT TENGAH,KTM Butterworth - Padang Besar,KTM,0.026374000000000005,3.71,Neutral
KTM BUKIT TENGAH,BUKIT TENGAH,Electric Train Service Padang Besar - Gemas,KTM,0.026374000000000005,3.71,Neutral
KTM BUNUT SUSU,Bunut Susu,Intercity Ekspres Rakyat Timuran Tumpat - JB Sentral,KTM,0.11280714285714286,3.857142857142857,Neutral
KTM BUNUT SUSU,Bunut Susu,Intercity Shuttle Tumpat - Gemas,KTM,0.11280714285714286,3.857142857142857,Neutral
KTM BUTTERWORTH,BUTTERWORTH,KTM Butterworth - Ipoh,KTM,0.099743,3.23,Neutral
KTM BUTTERWORTH,BUTTERWORTH,KTM Butterworth - Padang Besar,KTM,0.099743,3.23,Neutral
KTM BUTTERWORTH,BUTTERWORTH,Electric Train Service Padang Besar - Gemas,KTM,0.099743,3.23,Neutral
KTM CHAMEK,Chamek,Intercity Ekspres Rakyat Timuran Tumpat - JB Sentral,KTM,0.0,3.0,Neutral
KTM CHEGAR PERAH,Chegar Perah,Intercity Ekspres Rakyat Timuran Tumpat - JB Sentral,KTM,0.074,4.0,Neutral
KTM CHEGAR PERAH,Chegar Perah,Intercity Shuttle Tumpat - Gemas,KTM,0.074,4.0,Neutral
KTM CHEMOR,CHEMOR,KTM Butterworth - Ipoh,KTM,,,
KTM CHEMOR,CHEMOR,Electric Train Service Padang Besar - Gemas,KTM,,,
KTM CHICA TINGGI,Cicha Tinggi,Intercity Ekspres Rakyat Timuran Tumpat - JB Sentral,KTM,0.0479,2.75,Neutral
KTM CHICA TINGGI,Cicha Tinggi,Intercity Shuttle Tumpat - Gemas,KTM,0.0479,2.75,Neutral
KTM DABONG,Dabong,Intercity Ekspres Rakyat Timuran Tumpat - JB Sentral,KTM,0.18827230769230768,4.2615384615384615,Neutral
KTM DABONG,Dabong,Intercity Shuttle Tumpat - Gemas,KTM,0.18827230769230768,4.2615384615384615,Neutral
KTM DANGA CITY MALL,DANGA CITY MALL,Intercity Ekspres Rakyat Timuran Tumpat - JB Sentral,KTM,-0.1101,4.0,Neutral
KTM DURA,Dura,Intercity Ekspres Rakyat Timuran Tumpat - JB Sentral,KTM,0.6588,5.0,Positive
KTM DURA,Dura,Intercity Shuttle Tumpat - Gemas,KTM,0.6588,5.0,Positive
KTM GEMAS,Gemas,Intercity Ekspres Rakyat Timuran Tumpat - JB Sentral,KTM,0.112937,4.56,Neutral
KTM GEMAS,Gemas,Intercity Shuttle Tumpat - Gemas,KTM,0.112937,4.56,Neutral
KTM GENUANG,Genuang,Intercity Ekspres Rakyat Timuran Tumpat - JB Sentral,KTM,0.1147037037037037,4.333333333333333,Neutral
KTM GUA MUSANG,Gua Musang,Intercity Ekspres Rakyat Timuran Tumpat - JB Sentral,KTM,0.18865913978494625,4.440860215053763,Neutral
KTM GUA MUSANG,Gua Musang,Intercity Shuttle Tumpat - Gemas,KTM,0.18865913978494625,4.440860215053763,Neutral
KTM GURUN,GURUN,KTM Butterworth - Padang Besar,KTM,0.07284,4.11,Neutral
KTM GURUN,GURUN,Electric Train Service Padang Besar - Gemas,KTM,0.07284,4.11,Neutral
KTM HOLIDAY PLAZA,HOLIDAY PLAZA,Intercity Ekspres Rakyat Timuran Tumpat - JB Sentral,KTM,,,
KTM IPOH,IPOH,Electric Train Service Padang Besar - Gemas,KTM,0.173935,3.84,Neutral
KTM IPOH,IPOH,KTM Butterworth - Ipoh,KTM,0.173935,3.84,Neutral
KTM JALAN KASTAM,JALAN KASTAM,,KTM,0.0794875,4.0,Neutral
KTM JALAN TEMPLER,Jalan Templer,,KTM,0.0320074074074074,2.814814814814815,Neutral
KTM JB SENTRAL,JB SENTRAL,Intercity Ekspres Rakyat Timuran Tumpat - JB Sentral,KTM,0.102807,4.49,Neutral
KTM JB SENTRAL,JB SENTRAL,Intercity Shuttle Tebrau JB Sentral - Woodlands,KTM,0.102807,4.49,Neutral
KTM JENDERAK,Jenderak,Intercity Ekspres Rakyat Timuran Tumpat - JB Sentral,KTM,0.07106,4.4,Neutral
KTM JENDERAK,Jenderak,Intercity Shuttle Tumpat - Gemas,KTM,0.07106,4.4,Neutral
KTM JERANSONG,JERANSONG,Intercity Ekspres Rakyat Timuran Tumpat - JB Sentral,KTM,,,
KTM JERANSONG,JERANSONG,Intercity Shuttle Tumpat - Gemas,KTM,,,
KTM JERANTUT,Jerantut,Intercity Ekspres Rakyat Timuran Tumpat - JB Sentral,KTM,0.1568179487179487,4.384615384615385,Neutral
KTM JERANTUT,Jerantut,Intercity Shuttle Tumpat - Gemas,KTM,0.1568179487179487,4.384615384615385,Neutral
KTM Jerek Baru,Jerek Baru,Intercity Ekspres Rakyat Timuran Tumpat - JB Sentral,KTM,,,
KTM Jerek Baru,Jerek Baru,Intercity Shuttle Tumpat - Gemas,KTM,,,
KTM JEREK BARU,Jerek Baru,Intercity Ekspres Rakyat Timuran Tumpat - JB Sentral,KTM,0.17020000000000002,4.666666666666667,Neutral
KTM KAJANG,KAJANG,,KTM,0.055276000000000006,3.87,Neutral
KTM KAJANG 2,KAJANG 2,,KTM,0.19609230769230768,3.769230769230769,Neutral
KTM KALUMPANG,KALUMPANG,,KTM,,,
KTM KALUMPANG,KALUMPANG,Electric Train Service Padang Besar - Gemas,KTM,,,
KTM KAMPAR,KAMPAR,Electric Train Service Padang Besar - Gemas,KTM,-0.039266,3.58,Neutral
KTM KAMPUNG BARU SUNGAI MENGKUANG,Kg.Baru Sg.Mengkuang,Intercity Ekspres Rakyat Timuran Tumpat - JB Sentral,KTM,,,
KTM KAMPUNG BARU SUNGAI MENGKUANG,Kg.Baru Sg.Mengkuang,Intercity Shuttle Tumpat - Gemas,KTM,,,
KTM KAMPUNG BATU,Kampung Batu,,KTM,-0.015802631578947367,3.4210526315789473,Neutral
KTM KAMPUNG BERKAM,Kg.Berkam,Intercity Ekspres Rakyat Timuran Tumpat - JB Sentral,KTM,0.3294,3.0,Positive
KTM KAMPUNG BERKAM,Kg.Berkam,Intercity Shuttle Tumpat - Gemas,KTM,0.3294,3.0,Positive
KTM KAMPUNG KOK PASIR,Kampung Kok Pasir,Intercity Ekspres Rakyat Timuran Tumpat - JB Sentral,KTM,0.09859285714285715,4.142857142857143,Neutral
KTM KAMPUNG KOK PASIR,Kampung Kok Pasir,Intercity Shuttle Tumpat - Gemas,KTM,0.09859285714285715,4.142857142857143,Neutral
KTM KAMPUNG RAJA UDA,Kampung Raja Uda,,KTM,0.07547560975609756,3.7560975609756095,Neutral
KTM KAMPUNG SUNGAI SIRIAN,Kampung Sg.Sirian,Intercity Ekspres Rakyat Timuran Tumpat - JB Sentral,KTM,0.0,3.0,Neutral
KTM KAMPUNG SUNGAI SIRIAN,Kampung Sg.Sirian,Intercity Shuttle Tumpat - Gemas,KTM,0.0,3.0,Neutral
KTM KAMUNTING,KAMUNTING,KTM Butterworth - Ipoh,KTM,0.010839999999999995,3.68,Neutral
KTM KAMUNTING,KAMUNTING,Electric Train Service Padang Besar - Gemas,KTM,0.010839999999999995,3.68,Neutral
KTM KEMAYAN,Kemayan,Intercity Ekspres Rakyat Timuran Tumpat - JB Sentral,KTM,0.057514285714285705,3.2857142857142856,Neutral
KTM KEMAYAN,Kemayan,Intercity Shuttle Tumpat - Gemas,KTM,0.057514285714285705,3.2857142857142856,Neutral
KTM KEMPAS BARU,Kempas Bahru,Intercity Ekspres Rakyat Timuran Tumpat - JB Sentral,KTM,0.194408,4.57,Neutral
KTM KEMUBU,Kemubu,Intercity Ekspres Rakyat Timuran Tumpat - JB Sentral,KTM,0.3852857142857143,4.571428571428571,Positive
KTM KEMUBU,Kemubu,Intercity Shuttle Tumpat - Gemas,KTM,0.3852857142857143,4.571428571428571,Positive
KTM KEPONG,KEPONG,,KTM,0.007018461538461539,3.2,Neutral
KTM KEPONG,KEPONG,Electric Train Service Padang Besar - Gemas,KTM,0.007018461538461539,3.2,Neutral
KTM KEPONG SENTRAL,Kepong Sentral,,KTM,0.0008780000000000016,3.42,Neutral
KTM KEPONG SENTRAL,Kepong Sentral,Electric Train Service Padang Besar - Gemas,KTM,0.0008780000000000016,3.42,Neutral
KTM KG BARU BUKIT ABU,Kg Baru Bukit Abu,Intercity Ekspres Rakyat Timuran Tumpat - JB Sentral,KTM,0.0,4.0,Neutral
KTM KG BARU BUKIT ABU,Kg Baru Bukit Abu,Intercity Shuttle Tumpat - Gemas,KTM,0.0,4.0,Neutral
KTM KG TELANG,KG TELANG,Intercity Ekspres Rakyat Timuran Tumpat - JB Sentral,KTM,,,
KTM KG TELANG,KG TELANG,Intercity Shuttle Tumpat - Gemas,KTM,,,
KTM KG.DATO HARUN,Kg.Datuk Harun,,KTM,0.09463809523809524,3.4761904761904763,Neutral
KTM KL SENTRAL,KL SENTRAL,,KTM,0.042642,3.67,Neutral
KTM KL SENTRAL,KL SENTRAL,Electric Train Service Padang Besar - Gemas,KTM,0.042642,3.67,Neutral
KTM KLANG,KLANG,,KTM,0.043880999999999996,3.8,Neutral
KTM KLUANG,Kluang,Intercity Ekspres Rakyat Timuran Tumpat - JB Sentral,KTM,0.15718,4.21,Neutral
KTM KOBAH,Kobah,KTM Butterworth - Padang Besar,KTM,-0.016904918032786886,3.5901639344262297,Neutral
KTM KOBAH,Kobah,Electric Train Service Padang Besar - Gemas,KTM,-0.016904918032786886,3.5901639344262297,Neutral
KTM KODIANG,KODIANG,KTM Butterworth - Padang Besar,KTM,0.012718000000000002,3.92,Neutral
KTM KODIANG,KODIANG,Electric Train Service Padang Besar - Gemas,KTM,0.012718000000000002,3.92,Neutral
KTM KOTA BHARU (PK),KOTA BHARU (PK),Electric Train Service Padang Besar - Gemas,KTM,,,
KTM KRAMBIT,Krambit,Intercity Ekspres Rakyat Timuran Tumpat - JB Sentral,KTM,,,
KTM KRAMBIT,Krambit,Intercity Shuttle Tumpat - Gemas,KTM,,,
KTM KUALA GRIS,Kuala Gris,Intercity Ekspres Rakyat Timuran Tumpat - JB Sentral,KTM,0.24675,4.833333333333333,Neutral
KTM KUALA GRIS,Kuala Gris,Intercity Shuttle Tumpat - Gemas,KTM,0.24675,4.833333333333333,Neutral
KTM KUALA KANGSAR,Kuala Kangsar,KTM Butterworth - Ipoh,KTM,0.14729268292682926,3.902439024390244,Neutral
KTM KUALA KANGSAR,Kuala Kangsar,Electric Train Service Padang Besar - Gemas,KTM,0.14729268292682926,3.902439024390244,Neutral
KTM KUALA KRAI,Kuala Krai,Intercity Ekspres Rakyat Timuran Tumpat - JB Sentral,KTM,0.07216190476190476,3.9523809523809526,Neutral
KTM KUALA KRAI,Kuala Krai,Intercity Shuttle Tumpat - Gemas,KTM,0.07216190476190476,3.9523809523809526,Neutral
KTM KUALA KRAU,Kuala Krau,Intercity Ekspres Rakyat Timuran Tumpat - JB Sentral,KTM,0.09391818181818183,4.454545454545454,Neutral
KTM KUALA KRAU,Kuala Krau,Intercity Shuttle Tumpat - Gemas,KTM,0.09391818181818183,4.454545454545454,Neutral
KTM KUALA KUBU BARU,KUALA KUBU BARU,,KTM,0.03708333333333333,3.738095238095238,Neutral
KTM KUALA KUBU BARU,KUALA KUBU BARU,Electric Train Service Padang Besar - Gemas,KTM,0.03708333333333333,3.738095238095238,Neutral
KTM KUALA LIPIS,KUALA LIPIS,Intercity Ekspres Rakyat Timuran Tumpat - JB Sentral,KTM,0.2152770833333333,4.75,Neutral
KTM KUALA LIPIS,KUALA LIPIS,Intercity Shuttle Tumpat - Gemas,KTM,0.2152770833333333,4.75,Neutral
KTM KUALA LUMPUR,KUALA LUMPUR,,KTM,0.107558,3.78,Neutral
KTM KUALA LUMPUR,KUALA LUMPUR,Electric Train Service Padang Besar - Gemas,KTM,0.107558,3.78,Neutral
KTM KUANG,KUANG,,KTM,0.09081132075471697,3.7169811320754715,Neutral
KTM KUANG,KUANG,Electric Train Service Padang Besar - Gemas,KTM,0.09081132075471697,3.7169811320754715,Neutral
KTM KUBANG RUSA,KUBANG RUSA,Intercity Ekspres Rakyat Timuran Tumpat - JB Sentral,KTM,0.0,5.0,Neutral
KTM KUBANG RUSA,KUBANG RUSA,Intercity Shuttle Tumpat - Gemas,KTM,0.0,5.0,Neutral
KTM KULAI,Kulai,Intercity Ekspres Rakyat Timuran Tumpat - JB Sentral,KTM,0.11362058823529413,3.588235294117647,Neutral
KTM LABIS,Labis,Intercity Ekspres Rakyat Timuran Tumpat - JB Sentral,KTM,0.10606666666666666,4.666666666666667,Neutral
KTM LABU,LABU,,KTM,0.07704222222222222,4.111111111111111,Neutral
KTM LAHAT,LAHAT,Electric Train Service Padang Besar - Gemas,KTM,0.0,1.0,Neutral
KTM LAPAN TUPAI,LAPAN TUPAI,Intercity Ekspres Rakyat Timuran Tumpat - JB Sentral,KTM,,,
KTM LAPAN TUPAI,LAPAN TUPAI,Intercity Shuttle Tumpat - Gemas,KTM,,,
KTM LAYANG-LAYANG,Layang-Layang,Intercity Ekspres Rakyat Timuran Tumpat - JB Sentral,KTM,0.0252875,4.75,Neutral
KTM LIMAU KASTURI,Limau Kasturi,Intercity Ekspres Rakyat Timuran Tumpat - JB Sentral,KTM,0.08270909090909091,4.363636363636363,Neutral
KTM LIMAU KASTURI,Limau Kasturi,Intercity Shuttle Tumpat - Gemas,KTM,0.08270909090909091,4.363636363636363,Neutral
KTM LONDAH,LONDAH,Intercity Ekspres Rakyat Timuran Tumpat - JB Sentral,KTM,,,
KTM LONDAH,LONDAH,Intercity Shuttle Tumpat - Gemas,KTM,,,
KTM MANEK URAI,Manek Urai,Intercity Ekspres Rakyat Timuran Tumpat - JB Sentral,KTM,0.1101,4.75,Neutral
KTM MANEK URAI,Manek Urai,Intercity Shuttle Tumpat - Gemas,KTM,0.1101,4.75,Neutral
KTM MELA,Mela,Intercity Ekspres Rakyat Timuran Tumpat - JB Sentral,KTM,0.004150000000000001,4.0,Neutral
KTM MELA,Mela,Intercity Shuttle Tumpat - Gemas,KTM,0.004150000000000001,4.0,Neutral
KTM MENGKARAK,Mengkarak,Intercity Ekspres Rakyat Timuran Tumpat - JB Sentral,KTM,0.0,3.25,Neutral
KTM MENGKARAK,Mengkarak,Intercity Shuttle Tumpat - Gemas,KTM,0.0,3.25,Neutral
KTM MENGKIBOL,Mengkibol,Intercity Ekspres Rakyat Timuran Tumpat - JB Sentral,KTM,0.0,5.0,Neutral
KTM MENGKUANG,Mengkuang,Intercity Ekspres Rakyat Timuran Tumpat - JB Sentral,KTM,0.11717999999999999,4.8,Neutral
KTM MENGKUANG,Mengkuang,Intercity Shuttle Tumpat - Gemas,KTM,0.11717999999999999,4.8,Neutral
KTM MENTAKAB,Mentakab,Intercity Ekspres Rakyat Timuran Tumpat - JB Sentral,KTM,0.13664520547945205,4.424657534246576,Neutral
KTM MENTAKAB,Mentakab,Intercity Shuttle Tumpat - Gemas,KTM,0.13664520547945205,4.424657534246576,Neutral
KTM MENTARA BARU,Mentara Baru,Intercity Ekspres Rakyat Timuran Tumpat - JB Sentral,KTM,0.05505,4.25,Neutral
KTM MENTARA BARU,Mentara Baru,Intercity Shuttle Tumpat - Gemas,KTM,0.05505,4.25,Neutral
KTM MENTRI,MENTRI,Intercity Ekspres Rakyat Timuran Tumpat - JB Sentral,KTM,,,
KTM MENTRI,MENTRI,Intercity Shuttle Tumpat - Gemas,KTM,,,
KTM MERAPOH,Merapoh,Intercity Ekspres Rakyat Timuran Tumpat - JB Sentral,KTM,0.1765625,4.5,Neutral
KTM MERAPOH,Merapoh,Intercity Shuttle Tumpat - Gemas,KTM,0.1765625,4.5,Neutral
KTM MIDVALLEY,Midvalley,,KTM,0.012339,3.57,Neutral
KTM NIBONG TEBAL,Nibong Tebal,KTM Butterworth - Ipoh,KTM,0.125436,4.16,Neutral
KTM NIBONG TEBAL,Nibong Tebal,Electric Train Service Padang Besar - Gemas,KTM,0.125436,4.16,Neutral
KTM NILAI,Nilai,,KTM,0.027448999999999998,4.06,Neutral
KTM PADANG BESAR,PADANG BESAR,KTM Butterworth - Padang Besar,KTM,-0.015196000000000001,3.35,Neutral
KTM PADANG BESAR,PADANG BESAR,Electric Train Service Padang Besar - Gemas,KTM,-0.015196000000000001,3.35,Neutral
KTM PADANG JAWA,PADANG JAWA,,KTM,0.021313,3.6,Neutral
KTM PADANG PIOL,PADANG PIOL,Intercity Ekspres Rakyat Timuran Tumpat - JB Sentral,KTM,,,
KTM PADANG PIOL,PADANG PIOL,Intercity Shuttle Tumpat - Gemas,KTM,,,
KTM PADANG RENGAS,PADANG RENGAS,KTM Butterworth - Ipoh,KTM,0.029930000000000002,4.5,Neutral
KTM PADANG RENGAS,PADANG RENGAS,Electric Train Service Padang Besar - Gemas,KTM,0.029930000000000002,4.5,Neutral
KTM PADANG TUNKU,Pdg.Tungku,Intercity Ekspres Rakyat Timuran Tumpat - JB Sentral,KTM,0.15836666666666668,3.8666666666666667,Neutral
KTM PADANG TUNKU,Pdg.Tungku,Intercity Shuttle Tumpat - Gemas,KTM,0.15836666666666668,3.8666666666666667,Neutral
KTM PAHI,Pahi,Intercity Ekspres Rakyat Timuran Tumpat - JB Sentral,KTM,0.21338,4.2,Neutral
KTM PAHI,Pahi,Intercity Shuttle Tumpat - Gemas,KTM,0.21338,4.2,Neutral
KTM PALOH,Paloh,Intercity Ekspres Rakyat Timuran Tumpat - JB Sentral,KTM,0.19565000000000002,4.5,Neutral
KTM PAN MALAYAN,Pan Malayan,Intercity Ekspres Rakyat Timuran Tumpat - JB Sentral,KTM,0.0,3.0,Neutral
KTM PAN MALAYAN,Pan Malayan,Intercity Shuttle Tumpat - Gemas,KTM,0.0,3.0,Neutral
KTM PANTAI DALAM,Pantai Dalam,,KTM,0.09406304347826087,3.5869565217391304,Neutral
KTM PARIT BUNTAR,PARIT BUNTAR,KTM Butterworth - Ipoh,KTM,0.11020779220779221,3.6233766233766236,Neutral
KTM PARIT BUNTAR,PARIT BUNTAR,Electric Train Service Padang Besar - Gemas,KTM,0.11020779220779221,3.6233766233766236,Neutral
KTM PASIR MAS,Pasir Mas,Intercity Ekspres Rakyat Timuran Tumpat - JB Sentral,KTM,0.12646811594202897,4.231884057971015,Neutral
KTM PASIR MAS,Pasir Mas,Intercity Shuttle Tumpat - Gemas,KTM,0.12646811594202897,4.231884057971015,Neutral
KTM PETALING,PETALING,,KTM,0.04033589743589743,3.871794871794872,Neutral
KTM PORT KLANG,PEL. KLANG (S),,KTM,0.06883201506591337,4.022598870056497,Neutral
KTM PULAU SEBANG(TAMPIN),Pulau Sebang (Tampin),,KTM,0.06412385321100918,4.18348623853211,Neutral
KTM PUTRA,Putra,,KTM,0.08634959349593496,3.5203252032520327,Neutral
KTM PUTRA,Putra,Electric Train Service Padang Besar - Gemas,KTM,0.08634959349593496,3.5203252032520327,Neutral
KTM RASA,RASA,Electric Train Service Padang Besar - Gemas,KTM,0.057775,4.2,Neutral
KTM RASA,RASA,,KTM,0.057775,4.2,Neutral
KTM RAWANG,RAWANG,,KTM,0.04937560975609756,3.7439024390243905,Neutral
KTM RAWANG,RAWANG,Electric Train Service Padang Besar - Gemas,KTM,0.04937560975609756,3.7439024390243905,Neutral
KTM REMBAU,Rembau,,KTM,0.09840499999999999,3.95,Neutral
KTM RENGGAM,Rengam,Intercity Ekspres Rakyat Timuran Tumpat - JB Sentral,KTM,0.17771304347826086,4.521739130434782,Neutral
KTM ROMPIN,ROMPIN,Intercity Ekspres Rakyat Timuran Tumpat - JB Sentral,KTM,,,
KTM ROMPIN,ROMPIN,Intercity Shuttle Tumpat - Gemas,KTM,,,
KTM SALAK SELATAN,SALAK SELATAN,,KTM,0.04046229508196721,3.4098360655737703,Neutral
KTM SEDENAK,SEDENAK,Intercity Ekspres Rakyat Timuran Tumpat - JB Sentral,KTM,,,
KTM SEGAMAT,Segamat,Intercity Ekspres Rakyat Timuran Tumpat - JB Sentral,KTM,0.15354594594594592,3.72972972972973,Neutral
KTM SEGAMBUT,Segambut,,KTM,-0.03116981132075471,2.7169811320754715,Neutral
KTM SEGAMBUT,Segambut,Electric Train Service Padang Besar - Gemas,KTM,-0.03116981132075471,2.7169811320754715,Neutral
KTM SENAI,SENAI,Intercity Ekspres Rakyat Timuran Tumpat - JB Sentral,KTM,,,
KTM SENAWANG,Senawang,,KTM,0.08153416149068324,3.998447204968944,Neutral
KTM SENTUL,SENTUL,,KTM,0.13225432098765433,3.802469135802469,Neutral
KTM SEPUTEH,Seputih,,KTM,-0.047726470588235294,3.4705882352941178,Neutral
KTM SERDANG,SERDANG,,KTM,0.05106776859504132,3.8016528925619837,Neutral
KTM SEREMBAN,SEREMBAN,,KTM,0.06002192174913694,3.8952819332566166,Neutral
KTM SERENDAH,Serendah,,KTM,-0.03804571428571427,3.3142857142857145,Neutral
KTM SERENDAH,Serendah,Electric Train Service Padang Besar - Gemas,KTM,-0.03804571428571427,3.3142857142857145,Neutral
KTM SERI SETIA,Seri Setia,,KTM,0.06787499999999999,3.5,Neutral
KTM SERTING,SERTING,Intercity Ekspres Rakyat Timuran Tumpat - JB Sentral,KTM,,,
KTM SERTING,SERTING,Intercity Shuttle Tumpat - Gemas,KTM,,,
KTM SETIA JAYA,SETIA JAYA,,KTM,0.01747080291970803,3.021897810218978,Neutral
KTM SHAH ALAM,SHAH ALAM,,KTM,0.07449126984126983,3.876984126984127,Neutral
KTM SIMPANG AMPAT,SIMPANG AMPAT,KTM Butterworth - Ipoh,KTM,0.01764545454545455,3.9318181818181817,Neutral
KTM SIMPANG AMPAT,SIMPANG AMPAT,Electric Train Service Padang Besar - Gemas,KTM,0.01764545454545455,3.9318181818181817,Neutral
KTM SLIM RIVER,SLIM RIVER,Electric Train Service Padang Besar - Gemas,KTM,0.0636,3.8461538461538463,Neutral
KTM SRI BINTANG,Sri Bintang,Intercity Ekspres Rakyat Timuran Tumpat - JB Sentral,KTM,0.0,5.0,Neutral
KTM SRI BINTANG,Sri Bintang,Intercity Shuttle Tumpat - Gemas,KTM,0.0,5.0,Neutral
KTM SRI JAYA,Sri Jaya,Intercity Ekspres Rakyat Timuran Tumpat - JB Sentral,KTM,,,
KTM SRI JAYA,Sri Jaya,Intercity Shuttle Tumpat - Gemas,KTM,,,
KTM SRI MAHLIGAI,Sri Mahligai,Intercity Ekspres Rakyat Timuran Tumpat - JB Sentral,KTM,-0.074,3.5,Neutral
KTM SRI MAHLIGAI,Sri Mahligai,Intercity Shuttle Tumpat - Gemas,KTM,-0.074,3.5,Neutral
KTM SUBANG JAYA,SUBANG JAYA,,KTM,0.08874358974358976,3.965811965811966,Neutral
KTM SUNGAI BULOH,SUNGAI BULUH,,KTM,0.09758074866310161,4.195187165775401,Neutral
KTM SUNGAI BULOH,SUNGAI BULUH,Electric Train Service Padang Besar - Gemas,KTM,0.09758074866310161,4.195187165775401,Neutral
KTM SUNGAI GADUT,SUNGAI GADUT,,KTM,-0.016175925925925927,3.6666666666666665,Neutral
KTM SUNGAI KELADI,Sungai Keladi,Intercity Ekspres Rakyat Timuran Tumpat - JB Sentral,KTM,0.0,5.0,Neutral
KTM SUNGAI KELADI,Sungai Keladi,Intercity Shuttle Tumpat - Gemas,KTM,0.0,5.0,Neutral
KTM SUNGAI KOYAN,Sungai Koyan,Intercity Ekspres Rakyat Timuran Tumpat - JB Sentral,KTM,0.030355555555555556,3.2222222222222223,Neutral
KTM SUNGAI KOYAN,Sungai Koyan,Intercity Shuttle Tumpat - Gemas,KTM,0.030355555555555556,3.2222222222222223,Neutral
KTM SUNGAI NAL,Sungai Nal,Intercity Ekspres Rakyat Timuran Tumpat - JB Sentral,KTM,0.5267,4.0,Positive
KTM SUNGAI NAL,Sungai Nal,Intercity Shuttle Tumpat - Gemas,KTM,0.5267,4.0,Positive
KTM SUNGAI PETANI,SUNGAI PETANI,KTM Butterworth - Padang Besar,KTM,0.10588266085059979,4.206106870229007,Neutral
KTM SUNGAI PETANI,SUNGAI PETANI,Electric Train Service Padang Besar - Gemas,KTM,0.10588266085059979,4.206106870229007,Neutral
KTM SUNGAI SIPUT,SUNGAI SIPUT,KTM Butterworth - Ipoh,KTM,0.21364799999999998,4.08,Neutral
KTM SUNGAI SIPUT,SUNGAI SIPUT,Electric Train Service Padang Besar - Gemas,KTM,0.21364799999999998,4.08,Neutral
KTM SUNGAI SIRIAN,Sungai Sirian,Intercity Ekspres Rakyat Timuran Tumpat - JB Sentral,KTM,,,
KTM SUNGAI SIRIAN,Sungai Sirian,Intercity Shuttle Tumpat - Gemas,KTM,,,
KTM SUNGAI TASIN,Sungai Tasin,Intercity Ekspres Rakyat Timuran Tumpat - JB Sentral,KTM,0.19063333333333332,4.666666666666667,Neutral
KTM SUNGAI TASIN,Sungai Tasin,Intercity Shuttle Tumpat - Gemas,KTM,0.19063333333333332,4.666666666666667,Neutral
KTM SUNGAI TEMAU,Sungai Temau,Intercity Ekspres Rakyat Timuran Tumpat - JB Sentral,KTM,-0.037,4.25,Neutral
KTM SUNGAI TEMAU,Sungai Temau,Intercity Shuttle Tumpat - Gemas,KTM,-0.037,4.25,Neutral
KTM SUNGKAI,SUNGKAI,Electric Train Service Padang Besar - Gemas,KTM,0.07857647058823529,4.411764705882353,Neutral
KTM TAIPING,Taiping,KTM Butterworth - Ipoh,KTM,0.12342065217391304,4.076086956521739,Neutral
KTM TAIPING,Taiping,Electric Train Service Padang Besar - Gemas,KTM,0.12342065217391304,4.076086956521739,Neutral
KTM TAMAN WAHYU,Taman Wahyu,,KTM,0.06566346153846153,3.480769230769231,Neutral
KTM TANAH MERAH,Tanah Merah,Intercity Ekspres Rakyat Timuran Tumpat - JB Sentral,KTM,0.16181739130434783,4.3478260869565215,Neutral
KTM TANAH MERAH,Tanah Merah,Intercity Shuttle Tumpat - Gemas,KTM,0.16181739130434783,4.3478260869565215,Neutral
KTM TANJUNG MALIM,TANJUNG MALIM,Electric Train Service Padang Besar - Gemas,KTM,0.06713541666666667,3.5,Neutral
KTM TANJUNG MALIM,TANJUNG MALIM,,KTM,0.06713541666666667,3.5,Neutral
KTM TAPAH ROAD,TAPAH ROAD,Electric Train Service Padang Besar - Gemas,KTM,0.11327460317460318,3.5238095238095237,Neutral
KTM TASEK,TASEK,KTM Butterworth - Ipoh,KTM,-0.06166428571428571,3.7857142857142856,Neutral
KTM TASEK,TASEK,Electric Train Service Padang Besar - Gemas,KTM,-0.06166428571428571,3.7857142857142856,Neutral
KTM TASEK GELUGOR,TASEK GELUGOR,KTM Butterworth - Padang Besar,KTM,0.0229558940397351,3.699337748344371,Neutral
KTM TASEK GELUGOR,TASEK GELUGOR,Electric Train Service Padang Besar - Gemas,KTM,0.0229558940397351,3.699337748344371,Neutral
KTM TELUK GADONG,Teluk Gadong,,KTM,0.011672549019607842,3.2941176470588234,Neutral
KTM TELUK GUNONG,Teluk Gunong,Intercity Ekspres Rakyat Timuran Tumpat - JB Sentral,KTM,0.0,2.0,Neutral
KTM TELUK GUNONG,Teluk Gunong,Intercity Shuttle Tumpat - Gemas,KTM,0.0,2.0,Neutral
KTM TELUK PULAI,Teluk Pulai,,KTM,-0.014876190476190473,3.357142857142857,Neutral
KTM TEMANGAN,Temangan,Intercity Ekspres Rakyat Timuran Tumpat - JB Sentral,KTM,0.06802857142857144,4.142857142857143,Neutral
KTM TEMANGAN,Temangan,Intercity Shuttle Tumpat - Gemas,KTM,0.06802857142857144,4.142857142857143,Neutral
KTM TEMBELING,TEMBELING,Intercity Ekspres Rakyat Timuran Tumpat - JB Sentral,KTM,0.2411,1.0,Positive
KTM TEMBELING,TEMBELING,Intercity Shuttle Tumpat - Gemas,KTM,0.2411,1.0,Positive
KTM TIROI,Tiroi,,KTM,0.02839032258064516,3.806451612903226,Neutral
KTM TO'UBAN,To' Uban,Intercity Ekspres Rakyat Timuran Tumpat - JB Sentral,KTM,0.0,5.0,Neutral
KTM TO'UBAN,To' Uban,Intercity Shuttle Tumpat - Gemas,KTM,0.0,5.0,Neutral
KTM TRIANG,Triang,Intercity Ekspres Rakyat Timuran Tumpat - JB Sentral,KTM,0.06879999999999999,4.181818181818182,Neutral
KTM TRIANG,Triang,Intercity Shuttle Tumpat - Gemas,KTM,0.06879999999999999,4.181818181818182,Neutral
KTM TUMPAT,TUMPAT,Intercity Ekspres Rakyat Timuran Tumpat - JB Sentral,KTM,0.094732,4.4,Neutral
KTM TUMPAT,TUMPAT,Intercity Shuttle Tumpat - Gemas,KTM,0.094732,4.4,Neutral
KTM UKM,UKM,,KTM,0.11028301886792453,3.943396226415094,Neutral
KTM ULU TEMIANG,Ulu Temiang,Intercity Ekspres Rakyat Timuran Tumpat - JB Sentral,KTM,0.265325,4.75,Positive
KTM ULU TEMIANG,Ulu Temiang,Intercity Shuttle Tumpat - Gemas,KTM,0.265325,4.75,Positive
KTM WAKAF BHARU,Wakaf Bahru,Intercity Ekspres Rakyat Timuran Tumpat - JB Sentral,KTM,0.13021739130434784,4.195652173913044,Neutral
KTM WAKAF BHARU,Wakaf Bahru,Intercity Shuttle Tumpat - Gemas,KTM,0.13021739130434784,4.195652173913044,Neutral
KTM WOODLANDS,Woodlands,Intercity Shuttle Tebrau JB Sentral - Woodlands,KTM,0.09570206611570248,3.4214876033057853,Neutral
LRT ABDULLAH HUKUM,ABDULLAH HUKUM,LRT Kelana Jaya Line,LRT,0.07022400000000001,3.81,Neutral
LRT ALAM MEGAH,ALAM MEGAH,LRT Kelana Jaya Line,LRT,0.06596543209876543,3.9753086419753085,Neutral
LRT ALAM SUTERA,ALAM SUTERA,LRT Sri Petaling Line,LRT,-0.03652999999999999,3.5,Neutral
LRT AMPANG,AMPANG,LRT Ampang Line,LRT,0.114092,4.49,Neutral
LRT AMPANG PARK,AMPANG PARK,LRT Kelana Jaya Line,LRT,0.135221,4.06,Neutral
LRT ARA DAMANSARA,ARA DAMANSARA,LRT Kelana Jaya Line,LRT,0.08537499999999999,4.44,Neutral
LRT ASIA JAYA,ASIA JAYA,LRT Kelana Jaya Line,LRT,0.06268947368421053,4.189473684210526,Neutral
LRT AWAN BESAR,AWAN BESAR,LRT Sri Petaling Line,LRT,0.10194900000000001,4.18,Neutral
LRT BANDAR PUTERI,BANDAR PUTERI,LRT Sri Petaling Line,LRT,0.07196470588235294,3.735294117647059,Neutral
LRT BANDAR TASIK SELATAN,BANDAR TASIK SELATAN,LRT Sri Petaling Line,LRT,-0.07136578947368422,4.157894736842105,Neutral
LRT BANDAR TUN RAZAK,BANDAR TUN RAZAK,LRT Sri Petaling Line,LRT,0.12191627906976744,3.883720930232558,Neutral
LRT BANDARAYA - UOB,BANDARAYA - UOB,LRT Ampang Line,LRT,0.1251490566037736,4.169811320754717,Neutral
LRT BANDARAYA - UOB,BANDARAYA - UOB,LRT Sri Petaling Line,LRT,0.1251490566037736,4.169811320754717,Neutral
LRT BANGSAR,BANGSAR,LRT Kelana Jaya Line,LRT,0.138559,4.46,Neutral
LRT BUKIT JALIL,BUKIT JALIL,LRT Sri Petaling Line,LRT,0.16804691358024693,4.160493827160494,Neutral
LRT CAHAYA,CAHAYA,LRT Ampang Line,LRT,0.04908157894736842,4.105263157894737,Neutral
LRT CEMPAKA,CEMPAKA,LRT Ampang Line,LRT,0.0069903225806451615,3.6774193548387095,Neutral
LRT CGC GLENMARIE,CGC GLENMARIE,LRT Kelana Jaya Line,LRT,0.028227000000000002,4.34,Neutral
LRT CHAN SOW LIN,CHAN SOW LIN,LRT Sri Petaling Line,LRT,0.12376200000000001,4.25,Neutral
LRT CHAN SOW LIN,CHAN SOW LIN,LRT Ampang Line,LRT,0.12376200000000001,4.25,Neutral
LRT CHERAS,CHERAS,LRT Sri Petaling Line,LRT,-0.0059953488372093,3.3488372093023258,Neutral
LRT DAMAI,DAMAI,LRT Kelana Jaya Line,LRT,0.05842962962962962,3.962962962962963,Neutral
LRT DANG WANGI,DANG WANGI,LRT Kelana Jaya Line,LRT,-0.010366666666666665,3.303030303030303,Neutral
LRT DATO' KERAMAT,DATO' KERAMAT,LRT Kelana Jaya Line,LRT,-0.017836363636363636,4.318181818181818,Neutral
LRT GOMBAK,GOMBAK,LRT Kelana Jaya Line,LRT,0.06195581395348837,4.441860465116279,Neutral
LRT HANG TUAH,HANG TUAH,LRT Ampang Line,LRT,0.09920729166666666,3.90625,Neutral
LRT HANG TUAH,HANG TUAH,LRT Sri Petaling Line,LRT,0.09920729166666666,3.90625,Neutral
LRT IOI PUCHONG JAYA,IOI PUCHONG JAYA,LRT Sri Petaling Line,LRT,0.010638000000000003,3.64,Neutral
LRT JELATEK,JELATEK,LRT Kelana Jaya Line,LRT,0.09676842105263157,4.2368421052631575,Neutral
LRT KAMPUNG BARU - CBP COOPBANK PERTAMA,KAMPUNG BARU - CBP COOPBANK PERTAMA,LRT Kelana Jaya Line,LRT,0.116759,4.3,Neutral
LRT KELANA JAYA,KELANA JAYA,LRT Kelana Jaya Line,LRT,0.098506,3.72,Neutral
LRT KERINCHI,KERINCHI,LRT Kelana Jaya Line,LRT,0.09127529411764705,4.152941176470589,Neutral
LRT KINRARA,KINRARA,LRT Sri Petaling Line,LRT,0.05459000000000001,3.74,Neutral
LRT KL SENTRAL - REDONE,KL SENTRAL - REDONE,LRT Kelana Jaya Line,LRT,0.062081,4.49,Neutral
LRT KLCC,KLCC,LRT Kelana Jaya Line,LRT,0.048726000000000005,3.93,Neutral
LRT LEMBAH SUBANG,LEMBAH SUBANG,LRT Kelana Jaya Line,LRT,0.054697260273972606,3.9863013698630136,Neutral
LRT MALURI,MALURI,LRT Ampang Line,LRT,0.052725999999999995,4.06,Neutral
LRT MASJID JAMEK,MASJID JAMEK,LRT Ampang Line,LRT,0.137235,4.74,Neutral
LRT MASJID JAMEK,MASJID JAMEK,LRT Sri Petaling Line,LRT,0.137235,4.74,Neutral
LRT MASJID JAMEK,MASJID JAMEK,LRT Kelana Jaya Line,LRT,0.137235,4.74,Neutral
LRT MIHARJA,MIHARJA,LRT Ampang Line,LRT,0.11019189189189188,3.891891891891892,Neutral
LRT MUHIBBAH,MUHIBBAH,LRT Sri Petaling Line,LRT,0.092133,4.2,Neutral
LRT PANDAN INDAH,PANDAN INDAH,LRT Ampang Line,LRT,0.07741071428571429,3.857142857142857,Neutral
LRT PANDAN JAYA,PANDAN JAYA,LRT Ampang Line,LRT,0.12805322580645162,3.935483870967742,Neutral
LRT PASAR SENI,PASAR SENI,LRT Kelana Jaya Line,LRT,0.168423,4.38,Neutral
LRT PLAZA RAKYAT,PLAZA RAKYAT,LRT Ampang Line,LRT,-0.038459,3.4,Neutral
LRT PLAZA RAKYAT,PLAZA RAKYAT,LRT Sri Petaling Line,LRT,-0.038459,3.4,Neutral
LRT PUCHONG PERDANA,PUCHONG PERDANA,LRT Sri Petaling Line,LRT,-0.015929999999999996,4.17,Neutral
LRT PUCHONG PRIMA,PUCHONG PRIMA,LRT Sri Petaling Line,LRT,0.12820600000000001,3.9,Neutral
LRT PUDU,PUDU,LRT Ampang Line,LRT,0.08737600000000001,4.18,Neutral
LRT PUDU,PUDU,LRT Sri Petaling Line,LRT,0.08737600000000001,4.18,Neutral
LRT PUSAT BANDAR PUCHONG,PUSAT BANDAR PUCHONG,LRT Sri Petaling Line,LRT,0.10255399999999999,4.26,Neutral
LRT PUTRA HEIGHTS,PUTRA HEIGHTS,LRT Sri Petaling Line,LRT,0.161493,3.93,Neutral
LRT PUTRA HEIGHTS,PUTRA HEIGHTS,LRT Kelana Jaya Line,LRT,0.161493,3.93,Neutral
LRT PWTC,PWTC,LRT Ampang Line,LRT,0.09464600000000001,4.05,Neutral
LRT PWTC,PWTC,LRT Sri Petaling Line,LRT,0.09464600000000001,4.05,Neutral
LRT SALAK SELATAN,SALAK SELATAN,LRT Sri Petaling Line,LRT,0.08248196721311475,3.360655737704918,Neutral
LRT SENTUL,SENTUL,LRT Ampang Line,LRT,-0.0015171428571428567,3.8,Neutral
LRT SENTUL,SENTUL,LRT Sri Petaling Line,LRT,-0.0015171428571428567,3.8,Neutral
LRT SENTUL TIMUR,SENTUL TIMUR,LRT Ampang Line,LRT,0.017060919540229886,4.022988505747127,Neutral
LRT SENTUL TIMUR,SENTUL TIMUR,LRT Sri Petaling Line,LRT,0.017060919540229886,4.022988505747127,Neutral
LRT SETIAWANGSA,SETIAWANGSA,LRT Kelana Jaya Line,LRT,0.15294583333333334,4.145833333333333,Neutral
LRT SRI PETALING,SRI PETALING,LRT Sri Petaling Line,LRT,0.04487721518987342,3.8734177215189876,Neutral
LRT SRI RAMPAI,SRI RAMPAI,LRT Kelana Jaya Line,LRT,0.15680999999999998,4.171428571428572,Neutral
LRT SS 15,SS 15,LRT Kelana Jaya Line,LRT,0.076879,3.84,Neutral
LRT SS 18,SS 18,LRT Kelana Jaya Line,LRT,0.1294245283018868,3.8679245283018866,Neutral
LRT SUBANG ALAM,SUBANG ALAM,LRT Kelana Jaya Line,LRT,0.11908222222222224,3.933333333333333,Neutral
LRT SUBANG JAYA,SUBANG JAYA,LRT Kelana Jaya Line,LRT,0.106786,3.95,Neutral
LRT SULTAN ISMAIL,SULTAN ISMAIL,LRT Ampang Line,LRT,0.09274,4.155555555555556,Neutral
LRT SULTAN ISMAIL,SULTAN ISMAIL,LRT Sri Petaling Line,LRT,0.09274,4.155555555555556,Neutral
LRT SUNGAI BESI,SUNGAI BESI,LRT Sri Petaling Line,LRT,0.04827179487179487,3.8974358974358974,Neutral
LRT TAIPAN,TAIPAN,LRT Kelana Jaya Line,LRT,0.046705555555555556,4.444444444444445,Neutral
LRT TAMAN BAHAGIA,TAMAN BAHAGIA,LRT Kelana Jaya Line,LRT,0.109784,3.96,Neutral
LRT TAMAN JAYA,TAMAN JAYA,LRT Kelana Jaya Line,LRT,0.09199199999999999,4.12,Neutral
LRT TAMAN MELATI,TAMAN MELATI,LRT Kelana Jaya Line,LRT,0.126159,3.85,Neutral
LRT TAMAN PARAMOUNT,TAMAN PARAMOUNT,LRT Kelana Jaya Line,LRT,0.15559333333333333,4.3,Neutral
LRT TAMAN PERINDUSTRIAN PUCHONG,TAMAN PERINDUSTRIAN PUCHONG,LRT Sri Petaling Line,LRT,,,
LRT TITIWANGSA,TITIWANGSA,LRT Ampang Line,LRT,0.093705,4.09,Neutral
LRT TITIWANGSA,TITIWANGSA,LRT Sri Petaling Line,LRT,0.093705,4.09,Neutral
LRT UNIVERSITI,UNIVERSITI,LRT Kelana Jaya Line,LRT,0.06864722222222223,4.444444444444445,Neutral
LRT USJ 21,USJ 21,LRT Kelana Jaya Line,LRT,0.15495636363636364,4.236363636363636,Neutral
LRT USJ 7,USJ 7,LRT Kelana Jaya Line,LRT,0.15337299999999998,4.1,Neutral
LRT WANGSA MAJU,WANGSA MAJU,LRT Kelana Jaya Line,LRT,0.056406,3.87,Neutral
LRT WAWASAN,WAWASAN,LRT Kelana Jaya Line,LRT,0.1360560606060606,3.742424242424242,Neutral
MONORAIL BUKIT BINTANG ,BUKIT BINTANG ,KL Monorail Line,MONORAIL,0.14377323943661974,4.070422535211268,Neutral
MONORAIL BUKIT NANAS,BUKIT NANAS,KL Monorail Line,MONORAIL,0.08497199999999999,3.79,Neutral
MONORAIL CHOW KIT,CHOW KIT,KL Monorail Line,MONORAIL,0.09268000000000001,3.8444444444444446,Neutral
MONORAIL HANG TUAH,HANG TUAH,KL Monorail Line,MONORAIL,0.05461666666666666,3.5,Positive
MONORAIL IMBI,IMBI,KL Monorail Line,MONORAIL,0.055195238095238096,3.6904761904761907,Neutral
MONORAIL KL SENTRAL,KL SENTRAL,KL Monorail Line,MONORAIL,0.153703,4.15,Neutral
MONORAIL MAHARAJALELA,MAHARAJALELA,KL Monorail Line,MONORAIL,0.04460434782608696,3.782608695652174,Neutral
MONORAIL MEDAN TUANKU,MEDAN TUANKU,KL Monorail Line,MONORAIL,0.05956222222222222,3.522222222222222,Neutral
MONORAIL RAJA CHULAN,RAJA CHULAN,KL Monorail Line,MONORAIL,0.007347474747474748,3.3434343434343434,Neutral
MONORAIL TITIWANGSA,TITIWANGSA,KL Monorail Line,MONORAIL,0.095846,4.09,Neutral
MONORAIL TUN SAMBANTHAN,TUN SAMBANTHAN,KL Monorail Line,MONORAIL,0.02078194444444444,3.6805555555555554,Neutral
MRT 16 SIERRA,16 SIERRA,MRT Putrajaya Line,MRT,0.16866,4.54,Neutral
MRT AMPANG PARK,AMPANG PARK,MRT Putrajaya Line,MRT,0.212435,4.4,Neutral
MRT BANDAR TUN HUSSEIN ONN,BANDAR TUN HUSSEIN ONN,MRT Kajang Line,MRT,0.045853000000000005,4.29,Neutral
MRT BANDAR UTAMA,BANDAR UTAMA,MRT Kajang Line,MRT,-0.037382,3.44,Neutral
MRT BATU 11 CHERAS,BATU 11 CHERAS,MRT Kajang Line,MRT,0.110353125,3.875,Neutral
MRT BUKIT BINTANG ,BUKIT BINTANG ,MRT Kajang Line,MRT,0.1189,4.69,Neutral
MRT BUKIT DUKUNG,BUKIT DUKUNG,MRT Kajang Line,MRT,0.082479,4.15,Neutral
MRT CHAN SOW LIN,CHAN SOW LIN,MRT Putrajaya Line,MRT,0.123046,4.56,Neutral
MRT COCHRANE,COCHRANE,MRT Kajang Line,MRT,0.11766199999999999,3.89,Neutral
MRT CONLAY,CONLAY,MRT Putrajaya Line,MRT,0.21619000000000002,4.866666666666666,Neutral
MRT CYBERJAYA CITY CENTRE,CYBERJAYA CITY CENTRE,MRT Putrajaya Line,MRT,0.014384000000000001,4.23,Neutral
MRT CYBERJAYA UTARA,CYBERJAYA UTARA,MRT Putrajaya Line,MRT,0.11588699999999999,4.31,Neutral
MRT DAMANSARA DAMAI,DAMANSARA DAMAI,MRT Putrajaya Line,MRT,0.035558,4.47,Neutral
MRT HOSPITAL KUALA LUMPUR,HOSPITAL KUALA LUMPUR,MRT Putrajaya Line,MRT,0.11836,4.36,Neutral
MRT JALAN IPOH,JALAN IPOH,MRT Putrajaya Line,MRT,0.12178,3.3,Positive
MRT JINJANG,JINJANG,MRT Putrajaya Line,MRT,0.076925,4.25,Neutral
MRT KAJANG,KAJANG,MRT Kajang Line,MRT,0.109098,4.6,Neutral
MRT KAMPUNG BATU,KAMPUNG BATU,MRT Putrajaya Line,MRT,0.069411,4.48,Neutral
MRT KAMPUNG SELAMAT,KAMPUNG SELAMAT,MRT Putrajaya Line,MRT,0.10401099999999999,4.32,Neutral
MRT KENTOMEN,KENTOMEN,MRT Putrajaya Line,MRT,0.03146052631578948,4.394736842105263,Neutral
MRT KEPONG BARU,KEPONG BARU,MRT Putrajaya Line,MRT,0.075436,4.45,Neutral
MRT KOTA DAMANSARA,KOTA DAMANSARA,MRT Kajang Line,MRT,0.064745,4.55,Neutral
MRT KUCHAI,KUCHAI,MRT Putrajaya Line,MRT,0.17211627906976742,4.116279069767442,Neutral
MRT KWASA DAMANSARA,KWASA DAMANSARA,MRT Putrajaya Line,MRT,0.104685,4.49,Neutral
MRT KWASA DAMANSARA,KWASA DAMANSARA,MRT Kajang Line,MRT,0.104685,4.49,Neutral
MRT KWASA SENTRAL,KWASA SENTRAL,MRT Kajang Line,MRT,0.14864444444444444,2.9444444444444446,Neutral
MRT MALURI,MALURI,MRT Kajang Line,MRT,0.110601,4.5,Neutral
MRT MERDEKA,MERDEKA,MRT Kajang Line,MRT,0.168139,4.34,Neutral
MRT METRO PRIMA,METRO PRIMA,MRT Putrajaya Line,MRT,0.07847,4.28,Neutral
MRT MUTIARA DAMANSARA,MUTIARA DAMANSARA,MRT Kajang Line,MRT,,,
MRT MUZIUM NEGARA,MUZIUM NEGARA,MRT Kajang Line,MRT,0.140532,4.56,Neutral
MRT PASAR SENI,PASAR SENI,MRT Kajang Line,MRT,0.114429,4.53,Neutral
MRT PERSIARAN KLCC,PERSIARAN KLCC,MRT Putrajaya Line,MRT,0.117832,4.65,Neutral
MRT PHILEO DAMANSARA,PHILEO DAMANSARA,MRT Kajang Line,MRT,0.131964,4.2,Neutral
MRT PUSAT BANDAR DAMANSARA,PUSAT BANDAR DAMANSARA,MRT Kajang Line,MRT,0.09588351648351649,3.923076923076923,Neutral
MRT PUTRA PERMAI,PUTRA PERMAI,MRT Putrajaya Line,MRT,0.17796700000000001,4.39,Neutral
MRT PUTRAJAYA SENTRAL,PUTRAJAYA SENTRAL,MRT Putrajaya Line,MRT,0.138553,4.45,Neutral
MRT RAJA UDA,RAJA UDA,MRT Putrajaya Line,MRT,0.18614899999999998,4.79,Neutral
MRT SEMANTAN,SEMANTAN,MRT Kajang Line,MRT,0.087112,4.12,Neutral
MRT SENTUL BARAT,SENTUL BARAT,MRT Putrajaya Line,MRT,0.11897,4.44,Neutral
MRT SERDANG JAYA,SERDANG JAYA,MRT Putrajaya Line,MRT,0.12633,4.63,Neutral
MRT SERDANG RAYA SELATAN,SERDANG RAYA SELATAN,MRT Putrajaya Line,MRT,0.10758200000000001,4.56,Neutral
MRT SERDANG RAYA UTARA,SERDANG RAYA UTARA,MRT Putrajaya Line,MRT,0.14494300000000002,4.75,Neutral
MRT SRI DAMANSARA BARAT,SRI DAMANSARA BARAT,MRT Putrajaya Line,MRT,0.04623137254901961,4.294117647058823,Neutral
MRT SRI DAMANSARA SENTRAL,SRI DAMANSARA SENTRAL,MRT Putrajaya Line,MRT,0.06170899999999999,4.35,Neutral
MRT SRI DAMANSARA TIMUR,SRI DAMANSARA TIMUR,MRT Putrajaya Line,MRT,0.12510563380281692,4.267605633802817,Neutral
MRT SRI DELIMA,SRI DELIMA,MRT Putrajaya Line,MRT,0.144325,3.8333333333333335,Neutral
MRT SRI RAYA,SRI RAYA,MRT Kajang Line,MRT,0.092949,4.49,Neutral
MRT STADIUM KAJANG,STADIUM KAJANG,MRT Kajang Line,MRT,0.10437578947368423,4.4526315789473685,Neutral
MRT SUNGAI BESI,SUNGAI BESI,MRT Putrajaya Line,MRT,0.128285,4.5,Neutral
MRT SUNGAI BULOH,SUNGAI BULOH,MRT Putrajaya Line,MRT,0.04012,3.68,Neutral
MRT SUNGAI JERNIH,SUNGAI JERNIH,MRT Kajang Line,MRT,0.078746,4.34,Neutral
MRT SURIAN,SURIAN,MRT Kajang Line,MRT,0.08115800000000001,4.32,Neutral
MRT TAMAN CONNAUGHT,TAMAN CONNAUGHT,MRT Kajang Line,MRT,0.106584,4.21,Neutral
MRT TAMAN EQUINE,TAMAN EQUINE,MRT Putrajaya Line,MRT,0.10638500000000001,4.39,Neutral
MRT TAMAN MIDAH,TAMAN MIDAH,MRT Kajang Line,MRT,0.147593,4.65,Neutral
MRT TAMAN MUTIARA,TAMAN MUTIARA,MRT Kajang Line,MRT,0.09762708333333332,4.427083333333333,Neutral
MRT TAMAN NAGA EMAS,TAMAN NAGA EMAS,MRT Putrajaya Line,MRT,0.074293,4.49,Neutral
MRT TAMAN PERTAMA,TAMAN PERTAMA,MRT Kajang Line,MRT,0.137289,4.12,Neutral
MRT TAMAN SUNTEX,TAMAN SUNTEX,MRT Kajang Line,MRT,0.030305,3.97,Neutral
MRT TAMAN TUN DR ISMAIL,TAMAN TUN DR ISMAIL,MRT Kajang Line,MRT,0.07637000000000001,4.46,Neutral
MRT TITIWANGSA,TITIWANGSA,MRT Putrajaya Line,MRT,0.107554,4.54,Neutral
MRT TUN RAZAK EXCHANGE,TUN RAZAK EXCHANGE,MRT Kajang Line,MRT,0.061386,4.46,Neutral
MRT TUN RAZAK EXCHANGE,TUN RAZAK EXCHANGE,MRT Putrajaya Line,MRT,0.061386,4.46,Neutral
MRT UPM,UPM,MRT Putrajaya Line,MRT,0.12884700000000002,4.59,Neutral
TERMINAL SHAHAB PERDANA Bus Stop,TERMINAL SHAHAB PERDANA,SHAHAB PERDANA - KUALA KEDAH,myBas,,,
MASJID AL RAHMAH Bus Stop,MASJID AL RAHMAH,SHAHAB PERDANA - KUALA KEDAH,myBas,,,
MEDAN SELERA TAMAN WIRA MERGONG Bus Stop,MEDAN SELERA TAMAN WIRA MERGONG,SHAHAB PERDANA - KUALA KEDAH,myBas,,,
TAMAN WIRA Bus Stop,TAMAN WIRA,SHAHAB PERDANA - KUALA KEDAH,myBas,,,
KG LUBUK PERINGGI Bus Stop,KG LUBUK PERINGGI,SHAHAB PERDANA - KUALA KEDAH,myBas,,,
GIAT MARA Bus Stop,GIAT MARA,SHAHAB PERDANA - KUALA KEDAH,myBas,,,
STOR JKR Bus Stop,STOR JKR,SHAHAB PERDANA - KUALA KEDAH,myBas,,,
HOSPITAL ALOR SETAR Bus Stop,HOSPITAL ALOR SETAR,SHAHAB PERDANA - KUALA KEDAH,myBas,,,
KOMPLEKS SUKAN Bus Stop,KOMPLEKS SUKAN,SHAHAB PERDANA - KUALA KEDAH,myBas,,,
STADIUM DARUL AMAN Bus Stop,STADIUM DARUL AMAN,SHAHAB PERDANA - KUALA KEDAH,myBas,,,
STADIUM DARUL AMAN 2 Bus Stop,STADIUM DARUL AMAN 2,SHAHAB PERDANA - KUALA KEDAH,myBas,,,
BAKAR BATA Bus Stop,BAKAR BATA,SHAHAB PERDANA - KUALA KEDAH,myBas,,,
WISMA KANCUT Bus Stop,WISMA KANCUT,SHAHAB PERDANA - KUALA KEDAH,myBas,,,
AMAN CENTRAL / MENARA ALOR SETAR Bus Stop,AMAN CENTRAL / MENARA ALOR SETAR,SHAHAB PERDANA - KUALA KEDAH,myBas,,,
DATARAN ALOR SETAR Bus Stop,DATARAN ALOR SETAR,SHAHAB PERDANA - KUALA KEDAH,myBas,,,
PEKAN RABU Bus Stop,PEKAN RABU,SHAHAB PERDANA - KUALA KEDAH,myBas,,,
SEBERANG PERAK Bus Stop,SEBERANG PERAK,SHAHAB PERDANA - KUALA KEDAH,myBas,,,
HIJAU KUNING Bus Stop,HIJAU KUNING,SHAHAB PERDANA - KUALA KEDAH,myBas,,,
SJK(C) SIN MIN Bus Stop,SJK(C) SIN MIN,SHAHAB PERDANA - KUALA KEDAH,myBas,,,
SIMPANG KUALA Bus Stop,SIMPANG KUALA,SHAHAB PERDANA - KUALA KEDAH,myBas,,,
KLINIK KESIHATAN SIMPANG KUALA 1 Bus Stop,KLINIK KESIHATAN SIMPANG KUALA 1,SHAHAB PERDANA - KUALA KEDAH,myBas,,,
KLINIK KESIHATAN SIMPANG KUALA 2 Bus Stop,KLINIK KESIHATAN SIMPANG KUALA 2,SHAHAB PERDANA - KUALA KEDAH,myBas,,,
KLINIK KESIHATAN SIMPANG KUALA 3 Bus Stop,KLINIK KESIHATAN SIMPANG KUALA 3,SHAHAB PERDANA - KUALA KEDAH,myBas,,,
TAMAN ORKID Bus Stop,TAMAN ORKID,SHAHAB PERDANA - KUALA KEDAH,myBas,,,
SMK TUN SHARIFAH RODZIAH Bus Stop,SMK TUN SHARIFAH RODZIAH,SHAHAB PERDANA - KUALA KEDAH,myBas,,,
KOMPLEKS PENYIARAN RTM Bus Stop,KOMPLEKS PENYIARAN RTM,SHAHAB PERDANA - KUALA KEDAH,myBas,,,
MASJID AS SALAM Bus Stop,MASJID AS SALAM,SHAHAB PERDANA - KUALA KEDAH,myBas,,,
SJK(C) PEI HWA Bus Stop,SJK(C) PEI HWA,SHAHAB PERDANA - KUALA KEDAH,myBas,,,
MARDI/KG TELUK CHENGAI Bus Stop,MARDI/KG TELUK CHENGAI,SHAHAB PERDANA - KUALA KEDAH,myBas,,,
SK TELUK KECHAI Bus Stop,SK TELUK KECHAI,SHAHAB PERDANA - KUALA KEDAH,myBas,,,
SMK TENGKU LAKSMANA Bus Stop,SMK TENGKU LAKSMANA,SHAHAB PERDANA - KUALA KEDAH,myBas,,,
TAMAN KEMUDI/KG TELOK KECHAI Bus Stop,TAMAN KEMUDI/KG TELOK KECHAI,SHAHAB PERDANA - KUALA KEDAH,myBas,,,
MASJID AL HUDA/PUSAT SUMBER KEMAS Bus Stop,MASJID AL HUDA/PUSAT SUMBER KEMAS,SHAHAB PERDANA - KUALA KEDAH,myBas,,,
TAMAN RESTU Bus Stop,TAMAN RESTU,SHAHAB PERDANA - KUALA KEDAH,myBas,,,
BATAS PAIP Bus Stop,BATAS PAIP,SHAHAB PERDANA - KUALA KEDAH,myBas,,,
BATAS PAIP 2 Bus Stop,BATAS PAIP 2,SHAHAB PERDANA - KUALA KEDAH,myBas,,,
TAMAN LAYAR FASA 4 & 3 Bus Stop,TAMAN LAYAR FASA 4 & 3,SHAHAB PERDANA - KUALA KEDAH,myBas,,,
MASJID TUNKU ABDUL RAHMAN PETRA / KLINIK KESIHATAN Bus Stop,MASJID TUNKU ABDUL RAHMAN PETRA / KLINIK KESIHATAN,SHAHAB PERDANA - KUALA KEDAH,myBas,,,
FAMA Bus Stop,FAMA,SHAHAB PERDANA - KUALA KEDAH,myBas,,,
MEE ABBAS Bus Stop,MEE ABBAS,SHAHAB PERDANA - KUALA KEDAH,myBas,,,
SK HAJI ISMAIL / MASJID INDIA Bus Stop,SK HAJI ISMAIL / MASJID INDIA,SHAHAB PERDANA - KUALA KEDAH,myBas,,,
JETI KUALA KEDAH Bus Stop,JETI KUALA KEDAH,SHAHAB PERDANA - KUALA KEDAH,myBas,,,
PEJABAT POS Bus Stop,PEJABAT POS,SHAHAB PERDANA - KUALA KEDAH,myBas,,,
PEKAN KUALA KEDAH Bus Stop,PEKAN KUALA KEDAH,SHAHAB PERDANA - KUALA KEDAH,myBas,,,
TAMAN SERI PUTRA Bus Stop,TAMAN SERI PUTRA,SHAHAB PERDANA - KUALA KEDAH,myBas,,,
TERMINAL SHAHAB PERDANA Bus Stop,TERMINAL SHAHAB PERDANA,SHAHAB PERDANA - KUALA NERANG,myBas,,,
MASJID AL RAHMAH Bus Stop,MASJID AL RAHMAH,SHAHAB PERDANA - KUALA NERANG,myBas,,,
MEDAN SELERA TAMAN WIRA MERGONG Bus Stop,MEDAN SELERA TAMAN WIRA MERGONG,SHAHAB PERDANA - KUALA NERANG,myBas,,,
TAMAN WIRA Bus Stop,TAMAN WIRA,SHAHAB PERDANA - KUALA NERANG,myBas,,,
KG LUBUK PERINGGI Bus Stop,KG LUBUK PERINGGI,SHAHAB PERDANA - KUALA NERANG,myBas,,,
GIAT MARA Bus Stop,GIAT MARA,SHAHAB PERDANA - KUALA NERANG,myBas,,,
STOR JKR Bus Stop,STOR JKR,SHAHAB PERDANA - KUALA NERANG,myBas,,,
HOSPITAL ALOR SETAR Bus Stop,HOSPITAL ALOR SETAR,SHAHAB PERDANA - KUALA NERANG,myBas,,,
KOMPLEKS SUKAN Bus Stop,KOMPLEKS SUKAN,SHAHAB PERDANA - KUALA NERANG,myBas,,,
STADIUM DARUL AMAN Bus Stop,STADIUM DARUL AMAN,SHAHAB PERDANA - KUALA NERANG,myBas,,,
STADIUM DARUL AMAN 2 Bus Stop,STADIUM DARUL AMAN 2,SHAHAB PERDANA - KUALA NERANG,myBas,,,
BAKAR BATA Bus Stop,BAKAR BATA,SHAHAB PERDANA - KUALA NERANG,myBas,,,
WISMA KANCUT Bus Stop,WISMA KANCUT,SHAHAB PERDANA - KUALA NERANG,myBas,,,
WISMA PKNK Bus Stop,WISMA PKNK,SHAHAB PERDANA - KUALA NERANG,myBas,,,
UKIR MALL Bus Stop,UKIR MALL,SHAHAB PERDANA - KUALA NERANG,myBas,,,
OPP IPD KOTA SETAR Bus Stop,OPP IPD KOTA SETAR,SHAHAB PERDANA - KUALA NERANG,myBas,,,
BSN PEKAN RABU Bus Stop,BSN PEKAN RABU,SHAHAB PERDANA - KUALA NERANG,myBas,,,
PEKAN RABU Bus Stop,PEKAN RABU,SHAHAB PERDANA - KUALA NERANG,myBas,,,
BATU 1 Bus Stop,BATU 1,SHAHAB PERDANA - KUALA NERANG,myBas,,,
SMK SULTANAH ASMA / MASJID DERGA Bus Stop,SMK SULTANAH ASMA / MASJID DERGA,SHAHAB PERDANA - KUALA NERANG,myBas,,,
SEKOLAH RENDAH AN NAJAAH Bus Stop,SEKOLAH RENDAH AN NAJAAH,SHAHAB PERDANA - KUALA NERANG,myBas,,,
SJK(C) KEE CHEE Bus Stop,SJK(C) KEE CHEE,SHAHAB PERDANA - KUALA NERANG,myBas,,,
MASJID AL BUKHARY Bus Stop,MASJID AL BUKHARY,SHAHAB PERDANA - KUALA NERANG,myBas,,,
SK SULTANAH ASMA Bus Stop,SK SULTANAH ASMA,SHAHAB PERDANA - KUALA NERANG,myBas,,,
TAMAN JAYA Bus Stop,TAMAN JAYA,SHAHAB PERDANA - KUALA NERANG,myBas,,,
TAMAN BAYU BARU Bus Stop,TAMAN BAYU BARU,SHAHAB PERDANA - KUALA NERANG,myBas,,,
TAMAN PUSPA KENCANA Bus Stop,TAMAN PUSPA KENCANA,SHAHAB PERDANA - KUALA NERANG,myBas,,,
TAMAN PULAI JAYA Bus Stop,TAMAN PULAI JAYA,SHAHAB PERDANA - KUALA NERANG,myBas,,,
TAMAN SERI ASTANA Bus Stop,TAMAN SERI ASTANA,SHAHAB PERDANA - KUALA NERANG,myBas,,,
HOSPITAL SULTANAH BAHIYAH Bus Stop,HOSPITAL SULTANAH BAHIYAH,SHAHAB PERDANA - KUALA NERANG,myBas,,,
SHELL JALAN LANGGAR Bus Stop,SHELL JALAN LANGGAR,SHAHAB PERDANA - KUALA NERANG,myBas,,,
MASJID AL BADAR / TAMAN AWANA Bus Stop,MASJID AL BADAR / TAMAN AWANA,SHAHAB PERDANA - KUALA NERANG,myBas,,,
TAMAN AMIRA Bus Stop,TAMAN AMIRA,SHAHAB PERDANA - KUALA NERANG,myBas,,,
MASJID NURUL IHSAN / TAMAN SERI KOTA Bus Stop,MASJID NURUL IHSAN / TAMAN SERI KOTA,SHAHAB PERDANA - KUALA NERANG,myBas,,,
KLINIK KESIHATAN LANGGAR Bus Stop,KLINIK KESIHATAN LANGGAR,SHAHAB PERDANA - KUALA NERANG,myBas,,,
MAKAM DIRAJA LANGGAR Bus Stop,MAKAM DIRAJA LANGGAR,SHAHAB PERDANA - KUALA NERANG,myBas,,,
PEKAN LANGGAR Bus Stop,PEKAN LANGGAR,SHAHAB PERDANA - KUALA NERANG,myBas,,,
SJK(C) TAI CHONG Bus Stop,SJK(C) TAI CHONG,SHAHAB PERDANA - KUALA NERANG,myBas,,,
ESTET PADI PADANG LANGGAR Bus Stop,ESTET PADI PADANG LANGGAR,SHAHAB PERDANA - KUALA NERANG,myBas,,,
KG TANJUNG MUSANG Bus Stop,KG TANJUNG MUSANG,SHAHAB PERDANA - KUALA NERANG,myBas,,,
SENTAP / KILANG SCS Bus Stop,SENTAP / KILANG SCS,SHAHAB PERDANA - KUALA NERANG,myBas,,,
SIMPANG KEBUN 500 / TAMAN INDAH Bus Stop,SIMPANG KEBUN 500 / TAMAN INDAH,SHAHAB PERDANA - KUALA NERANG,myBas,,,
SK JABI Bus Stop,SK JABI,SHAHAB PERDANA - KUALA NERANG,myBas,,,
BHP BATU 9 Bus Stop,BHP BATU 9,SHAHAB PERDANA - KUALA NERANG,myBas,,,
KILANG PAPAN BEST PRODUCT Bus Stop,KILANG PAPAN BEST PRODUCT,SHAHAB PERDANA - KUALA NERANG,myBas,,,
BATU 11 / PASARAYA K CERIA POKOK SENA Bus Stop,BATU 11 / PASARAYA K CERIA POKOK SENA,SHAHAB PERDANA - KUALA NERANG,myBas,,,
JABATAN PENDAFTARAN NEGARA Bus Stop,JABATAN PENDAFTARAN NEGARA,SHAHAB PERDANA - KUALA NERANG,myBas,,,
SK POKOK SENA Bus Stop,SK POKOK SENA,SHAHAB PERDANA - KUALA NERANG,myBas,,,
KAMPUNG AMAN / PEKAN POKOK SENA Bus Stop,KAMPUNG AMAN / PEKAN POKOK SENA,SHAHAB PERDANA - KUALA NERANG,myBas,,,
BALAI POLIS POKOK SENA Bus Stop,BALAI POLIS POKOK SENA,SHAHAB PERDANA - KUALA NERANG,myBas,,,
MASJID AR-RAUDAH Bus Stop,MASJID AR-RAUDAH,SHAHAB PERDANA - KUALA NERANG,myBas,,,
SENA SPORT / KILANG BESI Bus Stop,SENA SPORT / KILANG BESI,SHAHAB PERDANA - KUALA NERANG,myBas,,,
SM SAINS POKOK SENA Bus Stop,SM SAINS POKOK SENA,SHAHAB PERDANA - KUALA NERANG,myBas,,,
KOMPLEKS ISLAM DARUL ULUM Bus Stop,KOMPLEKS ISLAM DARUL ULUM,SHAHAB PERDANA - KUALA NERANG,myBas,,,
BUKIT LEREK Bus Stop,BUKIT LEREK,SHAHAB PERDANA - KUALA NERANG,myBas,,,
KG BUKIT LEREK 2 Bus Stop,KG BUKIT LEREK 2,SHAHAB PERDANA - KUALA NERANG,myBas,,,
SIMPANG KUBU / BATU 16 Bus Stop,SIMPANG KUBU / BATU 16,SHAHAB PERDANA - KUALA NERANG,myBas,,,
PEJABAT FELCRA BUKIT TAMPOI Bus Stop,PEJABAT FELCRA BUKIT TAMPOI,SHAHAB PERDANA - KUALA NERANG,myBas,,,
MAHAD TAHFIZ ABU BAKAR Bus Stop,MAHAD TAHFIZ ABU BAKAR,SHAHAB PERDANA - KUALA NERANG,myBas,,,
SK BUKIT TAMPOI Bus Stop,SK BUKIT TAMPOI,SHAHAB PERDANA - KUALA NERANG,myBas,,,
RUMAH ORANG TUA-TUA BUKIT BETHEL Bus Stop,RUMAH ORANG TUA-TUA BUKIT BETHEL,SHAHAB PERDANA - KUALA NERANG,myBas,,,
KG NAKO NAMBUA 1 Bus Stop,KG NAKO NAMBUA 1,SHAHAB PERDANA - KUALA NERANG,myBas,,,
KG NAKO NAMBUA 2 Bus Stop,KG NAKO NAMBUA 2,SHAHAB PERDANA - KUALA NERANG,myBas,,,
MASJID TENGKU SHARAFUDDIN BADLISHAH Bus Stop,MASJID TENGKU SHARAFUDDIN BADLISHAH,SHAHAB PERDANA - KUALA NERANG,myBas,,,
KOLEJ MARA KUALA NERANG Bus Stop,KOLEJ MARA KUALA NERANG,SHAHAB PERDANA - KUALA NERANG,myBas,,,
SMK KUALA NERANG Bus Stop,SMK KUALA NERANG,SHAHAB PERDANA - KUALA NERANG,myBas,,,
TAMAN BELIMBING Bus Stop,TAMAN BELIMBING,SHAHAB PERDANA - KUALA NERANG,myBas,,,
KEMAS Bus Stop,KEMAS,SHAHAB PERDANA - KUALA NERANG,myBas,,,
SMK DATO SHEIKH AHMAD Bus Stop,SMK DATO SHEIKH AHMAD,SHAHAB PERDANA - KUALA NERANG,myBas,,,
PEJABAT PEKHIDMATAN VETERINAR DAERAH PADANG TERAP Bus Stop,PEJABAT PEKHIDMATAN VETERINAR DAERAH PADANG TERAP,SHAHAB PERDANA - KUALA NERANG,myBas,,,
PEKAN KUALA NERANG Bus Stop,PEKAN KUALA NERANG,SHAHAB PERDANA - KUALA NERANG,myBas,,,
STESEN BAS KUALA NERANG Bus Stop,STESEN BAS KUALA NERANG,SHAHAB PERDANA - KUALA NERANG,myBas,,,
TERMINAL SHAHAB PERDANA Bus Stop,TERMINAL SHAHAB PERDANA,SHAHAB PERDANA - JITRA,myBas,,,
MASJID AL RAHMAH Bus Stop,MASJID AL RAHMAH,SHAHAB PERDANA - JITRA,myBas,,,
MEDAN SELERA TAMAN WIRA MERGONG Bus Stop,MEDAN SELERA TAMAN WIRA MERGONG,SHAHAB PERDANA - JITRA,myBas,,,
TAMAN WIRA Bus Stop,TAMAN WIRA,SHAHAB PERDANA - JITRA,myBas,,,
KG LUBUK PERINGGI Bus Stop,KG LUBUK PERINGGI,SHAHAB PERDANA - JITRA,myBas,,,
GIAT MARA Bus Stop,GIAT MARA,SHAHAB PERDANA - JITRA,myBas,,,
STOR JKR Bus Stop,STOR JKR,SHAHAB PERDANA - JITRA,myBas,,,
HOSPITAL ALOR SETAR 1 Bus Stop,HOSPITAL ALOR SETAR 1,SHAHAB PERDANA - JITRA,myBas,,,
KOMPLEKS SUKAN 1 Bus Stop,KOMPLEKS SUKAN 1,SHAHAB PERDANA - JITRA,myBas,,,
STADIUM DARUL AMAN KEDAH Bus Stop,STADIUM DARUL AMAN KEDAH,SHAHAB PERDANA - JITRA,myBas,,,
STADIUM DARUL AMAN KEDAH 2 Bus Stop,STADIUM DARUL AMAN KEDAH 2,SHAHAB PERDANA - JITRA,myBas,,,
BAKAR BATA ALOR SETAR Bus Stop,BAKAR BATA ALOR SETAR,SHAHAB PERDANA - JITRA,myBas,,,
WISMA KANCUT ALOR SETAR Bus Stop,WISMA KANCUT ALOR SETAR,SHAHAB PERDANA - JITRA,myBas,,,
AMAN CENTRAL / MENARA ALOR SETAR Bus Stop,AMAN CENTRAL / MENARA ALOR SETAR,SHAHAB PERDANA - JITRA,myBas,,,
DATARAN ALOR SETAR Bus Stop,DATARAN ALOR SETAR,SHAHAB PERDANA - JITRA,myBas,,,
PEKAN RABU Bus Stop,PEKAN RABU,SHAHAB PERDANA - JITRA,myBas,,,
BSN PEKAN RABU Bus Stop,BSN PEKAN RABU,SHAHAB PERDANA - JITRA,myBas,,,
OPP IPD KOTA SETAR Bus Stop,OPP IPD KOTA SETAR,SHAHAB PERDANA - JITRA,myBas,,,
UKIR MALL Bus Stop,UKIR MALL,SHAHAB PERDANA - JITRA,myBas,,,
WISMA PKNK Bus Stop,WISMA PKNK,SHAHAB PERDANA - JITRA,myBas,,,
WISMA KANCUT Bus Stop,WISMA KANCUT,SHAHAB PERDANA - JITRA,myBas,,,
BAKAR BATA Bus Stop,BAKAR BATA,SHAHAB PERDANA - JITRA,myBas,,,
STADIUM DARUL AMAN 2 Bus Stop,STADIUM DARUL AMAN 2,SHAHAB PERDANA - JITRA,myBas,,,
STADIUM DARUL AMAN Bus Stop,STADIUM DARUL AMAN,SHAHAB PERDANA - JITRA,myBas,,,
KOMPLEKS SUKAN Bus Stop,KOMPLEKS SUKAN,SHAHAB PERDANA - JITRA,myBas,,,
HOSPITAL ALOR SETAR Bus Stop,HOSPITAL ALOR SETAR,SHAHAB PERDANA - JITRA,myBas,,,
WISMA DARUL AMAN Bus Stop,WISMA DARUL AMAN,SHAHAB PERDANA - JITRA,myBas,,,
KEDAH MEDICAL CENTRE Bus Stop,KEDAH MEDICAL CENTRE,SHAHAB PERDANA - JITRA,myBas,,,
KELAB ROYAL KEDAH Bus Stop,KELAB ROYAL KEDAH,SHAHAB PERDANA - JITRA,myBas,,,
APARTMENT KCS Bus Stop,APARTMENT KCS,SHAHAB PERDANA - JITRA,myBas,,,
PETRONAS ALOR MERAH Bus Stop,PETRONAS ALOR MERAH,SHAHAB PERDANA - JITRA,myBas,,,
ALOR MERAH Bus Stop,ALOR MERAH,SHAHAB PERDANA - JITRA,myBas,,,
PANTAI JOHOR Bus Stop,PANTAI JOHOR,SHAHAB PERDANA - JITRA,myBas,,,
TAMAN SELADANG Bus Stop,TAMAN SELADANG,SHAHAB PERDANA - JITRA,myBas,,,
PEJABAT PENGHULU TITI GAJAH / TAMAN BERLIAN / TAMAN KANCIL Bus Stop,PEJABAT PENGHULU TITI GAJAH / TAMAN BERLIAN / TAMAN KANCIL,SHAHAB PERDANA - JITRA,myBas,,,
MASJID TENGKU INTAN SYAFINAZ Bus Stop,MASJID TENGKU INTAN SYAFINAZ,SHAHAB PERDANA - JITRA,myBas,,,
KG ALOR SENJAYA Bus Stop,KG ALOR SENJAYA,SHAHAB PERDANA - JITRA,myBas,,,
SK TITI GAJAH Bus Stop,SK TITI GAJAH,SHAHAB PERDANA - JITRA,myBas,,,
TAMAN DESA MUTIARA Bus Stop,TAMAN DESA MUTIARA,SHAHAB PERDANA - JITRA,myBas,,,
LAPANGAN TERBANG SULTAN ABDUL HALIM Bus Stop,LAPANGAN TERBANG SULTAN ABDUL HALIM,SHAHAB PERDANA - JITRA,myBas,,,
TITI GAJAH Bus Stop,TITI GAJAH,SHAHAB PERDANA - JITRA,myBas,,,
SMA TITI BESI Bus Stop,SMA TITI BESI,SHAHAB PERDANA - JITRA,myBas,,,
BIRO TATA NEGARA Bus Stop,BIRO TATA NEGARA,SHAHAB PERDANA - JITRA,myBas,,,
TUDM KEPALA BATAS Bus Stop,TUDM KEPALA BATAS,SHAHAB PERDANA - JITRA,myBas,,,
PEKAN KEPALA BATAS Bus Stop,PEKAN KEPALA BATAS,SHAHAB PERDANA - JITRA,myBas,,,
TAMAN JALAI JAYA Bus Stop,TAMAN JALAI JAYA,SHAHAB PERDANA - JITRA,myBas,,,
KEM TOK JALAI Bus Stop,KEM TOK JALAI,SHAHAB PERDANA - JITRA,myBas,,,
SMK TUNKU ANUM Bus Stop,SMK TUNKU ANUM,SHAHAB PERDANA - JITRA,myBas,,,
KEM SULTAN ABDUL HALIM Bus Stop,KEM SULTAN ABDUL HALIM,SHAHAB PERDANA - JITRA,myBas,,,
SM SULTAN ABDUL HALIM Bus Stop,SM SULTAN ABDUL HALIM,SHAHAB PERDANA - JITRA,myBas,,,
TNB TANJUNG SEPAH Bus Stop,TNB TANJUNG SEPAH,SHAHAB PERDANA - JITRA,myBas,,,
POLIMAS Bus Stop,POLIMAS,SHAHAB PERDANA - JITRA,myBas,,,
SMK JITRA JITRA Bus Stop,SMK JITRA JITRA,SHAHAB PERDANA - JITRA,myBas,,,
SK JITRA KEDAH Bus Stop,SK JITRA KEDAH,SHAHAB PERDANA - JITRA,myBas,,,
PEKAN JITRA KEDAH Bus Stop,PEKAN JITRA KEDAH,SHAHAB PERDANA - JITRA,myBas,,,
MASJID JITRA Bus Stop,MASJID JITRA,SHAHAB PERDANA - JITRA,myBas,,,
TAMAN DESA SINARAN Bus Stop,TAMAN DESA SINARAN,SHAHAB PERDANA - JITRA,myBas,,,
BERNAS Bus Stop,BERNAS,SHAHAB PERDANA - JITRA,myBas,,,
SMK SERI MAHAWANGSA Bus Stop,SMK SERI MAHAWANGSA,SHAHAB PERDANA - JITRA,myBas,,,
PEJABAT HUTAN DAERAH Bus Stop,PEJABAT HUTAN DAERAH,SHAHAB PERDANA - JITRA,myBas,,,
PEKAN JITRA Bus Stop,PEKAN JITRA,SHAHAB PERDANA - JITRA,myBas,,,
SK JITRA Bus Stop,SK JITRA,SHAHAB PERDANA - JITRA,myBas,,,
SMK JITRA Bus Stop,SMK JITRA,SHAHAB PERDANA - JITRA,myBas,,,
STESEN BAS JITRA Bus Stop,STESEN BAS JITRA,SHAHAB PERDANA - JITRA,myBas,,,
TERMINAL SHAHAB PERDANA Bus Stop,TERMINAL SHAHAB PERDANA,SHAHAB PERDANA - PENDANG VIA SIMPANG EMPAT,myBas,,,
MASJID AL RAHMAH Bus Stop,MASJID AL RAHMAH,SHAHAB PERDANA - PENDANG VIA SIMPANG EMPAT,myBas,,,
MEDAN SELERA TAMAN WIRA MERGONG Bus Stop,MEDAN SELERA TAMAN WIRA MERGONG,SHAHAB PERDANA - PENDANG VIA SIMPANG EMPAT,myBas,,,
TAMAN WIRA Bus Stop,TAMAN WIRA,SHAHAB PERDANA - PENDANG VIA SIMPANG EMPAT,myBas,,,
KG LUBUK PERINGGI Bus Stop,KG LUBUK PERINGGI,SHAHAB PERDANA - PENDANG VIA SIMPANG EMPAT,myBas,,,
GIAT MARA Bus Stop,GIAT MARA,SHAHAB PERDANA - PENDANG VIA SIMPANG EMPAT,myBas,,,
STOR JKR Bus Stop,STOR JKR,SHAHAB PERDANA - PENDANG VIA SIMPANG EMPAT,myBas,,,
HOSPITAL ALOR SETAR Bus Stop,HOSPITAL ALOR SETAR,SHAHAB PERDANA - PENDANG VIA SIMPANG EMPAT,myBas,,,
KOMPLEKS SUKAN Bus Stop,KOMPLEKS SUKAN,SHAHAB PERDANA - PENDANG VIA SIMPANG EMPAT,myBas,,,
STADIUM DARUL AMAN Bus Stop,STADIUM DARUL AMAN,SHAHAB PERDANA - PENDANG VIA SIMPANG EMPAT,myBas,,,
STADIUM DARUL AMAN 2 Bus Stop,STADIUM DARUL AMAN 2,SHAHAB PERDANA - PENDANG VIA SIMPANG EMPAT,myBas,,,
BAKAR BATA Bus Stop,BAKAR BATA,SHAHAB PERDANA - PENDANG VIA SIMPANG EMPAT,myBas,,,
WISMA KANCUT Bus Stop,WISMA KANCUT,SHAHAB PERDANA - PENDANG VIA SIMPANG EMPAT,myBas,,,
WISMA PKNK Bus Stop,WISMA PKNK,SHAHAB PERDANA - PENDANG VIA SIMPANG EMPAT,myBas,,,
UKIR MALL Bus Stop,UKIR MALL,SHAHAB PERDANA - PENDANG VIA SIMPANG EMPAT,myBas,,,
OPP IPD KOTA SETAR Bus Stop,OPP IPD KOTA SETAR,SHAHAB PERDANA - PENDANG VIA SIMPANG EMPAT,myBas,,,
BSN PEKAN RABU Bus Stop,BSN PEKAN RABU,SHAHAB PERDANA - PENDANG VIA SIMPANG EMPAT,myBas,,,
PEKAN RABU Bus Stop,PEKAN RABU,SHAHAB PERDANA - PENDANG VIA SIMPANG EMPAT,myBas,,,
SEBERANG PERAK Bus Stop,SEBERANG PERAK,SHAHAB PERDANA - PENDANG VIA SIMPANG EMPAT,myBas,,,
HIJAU KUNING Bus Stop,HIJAU KUNING,SHAHAB PERDANA - PENDANG VIA SIMPANG EMPAT,myBas,,,
SJK(C) SIN MIN Bus Stop,SJK(C) SIN MIN,SHAHAB PERDANA - PENDANG VIA SIMPANG EMPAT,myBas,,,
SIMPANG KUALA Bus Stop,SIMPANG KUALA,SHAHAB PERDANA - PENDANG VIA SIMPANG EMPAT,myBas,,,
SIMPANG KUALA 2 Bus Stop,SIMPANG KUALA 2,SHAHAB PERDANA - PENDANG VIA SIMPANG EMPAT,myBas,,,
SMK TEKNIK ALOR SETAR Bus Stop,SMK TEKNIK ALOR SETAR,SHAHAB PERDANA - PENDANG VIA SIMPANG EMPAT,myBas,,,
HENTIAN KOMPLEKS WANTAS Bus Stop,HENTIAN KOMPLEKS WANTAS,SHAHAB PERDANA - PENDANG VIA SIMPANG EMPAT,myBas,,,
LEBUHRAYA SELATAN Bus Stop,LEBUHRAYA SELATAN,SHAHAB PERDANA - PENDANG VIA SIMPANG EMPAT,myBas,,,
SK DATO WAN MOHAMAD SAMAN Bus Stop,SK DATO WAN MOHAMAD SAMAN,SHAHAB PERDANA - PENDANG VIA SIMPANG EMPAT,myBas,,,
TANDOP Bus Stop,TANDOP,SHAHAB PERDANA - PENDANG VIA SIMPANG EMPAT,myBas,,,
TAMAN DESA KAMILAH Bus Stop,TAMAN DESA KAMILAH,SHAHAB PERDANA - PENDANG VIA SIMPANG EMPAT,myBas,,,
TAMAN BERSATU Bus Stop,TAMAN BERSATU,SHAHAB PERDANA - PENDANG VIA SIMPANG EMPAT,myBas,,,
TAMAN SIMPANG EMPAT Bus Stop,TAMAN SIMPANG EMPAT,SHAHAB PERDANA - PENDANG VIA SIMPANG EMPAT,myBas,,,
SIMPANG EMPAT Bus Stop,SIMPANG EMPAT,SHAHAB PERDANA - PENDANG VIA SIMPANG EMPAT,myBas,,,
KG KEPALA PARIT DALAM Bus Stop,KG KEPALA PARIT DALAM,SHAHAB PERDANA - PENDANG VIA SIMPANG EMPAT,myBas,,,
TAMAN MERPATI Bus Stop,TAMAN MERPATI,SHAHAB PERDANA - PENDANG VIA SIMPANG EMPAT,myBas,,,
SMK TOKAI Bus Stop,SMK TOKAI,SHAHAB PERDANA - PENDANG VIA SIMPANG EMPAT,myBas,,,
KLINIK DESA TOKAI Bus Stop,KLINIK DESA TOKAI,SHAHAB PERDANA - PENDANG VIA SIMPANG EMPAT,myBas,,,
PEJABAT PENDIDIKAN DAERAH PENDANG Bus Stop,PEJABAT PENDIDIKAN DAERAH PENDANG,SHAHAB PERDANA - PENDANG VIA SIMPANG EMPAT,myBas,,,
SIMPANG JELAI Bus Stop,SIMPANG JELAI,SHAHAB PERDANA - PENDANG VIA SIMPANG EMPAT,myBas,,,
SK KAMPUNG RAMBAI Bus Stop,SK KAMPUNG RAMBAI,SHAHAB PERDANA - PENDANG VIA SIMPANG EMPAT,myBas,,,
MASJID HASANI KAMPUNG RAMBAI Bus Stop,MASJID HASANI KAMPUNG RAMBAI,SHAHAB PERDANA - PENDANG VIA SIMPANG EMPAT,myBas,,,
KG ALOR BUNGA SENA Bus Stop,KG ALOR BUNGA SENA,SHAHAB PERDANA - PENDANG VIA SIMPANG EMPAT,myBas,,,
TANAH MERAH Bus Stop,TANAH MERAH,SHAHAB PERDANA - PENDANG VIA SIMPANG EMPAT,myBas,,,
KG BANGGOL BESI Bus Stop,KG BANGGOL BESI,SHAHAB PERDANA - PENDANG VIA SIMPANG EMPAT,myBas,,,
SK TANAH MERAH Bus Stop,SK TANAH MERAH,SHAHAB PERDANA - PENDANG VIA SIMPANG EMPAT,myBas,,,
SMK TANAH MERAH Bus Stop,SMK TANAH MERAH,SHAHAB PERDANA - PENDANG VIA SIMPANG EMPAT,myBas,,,
TAMAN AMAN SEJAHTERA Bus Stop,TAMAN AMAN SEJAHTERA,SHAHAB PERDANA - PENDANG VIA SIMPANG EMPAT,myBas,,,
DARSVILLE PARK Bus Stop,DARSVILLE PARK,SHAHAB PERDANA - PENDANG VIA SIMPANG EMPAT,myBas,,,
SMA ISLAH Bus Stop,SMA ISLAH,SHAHAB PERDANA - PENDANG VIA SIMPANG EMPAT,myBas,,,
PERHENTIAN BAS PENDANG Bus Stop,PERHENTIAN BAS PENDANG,SHAHAB PERDANA - PENDANG VIA SIMPANG EMPAT,myBas,,,
TERMINAL SHAHAB PERDANA Bus Stop,TERMINAL SHAHAB PERDANA,SHAHAB PERDANA - PENDANG VIA KOTA SARANG SEMUT,myBas,,,
MASJID AL RAHMAH Bus Stop,MASJID AL RAHMAH,SHAHAB PERDANA - PENDANG VIA KOTA SARANG SEMUT,myBas,,,
MEDAN SELERA TAMAN WIRA MERGONG Bus Stop,MEDAN SELERA TAMAN WIRA MERGONG,SHAHAB PERDANA - PENDANG VIA KOTA SARANG SEMUT,myBas,,,
TAMAN WIRA Bus Stop,TAMAN WIRA,SHAHAB PERDANA - PENDANG VIA KOTA SARANG SEMUT,myBas,,,
TAMAN UTAMA Bus Stop,TAMAN UTAMA,SHAHAB PERDANA - PENDANG VIA KOTA SARANG SEMUT,myBas,,,
TAMAN DELIMA / DESA BAIDURI Bus Stop,TAMAN DELIMA / DESA BAIDURI,SHAHAB PERDANA - PENDANG VIA KOTA SARANG SEMUT,myBas,,,
STAR VILLAGE Bus Stop,STAR VILLAGE,SHAHAB PERDANA - PENDANG VIA KOTA SARANG SEMUT,myBas,,,
SK WAN SULAIMAN SIDDIQ Bus Stop,SK WAN SULAIMAN SIDDIQ,SHAHAB PERDANA - PENDANG VIA KOTA SARANG SEMUT,myBas,,,
WISMA PKNK Bus Stop,WISMA PKNK,SHAHAB PERDANA - PENDANG VIA KOTA SARANG SEMUT,myBas,,,
UKIR MALL Bus Stop,UKIR MALL,SHAHAB PERDANA - PENDANG VIA KOTA SARANG SEMUT,myBas,,,
OPP IPD KOTA SETAR Bus Stop,OPP IPD KOTA SETAR,SHAHAB PERDANA - PENDANG VIA KOTA SARANG SEMUT,myBas,,,
BSN PEKAN RABU Bus Stop,BSN PEKAN RABU,SHAHAB PERDANA - PENDANG VIA KOTA SARANG SEMUT,myBas,,,
PEKAN RABU Bus Stop,PEKAN RABU,SHAHAB PERDANA - PENDANG VIA KOTA SARANG SEMUT,myBas,,,
SEBERANG PERAK Bus Stop,SEBERANG PERAK,SHAHAB PERDANA - PENDANG VIA KOTA SARANG SEMUT,myBas,,,
RUMAH TUN MAHATHIR Bus Stop,RUMAH TUN MAHATHIR,SHAHAB PERDANA - PENDANG VIA KOTA SARANG SEMUT,myBas,,,
SK SUNGAI KOROK LAMA Bus Stop,SK SUNGAI KOROK LAMA,SHAHAB PERDANA - PENDANG VIA KOTA SARANG SEMUT,myBas,,,
SK JALAN PEGAWAI Bus Stop,SK JALAN PEGAWAI,SHAHAB PERDANA - PENDANG VIA KOTA SARANG SEMUT,myBas,,,
MAKTAB MAHMUD Bus Stop,MAKTAB MAHMUD,SHAHAB PERDANA - PENDANG VIA KOTA SARANG SEMUT,myBas,,,
MAKTAB MAHMUD 2 Bus Stop,MAKTAB MAHMUD 2,SHAHAB PERDANA - PENDANG VIA KOTA SARANG SEMUT,myBas,,,
KLINIK KESIHATAN SIMPANG KUALA 2 Bus Stop,KLINIK KESIHATAN SIMPANG KUALA 2,SHAHAB PERDANA - PENDANG VIA KOTA SARANG SEMUT,myBas,,,
KLINIK KESIHATAN SIMPANG KUALA 3 Bus Stop,KLINIK KESIHATAN SIMPANG KUALA 3,SHAHAB PERDANA - PENDANG VIA KOTA SARANG SEMUT,myBas,,,
TAMAN ORKID Bus Stop,TAMAN ORKID,SHAHAB PERDANA - PENDANG VIA KOTA SARANG SEMUT,myBas,,,
AGROBAZAAR JLN GUNUNG PERAK Bus Stop,AGROBAZAAR JLN GUNUNG PERAK,SHAHAB PERDANA - PENDANG VIA KOTA SARANG SEMUT,myBas,,,
BHP TAMAN GUNUNG PERAK Bus Stop,BHP TAMAN GUNUNG PERAK,SHAHAB PERDANA - PENDANG VIA KOTA SARANG SEMUT,myBas,,,
SK DATO WAN MOHAMAD SAMAN Bus Stop,SK DATO WAN MOHAMAD SAMAN,SHAHAB PERDANA - PENDANG VIA KOTA SARANG SEMUT,myBas,,,
TANDOP Bus Stop,TANDOP,SHAHAB PERDANA - PENDANG VIA KOTA SARANG SEMUT,myBas,,,
TAMAN DESA KAMILAH Bus Stop,TAMAN DESA KAMILAH,SHAHAB PERDANA - PENDANG VIA KOTA SARANG SEMUT,myBas,,,
TAMAN BERSATU Bus Stop,TAMAN BERSATU,SHAHAB PERDANA - PENDANG VIA KOTA SARANG SEMUT,myBas,,,
TAMAN SIMPANG EMPAT Bus Stop,TAMAN SIMPANG EMPAT,SHAHAB PERDANA - PENDANG VIA KOTA SARANG SEMUT,myBas,,,
SIMPANG EMPAT Bus Stop,SIMPANG EMPAT,SHAHAB PERDANA - PENDANG VIA KOTA SARANG SEMUT,myBas,,,
SK HAJI HASSAN ITAM Bus Stop,SK HAJI HASSAN ITAM,SHAHAB PERDANA - PENDANG VIA KOTA SARANG SEMUT,myBas,,,
SMA IHYA UL ULUM AD DINIAH Bus Stop,SMA IHYA UL ULUM AD DINIAH,SHAHAB PERDANA - PENDANG VIA KOTA SARANG SEMUT,myBas,,,
MASJID AT TAQWA Bus Stop,MASJID AT TAQWA,SHAHAB PERDANA - PENDANG VIA KOTA SARANG SEMUT,myBas,,,
SK BULUH LIMA Bus Stop,SK BULUH LIMA,SHAHAB PERDANA - PENDANG VIA KOTA SARANG SEMUT,myBas,,,
PUSAT PERNIAGAAN KOTA JAYA / KOTA SARANG SEMUT Bus Stop,PUSAT PERNIAGAAN KOTA JAYA / KOTA SARANG SEMUT,SHAHAB PERDANA - PENDANG VIA KOTA SARANG SEMUT,myBas,,,
SJK(C) MIN SIN Bus Stop,SJK(C) MIN SIN,SHAHAB PERDANA - PENDANG VIA KOTA SARANG SEMUT,myBas,,,
JALAN PENDANG TANAH MERAH Bus Stop,JALAN PENDANG TANAH MERAH,SHAHAB PERDANA - PENDANG VIA KOTA SARANG SEMUT,myBas,,,
SK BUKIT CHORAS Bus Stop,SK BUKIT CHORAS,SHAHAB PERDANA - PENDANG VIA KOTA SARANG SEMUT,myBas,,,
PEKAN KOBAH Bus Stop,PEKAN KOBAH,SHAHAB PERDANA - PENDANG VIA KOTA SARANG SEMUT,myBas,,,
SIMPANG KTM KOBAH Bus Stop,SIMPANG KTM KOBAH,SHAHAB PERDANA - PENDANG VIA KOTA SARANG SEMUT,myBas,,,
CALTEX PENDANG Bus Stop,CALTEX PENDANG,SHAHAB PERDANA - PENDANG VIA KOTA SARANG SEMUT,myBas,,,
SIMPANG BUKIT RAYA Bus Stop,SIMPANG BUKIT RAYA,SHAHAB PERDANA - PENDANG VIA KOTA SARANG SEMUT,myBas,,,
TAMAN GEMILANG 2 Bus Stop,TAMAN GEMILANG 2,SHAHAB PERDANA - PENDANG VIA KOTA SARANG SEMUT,myBas,,,
JABATAN PENDAFTARAN NEGARA  PENDANG Bus Stop,JABATAN PENDAFTARAN NEGARA  PENDANG,SHAHAB PERDANA - PENDANG VIA KOTA SARANG SEMUT,myBas,,,
SMK PENDANG Bus Stop,SMK PENDANG,SHAHAB PERDANA - PENDANG VIA KOTA SARANG SEMUT,myBas,,,
SJK(C) YENG CHENG Bus Stop,SJK(C) YENG CHENG,SHAHAB PERDANA - PENDANG VIA KOTA SARANG SEMUT,myBas,,,
PERHENTIAN BAS PENDANG Bus Stop,PERHENTIAN BAS PENDANG,SHAHAB PERDANA - PENDANG VIA KOTA SARANG SEMUT,myBas,,,
TERMINAL SHAHAB PERDANA Bus Stop,TERMINAL SHAHAB PERDANA,SHAHAB PERDANA - SUNGAI PETANI,myBas,,,
MASJID AL RAHMAH Bus Stop,MASJID AL RAHMAH,SHAHAB PERDANA - SUNGAI PETANI,myBas,,,
MEDAN SELERA TAMAN WIRA MERGONG Bus Stop,MEDAN SELERA TAMAN WIRA MERGONG,SHAHAB PERDANA - SUNGAI PETANI,myBas,,,
TAMAN WIRA Bus Stop,TAMAN WIRA,SHAHAB PERDANA - SUNGAI PETANI,myBas,,,
KG LUBUK PERINGGI Bus Stop,KG LUBUK PERINGGI,SHAHAB PERDANA - SUNGAI PETANI,myBas,,,
GIAT MARA Bus Stop,GIAT MARA,SHAHAB PERDANA - SUNGAI PETANI,myBas,,,
STOR JKR Bus Stop,STOR JKR,SHAHAB PERDANA - SUNGAI PETANI,myBas,,,
HOSPITAL ALOR SETAR Bus Stop,HOSPITAL ALOR SETAR,SHAHAB PERDANA - SUNGAI PETANI,myBas,,,
KOMPLEKS SUKAN Bus Stop,KOMPLEKS SUKAN,SHAHAB PERDANA - SUNGAI PETANI,myBas,,,
STADIUM DARUL AMAN Bus Stop,STADIUM DARUL AMAN,SHAHAB PERDANA - SUNGAI PETANI,myBas,,,
STADIUM DARUL AMAN 2 Bus Stop,STADIUM DARUL AMAN 2,SHAHAB PERDANA - SUNGAI PETANI,myBas,,,
BAKAR BATA Bus Stop,BAKAR BATA,SHAHAB PERDANA - SUNGAI PETANI,myBas,,,
WISMA KANCUT Bus Stop,WISMA KANCUT,SHAHAB PERDANA - SUNGAI PETANI,myBas,,,
AMAN CENTRAL / MENARA ALOR SETAR Bus Stop,AMAN CENTRAL / MENARA ALOR SETAR,SHAHAB PERDANA - SUNGAI PETANI,myBas,,,
DATARAN ALOR SETAR Bus Stop,DATARAN ALOR SETAR,SHAHAB PERDANA - SUNGAI PETANI,myBas,,,
PEKAN RABU Bus Stop,PEKAN RABU,SHAHAB PERDANA - SUNGAI PETANI,myBas,,,
SEBERANG PERAK Bus Stop,SEBERANG PERAK,SHAHAB PERDANA - SUNGAI PETANI,myBas,,,
HIJAU KUNING Bus Stop,HIJAU KUNING,SHAHAB PERDANA - SUNGAI PETANI,myBas,,,
SJK(C) SIN MIN Bus Stop,SJK(C) SIN MIN,SHAHAB PERDANA - SUNGAI PETANI,myBas,,,
SIMPANG KUALA Bus Stop,SIMPANG KUALA,SHAHAB PERDANA - SUNGAI PETANI,myBas,,,
SIMPANG KUALA 2 Bus Stop,SIMPANG KUALA 2,SHAHAB PERDANA - SUNGAI PETANI,myBas,,,
SMK TEKNIK ALOR SETAR Bus Stop,SMK TEKNIK ALOR SETAR,SHAHAB PERDANA - SUNGAI PETANI,myBas,,,
HENTIAN KOMPLEKS WANTAS Bus Stop,HENTIAN KOMPLEKS WANTAS,SHAHAB PERDANA - SUNGAI PETANI,myBas,,,
LEBUHRAYA SELATAN Bus Stop,LEBUHRAYA SELATAN,SHAHAB PERDANA - SUNGAI PETANI,myBas,,,
SK DATO WAN MOHAMAD SAMAN Bus Stop,SK DATO WAN MOHAMAD SAMAN,SHAHAB PERDANA - SUNGAI PETANI,myBas,,,
TANDOP Bus Stop,TANDOP,SHAHAB PERDANA - SUNGAI PETANI,myBas,,,
TAMAN DESA KAMILAH Bus Stop,TAMAN DESA KAMILAH,SHAHAB PERDANA - SUNGAI PETANI,myBas,,,
TAMAN BERSATU Bus Stop,TAMAN BERSATU,SHAHAB PERDANA - SUNGAI PETANI,myBas,,,
TAMAN SIMPANG EMPAT Bus Stop,TAMAN SIMPANG EMPAT,SHAHAB PERDANA - SUNGAI PETANI,myBas,,,
SIMPANG EMPAT Bus Stop,SIMPANG EMPAT,SHAHAB PERDANA - SUNGAI PETANI,myBas,,,
SK HAJI HASSAN ITAM Bus Stop,SK HAJI HASSAN ITAM,SHAHAB PERDANA - SUNGAI PETANI,myBas,,,
SMA IHYA UL ULUM AD DINIAH Bus Stop,SMA IHYA UL ULUM AD DINIAH,SHAHAB PERDANA - SUNGAI PETANI,myBas,,,
MASJID AT TAQWA Bus Stop,MASJID AT TAQWA,SHAHAB PERDANA - SUNGAI PETANI,myBas,,,
SK BULUH LIMA Bus Stop,SK BULUH LIMA,SHAHAB PERDANA - SUNGAI PETANI,myBas,,,
PUSAT PERNIAGAAN KOTA JAYA / KOTA SARANG SEMUT Bus Stop,PUSAT PERNIAGAAN KOTA JAYA / KOTA SARANG SEMUT,SHAHAB PERDANA - SUNGAI PETANI,myBas,,,
PERHENTIAN BAS KOTA SARANG SEMUT Bus Stop,PERHENTIAN BAS KOTA SARANG SEMUT,SHAHAB PERDANA - SUNGAI PETANI,myBas,,,
TAMAN MADU LEBAH / SK BUKIT BESAR Bus Stop,TAMAN MADU LEBAH / SK BUKIT BESAR,SHAHAB PERDANA - SUNGAI PETANI,myBas,,,
SMA NAHDZAH Bus Stop,SMA NAHDZAH,SHAHAB PERDANA - SUNGAI PETANI,myBas,,,
KG TUALANG Bus Stop,KG TUALANG,SHAHAB PERDANA - SUNGAI PETANI,myBas,,,
SIMPANG TIGA SG DAUN Bus Stop,SIMPANG TIGA SG DAUN,SHAHAB PERDANA - SUNGAI PETANI,myBas,,,
SK SIMPANG TIGA SG DAUN Bus Stop,SK SIMPANG TIGA SG DAUN,SHAHAB PERDANA - SUNGAI PETANI,myBas,,,
KLINIK DESA SIMPANG TIGA Bus Stop,KLINIK DESA SIMPANG TIGA,SHAHAB PERDANA - SUNGAI PETANI,myBas,,,
PONDOK POLIS SG LIMA LUAR Bus Stop,PONDOK POLIS SG LIMA LUAR,SHAHAB PERDANA - SUNGAI PETANI,myBas,,,
SK PADANG LUMAT Bus Stop,SK PADANG LUMAT,SHAHAB PERDANA - SUNGAI PETANI,myBas,,,
MASJID UBUDIAH Bus Stop,MASJID UBUDIAH,SHAHAB PERDANA - SUNGAI PETANI,myBas,,,
SMA TAUFIKIAH KHAIRIYAH AL HALIMIAH Bus Stop,SMA TAUFIKIAH KHAIRIYAH AL HALIMIAH,SHAHAB PERDANA - SUNGAI PETANI,myBas,,,
SJK(C) PEI HWA Bus Stop,SJK(C) PEI HWA,SHAHAB PERDANA - SUNGAI PETANI,myBas,,,
TAMAN CEMPEDAK INDAH Bus Stop,TAMAN CEMPEDAK INDAH,SHAHAB PERDANA - SUNGAI PETANI,myBas,,,
SMK GUAR CEMPEDAK Bus Stop,SMK GUAR CEMPEDAK,SHAHAB PERDANA - SUNGAI PETANI,myBas,,,
SMK GUAR CHEMPEDAK 2 Bus Stop,SMK GUAR CHEMPEDAK 2,SHAHAB PERDANA - SUNGAI PETANI,myBas,,,
SK GUAR CHEMPEDAK Bus Stop,SK GUAR CHEMPEDAK,SHAHAB PERDANA - SUNGAI PETANI,myBas,,,
BALAI POLIS GUAR CHEMPEDAK / PEKAN GUAR CHEMPEDAK Bus Stop,BALAI POLIS GUAR CHEMPEDAK / PEKAN GUAR CHEMPEDAK,SHAHAB PERDANA - SUNGAI PETANI,myBas,,,
KLINIK KESIHATAN GUAR CHEMPEDAK Bus Stop,KLINIK KESIHATAN GUAR CHEMPEDAK,SHAHAB PERDANA - SUNGAI PETANI,myBas,,,
BOMBA GUAR CEMPEDAK Bus Stop,BOMBA GUAR CEMPEDAK,SHAHAB PERDANA - SUNGAI PETANI,myBas,,,
GUNUNG JERAI Bus Stop,GUNUNG JERAI,SHAHAB PERDANA - SUNGAI PETANI,myBas,,,
JERAI BESTARI Bus Stop,JERAI BESTARI,SHAHAB PERDANA - SUNGAI PETANI,myBas,,,
MASJID GURUN Bus Stop,MASJID GURUN,SHAHAB PERDANA - SUNGAI PETANI,myBas,,,
SK GURUN PUSAT Bus Stop,SK GURUN PUSAT,SHAHAB PERDANA - SUNGAI PETANI,myBas,,,
KLINIK KOMINITI GURUN Bus Stop,KLINIK KOMINITI GURUN,SHAHAB PERDANA - SUNGAI PETANI,myBas,,,
PEKAN GURUN Bus Stop,PEKAN GURUN,SHAHAB PERDANA - SUNGAI PETANI,myBas,,,
TAMAN SURIA GURUN Bus Stop,TAMAN SURIA GURUN,SHAHAB PERDANA - SUNGAI PETANI,myBas,,,
KG BARU GURUN Bus Stop,KG BARU GURUN,SHAHAB PERDANA - SUNGAI PETANI,myBas,,,
SK SRI JERAI Bus Stop,SK SRI JERAI,SHAHAB PERDANA - SUNGAI PETANI,myBas,,,
SMK GURUN Bus Stop,SMK GURUN,SHAHAB PERDANA - SUNGAI PETANI,myBas,,,
SMA PEKAN GURUN Bus Stop,SMA PEKAN GURUN,SHAHAB PERDANA - SUNGAI PETANI,myBas,,,
TAMAN GURUN HARMONI Bus Stop,TAMAN GURUN HARMONI,SHAHAB PERDANA - SUNGAI PETANI,myBas,,,
TAMAN MURNI Bus Stop,TAMAN MURNI,SHAHAB PERDANA - SUNGAI PETANI,myBas,,,
TAMAN LEMBAH JERAI Bus Stop,TAMAN LEMBAH JERAI,SHAHAB PERDANA - SUNGAI PETANI,myBas,,,
PERUMAHAN PERWAJA Bus Stop,PERUMAHAN PERWAJA,SHAHAB PERDANA - SUNGAI PETANI,myBas,,,
THE CLOVE MONT RESORT Bus Stop,THE CLOVE MONT RESORT,SHAHAB PERDANA - SUNGAI PETANI,myBas,,,
SG TOK PAWANG Bus Stop,SG TOK PAWANG,SHAHAB PERDANA - SUNGAI PETANI,myBas,,,
SJK(T) TOH PAWANG Bus Stop,SJK(T) TOH PAWANG,SHAHAB PERDANA - SUNGAI PETANI,myBas,,,
PEKAN BIDONG / TAMAN SELESA Bus Stop,PEKAN BIDONG / TAMAN SELESA,SHAHAB PERDANA - SUNGAI PETANI,myBas,,,
PEKAN BEDONG Bus Stop,PEKAN BEDONG,SHAHAB PERDANA - SUNGAI PETANI,myBas,,,
SK SERI AMAN Bus Stop,SK SERI AMAN,SHAHAB PERDANA - SUNGAI PETANI,myBas,,,
PERMAIPURA Bus Stop,PERMAIPURA,SHAHAB PERDANA - SUNGAI PETANI,myBas,,,
TAMAN DESA BUDIMAN Bus Stop,TAMAN DESA BUDIMAN,SHAHAB PERDANA - SUNGAI PETANI,myBas,,,
PETRON SG LALANG Bus Stop,PETRON SG LALANG,SHAHAB PERDANA - SUNGAI PETANI,myBas,,,
PEKAN SG LALANG Bus Stop,PEKAN SG LALANG,SHAHAB PERDANA - SUNGAI PETANI,myBas,,,
PEKAN SG LALANG 2 Bus Stop,PEKAN SG LALANG 2,SHAHAB PERDANA - SUNGAI PETANI,myBas,,,
MASJID AL-MAKMUR SG LALANG Bus Stop,MASJID AL-MAKMUR SG LALANG,SHAHAB PERDANA - SUNGAI PETANI,myBas,,,
BUKIT MAKMUR Bus Stop,BUKIT MAKMUR,SHAHAB PERDANA - SUNGAI PETANI,myBas,,,
SUNGAI TUKANG Bus Stop,SUNGAI TUKANG,SHAHAB PERDANA - SUNGAI PETANI,myBas,,,
C MART SG PETANI Bus Stop,C MART SG PETANI,SHAHAB PERDANA - SUNGAI PETANI,myBas,,,
TAMAN RIA Bus Stop,TAMAN RIA,SHAHAB PERDANA - SUNGAI PETANI,myBas,,,
LOTUS SG PETANI Bus Stop,LOTUS SG PETANI,SHAHAB PERDANA - SUNGAI PETANI,myBas,,,
SM SAINS SULTAN MUHAMMAD JIWA Bus Stop,SM SAINS SULTAN MUHAMMAD JIWA,SHAHAB PERDANA - SUNGAI PETANI,myBas,,,
PENJARA SG PETANI Bus Stop,PENJARA SG PETANI,SHAHAB PERDANA - SUNGAI PETANI,myBas,,,
PEJABAT DAERAH SG PETANI Bus Stop,PEJABAT DAERAH SG PETANI,SHAHAB PERDANA - SUNGAI PETANI,myBas,,,
STESEN BAS SG PETANI Bus Stop,STESEN BAS SG PETANI,SHAHAB PERDANA - SUNGAI PETANI,myBas,,,
STESEN BAS SG PETANI Bus Stop,STESEN BAS SG PETANI,SUNGAI PETANI - PANTAI MERDEKA,myBas,,,
CENTRAL SQUARE Bus Stop,CENTRAL SQUARE,SUNGAI PETANI - PANTAI MERDEKA,myBas,,,
BAKAR ARANG Bus Stop,BAKAR ARANG,SUNGAI PETANI - PANTAI MERDEKA,myBas,,,
MASJID ABU BAKAR AS SIDDIQ Bus Stop,MASJID ABU BAKAR AS SIDDIQ,SUNGAI PETANI - PANTAI MERDEKA,myBas,,,
SMK CHE TOM Bus Stop,SMK CHE TOM,SUNGAI PETANI - PANTAI MERDEKA,myBas,,,
LOTUS BAKAR ARANG Bus Stop,LOTUS BAKAR ARANG,SUNGAI PETANI - PANTAI MERDEKA,myBas,,,
FAMA SG PETANI Bus Stop,FAMA SG PETANI,SUNGAI PETANI - PANTAI MERDEKA,myBas,,,
SG PASIR Bus Stop,SG PASIR,SUNGAI PETANI - PANTAI MERDEKA,myBas,,,
TAMAN RHU Bus Stop,TAMAN RHU,SUNGAI PETANI - PANTAI MERDEKA,myBas,,,
SJK(C) PENG MIN Bus Stop,SJK(C) PENG MIN,SUNGAI PETANI - PANTAI MERDEKA,myBas,,,
BALAI POLIS TIKAM BATU Bus Stop,BALAI POLIS TIKAM BATU,SUNGAI PETANI - PANTAI MERDEKA,myBas,,,
SK TIKAM BATU Bus Stop,SK TIKAM BATU,SUNGAI PETANI - PANTAI MERDEKA,myBas,,,
KG PADANG Bus Stop,KG PADANG,SUNGAI PETANI - PANTAI MERDEKA,myBas,,,
KG PERMATANG MERBAU Bus Stop,KG PERMATANG MERBAU,SUNGAI PETANI - PANTAI MERDEKA,myBas,,,
KG PERMATANG MERBAU 2 Bus Stop,KG PERMATANG MERBAU 2,SUNGAI PETANI - PANTAI MERDEKA,myBas,,,
KG SUNGAI KOROK Bus Stop,KG SUNGAI KOROK,SUNGAI PETANI - PANTAI MERDEKA,myBas,,,
KG PERMATANG PASIR Bus Stop,KG PERMATANG PASIR,SUNGAI PETANI - PANTAI MERDEKA,myBas,,,
KG PADANG LIMAU Bus Stop,KG PADANG LIMAU,SUNGAI PETANI - PANTAI MERDEKA,myBas,,,
KG RANTAU PANJANG Bus Stop,KG RANTAU PANJANG,SUNGAI PETANI - PANTAI MERDEKA,myBas,,,
SK RANTAU PANJANG Bus Stop,SK RANTAU PANJANG,SUNGAI PETANI - PANTAI MERDEKA,myBas,,,
KG RANTAU PANJANG 2 Bus Stop,KG RANTAU PANJANG 2,SUNGAI PETANI - PANTAI MERDEKA,myBas,,,
MASJID AL MUQARRABIN Bus Stop,MASJID AL MUQARRABIN,SUNGAI PETANI - PANTAI MERDEKA,myBas,,,
KG SEBERANG TERUS Bus Stop,KG SEBERANG TERUS,SUNGAI PETANI - PANTAI MERDEKA,myBas,,,
SK KOTA KUALA MUDA Bus Stop,SK KOTA KUALA MUDA,SUNGAI PETANI - PANTAI MERDEKA,myBas,,,
SMK KOTA KUALA MUDA Bus Stop,SMK KOTA KUALA MUDA,SUNGAI PETANI - PANTAI MERDEKA,myBas,,,
SINTOK BUGIS Bus Stop,SINTOK BUGIS,SUNGAI PETANI - PANTAI MERDEKA,myBas,,,
MAKTAB MAHMUD KUALA MUDA Bus Stop,MAKTAB MAHMUD KUALA MUDA,SUNGAI PETANI - PANTAI MERDEKA,myBas,,,
SMAIDA Bus Stop,SMAIDA,SUNGAI PETANI - PANTAI MERDEKA,myBas,,,
KLINIK DESA BUKIT MERIAM Bus Stop,KLINIK DESA BUKIT MERIAM,SUNGAI PETANI - PANTAI MERDEKA,myBas,,,
SK BUKIT MERIAM Bus Stop,SK BUKIT MERIAM,SUNGAI PETANI - PANTAI MERDEKA,myBas,,,
KG BUKIT MERIAM Bus Stop,KG BUKIT MERIAM,SUNGAI PETANI - PANTAI MERDEKA,myBas,,,
KILANG BERAS KUALA MUDA Bus Stop,KILANG BERAS KUALA MUDA,SUNGAI PETANI - PANTAI MERDEKA,myBas,,,
SK BUKIT KECHIL Bus Stop,SK BUKIT KECHIL,SUNGAI PETANI - PANTAI MERDEKA,myBas,,,
KG TELUK NIPAH Bus Stop,KG TELUK NIPAH,SUNGAI PETANI - PANTAI MERDEKA,myBas,,,
KG PANTAI MERDEKA Bus Stop,KG PANTAI MERDEKA,SUNGAI PETANI - PANTAI MERDEKA,myBas,,,
PANTAI MERDEKA Bus Stop,PANTAI MERDEKA,SUNGAI PETANI - PANTAI MERDEKA,myBas,,,
STESEN BAS SG PETANI Bus Stop,STESEN BAS SG PETANI,SUNGAI PETANI - TANJUNG DAWAI,myBas,,,
PEJABAT DAERAH SG PETANI Bus Stop,PEJABAT DAERAH SG PETANI,SUNGAI PETANI - TANJUNG DAWAI,myBas,,,
KTM SUNGAI PETANI Bus Stop,KTM SUNGAI PETANI,SUNGAI PETANI - TANJUNG DAWAI,myBas,,,
UTC SUNGAI PETANI Bus Stop,UTC SUNGAI PETANI,SUNGAI PETANI - TANJUNG DAWAI,myBas,,,
JALAN SEKERAT Bus Stop,JALAN SEKERAT,SUNGAI PETANI - TANJUNG DAWAI,myBas,,,
PENJARA SG PETANI Bus Stop,PENJARA SG PETANI,SUNGAI PETANI - TANJUNG DAWAI,myBas,,,
SM SAINS SULTAN MUHAMMAD JIWA Bus Stop,SM SAINS SULTAN MUHAMMAD JIWA,SUNGAI PETANI - TANJUNG DAWAI,myBas,,,
LOTUS SG PETANI Bus Stop,LOTUS SG PETANI,SUNGAI PETANI - TANJUNG DAWAI,myBas,,,
TAMAN RIA Bus Stop,TAMAN RIA,SUNGAI PETANI - TANJUNG DAWAI,myBas,,,
C MART SG PETANI Bus Stop,C MART SG PETANI,SUNGAI PETANI - TANJUNG DAWAI,myBas,,,
SUNGAI TUKANG Bus Stop,SUNGAI TUKANG,SUNGAI PETANI - TANJUNG DAWAI,myBas,,,
BUKIT MAKMUR Bus Stop,BUKIT MAKMUR,SUNGAI PETANI - TANJUNG DAWAI,myBas,,,
MASJID AL-MAKMUR SG LALANG Bus Stop,MASJID AL-MAKMUR SG LALANG,SUNGAI PETANI - TANJUNG DAWAI,myBas,,,
PEKAN SG LALANG 2 Bus Stop,PEKAN SG LALANG 2,SUNGAI PETANI - TANJUNG DAWAI,myBas,,,
PEKAN SG LALANG Bus Stop,PEKAN SG LALANG,SUNGAI PETANI - TANJUNG DAWAI,myBas,,,
PETRON SG LALANG Bus Stop,PETRON SG LALANG,SUNGAI PETANI - TANJUNG DAWAI,myBas,,,
TAMAN DESA BUDIMAN Bus Stop,TAMAN DESA BUDIMAN,SUNGAI PETANI - TANJUNG DAWAI,myBas,,,
PERMAIPURA Bus Stop,PERMAIPURA,SUNGAI PETANI - TANJUNG DAWAI,myBas,,,
SK SERI AMAN Bus Stop,SK SERI AMAN,SUNGAI PETANI - TANJUNG DAWAI,myBas,,,
PEKAN BEDONG Bus Stop,PEKAN BEDONG,SUNGAI PETANI - TANJUNG DAWAI,myBas,,,
KK BEDONG / SKJ(T) BEDONG Bus Stop,KK BEDONG / SKJ(T) BEDONG,SUNGAI PETANI - TANJUNG DAWAI,myBas,,,
TAMAN SEMELING INDAH Bus Stop,TAMAN SEMELING INDAH,SUNGAI PETANI - TANJUNG DAWAI,myBas,,,
AIMST UNIVERSITY Bus Stop,AIMST UNIVERSITY,SUNGAI PETANI - TANJUNG DAWAI,myBas,,,
TAMAN TASEK INDAH Bus Stop,TAMAN TASEK INDAH,SUNGAI PETANI - TANJUNG DAWAI,myBas,,,
TAMAN SEMELING MAJU Bus Stop,TAMAN SEMELING MAJU,SUNGAI PETANI - TANJUNG DAWAI,myBas,,,
SK SEMELING Bus Stop,SK SEMELING,SUNGAI PETANI - TANJUNG DAWAI,myBas,,,
UITM PINTU UTAMA Bus Stop,UITM PINTU UTAMA,SUNGAI PETANI - TANJUNG DAWAI,myBas,,,
PPU TNB UITM 1 Bus Stop,PPU TNB UITM 1,SUNGAI PETANI - TANJUNG DAWAI,myBas,,,
SM PENDIDIKAN KHAS VOKASIONAL Bus Stop,SM PENDIDIKAN KHAS VOKASIONAL,SUNGAI PETANI - TANJUNG DAWAI,myBas,,,
PERMATA LEMBAH BUJANG Bus Stop,PERMATA LEMBAH BUJANG,SUNGAI PETANI - TANJUNG DAWAI,myBas,,,
MRSM MERBOK Bus Stop,MRSM MERBOK,SUNGAI PETANI - TANJUNG DAWAI,myBas,,,
LEMBAH BUJANG UTAMA Bus Stop,LEMBAH BUJANG UTAMA,SUNGAI PETANI - TANJUNG DAWAI,myBas,,,
MASJID AT MUTAAQIN Bus Stop,MASJID AT MUTAAQIN,SUNGAI PETANI - TANJUNG DAWAI,myBas,,,
SK SULTAN MUZAFFAR Bus Stop,SK SULTAN MUZAFFAR,SUNGAI PETANI - TANJUNG DAWAI,myBas,,,
PONDOK AR RAHMAH Bus Stop,PONDOK AR RAHMAH,SUNGAI PETANI - TANJUNG DAWAI,myBas,,,
SIMPANG SEGANTANG GARAM Bus Stop,SIMPANG SEGANTANG GARAM,SUNGAI PETANI - TANJUNG DAWAI,myBas,,,
MASJID AT TAHIR Bus Stop,MASJID AT TAHIR,SUNGAI PETANI - TANJUNG DAWAI,myBas,,,
KLINIK DESA BAN MERBOK Bus Stop,KLINIK DESA BAN MERBOK,SUNGAI PETANI - TANJUNG DAWAI,myBas,,,
MASJID PENGKALAN KAKAP Bus Stop,MASJID PENGKALAN KAKAP,SUNGAI PETANI - TANJUNG DAWAI,myBas,,,
MASJID JAMEK AL ABIDI Bus Stop,MASJID JAMEK AL ABIDI,SUNGAI PETANI - TANJUNG DAWAI,myBas,,,
SIMPANG TIGA PASIR Bus Stop,SIMPANG TIGA PASIR,SUNGAI PETANI - TANJUNG DAWAI,myBas,,,
SMK SERI BADONG Bus Stop,SMK SERI BADONG,SUNGAI PETANI - TANJUNG DAWAI,myBas,,,
DESA HARMONI / KLINIK DESA SINGKIR Bus Stop,DESA HARMONI / KLINIK DESA SINGKIR,SUNGAI PETANI - TANJUNG DAWAI,myBas,,,
MASJID UL ULA Bus Stop,MASJID UL ULA,SUNGAI PETANI - TANJUNG DAWAI,myBas,,,
SK SINGKIR Bus Stop,SK SINGKIR,SUNGAI PETANI - TANJUNG DAWAI,myBas,,,
BALAI POLIS SINGKIR Bus Stop,BALAI POLIS SINGKIR,SUNGAI PETANI - TANJUNG DAWAI,myBas,,,
SIMPANG TIGA SG PIAL Bus Stop,SIMPANG TIGA SG PIAL,SUNGAI PETANI - TANJUNG DAWAI,myBas,,,
PANTAI RHU Bus Stop,PANTAI RHU,SUNGAI PETANI - TANJUNG DAWAI,myBas,,,
SJK(C) CHOONG CHENG Bus Stop,SJK(C) CHOONG CHENG,SUNGAI PETANI - TANJUNG DAWAI,myBas,,,
TANJUNG DAWAI Bus Stop,TANJUNG DAWAI,SUNGAI PETANI - TANJUNG DAWAI,myBas,,,
STESEN BAS SG PETANI Bus Stop,STESEN BAS SG PETANI,SUNGAI PETANI - TAMAN BANDAR BARU,myBas,,,
PEJABAT DAERAH SG PETANI Bus Stop,PEJABAT DAERAH SG PETANI,SUNGAI PETANI - TAMAN BANDAR BARU,myBas,,,
KTM SUNGAI PETANI Bus Stop,KTM SUNGAI PETANI,SUNGAI PETANI - TAMAN BANDAR BARU,myBas,,,
UTC SUNGAI PETANI Bus Stop,UTC SUNGAI PETANI,SUNGAI PETANI - TAMAN BANDAR BARU,myBas,,,
JALAN SEKERAT Bus Stop,JALAN SEKERAT,SUNGAI PETANI - TAMAN BANDAR BARU,myBas,,,
PENJARA SG PETANI Bus Stop,PENJARA SG PETANI,SUNGAI PETANI - TAMAN BANDAR BARU,myBas,,,
SM SAINS SULTAN MUHAMMAD JIWA Bus Stop,SM SAINS SULTAN MUHAMMAD JIWA,SUNGAI PETANI - TAMAN BANDAR BARU,myBas,,,
LOTUS SG PETANI Bus Stop,LOTUS SG PETANI,SUNGAI PETANI - TAMAN BANDAR BARU,myBas,,,
TAMAN RIA Bus Stop,TAMAN RIA,SUNGAI PETANI - TAMAN BANDAR BARU,myBas,,,
C MART SG PETANI Bus Stop,C MART SG PETANI,SUNGAI PETANI - TAMAN BANDAR BARU,myBas,,,
SUNGAI TUKANG Bus Stop,SUNGAI TUKANG,SUNGAI PETANI - TAMAN BANDAR BARU,myBas,,,
BUKIT MAKMUR Bus Stop,BUKIT MAKMUR,SUNGAI PETANI - TAMAN BANDAR BARU,myBas,,,
MASJID AL-MAKMUR SG LALANG Bus Stop,MASJID AL-MAKMUR SG LALANG,SUNGAI PETANI - TAMAN BANDAR BARU,myBas,,,
PEKAN SG LALANG 2 Bus Stop,PEKAN SG LALANG 2,SUNGAI PETANI - TAMAN BANDAR BARU,myBas,,,
SMK AMAN JAYA Bus Stop,SMK AMAN JAYA,SUNGAI PETANI - TAMAN BANDAR BARU,myBas,,,
TAMAN GEMILANG Bus Stop,TAMAN GEMILANG,SUNGAI PETANI - TAMAN BANDAR BARU,myBas,,,
TAMAN SUNGAI LALANG Bus Stop,TAMAN SUNGAI LALANG,SUNGAI PETANI - TAMAN BANDAR BARU,myBas,,,
JALAN TAMAN BANDAR BARU Bus Stop,JALAN TAMAN BANDAR BARU,SUNGAI PETANI - TAMAN BANDAR BARU,myBas,,,
JALAN TAMAN BANDAR BARU 2 Bus Stop,JALAN TAMAN BANDAR BARU 2,SUNGAI PETANI - TAMAN BANDAR BARU,myBas,,,
JALAN TAMAN BANDAR BARU / LORONG JATI 55C Bus Stop,JALAN TAMAN BANDAR BARU / LORONG JATI 55C,SUNGAI PETANI - TAMAN BANDAR BARU,myBas,,,
JALAN TAMAN BANDAR BARU / LORONG JATI 61C Bus Stop,JALAN TAMAN BANDAR BARU / LORONG JATI 61C,SUNGAI PETANI - TAMAN BANDAR BARU,myBas,,,
KLINIK KESIHATAN SG LALANG Bus Stop,KLINIK KESIHATAN SG LALANG,SUNGAI PETANI - TAMAN BANDAR BARU,myBas,,,
STESEN BAS SG PETANI Bus Stop,STESEN BAS SG PETANI,SUNGAI PETANI - TAMAN KELISA,myBas,,,
PEJABAT DAERAH SG PETANI Bus Stop,PEJABAT DAERAH SG PETANI,SUNGAI PETANI - TAMAN KELISA,myBas,,,
KTM SUNGAI PETANI Bus Stop,KTM SUNGAI PETANI,SUNGAI PETANI - TAMAN KELISA,myBas,,,
UTC SUNGAI PETANI Bus Stop,UTC SUNGAI PETANI,SUNGAI PETANI - TAMAN KELISA,myBas,,,
JALAN SEKERAT Bus Stop,JALAN SEKERAT,SUNGAI PETANI - TAMAN KELISA,myBas,,,
PENJARA SG PETANI Bus Stop,PENJARA SG PETANI,SUNGAI PETANI - TAMAN KELISA,myBas,,,
SM SAINS SULTAN MUHAMMAD JIWA Bus Stop,SM SAINS SULTAN MUHAMMAD JIWA,SUNGAI PETANI - TAMAN KELISA,myBas,,,
LOTUS SG PETANI Bus Stop,LOTUS SG PETANI,SUNGAI PETANI - TAMAN KELISA,myBas,,,
TAMAN RIA Bus Stop,TAMAN RIA,SUNGAI PETANI - TAMAN KELISA,myBas,,,
HOSPITAL SULTAN ABDUL HALIM Bus Stop,HOSPITAL SULTAN ABDUL HALIM,SUNGAI PETANI - TAMAN KELISA,myBas,,,
LHDN SUNGAI PETANI Bus Stop,LHDN SUNGAI PETANI,SUNGAI PETANI - TAMAN KELISA,myBas,,,
TAMAN ANGGERIK Bus Stop,TAMAN ANGGERIK,SUNGAI PETANI - TAMAN KELISA,myBas,,,
TAMAN AMANJAYA Bus Stop,TAMAN AMANJAYA,SUNGAI PETANI - TAMAN KELISA,myBas,,,
PONDOK POLIS TAMAN KELISA RIA Bus Stop,PONDOK POLIS TAMAN KELISA RIA,SUNGAI PETANI - TAMAN KELISA,myBas,,,
TAMAN KELISA RIA A Bus Stop,TAMAN KELISA RIA A,SUNGAI PETANI - TAMAN KELISA,myBas,,,
STESEN BAS SG PETANI Bus Stop,STESEN BAS SG PETANI,SUNGAI PETANI - TAMAN RIA JAYA TAMAN BATIK,myBas,,,
PEJABAT DAERAH SG PETANI Bus Stop,PEJABAT DAERAH SG PETANI,SUNGAI PETANI - TAMAN RIA JAYA TAMAN BATIK,myBas,,,
KTM SUNGAI PETANI Bus Stop,KTM SUNGAI PETANI,SUNGAI PETANI - TAMAN RIA JAYA TAMAN BATIK,myBas,,,
UTC SUNGAI PETANI Bus Stop,UTC SUNGAI PETANI,SUNGAI PETANI - TAMAN RIA JAYA TAMAN BATIK,myBas,,,
JALAN SEKERAT Bus Stop,JALAN SEKERAT,SUNGAI PETANI - TAMAN RIA JAYA TAMAN BATIK,myBas,,,
PENJARA SG PETANI Bus Stop,PENJARA SG PETANI,SUNGAI PETANI - TAMAN RIA JAYA TAMAN BATIK,myBas,,,
IKM SUNGAI PETANI Bus Stop,IKM SUNGAI PETANI,SUNGAI PETANI - TAMAN RIA JAYA TAMAN BATIK,myBas,,,
TAMAN RIA INDAH Bus Stop,TAMAN RIA INDAH,SUNGAI PETANI - TAMAN RIA JAYA TAMAN BATIK,myBas,,,
TAMAN RIA JAYA 1 Bus Stop,TAMAN RIA JAYA 1,SUNGAI PETANI - TAMAN RIA JAYA TAMAN BATIK,myBas,,,
TAMAN RIA JAYA 2 Bus Stop,TAMAN RIA JAYA 2,SUNGAI PETANI - TAMAN RIA JAYA TAMAN BATIK,myBas,,,
PASAR FLAT PAYA NAHU Bus Stop,PASAR FLAT PAYA NAHU,SUNGAI PETANI - TAMAN RIA JAYA TAMAN BATIK,myBas,,,
FLAT PAYA NAHU Bus Stop,FLAT PAYA NAHU,SUNGAI PETANI - TAMAN RIA JAYA TAMAN BATIK,myBas,,,
TAMAN RIA JAYA 3 Bus Stop,TAMAN RIA JAYA 3,SUNGAI PETANI - TAMAN RIA JAYA TAMAN BATIK,myBas,,,
MASJID SULTAN ABDUL HALIM SUNGAI PETANI Bus Stop,MASJID SULTAN ABDUL HALIM SUNGAI PETANI,SUNGAI PETANI - TAMAN RIA JAYA TAMAN BATIK,myBas,,,
TAMAN RIA JAYA 4 Bus Stop,TAMAN RIA JAYA 4,SUNGAI PETANI - TAMAN RIA JAYA TAMAN BATIK,myBas,,,
SMK TAMAN RIA JAYA 1 Bus Stop,SMK TAMAN RIA JAYA 1,SUNGAI PETANI - TAMAN RIA JAYA TAMAN BATIK,myBas,,,
SMK TAMAN RIA JAYA 2 Bus Stop,SMK TAMAN RIA JAYA 2,SUNGAI PETANI - TAMAN RIA JAYA TAMAN BATIK,myBas,,,
KAWASAN PERINDUSTRIAN TAMAN RIA JAYA 1 Bus Stop,KAWASAN PERINDUSTRIAN TAMAN RIA JAYA 1,SUNGAI PETANI - TAMAN RIA JAYA TAMAN BATIK,myBas,,,
KAWASAN PERINDUSTRIAN TAMAN RIA JAYA 2 Bus Stop,KAWASAN PERINDUSTRIAN TAMAN RIA JAYA 2,SUNGAI PETANI - TAMAN RIA JAYA TAMAN BATIK,myBas,,,
MYDIN TAMAN BATIK Bus Stop,MYDIN TAMAN BATIK,SUNGAI PETANI - TAMAN RIA JAYA TAMAN BATIK,myBas,,,
TERMINAL SHAHAB PERDANA Bus Stop,TERMINAL SHAHAB PERDANA,K100 ALOR SETAR FEEDER(O),myBas,,,
MASJID AL RAHMAH Bus Stop,MASJID AL RAHMAH,K100 ALOR SETAR FEEDER(O),myBas,,,
MEDAN SELERA TAMAN WIRA MERGONG Bus Stop,MEDAN SELERA TAMAN WIRA MERGONG,K100 ALOR SETAR FEEDER(O),myBas,,,
SJK(C) PUMPONG Bus Stop,SJK(C) PUMPONG,K100 ALOR SETAR FEEDER(O),myBas,,,
KOLEJ POLY TECH MARA Bus Stop,KOLEJ POLY TECH MARA,K100 ALOR SETAR FEEDER(O),myBas,,,
KOMPLEKS BADMINTON Bus Stop,KOMPLEKS BADMINTON,K100 ALOR SETAR FEEDER(O),myBas,,,
PEJABAT DAERAH Bus Stop,PEJABAT DAERAH,K100 ALOR SETAR FEEDER(O),myBas,,,
JPJ Bus Stop,JPJ,K100 ALOR SETAR FEEDER(O),myBas,,,
PANTAI JOHOR Bus Stop,PANTAI JOHOR,K100 ALOR SETAR FEEDER(O),myBas,,,
ALOR MERAH Bus Stop,ALOR MERAH,K100 ALOR SETAR FEEDER(O),myBas,,,
PETRONAS ALOR MERAH Bus Stop,PETRONAS ALOR MERAH,K100 ALOR SETAR FEEDER(O),myBas,,,
APARTMENT KCS Bus Stop,APARTMENT KCS,K100 ALOR SETAR FEEDER(O),myBas,,,
KELAB ROYAL KEDAH Bus Stop,KELAB ROYAL KEDAH,K100 ALOR SETAR FEEDER(O),myBas,,,
KEDAH MEDICAL CENTRE Bus Stop,KEDAH MEDICAL CENTRE,K100 ALOR SETAR FEEDER(O),myBas,,,
WISMA DARUL AMAN Bus Stop,WISMA DARUL AMAN,K100 ALOR SETAR FEEDER(O),myBas,,,
PENJARA Bus Stop,PENJARA,K100 ALOR SETAR FEEDER(O),myBas,,,
SMK SULTANAH BAHIYAH Bus Stop,SMK SULTANAH BAHIYAH,K100 ALOR SETAR FEEDER(O),myBas,,,
SM DATO SYED OMAR Bus Stop,SM DATO SYED OMAR,K100 ALOR SETAR FEEDER(O),myBas,,,
MRTC Bus Stop,MRTC,K100 ALOR SETAR FEEDER(O),myBas,,,
TAMAN PKNK 2 Bus Stop,TAMAN PKNK 2,K100 ALOR SETAR FEEDER(O),myBas,,,
TAMAN PKNK Bus Stop,TAMAN PKNK,K100 ALOR SETAR FEEDER(O),myBas,,,
OPP STADIUM DARUL AMAN Bus Stop,OPP STADIUM DARUL AMAN,K100 ALOR SETAR FEEDER(O),myBas,,,
TAMAN YAKIN / TAMAN DARUL AMAN Bus Stop,TAMAN YAKIN / TAMAN DARUL AMAN,K100 ALOR SETAR FEEDER(O),myBas,,,
WISMA PKNK Bus Stop,WISMA PKNK,K100 ALOR SETAR FEEDER(O),myBas,,,
UKIR MALL Bus Stop,UKIR MALL,K100 ALOR SETAR FEEDER(O),myBas,,,
IPD KOTA SETAR Bus Stop,IPD KOTA SETAR,K100 ALOR SETAR FEEDER(O),myBas,,,
UTC ALOR SETAR Bus Stop,UTC ALOR SETAR,K100 ALOR SETAR FEEDER(O),myBas,,,
KTM ALOR SETAR Bus Stop,KTM ALOR SETAR,K100 ALOR SETAR FEEDER(O),myBas,,,
PEKAN RABU Bus Stop,PEKAN RABU,K100 ALOR SETAR FEEDER(O),myBas,,,
DATARAN ALOR SETAR Bus Stop,DATARAN ALOR SETAR,K100 ALOR SETAR FEEDER(O),myBas,,,
AMAN CENTRAL / MENARA ALOR SETAR Bus Stop,AMAN CENTRAL / MENARA ALOR SETAR,K100 ALOR SETAR FEEDER(O),myBas,,,
SK WAN SULAIMAN SIDDIQ Bus Stop,SK WAN SULAIMAN SIDDIQ,K100 ALOR SETAR FEEDER(O),myBas,,,
STAR VILLAGE Bus Stop,STAR VILLAGE,K100 ALOR SETAR FEEDER(O),myBas,,,
KG BERJAYA Bus Stop,KG BERJAYA,K100 ALOR SETAR FEEDER(O),myBas,,,
SEKOLAH TUNKU ABDUL RAHMAN Bus Stop,SEKOLAH TUNKU ABDUL RAHMAN,K100 ALOR SETAR FEEDER(O),myBas,,,
ASRAMA POLYTECH MARA Bus Stop,ASRAMA POLYTECH MARA,K100 ALOR SETAR FEEDER(O),myBas,,,
MASJID AL HASANAH Bus Stop,MASJID AL HASANAH,K100 ALOR SETAR FEEDER(O),myBas,,,
TAMAN RAKYAT MERGONG Bus Stop,TAMAN RAKYAT MERGONG,K100 ALOR SETAR FEEDER(O),myBas,,,
KG MEMPELAM Bus Stop,KG MEMPELAM,K100 ALOR SETAR FEEDER(O),myBas,,,
LOTUS MERGONG Bus Stop,LOTUS MERGONG,K100 ALOR SETAR FEEDER(O),myBas,,,
PLAZA PERABOT CLASSY GLORY Bus Stop,PLAZA PERABOT CLASSY GLORY,K100 ALOR SETAR FEEDER(O),myBas,,,
TAMAN SELAYANG Bus Stop,TAMAN SELAYANG,K100 ALOR SETAR FEEDER(O),myBas,,,
SEKOLAH MENENGAH KEBANGSAAN AGAMA KEDAH Bus Stop,SEKOLAH MENENGAH KEBANGSAAN AGAMA KEDAH,K100 ALOR SETAR FEEDER(O),myBas,,,
SHAHAB PERDANA Bus Stop,SHAHAB PERDANA,K100 ALOR SETAR FEEDER(O),myBas,,,
STESEN BAS SG PETANI Bus Stop,STESEN BAS SG PETANI,SUNGAI PETANI - BANDAR PERDANA,myBas,,,
CENTRAL SQUARE Bus Stop,CENTRAL SQUARE,SUNGAI PETANI - BANDAR PERDANA,myBas,,,
BAKAR ARANG Bus Stop,BAKAR ARANG,SUNGAI PETANI - BANDAR PERDANA,myBas,,,
MASJID ABU BAKAR AS SIDDIQ Bus Stop,MASJID ABU BAKAR AS SIDDIQ,SUNGAI PETANI - BANDAR PERDANA,myBas,,,
SMK CHE TOM Bus Stop,SMK CHE TOM,SUNGAI PETANI - BANDAR PERDANA,myBas,,,
LOTUS BAKAR ARANG Bus Stop,LOTUS BAKAR ARANG,SUNGAI PETANI - BANDAR PERDANA,myBas,,,
KAWASAN PERINDUSTRIAN BAKAR ARANG Bus Stop,KAWASAN PERINDUSTRIAN BAKAR ARANG,SUNGAI PETANI - BANDAR PERDANA,myBas,,,
SANSHIN Bus Stop,SANSHIN,SUNGAI PETANI - BANDAR PERDANA,myBas,,,
TAMAN SRI WANG Bus Stop,TAMAN SRI WANG,SUNGAI PETANI - BANDAR PERDANA,myBas,,,
SK SRI WANG Bus Stop,SK SRI WANG,SUNGAI PETANI - BANDAR PERDANA,myBas,,,
TAMAN KELADI Bus Stop,TAMAN KELADI,SUNGAI PETANI - BANDAR PERDANA,myBas,,,
MASJID TAMAN KELADI Bus Stop,MASJID TAMAN KELADI,SUNGAI PETANI - BANDAR PERDANA,myBas,,,
TAMAN KELADI 2 Bus Stop,TAMAN KELADI 2,SUNGAI PETANI - BANDAR PERDANA,myBas,,,
SJK(T) TAMAN KELADI Bus Stop,SJK(T) TAMAN KELADI,SUNGAI PETANI - BANDAR PERDANA,myBas,,,
SIN MIN SECONDARY SCHOOL Bus Stop,SIN MIN SECONDARY SCHOOL,SUNGAI PETANI - BANDAR PERDANA,myBas,,,
LEBUH PERDANA 1 Bus Stop,LEBUH PERDANA 1,SUNGAI PETANI - BANDAR PERDANA,myBas,,,
LEBUH PERDANA 2 Bus Stop,LEBUH PERDANA 2,SUNGAI PETANI - BANDAR PERDANA,myBas,,,
SIMPANG BINTANG MAYA Bus Stop,SIMPANG BINTANG MAYA,SUNGAI PETANI - BANDAR PERDANA,myBas,,,
BINTANG MAYA / BANDAR PERDANA Bus Stop,BINTANG MAYA / BANDAR PERDANA,SUNGAI PETANI - BANDAR PERDANA,myBas,,,
SHAHAB PERDANA Bus Stop,SHAHAB PERDANA,K100 ALOR SETAR FEEDER(I),myBas,,,
SEKOLAH MENENGAH KEBANGSAAN AGAMA KEDAH Bus Stop,SEKOLAH MENENGAH KEBANGSAAN AGAMA KEDAH,K100 ALOR SETAR FEEDER(I),myBas,,,
TAMAN SELAYANG Bus Stop,TAMAN SELAYANG,K100 ALOR SETAR FEEDER(I),myBas,,,
PLAZA PERABOT CLASSY GLORY Bus Stop,PLAZA PERABOT CLASSY GLORY,K100 ALOR SETAR FEEDER(I),myBas,,,
LOTUS MERGONG Bus Stop,LOTUS MERGONG,K100 ALOR SETAR FEEDER(I),myBas,,,
KG MEMPELAM Bus Stop,KG MEMPELAM,K100 ALOR SETAR FEEDER(I),myBas,,,
TAMAN RAKYAT MERGONG Bus Stop,TAMAN RAKYAT MERGONG,K100 ALOR SETAR FEEDER(I),myBas,,,
MASJID AL HASANAH Bus Stop,MASJID AL HASANAH,K100 ALOR SETAR FEEDER(I),myBas,,,
ASRAMA POLYTECH MARA Bus Stop,ASRAMA POLYTECH MARA,K100 ALOR SETAR FEEDER(I),myBas,,,
SEKOLAH TUNKU ABDUL RAHMAN Bus Stop,SEKOLAH TUNKU ABDUL RAHMAN,K100 ALOR SETAR FEEDER(I),myBas,,,
KG BERJAYA Bus Stop,KG BERJAYA,K100 ALOR SETAR FEEDER(I),myBas,,,
STAR VILLAGE Bus Stop,STAR VILLAGE,K100 ALOR SETAR FEEDER(I),myBas,,,
SK WAN SULAIMAN SIDDIQ Bus Stop,SK WAN SULAIMAN SIDDIQ,K100 ALOR SETAR FEEDER(I),myBas,,,
AMAN CENTRAL / MENARA ALOR SETAR Bus Stop,AMAN CENTRAL / MENARA ALOR SETAR,K100 ALOR SETAR FEEDER(I),myBas,,,
DATARAN ALOR SETAR Bus Stop,DATARAN ALOR SETAR,K100 ALOR SETAR FEEDER(I),myBas,,,
PEKAN RABU Bus Stop,PEKAN RABU,K100 ALOR SETAR FEEDER(I),myBas,,,
KTM ALOR SETAR Bus Stop,KTM ALOR SETAR,K100 ALOR SETAR FEEDER(I),myBas,,,
UTC ALOR SETAR Bus Stop,UTC ALOR SETAR,K100 ALOR SETAR FEEDER(I),myBas,,,
IPD KOTA SETAR Bus Stop,IPD KOTA SETAR,K100 ALOR SETAR FEEDER(I),myBas,,,
UKIR MALL Bus Stop,UKIR MALL,K100 ALOR SETAR FEEDER(I),myBas,,,
WISMA PKNK Bus Stop,WISMA PKNK,K100 ALOR SETAR FEEDER(I),myBas,,,
TAMAN YAKIN / TAMAN DARUL AMAN Bus Stop,TAMAN YAKIN / TAMAN DARUL AMAN,K100 ALOR SETAR FEEDER(I),myBas,,,
OPP STADIUM DARUL AMAN Bus Stop,OPP STADIUM DARUL AMAN,K100 ALOR SETAR FEEDER(I),myBas,,,
TAMAN PKNK Bus Stop,TAMAN PKNK,K100 ALOR SETAR FEEDER(I),myBas,,,
TAMAN PKNK 2 Bus Stop,TAMAN PKNK 2,K100 ALOR SETAR FEEDER(I),myBas,,,
MRTC Bus Stop,MRTC,K100 ALOR SETAR FEEDER(I),myBas,,,
SM DATO SYED OMAR Bus Stop,SM DATO SYED OMAR,K100 ALOR SETAR FEEDER(I),myBas,,,
SMK SULTANAH BAHIYAH Bus Stop,SMK SULTANAH BAHIYAH,K100 ALOR SETAR FEEDER(I),myBas,,,
PENJARA Bus Stop,PENJARA,K100 ALOR SETAR FEEDER(I),myBas,,,
WISMA DARUL AMAN Bus Stop,WISMA DARUL AMAN,K100 ALOR SETAR FEEDER(I),myBas,,,
KEDAH MEDICAL CENTRE Bus Stop,KEDAH MEDICAL CENTRE,K100 ALOR SETAR FEEDER(I),myBas,,,
KELAB ROYAL KEDAH Bus Stop,KELAB ROYAL KEDAH,K100 ALOR SETAR FEEDER(I),myBas,,,
APARTMENT KCS Bus Stop,APARTMENT KCS,K100 ALOR SETAR FEEDER(I),myBas,,,
PETRONAS ALOR MERAH Bus Stop,PETRONAS ALOR MERAH,K100 ALOR SETAR FEEDER(I),myBas,,,
ALOR MERAH Bus Stop,ALOR MERAH,K100 ALOR SETAR FEEDER(I),myBas,,,
PANTAI JOHOR Bus Stop,PANTAI JOHOR,K100 ALOR SETAR FEEDER(I),myBas,,,
JPJ Bus Stop,JPJ,K100 ALOR SETAR FEEDER(I),myBas,,,
PEJABAT DAERAH Bus Stop,PEJABAT DAERAH,K100 ALOR SETAR FEEDER(I),myBas,,,
KOMPLEKS BADMINTON Bus Stop,KOMPLEKS BADMINTON,K100 ALOR SETAR FEEDER(I),myBas,,,
KOLEJ POLY TECH MARA Bus Stop,KOLEJ POLY TECH MARA,K100 ALOR SETAR FEEDER(I),myBas,,,
SJK(C) PUMPONG Bus Stop,SJK(C) PUMPONG,K100 ALOR SETAR FEEDER(I),myBas,,,
MEDAN SELERA TAMAN WIRA MERGONG Bus Stop,MEDAN SELERA TAMAN WIRA MERGONG,K100 ALOR SETAR FEEDER(I),myBas,,,
MASJID AL RAHMAH Bus Stop,MASJID AL RAHMAH,K100 ALOR SETAR FEEDER(I),myBas,,,
TERMINAL SHAHAB PERDANA Bus Stop,TERMINAL SHAHAB PERDANA,K100 ALOR SETAR FEEDER(I),myBas,,,
STESEN BAS MEDAN KIDD Bus Stop,STESEN BAS MEDAN KIDD,TERMINAL MEDAN KIDD - TERMINAL AMANJAYA,myBas,,,
SJKT PERAK SANGEETHA Bus Stop,SJKT PERAK SANGEETHA,TERMINAL MEDAN KIDD - TERMINAL AMANJAYA,myBas,,,
KG TELI Bus Stop,KG TELI,TERMINAL MEDAN KIDD - TERMINAL AMANJAYA,myBas,,,
CHURCH OF LADY LOURDES Bus Stop,CHURCH OF LADY LOURDES,TERMINAL MEDAN KIDD - TERMINAL AMANJAYA,myBas,,,
PERUMAHAN PEGAWAI KASTAM SILIBIN Bus Stop,PERUMAHAN PEGAWAI KASTAM SILIBIN,TERMINAL MEDAN KIDD - TERMINAL AMANJAYA,myBas,,,
MAYBANK SILIBIN Bus Stop,MAYBANK SILIBIN,TERMINAL MEDAN KIDD - TERMINAL AMANJAYA,myBas,,,
UNIT SELENGGARAAN TNB SILIBIN Bus Stop,UNIT SELENGGARAAN TNB SILIBIN,TERMINAL MEDAN KIDD - TERMINAL AMANJAYA,myBas,,,
GAYATHIRI SILIBIN Bus Stop,GAYATHIRI SILIBIN,TERMINAL MEDAN KIDD - TERMINAL AMANJAYA,myBas,,,
TMN SILIBIN Bus Stop,TMN SILIBIN,TERMINAL MEDAN KIDD - TERMINAL AMANJAYA,myBas,,,
KLINIK KESIHATAN JELAPANG Bus Stop,KLINIK KESIHATAN JELAPANG,TERMINAL MEDAN KIDD - TERMINAL AMANJAYA,myBas,,,
BILLION SILIBIN Bus Stop,BILLION SILIBIN,TERMINAL MEDAN KIDD - TERMINAL AMANJAYA,myBas,,,
CIMB BANK SILIBIN Bus Stop,CIMB BANK SILIBIN,TERMINAL MEDAN KIDD - TERMINAL AMANJAYA,myBas,,,
PETRONAS JELAPANG Bus Stop,PETRONAS JELAPANG,TERMINAL MEDAN KIDD - TERMINAL AMANJAYA,myBas,,,
KG MANJOI Bus Stop,KG MANJOI,TERMINAL MEDAN KIDD - TERMINAL AMANJAYA,myBas,,,
KILANG YEOS Bus Stop,KILANG YEOS,TERMINAL MEDAN KIDD - TERMINAL AMANJAYA,myBas,,,
TELEKOM MALAYSIA JELAPANG Bus Stop,TELEKOM MALAYSIA JELAPANG,TERMINAL MEDAN KIDD - TERMINAL AMANJAYA,myBas,,,
KG JELAPANG LAMA Bus Stop,KG JELAPANG LAMA,TERMINAL MEDAN KIDD - TERMINAL AMANJAYA,myBas,,,
PASAR JELAPANG Bus Stop,PASAR JELAPANG,TERMINAL MEDAN KIDD - TERMINAL AMANJAYA,myBas,,,
ECONSAVE JELAPANG Bus Stop,ECONSAVE JELAPANG,TERMINAL MEDAN KIDD - TERMINAL AMANJAYA,myBas,,,
SIDNEY INDUSTRIES Bus Stop,SIDNEY INDUSTRIES,TERMINAL MEDAN KIDD - TERMINAL AMANJAYA,myBas,,,
KILANG MAPA Bus Stop,KILANG MAPA,TERMINAL MEDAN KIDD - TERMINAL AMANJAYA,myBas,,,
KILANG CARSEM Bus Stop,KILANG CARSEM,TERMINAL MEDAN KIDD - TERMINAL AMANJAYA,myBas,,,
KILANG FT HOSE HOSE Bus Stop,KILANG FT HOSE HOSE,TERMINAL MEDAN KIDD - TERMINAL AMANJAYA,myBas,,,
TMN JATI Bus Stop,TMN JATI,TERMINAL MEDAN KIDD - TERMINAL AMANJAYA,myBas,,,
TERMINAL AMANJAYA Bus Stop,TERMINAL AMANJAYA,TERMINAL MEDAN KIDD - TERMINAL AMANJAYA,myBas,,,
TOKONG KUDA Bus Stop,TOKONG KUDA,TERMINAL MEDAN KIDD - TERMINAL AMANJAYA,myBas,,,
STESEN BAS MEDAN KIDD Bus Stop,STESEN BAS MEDAN KIDD,TERMINAL MEDAN KIDD - TERMINAL AMANJAYA - CHEMOR,myBas,,,
SJKT PERAK SANGEETHA Bus Stop,SJKT PERAK SANGEETHA,TERMINAL MEDAN KIDD - TERMINAL AMANJAYA - CHEMOR,myBas,,,
KG TELI Bus Stop,KG TELI,TERMINAL MEDAN KIDD - TERMINAL AMANJAYA - CHEMOR,myBas,,,
CHURCH OF LADY LOURDES Bus Stop,CHURCH OF LADY LOURDES,TERMINAL MEDAN KIDD - TERMINAL AMANJAYA - CHEMOR,myBas,,,
PERUMAHAN PEGAWAI KASTAM SILIBIN Bus Stop,PERUMAHAN PEGAWAI KASTAM SILIBIN,TERMINAL MEDAN KIDD - TERMINAL AMANJAYA - CHEMOR,myBas,,,
MAYBANK SILIBIN Bus Stop,MAYBANK SILIBIN,TERMINAL MEDAN KIDD - TERMINAL AMANJAYA - CHEMOR,myBas,,,
UNIT SELENGGARAAN TNB SILIBIN Bus Stop,UNIT SELENGGARAAN TNB SILIBIN,TERMINAL MEDAN KIDD - TERMINAL AMANJAYA - CHEMOR,myBas,,,
GAYATHIRI SILIBIN Bus Stop,GAYATHIRI SILIBIN,TERMINAL MEDAN KIDD - TERMINAL AMANJAYA - CHEMOR,myBas,,,
TMN SILIBIN Bus Stop,TMN SILIBIN,TERMINAL MEDAN KIDD - TERMINAL AMANJAYA - CHEMOR,myBas,,,
KLINIK KESIHATAN JELAPANG Bus Stop,KLINIK KESIHATAN JELAPANG,TERMINAL MEDAN KIDD - TERMINAL AMANJAYA - CHEMOR,myBas,,,
BILLION SILIBIN Bus Stop,BILLION SILIBIN,TERMINAL MEDAN KIDD - TERMINAL AMANJAYA - CHEMOR,myBas,,,
CIMB BANK SILIBIN Bus Stop,CIMB BANK SILIBIN,TERMINAL MEDAN KIDD - TERMINAL AMANJAYA - CHEMOR,myBas,,,
PETRONAS JELAPANG Bus Stop,PETRONAS JELAPANG,TERMINAL MEDAN KIDD - TERMINAL AMANJAYA - CHEMOR,myBas,,,
KG MANJOI Bus Stop,KG MANJOI,TERMINAL MEDAN KIDD - TERMINAL AMANJAYA - CHEMOR,myBas,,,
KILANG YEOS Bus Stop,KILANG YEOS,TERMINAL MEDAN KIDD - TERMINAL AMANJAYA - CHEMOR,myBas,,,
TELEKOM MALAYSIA JELAPANG Bus Stop,TELEKOM MALAYSIA JELAPANG,TERMINAL MEDAN KIDD - TERMINAL AMANJAYA - CHEMOR,myBas,,,
KG JELAPANG LAMA Bus Stop,KG JELAPANG LAMA,TERMINAL MEDAN KIDD - TERMINAL AMANJAYA - CHEMOR,myBas,,,
PASAR JELAPANG Bus Stop,PASAR JELAPANG,TERMINAL MEDAN KIDD - TERMINAL AMANJAYA - CHEMOR,myBas,,,
ECONSAVE JELAPANG Bus Stop,ECONSAVE JELAPANG,TERMINAL MEDAN KIDD - TERMINAL AMANJAYA - CHEMOR,myBas,,,
SIDNEY INDUSTRIES Bus Stop,SIDNEY INDUSTRIES,TERMINAL MEDAN KIDD - TERMINAL AMANJAYA - CHEMOR,myBas,,,
KILANG MAPA Bus Stop,KILANG MAPA,TERMINAL MEDAN KIDD - TERMINAL AMANJAYA - CHEMOR,myBas,,,
KILANG CARSEM Bus Stop,KILANG CARSEM,TERMINAL MEDAN KIDD - TERMINAL AMANJAYA - CHEMOR,myBas,,,
KILANG FT HOSE HOSE Bus Stop,KILANG FT HOSE HOSE,TERMINAL MEDAN KIDD - TERMINAL AMANJAYA - CHEMOR,myBas,,,
TMN JATI Bus Stop,TMN JATI,TERMINAL MEDAN KIDD - TERMINAL AMANJAYA - CHEMOR,myBas,,,
TERMINAL AMANJAYA Bus Stop,TERMINAL AMANJAYA,TERMINAL MEDAN KIDD - TERMINAL AMANJAYA - CHEMOR,myBas,,,
TMN MERU PERMAI Bus Stop,TMN MERU PERMAI,TERMINAL MEDAN KIDD - TERMINAL AMANJAYA - CHEMOR,myBas,,,
TMN MERU PERDANA Bus Stop,TMN MERU PERDANA,TERMINAL MEDAN KIDD - TERMINAL AMANJAYA - CHEMOR,myBas,,,
SEKOLAH AGAMA KG CHEPOR Bus Stop,SEKOLAH AGAMA KG CHEPOR,TERMINAL MEDAN KIDD - TERMINAL AMANJAYA - CHEMOR,myBas,,,
MAAHAD AL-UMMAH Bus Stop,MAAHAD AL-UMMAH,TERMINAL MEDAN KIDD - TERMINAL AMANJAYA - CHEMOR,myBas,,,
TMN CHEPOR INDAH Bus Stop,TMN CHEPOR INDAH,TERMINAL MEDAN KIDD - TERMINAL AMANJAYA - CHEMOR,myBas,,,
KG BARU KUALA KUANG Bus Stop,KG BARU KUALA KUANG,TERMINAL MEDAN KIDD - TERMINAL AMANJAYA - CHEMOR,myBas,,,
ECONSAVE CHEPOR Bus Stop,ECONSAVE CHEPOR,TERMINAL MEDAN KIDD - TERMINAL AMANJAYA - CHEMOR,myBas,,,
TMN HARTAWAN Bus Stop,TMN HARTAWAN,TERMINAL MEDAN KIDD - TERMINAL AMANJAYA - CHEMOR,myBas,,,
RESTORAN EAST OCEAN Bus Stop,RESTORAN EAST OCEAN,TERMINAL MEDAN KIDD - TERMINAL AMANJAYA - CHEMOR,myBas,,,
PEKAN CHEMOR Bus Stop,PEKAN CHEMOR,TERMINAL MEDAN KIDD - TERMINAL AMANJAYA - CHEMOR,myBas,,,
BHP PEKAN CHEMOR Bus Stop,BHP PEKAN CHEMOR,TERMINAL MEDAN KIDD - TERMINAL AMANJAYA - CHEMOR,myBas,,,
BATU 10 Bus Stop,BATU 10,TERMINAL MEDAN KIDD - TERMINAL AMANJAYA - CHEMOR,myBas,,,
CHEMOR Bus Stop,CHEMOR,TERMINAL MEDAN KIDD - TERMINAL AMANJAYA - CHEMOR,myBas,,,
CHEMOR RIA Bus Stop,CHEMOR RIA,TERMINAL MEDAN KIDD - TERMINAL AMANJAYA - CHEMOR,myBas,,,
KANTHAN BARU Bus Stop,KANTHAN BARU,TERMINAL MEDAN KIDD - TERMINAL AMANJAYA - CHEMOR,myBas,,,
KANTHAN 1 Bus Stop,KANTHAN 1,TERMINAL MEDAN KIDD - TERMINAL AMANJAYA - CHEMOR,myBas,,,
KANTHAN 2 Bus Stop,KANTHAN 2,TERMINAL MEDAN KIDD - TERMINAL AMANJAYA - CHEMOR,myBas,,,
KANTHAN 3 Bus Stop,KANTHAN 3,TERMINAL MEDAN KIDD - TERMINAL AMANJAYA - CHEMOR,myBas,,,
TOKONG KUDA Bus Stop,TOKONG KUDA,TERMINAL MEDAN KIDD - TERMINAL AMANJAYA - CHEMOR,myBas,,,
STESEN BAS MEDAN KIDD Bus Stop,STESEN BAS MEDAN KIDD,TERMINAL MEDAN KIDD - KUALA KANGSAR VIA BUKIT GANTANG,myBas,,,
STESEN KTM IPOH JALAN SULTAN ISKANDAR Bus Stop,STESEN KTM IPOH JALAN SULTAN ISKANDAR,TERMINAL MEDAN KIDD - KUALA KANGSAR VIA BUKIT GANTANG,myBas,,,
BANK ISLAM IPOH Bus Stop,BANK ISLAM IPOH,TERMINAL MEDAN KIDD - KUALA KANGSAR VIA BUKIT GANTANG,myBas,,,
JKR IPOH Bus Stop,JKR IPOH,TERMINAL MEDAN KIDD - KUALA KANGSAR VIA BUKIT GANTANG,myBas,,,
SMJKC YUK CHOI Bus Stop,SMJKC YUK CHOI,TERMINAL MEDAN KIDD - KUALA KANGSAR VIA BUKIT GANTANG,myBas,,,
THOWLEE POTTERY Bus Stop,THOWLEE POTTERY,TERMINAL MEDAN KIDD - KUALA KANGSAR VIA BUKIT GANTANG,myBas,,,
IPOH MOTOR Bus Stop,IPOH MOTOR,TERMINAL MEDAN KIDD - KUALA KANGSAR VIA BUKIT GANTANG,myBas,,,
TOKONG CINA Bus Stop,TOKONG CINA,TERMINAL MEDAN KIDD - KUALA KANGSAR VIA BUKIT GANTANG,myBas,,,
TOYOTA Bus Stop,TOYOTA,TERMINAL MEDAN KIDD - KUALA KANGSAR VIA BUKIT GANTANG,myBas,,,
IPOH GROVE Bus Stop,IPOH GROVE,TERMINAL MEDAN KIDD - KUALA KANGSAR VIA BUKIT GANTANG,myBas,,,
GUNUNG HELANG Bus Stop,GUNUNG HELANG,TERMINAL MEDAN KIDD - KUALA KANGSAR VIA BUKIT GANTANG,myBas,,,
SRI DESA Bus Stop,SRI DESA,TERMINAL MEDAN KIDD - KUALA KANGSAR VIA BUKIT GANTANG,myBas,,,
PERAK TONG Bus Stop,PERAK TONG,TERMINAL MEDAN KIDD - KUALA KANGSAR VIA BUKIT GANTANG,myBas,,,
PERCETAKAN NASIONAL Bus Stop,PERCETAKAN NASIONAL,TERMINAL MEDAN KIDD - KUALA KANGSAR VIA BUKIT GANTANG,myBas,,,
BALAI POLIS KG TAWAS Bus Stop,BALAI POLIS KG TAWAS,TERMINAL MEDAN KIDD - KUALA KANGSAR VIA BUKIT GANTANG,myBas,,,
TASEK Bus Stop,TASEK,TERMINAL MEDAN KIDD - KUALA KANGSAR VIA BUKIT GANTANG,myBas,,,
IGB Bus Stop,IGB,TERMINAL MEDAN KIDD - KUALA KANGSAR VIA BUKIT GANTANG,myBas,,,
TELEKOM TASEK Bus Stop,TELEKOM TASEK,TERMINAL MEDAN KIDD - KUALA KANGSAR VIA BUKIT GANTANG,myBas,,,
PETRONAS KLEBANG Bus Stop,PETRONAS KLEBANG,TERMINAL MEDAN KIDD - KUALA KANGSAR VIA BUKIT GANTANG,myBas,,,
KLEBANG JAYA Bus Stop,KLEBANG JAYA,TERMINAL MEDAN KIDD - KUALA KANGSAR VIA BUKIT GANTANG,myBas,,,
AEON KLEBANG Bus Stop,AEON KLEBANG,TERMINAL MEDAN KIDD - KUALA KANGSAR VIA BUKIT GANTANG,myBas,,,
KLEBANG RESTU Bus Stop,KLEBANG RESTU,TERMINAL MEDAN KIDD - KUALA KANGSAR VIA BUKIT GANTANG,myBas,,,
ECONSAVE KLEBANG Bus Stop,ECONSAVE KLEBANG,TERMINAL MEDAN KIDD - KUALA KANGSAR VIA BUKIT GANTANG,myBas,,,
SRI KLEBANG Bus Stop,SRI KLEBANG,TERMINAL MEDAN KIDD - KUALA KANGSAR VIA BUKIT GANTANG,myBas,,,
HOVID Bus Stop,HOVID,TERMINAL MEDAN KIDD - KUALA KANGSAR VIA BUKIT GANTANG,myBas,,,
TMN CHEMOR INDAH Bus Stop,TMN CHEMOR INDAH,TERMINAL MEDAN KIDD - KUALA KANGSAR VIA BUKIT GANTANG,myBas,,,
BATU 9 Bus Stop,BATU 9,TERMINAL MEDAN KIDD - KUALA KANGSAR VIA BUKIT GANTANG,myBas,,,
PUBLIC BANK CHEMOR Bus Stop,PUBLIC BANK CHEMOR,TERMINAL MEDAN KIDD - KUALA KANGSAR VIA BUKIT GANTANG,myBas,,,
PEKAN CHEMOR Bus Stop,PEKAN CHEMOR,TERMINAL MEDAN KIDD - KUALA KANGSAR VIA BUKIT GANTANG,myBas,,,
BHP PEKAN CHEMOR Bus Stop,BHP PEKAN CHEMOR,TERMINAL MEDAN KIDD - KUALA KANGSAR VIA BUKIT GANTANG,myBas,,,
BATU 10 Bus Stop,BATU 10,TERMINAL MEDAN KIDD - KUALA KANGSAR VIA BUKIT GANTANG,myBas,,,
CHEMOR Bus Stop,CHEMOR,TERMINAL MEDAN KIDD - KUALA KANGSAR VIA BUKIT GANTANG,myBas,,,
CHEMOR RIA Bus Stop,CHEMOR RIA,TERMINAL MEDAN KIDD - KUALA KANGSAR VIA BUKIT GANTANG,myBas,,,
KANTHAN BARU Bus Stop,KANTHAN BARU,TERMINAL MEDAN KIDD - KUALA KANGSAR VIA BUKIT GANTANG,myBas,,,
KANTHAN 1 Bus Stop,KANTHAN 1,TERMINAL MEDAN KIDD - KUALA KANGSAR VIA BUKIT GANTANG,myBas,,,
KANTHAN 2 Bus Stop,KANTHAN 2,TERMINAL MEDAN KIDD - KUALA KANGSAR VIA BUKIT GANTANG,myBas,,,
KANTHAN 3 Bus Stop,KANTHAN 3,TERMINAL MEDAN KIDD - KUALA KANGSAR VIA BUKIT GANTANG,myBas,,,
KILANG SIMEN KHANTAN Bus Stop,KILANG SIMEN KHANTAN,TERMINAL MEDAN KIDD - KUALA KANGSAR VIA BUKIT GANTANG,myBas,,,
PINTU MASUK KILANG SIMEN Bus Stop,PINTU MASUK KILANG SIMEN,TERMINAL MEDAN KIDD - KUALA KANGSAR VIA BUKIT GANTANG,myBas,,,
DOVENBY ESTATE 1 Bus Stop,DOVENBY ESTATE 1,TERMINAL MEDAN KIDD - KUALA KANGSAR VIA BUKIT GANTANG,myBas,,,
DOVENBY ESTATE 2 Bus Stop,DOVENBY ESTATE 2,TERMINAL MEDAN KIDD - KUALA KANGSAR VIA BUKIT GANTANG,myBas,,,
KG RIMBA PANJANG Bus Stop,KG RIMBA PANJANG,TERMINAL MEDAN KIDD - KUALA KANGSAR VIA BUKIT GANTANG,myBas,,,
SJKC RIMBA PANJANG Bus Stop,SJKC RIMBA PANJANG,TERMINAL MEDAN KIDD - KUALA KANGSAR VIA BUKIT GANTANG,myBas,,,
KG MUHIBBAH Bus Stop,KG MUHIBBAH,TERMINAL MEDAN KIDD - KUALA KANGSAR VIA BUKIT GANTANG,myBas,,,
TMN TUN SAMBATHAN Bus Stop,TMN TUN SAMBATHAN,TERMINAL MEDAN KIDD - KUALA KANGSAR VIA BUKIT GANTANG,myBas,,,
SMJK SHIN CHUNG Bus Stop,SMJK SHIN CHUNG,TERMINAL MEDAN KIDD - KUALA KANGSAR VIA BUKIT GANTANG,myBas,,,
SEKOLAH METHODIST Bus Stop,SEKOLAH METHODIST,TERMINAL MEDAN KIDD - KUALA KANGSAR VIA BUKIT GANTANG,myBas,,,
KG BAHAGIA Bus Stop,KG BAHAGIA,TERMINAL MEDAN KIDD - KUALA KANGSAR VIA BUKIT GANTANG,myBas,,,
KLINIK KESIHATAN SUNGAI SIPUT Bus Stop,KLINIK KESIHATAN SUNGAI SIPUT,TERMINAL MEDAN KIDD - KUALA KANGSAR VIA BUKIT GANTANG,myBas,,,
MAYBANK SUNGAI SIPUT Bus Stop,MAYBANK SUNGAI SIPUT,TERMINAL MEDAN KIDD - KUALA KANGSAR VIA BUKIT GANTANG,myBas,,,
PEKAN SUNGAI SIPUT 1 Bus Stop,PEKAN SUNGAI SIPUT 1,TERMINAL MEDAN KIDD - KUALA KANGSAR VIA BUKIT GANTANG,myBas,,,
PEKAN SUNGAI SIPUT 2 Bus Stop,PEKAN SUNGAI SIPUT 2,TERMINAL MEDAN KIDD - KUALA KANGSAR VIA BUKIT GANTANG,myBas,,,
MASJID INDIA SG SIPUT Bus Stop,MASJID INDIA SG SIPUT,TERMINAL MEDAN KIDD - KUALA KANGSAR VIA BUKIT GANTANG,myBas,,,
SG BULUH SG SIPUT Bus Stop,SG BULUH SG SIPUT,TERMINAL MEDAN KIDD - KUALA KANGSAR VIA BUKIT GANTANG,myBas,,,
HOSPITAL SG SIPUT Bus Stop,HOSPITAL SG SIPUT,TERMINAL MEDAN KIDD - KUALA KANGSAR VIA BUKIT GANTANG,myBas,,,
TAMAN MAKMUR Bus Stop,TAMAN MAKMUR,TERMINAL MEDAN KIDD - KUALA KANGSAR VIA BUKIT GANTANG,myBas,,,
TAMAN PERDANA Bus Stop,TAMAN PERDANA,TERMINAL MEDAN KIDD - KUALA KANGSAR VIA BUKIT GANTANG,myBas,,,
SALAK LAMA 1 Bus Stop,SALAK LAMA 1,TERMINAL MEDAN KIDD - KUALA KANGSAR VIA BUKIT GANTANG,myBas,,,
SALAK LAMA 2 Bus Stop,SALAK LAMA 2,TERMINAL MEDAN KIDD - KUALA KANGSAR VIA BUKIT GANTANG,myBas,,,
SALAK LAMA 3 Bus Stop,SALAK LAMA 3,TERMINAL MEDAN KIDD - KUALA KANGSAR VIA BUKIT GANTANG,myBas,,,
SALAK BARU 1 Bus Stop,SALAK BARU 1,TERMINAL MEDAN KIDD - KUALA KANGSAR VIA BUKIT GANTANG,myBas,,,
SALAK BARU 2 Bus Stop,SALAK BARU 2,TERMINAL MEDAN KIDD - KUALA KANGSAR VIA BUKIT GANTANG,myBas,,,
BATU 25 Bus Stop,BATU 25,TERMINAL MEDAN KIDD - KUALA KANGSAR VIA BUKIT GANTANG,myBas,,,
KILANG KICAP TAMIN Bus Stop,KILANG KICAP TAMIN,TERMINAL MEDAN KIDD - KUALA KANGSAR VIA BUKIT GANTANG,myBas,,,
SK SETIA JAYA Bus Stop,SK SETIA JAYA,TERMINAL MEDAN KIDD - KUALA KANGSAR VIA BUKIT GANTANG,myBas,,,
KOLAM AIR Bus Stop,KOLAM AIR,TERMINAL MEDAN KIDD - KUALA KANGSAR VIA BUKIT GANTANG,myBas,,,
PUSAT IKAN HIASAN Bus Stop,PUSAT IKAN HIASAN,TERMINAL MEDAN KIDD - KUALA KANGSAR VIA BUKIT GANTANG,myBas,,,
BATU 26 Bus Stop,BATU 26,TERMINAL MEDAN KIDD - KUALA KANGSAR VIA BUKIT GANTANG,myBas,,,
SPG KARAI Bus Stop,SPG KARAI,TERMINAL MEDAN KIDD - KUALA KANGSAR VIA BUKIT GANTANG,myBas,,,
PEKAN KARAI Bus Stop,PEKAN KARAI,TERMINAL MEDAN KIDD - KUALA KANGSAR VIA BUKIT GANTANG,myBas,,,
SPG KARAI 1 Bus Stop,SPG KARAI 1,TERMINAL MEDAN KIDD - KUALA KANGSAR VIA BUKIT GANTANG,myBas,,,
SPG SAYONG Bus Stop,SPG SAYONG,TERMINAL MEDAN KIDD - KUALA KANGSAR VIA BUKIT GANTANG,myBas,,,
STESEN JPJ Bus Stop,STESEN JPJ,TERMINAL MEDAN KIDD - KUALA KANGSAR VIA BUKIT GANTANG,myBas,,,
PADANG AMPANG 1 Bus Stop,PADANG AMPANG 1,TERMINAL MEDAN KIDD - KUALA KANGSAR VIA BUKIT GANTANG,myBas,,,
SK PADANG AMPANG Bus Stop,SK PADANG AMPANG,TERMINAL MEDAN KIDD - KUALA KANGSAR VIA BUKIT GANTANG,myBas,,,
PADANG AMPANG 2 Bus Stop,PADANG AMPANG 2,TERMINAL MEDAN KIDD - KUALA KANGSAR VIA BUKIT GANTANG,myBas,,,
AKEDEMI MEMANDU Bus Stop,AKEDEMI MEMANDU,TERMINAL MEDAN KIDD - KUALA KANGSAR VIA BUKIT GANTANG,myBas,,,
LOJI AIR KOTA LAMA 1 Bus Stop,LOJI AIR KOTA LAMA 1,TERMINAL MEDAN KIDD - KUALA KANGSAR VIA BUKIT GANTANG,myBas,,,
LOJI AIR KOTA LAMA 2 Bus Stop,LOJI AIR KOTA LAMA 2,TERMINAL MEDAN KIDD - KUALA KANGSAR VIA BUKIT GANTANG,myBas,,,
MASJID KOTA LAMA Bus Stop,MASJID KOTA LAMA,TERMINAL MEDAN KIDD - KUALA KANGSAR VIA BUKIT GANTANG,myBas,,,
MASJID HIDAYATUL UMMAH Bus Stop,MASJID HIDAYATUL UMMAH,TERMINAL MEDAN KIDD - KUALA KANGSAR VIA BUKIT GANTANG,myBas,,,
KILANG MINYAK AFIAT Bus Stop,KILANG MINYAK AFIAT,TERMINAL MEDAN KIDD - KUALA KANGSAR VIA BUKIT GANTANG,myBas,,,
RUMAH ANAK YATIM KOTA LAMA Bus Stop,RUMAH ANAK YATIM KOTA LAMA,TERMINAL MEDAN KIDD - KUALA KANGSAR VIA BUKIT GANTANG,myBas,,,
SPG JAMBATAN SAYONG Bus Stop,SPG JAMBATAN SAYONG,TERMINAL MEDAN KIDD - KUALA KANGSAR VIA BUKIT GANTANG,myBas,,,
KWSP KUALA KANGSAR Bus Stop,KWSP KUALA KANGSAR,TERMINAL MEDAN KIDD - KUALA KANGSAR VIA BUKIT GANTANG,myBas,,,
PEJABAT AGAMA ISLAM Bus Stop,PEJABAT AGAMA ISLAM,TERMINAL MEDAN KIDD - KUALA KANGSAR VIA BUKIT GANTANG,myBas,,,
STESEN BAS KUALA KANGSAR Bus Stop,STESEN BAS KUALA KANGSAR,TERMINAL MEDAN KIDD - KUALA KANGSAR VIA BUKIT GANTANG,myBas,,,
STESEN BAS MEDAN KIDD Bus Stop,STESEN BAS MEDAN KIDD,TERMINAL MEDAN KIDD - KUALA KANGSAR VIA JALAN TUN RAZAK,myBas,,,
SJKT PERAK SANGEETHA Bus Stop,SJKT PERAK SANGEETHA,TERMINAL MEDAN KIDD - KUALA KANGSAR VIA JALAN TUN RAZAK,myBas,,,
KG TELI Bus Stop,KG TELI,TERMINAL MEDAN KIDD - KUALA KANGSAR VIA JALAN TUN RAZAK,myBas,,,
KOLEJ MAXWELL Bus Stop,KOLEJ MAXWELL,TERMINAL MEDAN KIDD - KUALA KANGSAR VIA JALAN TUN RAZAK,myBas,,,
TMN IDRIS Bus Stop,TMN IDRIS,TERMINAL MEDAN KIDD - KUALA KANGSAR VIA JALAN TUN RAZAK,myBas,,,
SMJKC YUK CHOI Bus Stop,SMJKC YUK CHOI,TERMINAL MEDAN KIDD - KUALA KANGSAR VIA JALAN TUN RAZAK,myBas,,,
THOWLEE POTTERY Bus Stop,THOWLEE POTTERY,TERMINAL MEDAN KIDD - KUALA KANGSAR VIA JALAN TUN RAZAK,myBas,,,
IPOH MOTOR Bus Stop,IPOH MOTOR,TERMINAL MEDAN KIDD - KUALA KANGSAR VIA JALAN TUN RAZAK,myBas,,,
TOKONG CINA Bus Stop,TOKONG CINA,TERMINAL MEDAN KIDD - KUALA KANGSAR VIA JALAN TUN RAZAK,myBas,,,
TOYOTA Bus Stop,TOYOTA,TERMINAL MEDAN KIDD - KUALA KANGSAR VIA JALAN TUN RAZAK,myBas,,,
IPOH GROVE Bus Stop,IPOH GROVE,TERMINAL MEDAN KIDD - KUALA KANGSAR VIA JALAN TUN RAZAK,myBas,,,
GUNUNG HELANG Bus Stop,GUNUNG HELANG,TERMINAL MEDAN KIDD - KUALA KANGSAR VIA JALAN TUN RAZAK,myBas,,,
SRI DESA Bus Stop,SRI DESA,TERMINAL MEDAN KIDD - KUALA KANGSAR VIA JALAN TUN RAZAK,myBas,,,
PERAK TONG Bus Stop,PERAK TONG,TERMINAL MEDAN KIDD - KUALA KANGSAR VIA JALAN TUN RAZAK,myBas,,,
PERCETAKAN NASIONAL Bus Stop,PERCETAKAN NASIONAL,TERMINAL MEDAN KIDD - KUALA KANGSAR VIA JALAN TUN RAZAK,myBas,,,
BALAI POLIS KG TAWAS Bus Stop,BALAI POLIS KG TAWAS,TERMINAL MEDAN KIDD - KUALA KANGSAR VIA JALAN TUN RAZAK,myBas,,,
TASEK Bus Stop,TASEK,TERMINAL MEDAN KIDD - KUALA KANGSAR VIA JALAN TUN RAZAK,myBas,,,
IGB Bus Stop,IGB,TERMINAL MEDAN KIDD - KUALA KANGSAR VIA JALAN TUN RAZAK,myBas,,,
TELEKOM TASEK Bus Stop,TELEKOM TASEK,TERMINAL MEDAN KIDD - KUALA KANGSAR VIA JALAN TUN RAZAK,myBas,,,
PETRONAS KLEBANG Bus Stop,PETRONAS KLEBANG,TERMINAL MEDAN KIDD - KUALA KANGSAR VIA JALAN TUN RAZAK,myBas,,,
KLEBANG JAYA Bus Stop,KLEBANG JAYA,TERMINAL MEDAN KIDD - KUALA KANGSAR VIA JALAN TUN RAZAK,myBas,,,
AEON KLEBANG Bus Stop,AEON KLEBANG,TERMINAL MEDAN KIDD - KUALA KANGSAR VIA JALAN TUN RAZAK,myBas,,,
KLEBANG RESTU Bus Stop,KLEBANG RESTU,TERMINAL MEDAN KIDD - KUALA KANGSAR VIA JALAN TUN RAZAK,myBas,,,
ECONSAVE KLEBANG Bus Stop,ECONSAVE KLEBANG,TERMINAL MEDAN KIDD - KUALA KANGSAR VIA JALAN TUN RAZAK,myBas,,,
SRI KLEBANG Bus Stop,SRI KLEBANG,TERMINAL MEDAN KIDD - KUALA KANGSAR VIA JALAN TUN RAZAK,myBas,,,
HOVID Bus Stop,HOVID,TERMINAL MEDAN KIDD - KUALA KANGSAR VIA JALAN TUN RAZAK,myBas,,,
TMN CHEMOR INDAH Bus Stop,TMN CHEMOR INDAH,TERMINAL MEDAN KIDD - KUALA KANGSAR VIA JALAN TUN RAZAK,myBas,,,
BATU 9 Bus Stop,BATU 9,TERMINAL MEDAN KIDD - KUALA KANGSAR VIA JALAN TUN RAZAK,myBas,,,
PUBLIC BANK CHEMOR Bus Stop,PUBLIC BANK CHEMOR,TERMINAL MEDAN KIDD - KUALA KANGSAR VIA JALAN TUN RAZAK,myBas,,,
PEKAN CHEMOR Bus Stop,PEKAN CHEMOR,TERMINAL MEDAN KIDD - KUALA KANGSAR VIA JALAN TUN RAZAK,myBas,,,
BHP PEKAN CHEMOR Bus Stop,BHP PEKAN CHEMOR,TERMINAL MEDAN KIDD - KUALA KANGSAR VIA JALAN TUN RAZAK,myBas,,,
BATU 10 Bus Stop,BATU 10,TERMINAL MEDAN KIDD - KUALA KANGSAR VIA JALAN TUN RAZAK,myBas,,,
CHEMOR Bus Stop,CHEMOR,TERMINAL MEDAN KIDD - KUALA KANGSAR VIA JALAN TUN RAZAK,myBas,,,
CHEMOR RIA Bus Stop,CHEMOR RIA,TERMINAL MEDAN KIDD - KUALA KANGSAR VIA JALAN TUN RAZAK,myBas,,,
KANTHAN BARU Bus Stop,KANTHAN BARU,TERMINAL MEDAN KIDD - KUALA KANGSAR VIA JALAN TUN RAZAK,myBas,,,
KANTHAN 1 Bus Stop,KANTHAN 1,TERMINAL MEDAN KIDD - KUALA KANGSAR VIA JALAN TUN RAZAK,myBas,,,
KANTHAN 2 Bus Stop,KANTHAN 2,TERMINAL MEDAN KIDD - KUALA KANGSAR VIA JALAN TUN RAZAK,myBas,,,
KANTHAN 3 Bus Stop,KANTHAN 3,TERMINAL MEDAN KIDD - KUALA KANGSAR VIA JALAN TUN RAZAK,myBas,,,
KILANG SIMEN KHANTAN Bus Stop,KILANG SIMEN KHANTAN,TERMINAL MEDAN KIDD - KUALA KANGSAR VIA JALAN TUN RAZAK,myBas,,,
PINTU MASUK KILANG SIMEN Bus Stop,PINTU MASUK KILANG SIMEN,TERMINAL MEDAN KIDD - KUALA KANGSAR VIA JALAN TUN RAZAK,myBas,,,
DOVENBY ESTATE 1 Bus Stop,DOVENBY ESTATE 1,TERMINAL MEDAN KIDD - KUALA KANGSAR VIA JALAN TUN RAZAK,myBas,,,
DOVENBY ESTATE 2 Bus Stop,DOVENBY ESTATE 2,TERMINAL MEDAN KIDD - KUALA KANGSAR VIA JALAN TUN RAZAK,myBas,,,
KG RIMBA PANJANG Bus Stop,KG RIMBA PANJANG,TERMINAL MEDAN KIDD - KUALA KANGSAR VIA JALAN TUN RAZAK,myBas,,,
SJKC RIMBA PANJANG Bus Stop,SJKC RIMBA PANJANG,TERMINAL MEDAN KIDD - KUALA KANGSAR VIA JALAN TUN RAZAK,myBas,,,
KG MUHIBBAH Bus Stop,KG MUHIBBAH,TERMINAL MEDAN KIDD - KUALA KANGSAR VIA JALAN TUN RAZAK,myBas,,,
TMN TUN SAMBATHAN Bus Stop,TMN TUN SAMBATHAN,TERMINAL MEDAN KIDD - KUALA KANGSAR VIA JALAN TUN RAZAK,myBas,,,
SMJK SHIN CHUNG Bus Stop,SMJK SHIN CHUNG,TERMINAL MEDAN KIDD - KUALA KANGSAR VIA JALAN TUN RAZAK,myBas,,,
SEKOLAH METHODIST Bus Stop,SEKOLAH METHODIST,TERMINAL MEDAN KIDD - KUALA KANGSAR VIA JALAN TUN RAZAK,myBas,,,
KG BAHAGIA Bus Stop,KG BAHAGIA,TERMINAL MEDAN KIDD - KUALA KANGSAR VIA JALAN TUN RAZAK,myBas,,,
KLINIK KESIHATAN SUNGAI SIPUT Bus Stop,KLINIK KESIHATAN SUNGAI SIPUT,TERMINAL MEDAN KIDD - KUALA KANGSAR VIA JALAN TUN RAZAK,myBas,,,
MAYBANK SUNGAI SIPUT Bus Stop,MAYBANK SUNGAI SIPUT,TERMINAL MEDAN KIDD - KUALA KANGSAR VIA JALAN TUN RAZAK,myBas,,,
PEKAN SUNGAI SIPUT 1 Bus Stop,PEKAN SUNGAI SIPUT 1,TERMINAL MEDAN KIDD - KUALA KANGSAR VIA JALAN TUN RAZAK,myBas,,,
PEKAN SUNGAI SIPUT 2 Bus Stop,PEKAN SUNGAI SIPUT 2,TERMINAL MEDAN KIDD - KUALA KANGSAR VIA JALAN TUN RAZAK,myBas,,,
MASJID INDIA SG SIPUT Bus Stop,MASJID INDIA SG SIPUT,TERMINAL MEDAN KIDD - KUALA KANGSAR VIA JALAN TUN RAZAK,myBas,,,
SG BULUH SG SIPUT Bus Stop,SG BULUH SG SIPUT,TERMINAL MEDAN KIDD - KUALA KANGSAR VIA JALAN TUN RAZAK,myBas,,,
HOSPITAL SG SIPUT Bus Stop,HOSPITAL SG SIPUT,TERMINAL MEDAN KIDD - KUALA KANGSAR VIA JALAN TUN RAZAK,myBas,,,
TAMAN MAKMUR Bus Stop,TAMAN MAKMUR,TERMINAL MEDAN KIDD - KUALA KANGSAR VIA JALAN TUN RAZAK,myBas,,,
TAMAN PERDANA Bus Stop,TAMAN PERDANA,TERMINAL MEDAN KIDD - KUALA KANGSAR VIA JALAN TUN RAZAK,myBas,,,
SALAK LAMA 1 Bus Stop,SALAK LAMA 1,TERMINAL MEDAN KIDD - KUALA KANGSAR VIA JALAN TUN RAZAK,myBas,,,
SALAK LAMA 2 Bus Stop,SALAK LAMA 2,TERMINAL MEDAN KIDD - KUALA KANGSAR VIA JALAN TUN RAZAK,myBas,,,
SALAK LAMA 3 Bus Stop,SALAK LAMA 3,TERMINAL MEDAN KIDD - KUALA KANGSAR VIA JALAN TUN RAZAK,myBas,,,
SALAK BARU 1 Bus Stop,SALAK BARU 1,TERMINAL MEDAN KIDD - KUALA KANGSAR VIA JALAN TUN RAZAK,myBas,,,
SALAK BARU 2 Bus Stop,SALAK BARU 2,TERMINAL MEDAN KIDD - KUALA KANGSAR VIA JALAN TUN RAZAK,myBas,,,
BATU 25 Bus Stop,BATU 25,TERMINAL MEDAN KIDD - KUALA KANGSAR VIA JALAN TUN RAZAK,myBas,,,
KILANG KICAP TAMIN Bus Stop,KILANG KICAP TAMIN,TERMINAL MEDAN KIDD - KUALA KANGSAR VIA JALAN TUN RAZAK,myBas,,,
SK SETIA JAYA Bus Stop,SK SETIA JAYA,TERMINAL MEDAN KIDD - KUALA KANGSAR VIA JALAN TUN RAZAK,myBas,,,
KOLAM AIR Bus Stop,KOLAM AIR,TERMINAL MEDAN KIDD - KUALA KANGSAR VIA JALAN TUN RAZAK,myBas,,,
PUSAT IKAN HIASAN Bus Stop,PUSAT IKAN HIASAN,TERMINAL MEDAN KIDD - KUALA KANGSAR VIA JALAN TUN RAZAK,myBas,,,
BATU 26 Bus Stop,BATU 26,TERMINAL MEDAN KIDD - KUALA KANGSAR VIA JALAN TUN RAZAK,myBas,,,
SPG KARAI Bus Stop,SPG KARAI,TERMINAL MEDAN KIDD - KUALA KANGSAR VIA JALAN TUN RAZAK,myBas,,,
PEKAN KARAI Bus Stop,PEKAN KARAI,TERMINAL MEDAN KIDD - KUALA KANGSAR VIA JALAN TUN RAZAK,myBas,,,
SPG KARAI 1 Bus Stop,SPG KARAI 1,TERMINAL MEDAN KIDD - KUALA KANGSAR VIA JALAN TUN RAZAK,myBas,,,
SPG SAYONG Bus Stop,SPG SAYONG,TERMINAL MEDAN KIDD - KUALA KANGSAR VIA JALAN TUN RAZAK,myBas,,,
STESEN JPJ Bus Stop,STESEN JPJ,TERMINAL MEDAN KIDD - KUALA KANGSAR VIA JALAN TUN RAZAK,myBas,,,
PADANG AMPANG 1 Bus Stop,PADANG AMPANG 1,TERMINAL MEDAN KIDD - KUALA KANGSAR VIA JALAN TUN RAZAK,myBas,,,
SK PADANG AMPANG Bus Stop,SK PADANG AMPANG,TERMINAL MEDAN KIDD - KUALA KANGSAR VIA JALAN TUN RAZAK,myBas,,,
PADANG AMPANG 2 Bus Stop,PADANG AMPANG 2,TERMINAL MEDAN KIDD - KUALA KANGSAR VIA JALAN TUN RAZAK,myBas,,,
AKEDEMI MEMANDU Bus Stop,AKEDEMI MEMANDU,TERMINAL MEDAN KIDD - KUALA KANGSAR VIA JALAN TUN RAZAK,myBas,,,
LOJI AIR KOTA LAMA 1 Bus Stop,LOJI AIR KOTA LAMA 1,TERMINAL MEDAN KIDD - KUALA KANGSAR VIA JALAN TUN RAZAK,myBas,,,
LOJI AIR KOTA LAMA 2 Bus Stop,LOJI AIR KOTA LAMA 2,TERMINAL MEDAN KIDD - KUALA KANGSAR VIA JALAN TUN RAZAK,myBas,,,
MASJID KOTA LAMA Bus Stop,MASJID KOTA LAMA,TERMINAL MEDAN KIDD - KUALA KANGSAR VIA JALAN TUN RAZAK,myBas,,,
MASJID HIDAYATUL UMMAH Bus Stop,MASJID HIDAYATUL UMMAH,TERMINAL MEDAN KIDD - KUALA KANGSAR VIA JALAN TUN RAZAK,myBas,,,
KILANG MINYAK AFIAT Bus Stop,KILANG MINYAK AFIAT,TERMINAL MEDAN KIDD - KUALA KANGSAR VIA JALAN TUN RAZAK,myBas,,,
RUMAH ANAK YATIM KOTA LAMA Bus Stop,RUMAH ANAK YATIM KOTA LAMA,TERMINAL MEDAN KIDD - KUALA KANGSAR VIA JALAN TUN RAZAK,myBas,,,
SPG JAMBATAN SAYONG Bus Stop,SPG JAMBATAN SAYONG,TERMINAL MEDAN KIDD - KUALA KANGSAR VIA JALAN TUN RAZAK,myBas,,,
KWSP KUALA KANGSAR Bus Stop,KWSP KUALA KANGSAR,TERMINAL MEDAN KIDD - KUALA KANGSAR VIA JALAN TUN RAZAK,myBas,,,
PEJABAT AGAMA ISLAM Bus Stop,PEJABAT AGAMA ISLAM,TERMINAL MEDAN KIDD - KUALA KANGSAR VIA JALAN TUN RAZAK,myBas,,,
STESEN BAS KUALA KANGSAR Bus Stop,STESEN BAS KUALA KANGSAR,TERMINAL MEDAN KIDD - KUALA KANGSAR VIA JALAN TUN RAZAK,myBas,,,
STESEN BAS MEDAN KIDD Bus Stop,STESEN BAS MEDAN KIDD,MEDAN KIDD - TANJUNG RAMBUTAN VIA BERCHAM,myBas,,,
STESEN KTM IPOH JALAN PANGLIMA Bus Stop,STESEN KTM IPOH JALAN PANGLIMA,MEDAN KIDD - TANJUNG RAMBUTAN VIA BERCHAM,myBas,,,
SM ST MICHAEL Bus Stop,SM ST MICHAEL,MEDAN KIDD - TANJUNG RAMBUTAN VIA BERCHAM,myBas,,,
BANGUNAN SERI KINTA Bus Stop,BANGUNAN SERI KINTA,MEDAN KIDD - TANJUNG RAMBUTAN VIA BERCHAM,myBas,,,
PUBLIC BANK JALAN SULTAN IDRIS SHAH Bus Stop,PUBLIC BANK JALAN SULTAN IDRIS SHAH,MEDAN KIDD - TANJUNG RAMBUTAN VIA BERCHAM,myBas,,,
GERBANG MALAM Bus Stop,GERBANG MALAM,MEDAN KIDD - TANJUNG RAMBUTAN VIA BERCHAM,myBas,,,
IPOH PARADE Bus Stop,IPOH PARADE,MEDAN KIDD - TANJUNG RAMBUTAN VIA BERCHAM,myBas,,,
ROYAL CHINA Bus Stop,ROYAL CHINA,MEDAN KIDD - TANJUNG RAMBUTAN VIA BERCHAM,myBas,,,
IMPIANA HOTEL Bus Stop,IMPIANA HOTEL,MEDAN KIDD - TANJUNG RAMBUTAN VIA BERCHAM,myBas,,,
KONDO RAYA RIA Bus Stop,KONDO RAYA RIA,MEDAN KIDD - TANJUNG RAMBUTAN VIA BERCHAM,myBas,,,
WISMA TIGER LANE Bus Stop,WISMA TIGER LANE,MEDAN KIDD - TANJUNG RAMBUTAN VIA BERCHAM,myBas,,,
ROYAL PERAK GOLF CLUB Bus Stop,ROYAL PERAK GOLF CLUB,MEDAN KIDD - TANJUNG RAMBUTAN VIA BERCHAM,myBas,,,
SEKOLAH IZUDDIN SHAH Bus Stop,SEKOLAH IZUDDIN SHAH,MEDAN KIDD - TANJUNG RAMBUTAN VIA BERCHAM,myBas,,,
JABATAN KIMIA MALAYSIA 1 Bus Stop,JABATAN KIMIA MALAYSIA 1,MEDAN KIDD - TANJUNG RAMBUTAN VIA BERCHAM,myBas,,,
STAR Bus Stop,STAR,MEDAN KIDD - TANJUNG RAMBUTAN VIA BERCHAM,myBas,,,
IPOH GARDEN SQUARE Bus Stop,IPOH GARDEN SQUARE,MEDAN KIDD - TANJUNG RAMBUTAN VIA BERCHAM,myBas,,,
AEON IPOH JALAN SULTAN AZLAN SHAH Bus Stop,AEON IPOH JALAN SULTAN AZLAN SHAH,MEDAN KIDD - TANJUNG RAMBUTAN VIA BERCHAM,myBas,,,
JPJ NEGERI PERAK Bus Stop,JPJ NEGERI PERAK,MEDAN KIDD - TANJUNG RAMBUTAN VIA BERCHAM,myBas,,,
TESCO EXTRA IPOH Bus Stop,TESCO EXTRA IPOH,MEDAN KIDD - TANJUNG RAMBUTAN VIA BERCHAM,myBas,,,
TMN RIA Bus Stop,TMN RIA,MEDAN KIDD - TANJUNG RAMBUTAN VIA BERCHAM,myBas,,,
TMN SRI KURAU Bus Stop,TMN SRI KURAU,MEDAN KIDD - TANJUNG RAMBUTAN VIA BERCHAM,myBas,,,
TMN MEDAN BERCHAM 1 Bus Stop,TMN MEDAN BERCHAM 1,MEDAN KIDD - TANJUNG RAMBUTAN VIA BERCHAM,myBas,,,
TMN MEDAN BERCHAM 2 Bus Stop,TMN MEDAN BERCHAM 2,MEDAN KIDD - TANJUNG RAMBUTAN VIA BERCHAM,myBas,,,
TMN DESA KENCHANA 1 Bus Stop,TMN DESA KENCHANA 1,MEDAN KIDD - TANJUNG RAMBUTAN VIA BERCHAM,myBas,,,
TMN DESA KENCHANA 2 Bus Stop,TMN DESA KENCHANA 2,MEDAN KIDD - TANJUNG RAMBUTAN VIA BERCHAM,myBas,,,
TMN PAKATAN 1 Bus Stop,TMN PAKATAN 1,MEDAN KIDD - TANJUNG RAMBUTAN VIA BERCHAM,myBas,,,
FLAT PAKATAN 1 Bus Stop,FLAT PAKATAN 1,MEDAN KIDD - TANJUNG RAMBUTAN VIA BERCHAM,myBas,,,
FLAT PAKATAN 2 Bus Stop,FLAT PAKATAN 2,MEDAN KIDD - TANJUNG RAMBUTAN VIA BERCHAM,myBas,,,
TMN PAKATAN 2 Bus Stop,TMN PAKATAN 2,MEDAN KIDD - TANJUNG RAMBUTAN VIA BERCHAM,myBas,,,
TMN PAKATAN 3 Bus Stop,TMN PAKATAN 3,MEDAN KIDD - TANJUNG RAMBUTAN VIA BERCHAM,myBas,,,
SJKC BERCHAM Bus Stop,SJKC BERCHAM,MEDAN KIDD - TANJUNG RAMBUTAN VIA BERCHAM,myBas,,,
PASAR BERCHAM Bus Stop,PASAR BERCHAM,MEDAN KIDD - TANJUNG RAMBUTAN VIA BERCHAM,myBas,,,
BALAI POLIS BERCHAM Bus Stop,BALAI POLIS BERCHAM,MEDAN KIDD - TANJUNG RAMBUTAN VIA BERCHAM,myBas,,,
TMN RAMAI Bus Stop,TMN RAMAI,MEDAN KIDD - TANJUNG RAMBUTAN VIA BERCHAM,myBas,,,
KAWASAN PERINDUSTRIAN RINGAN BERCHAM Bus Stop,KAWASAN PERINDUSTRIAN RINGAN BERCHAM,MEDAN KIDD - TANJUNG RAMBUTAN VIA BERCHAM,myBas,,,
TMN PUTRA INDAH Bus Stop,TMN PUTRA INDAH,MEDAN KIDD - TANJUNG RAMBUTAN VIA BERCHAM,myBas,,,
BANDAR BARU PUTRA Bus Stop,BANDAR BARU PUTRA,MEDAN KIDD - TANJUNG RAMBUTAN VIA BERCHAM,myBas,,,
TMN PUTERA PERMAI Bus Stop,TMN PUTERA PERMAI,MEDAN KIDD - TANJUNG RAMBUTAN VIA BERCHAM,myBas,,,
MONEX TIMBER Bus Stop,MONEX TIMBER,MEDAN KIDD - TANJUNG RAMBUTAN VIA BERCHAM,myBas,,,
TMN BERJAYA BARU Bus Stop,TMN BERJAYA BARU,MEDAN KIDD - TANJUNG RAMBUTAN VIA BERCHAM,myBas,,,
SK TANJONG RAMBUTAN Bus Stop,SK TANJONG RAMBUTAN,MEDAN KIDD - TANJUNG RAMBUTAN VIA BERCHAM,myBas,,,
PEKAN TANJONG RAMBUTAN Bus Stop,PEKAN TANJONG RAMBUTAN,MEDAN KIDD - TANJUNG RAMBUTAN VIA BERCHAM,myBas,,,
EU YAN SANG JALAN SULTAN ISKANDA Bus Stop,EU YAN SANG JALAN SULTAN ISKANDA,MEDAN KIDD - TANJUNG RAMBUTAN VIA BERCHAM,myBas,,,
ELLOW STREET Bus Stop,ELLOW STREET,MEDAN KIDD - TANJUNG RAMBUTAN VIA BERCHAM,myBas,,,
PEKAN LAMA Bus Stop,PEKAN LAMA,MEDAN KIDD - TANJUNG RAMBUTAN VIA BERCHAM,myBas,,,
STESEN KTM IPOH JALAN SULTAN ISKANDAR Bus Stop,STESEN KTM IPOH JALAN SULTAN ISKANDAR,MEDAN KIDD - TANJUNG RAMBUTAN VIA BERCHAM,myBas,,,
STESEN BAS MEDAN KIDD Bus Stop,STESEN BAS MEDAN KIDD,MEDAN KIDD -TANJUNG RAMBUTAN -CHEMOR,myBas,,,
STESEN KTM IPOH JALAN PANGLIMA Bus Stop,STESEN KTM IPOH JALAN PANGLIMA,MEDAN KIDD -TANJUNG RAMBUTAN -CHEMOR,myBas,,,
SM ST MICHAEL Bus Stop,SM ST MICHAEL,MEDAN KIDD -TANJUNG RAMBUTAN -CHEMOR,myBas,,,
BANGUNAN SERI KINTA Bus Stop,BANGUNAN SERI KINTA,MEDAN KIDD -TANJUNG RAMBUTAN -CHEMOR,myBas,,,
PUBLIC BANK JALAN SULTAN IDRIS SHAH Bus Stop,PUBLIC BANK JALAN SULTAN IDRIS SHAH,MEDAN KIDD -TANJUNG RAMBUTAN -CHEMOR,myBas,,,
GERBANG MALAM Bus Stop,GERBANG MALAM,MEDAN KIDD -TANJUNG RAMBUTAN -CHEMOR,myBas,,,
IPOH PARADE Bus Stop,IPOH PARADE,MEDAN KIDD -TANJUNG RAMBUTAN -CHEMOR,myBas,,,
IPOH LEARNING TRAINING INSTITUTE Bus Stop,IPOH LEARNING TRAINING INSTITUTE,MEDAN KIDD -TANJUNG RAMBUTAN -CHEMOR,myBas,,,
KPJ IPOH Bus Stop,KPJ IPOH,MEDAN KIDD -TANJUNG RAMBUTAN -CHEMOR,myBas,,,
SEKOLAH RAJA PEREMPUAN TA AYAH Bus Stop,SEKOLAH RAJA PEREMPUAN TA AYAH,MEDAN KIDD -TANJUNG RAMBUTAN -CHEMOR,myBas,,,
TOKONG SIAM Bus Stop,TOKONG SIAM,MEDAN KIDD -TANJUNG RAMBUTAN -CHEMOR,myBas,,,
HOSPITAL PANTAI IPOH Bus Stop,HOSPITAL PANTAI IPOH,MEDAN KIDD -TANJUNG RAMBUTAN -CHEMOR,myBas,,,
PERUMAHAN PEGAWAI TENTERA JALAN TAMBUN Bus Stop,PERUMAHAN PEGAWAI TENTERA JALAN TAMBUN,MEDAN KIDD -TANJUNG RAMBUTAN -CHEMOR,myBas,,,
PUSAT LATIHAN ASKAR WATANIAH Bus Stop,PUSAT LATIHAN ASKAR WATANIAH,MEDAN KIDD -TANJUNG RAMBUTAN -CHEMOR,myBas,,,
KG BARU TAMBUN Bus Stop,KG BARU TAMBUN,MEDAN KIDD -TANJUNG RAMBUTAN -CHEMOR,myBas,,,
PEKAN TAMBUN Bus Stop,PEKAN TAMBUN,MEDAN KIDD -TANJUNG RAMBUTAN -CHEMOR,myBas,,,
SHELL JALAN TAMBUN Bus Stop,SHELL JALAN TAMBUN,MEDAN KIDD -TANJUNG RAMBUTAN -CHEMOR,myBas,,,
EXTREME PARK TAMBUN Bus Stop,EXTREME PARK TAMBUN,MEDAN KIDD -TANJUNG RAMBUTAN -CHEMOR,myBas,,,
GIANT TAMBUN Bus Stop,GIANT TAMBUN,MEDAN KIDD -TANJUNG RAMBUTAN -CHEMOR,myBas,,,
MCDONALDS TAMBUN Bus Stop,MCDONALDS TAMBUN,MEDAN KIDD -TANJUNG RAMBUTAN -CHEMOR,myBas,,,
BHP JALAN TAMBUN LAMA Bus Stop,BHP JALAN TAMBUN LAMA,MEDAN KIDD -TANJUNG RAMBUTAN -CHEMOR,myBas,,,
BATU 6 Bus Stop,BATU 6,MEDAN KIDD -TANJUNG RAMBUTAN -CHEMOR,myBas,,,
TMN PERPADUAN 1 Bus Stop,TMN PERPADUAN 1,MEDAN KIDD -TANJUNG RAMBUTAN -CHEMOR,myBas,,,
TMN MEWAH Bus Stop,TMN MEWAH,MEDAN KIDD -TANJUNG RAMBUTAN -CHEMOR,myBas,,,
GIATMARA TAMBUN Bus Stop,GIATMARA TAMBUN,MEDAN KIDD -TANJUNG RAMBUTAN -CHEMOR,myBas,,,
TMN UK RAYA Bus Stop,TMN UK RAYA,MEDAN KIDD -TANJUNG RAMBUTAN -CHEMOR,myBas,,,
KG MELAYU BATU 8 Bus Stop,KG MELAYU BATU 8,MEDAN KIDD -TANJUNG RAMBUTAN -CHEMOR,myBas,,,
KG TERSUSUN BATU 8 Bus Stop,KG TERSUSUN BATU 8,MEDAN KIDD -TANJUNG RAMBUTAN -CHEMOR,myBas,,,
TMN TANJONG PERDANA Bus Stop,TMN TANJONG PERDANA,MEDAN KIDD -TANJUNG RAMBUTAN -CHEMOR,myBas,,,
TMN INDAH Bus Stop,TMN INDAH,MEDAN KIDD -TANJUNG RAMBUTAN -CHEMOR,myBas,,,
TMN JOTHI Bus Stop,TMN JOTHI,MEDAN KIDD -TANJUNG RAMBUTAN -CHEMOR,myBas,,,
KLINIK KESIHATAN TANJONG RAMBUTAN Bus Stop,KLINIK KESIHATAN TANJONG RAMBUTAN,MEDAN KIDD -TANJUNG RAMBUTAN -CHEMOR,myBas,,,
SK TANJONG RAMBUTAN Bus Stop,SK TANJONG RAMBUTAN,MEDAN KIDD -TANJUNG RAMBUTAN -CHEMOR,myBas,,,
PEKAN TANJONG RAMBUTAN Bus Stop,PEKAN TANJONG RAMBUTAN,MEDAN KIDD -TANJUNG RAMBUTAN -CHEMOR,myBas,,,
TMN INTAN JAYA Bus Stop,TMN INTAN JAYA,MEDAN KIDD -TANJUNG RAMBUTAN -CHEMOR,myBas,,,
SMK TANJONG RAMBUTAN Bus Stop,SMK TANJONG RAMBUTAN,MEDAN KIDD -TANJUNG RAMBUTAN -CHEMOR,myBas,,,
TMN BAHAGIA Bus Stop,TMN BAHAGIA,MEDAN KIDD -TANJUNG RAMBUTAN -CHEMOR,myBas,,,
CHANGKAT KINDING Bus Stop,CHANGKAT KINDING,MEDAN KIDD -TANJUNG RAMBUTAN -CHEMOR,myBas,,,
KG TERSUSUN TANAH HITAM Bus Stop,KG TERSUSUN TANAH HITAM,MEDAN KIDD -TANJUNG RAMBUTAN -CHEMOR,myBas,,,
KLINIK KESIHATAN TANAH HITAM Bus Stop,KLINIK KESIHATAN TANAH HITAM,MEDAN KIDD -TANJUNG RAMBUTAN -CHEMOR,myBas,,,
KILANG KIN HENG TIMBER INDUSTRIES SDN BHD Bus Stop,KILANG KIN HENG TIMBER INDUSTRIES SDN BHD,MEDAN KIDD -TANJUNG RAMBUTAN -CHEMOR,myBas,,,
PASAR CHEMOR Bus Stop,PASAR CHEMOR,MEDAN KIDD -TANJUNG RAMBUTAN -CHEMOR,myBas,,,
BHP CHEMOR Bus Stop,BHP CHEMOR,MEDAN KIDD -TANJUNG RAMBUTAN -CHEMOR,myBas,,,
BATU 10 Bus Stop,BATU 10,MEDAN KIDD -TANJUNG RAMBUTAN -CHEMOR,myBas,,,
CHEMOR Bus Stop,CHEMOR,MEDAN KIDD -TANJUNG RAMBUTAN -CHEMOR,myBas,,,
CHEMOR RIA Bus Stop,CHEMOR RIA,MEDAN KIDD -TANJUNG RAMBUTAN -CHEMOR,myBas,,,
KANTHAN BARU Bus Stop,KANTHAN BARU,MEDAN KIDD -TANJUNG RAMBUTAN -CHEMOR,myBas,,,
KANTHAN 1 Bus Stop,KANTHAN 1,MEDAN KIDD -TANJUNG RAMBUTAN -CHEMOR,myBas,,,
KANTHAN 2 Bus Stop,KANTHAN 2,MEDAN KIDD -TANJUNG RAMBUTAN -CHEMOR,myBas,,,
KANTHAN 3 Bus Stop,KANTHAN 3,MEDAN KIDD -TANJUNG RAMBUTAN -CHEMOR,myBas,,,
EU YAN SANG JALAN SULTAN ISKANDA Bus Stop,EU YAN SANG JALAN SULTAN ISKANDA,MEDAN KIDD -TANJUNG RAMBUTAN -CHEMOR,myBas,,,
ELLOW STREET Bus Stop,ELLOW STREET,MEDAN KIDD -TANJUNG RAMBUTAN -CHEMOR,myBas,,,
PEKAN LAMA Bus Stop,PEKAN LAMA,MEDAN KIDD -TANJUNG RAMBUTAN -CHEMOR,myBas,,,
STESEN KTM IPOH JALAN SULTAN ISKANDAR Bus Stop,STESEN KTM IPOH JALAN SULTAN ISKANDAR,MEDAN KIDD -TANJUNG RAMBUTAN -CHEMOR,myBas,,,
STESEN BAS MEDAN KIDD Bus Stop,STESEN BAS MEDAN KIDD,MEDAN KIDD-TANJUNG RAMBUTAN,myBas,,,
STESEN KTM IPOH JALAN PANGLIMA Bus Stop,STESEN KTM IPOH JALAN PANGLIMA,MEDAN KIDD-TANJUNG RAMBUTAN,myBas,,,
SM ST MICHAEL Bus Stop,SM ST MICHAEL,MEDAN KIDD-TANJUNG RAMBUTAN,myBas,,,
BANGUNAN SERI KINTA Bus Stop,BANGUNAN SERI KINTA,MEDAN KIDD-TANJUNG RAMBUTAN,myBas,,,
PUBLIC BANK JALAN SULTAN IDRIS SHAH Bus Stop,PUBLIC BANK JALAN SULTAN IDRIS SHAH,MEDAN KIDD-TANJUNG RAMBUTAN,myBas,,,
GERBANG MALAM Bus Stop,GERBANG MALAM,MEDAN KIDD-TANJUNG RAMBUTAN,myBas,,,
IPOH PARADE Bus Stop,IPOH PARADE,MEDAN KIDD-TANJUNG RAMBUTAN,myBas,,,
IPOH LEARNING TRAINING INSTITUTE Bus Stop,IPOH LEARNING TRAINING INSTITUTE,MEDAN KIDD-TANJUNG RAMBUTAN,myBas,,,
KPJ IPOH Bus Stop,KPJ IPOH,MEDAN KIDD-TANJUNG RAMBUTAN,myBas,,,
SEKOLAH RAJA PEREMPUAN TA AYAH Bus Stop,SEKOLAH RAJA PEREMPUAN TA AYAH,MEDAN KIDD-TANJUNG RAMBUTAN,myBas,,,
TOKONG SIAM Bus Stop,TOKONG SIAM,MEDAN KIDD-TANJUNG RAMBUTAN,myBas,,,
HOSPITAL PANTAI IPOH Bus Stop,HOSPITAL PANTAI IPOH,MEDAN KIDD-TANJUNG RAMBUTAN,myBas,,,
PERUMAHAN PEGAWAI TENTERA JALAN TAMBUN Bus Stop,PERUMAHAN PEGAWAI TENTERA JALAN TAMBUN,MEDAN KIDD-TANJUNG RAMBUTAN,myBas,,,
PUSAT LATIHAN ASKAR WATANIAH Bus Stop,PUSAT LATIHAN ASKAR WATANIAH,MEDAN KIDD-TANJUNG RAMBUTAN,myBas,,,
KG BARU TAMBUN Bus Stop,KG BARU TAMBUN,MEDAN KIDD-TANJUNG RAMBUTAN,myBas,,,
PEKAN TAMBUN Bus Stop,PEKAN TAMBUN,MEDAN KIDD-TANJUNG RAMBUTAN,myBas,,,
SHELL JALAN TAMBUN Bus Stop,SHELL JALAN TAMBUN,MEDAN KIDD-TANJUNG RAMBUTAN,myBas,,,
EXTREME PARK TAMBUN Bus Stop,EXTREME PARK TAMBUN,MEDAN KIDD-TANJUNG RAMBUTAN,myBas,,,
GIANT TAMBUN Bus Stop,GIANT TAMBUN,MEDAN KIDD-TANJUNG RAMBUTAN,myBas,,,
MCDONALDS TAMBUN Bus Stop,MCDONALDS TAMBUN,MEDAN KIDD-TANJUNG RAMBUTAN,myBas,,,
BHP JALAN TAMBUN LAMA Bus Stop,BHP JALAN TAMBUN LAMA,MEDAN KIDD-TANJUNG RAMBUTAN,myBas,,,
BATU 6 Bus Stop,BATU 6,MEDAN KIDD-TANJUNG RAMBUTAN,myBas,,,
TMN PERPADUAN 1 Bus Stop,TMN PERPADUAN 1,MEDAN KIDD-TANJUNG RAMBUTAN,myBas,,,
TMN MEWAH Bus Stop,TMN MEWAH,MEDAN KIDD-TANJUNG RAMBUTAN,myBas,,,
GIATMARA TAMBUN Bus Stop,GIATMARA TAMBUN,MEDAN KIDD-TANJUNG RAMBUTAN,myBas,,,
TMN UK RAYA Bus Stop,TMN UK RAYA,MEDAN KIDD-TANJUNG RAMBUTAN,myBas,,,
KG MELAYU BATU 8 Bus Stop,KG MELAYU BATU 8,MEDAN KIDD-TANJUNG RAMBUTAN,myBas,,,
KG TERSUSUN BATU 8 Bus Stop,KG TERSUSUN BATU 8,MEDAN KIDD-TANJUNG RAMBUTAN,myBas,,,
TMN TANJONG PERDANA Bus Stop,TMN TANJONG PERDANA,MEDAN KIDD-TANJUNG RAMBUTAN,myBas,,,
TMN INDAH Bus Stop,TMN INDAH,MEDAN KIDD-TANJUNG RAMBUTAN,myBas,,,
TMN JOTHI Bus Stop,TMN JOTHI,MEDAN KIDD-TANJUNG RAMBUTAN,myBas,,,
KLINIK KESIHATAN TANJONG RAMBUTAN Bus Stop,KLINIK KESIHATAN TANJONG RAMBUTAN,MEDAN KIDD-TANJUNG RAMBUTAN,myBas,,,
SK TANJONG RAMBUTAN Bus Stop,SK TANJONG RAMBUTAN,MEDAN KIDD-TANJUNG RAMBUTAN,myBas,,,
PEKAN TANJONG RAMBUTAN Bus Stop,PEKAN TANJONG RAMBUTAN,MEDAN KIDD-TANJUNG RAMBUTAN,myBas,,,
EU YAN SANG JALAN SULTAN ISKANDA Bus Stop,EU YAN SANG JALAN SULTAN ISKANDA,MEDAN KIDD-TANJUNG RAMBUTAN,myBas,,,
ELLOW STREET Bus Stop,ELLOW STREET,MEDAN KIDD-TANJUNG RAMBUTAN,myBas,,,
PEKAN LAMA Bus Stop,PEKAN LAMA,MEDAN KIDD-TANJUNG RAMBUTAN,myBas,,,
STESEN KTM IPOH JALAN SULTAN ISKANDAR Bus Stop,STESEN KTM IPOH JALAN SULTAN ISKANDAR,MEDAN KIDD-TANJUNG RAMBUTAN,myBas,,,
STESEN BAS MEDAN KIDD Bus Stop,STESEN BAS MEDAN KIDD,TERMINAL MEDAN KIDD- GOPENG - KAMPAR,myBas,,,
MASJID JAMEK Bus Stop,MASJID JAMEK,TERMINAL MEDAN KIDD- GOPENG - KAMPAR,myBas,,,
SRI MAJU Bus Stop,SRI MAJU,TERMINAL MEDAN KIDD- GOPENG - KAMPAR,myBas,,,
TAIWA Bus Stop,TAIWA,TERMINAL MEDAN KIDD- GOPENG - KAMPAR,myBas,,,
SKMGS Bus Stop,SKMGS,TERMINAL MEDAN KIDD- GOPENG - KAMPAR,myBas,,,
SHELL JALAN RAJA PERMAISURI BAINUN Bus Stop,SHELL JALAN RAJA PERMAISURI BAINUN,TERMINAL MEDAN KIDD- GOPENG - KAMPAR,myBas,,,
THE STORE Bus Stop,THE STORE,TERMINAL MEDAN KIDD- GOPENG - KAMPAR,myBas,,,
QUEST INTERNATIONAL UNIVERSITY PERAK Bus Stop,QUEST INTERNATIONAL UNIVERSITY PERAK,TERMINAL MEDAN KIDD- GOPENG - KAMPAR,myBas,,,
SMJK PEREMPUAN PERAK Bus Stop,SMJK PEREMPUAN PERAK,TERMINAL MEDAN KIDD- GOPENG - KAMPAR,myBas,,,
PCSH Bus Stop,PCSH,TERMINAL MEDAN KIDD- GOPENG - KAMPAR,myBas,,,
HENTIAN BAS MEDAN GOPENG Bus Stop,HENTIAN BAS MEDAN GOPENG,TERMINAL MEDAN KIDD- GOPENG - KAMPAR,myBas,,,
GUNUNG RAPAT Bus Stop,GUNUNG RAPAT,TERMINAL MEDAN KIDD- GOPENG - KAMPAR,myBas,,,
SAM POH TONG TEMPLE Bus Stop,SAM POH TONG TEMPLE,TERMINAL MEDAN KIDD- GOPENG - KAMPAR,myBas,,,
SYMPHONY SUITES HOTEL Bus Stop,SYMPHONY SUITES HOTEL,TERMINAL MEDAN KIDD- GOPENG - KAMPAR,myBas,,,
TMN TAUFIQ Bus Stop,TMN TAUFIQ,TERMINAL MEDAN KIDD- GOPENG - KAMPAR,myBas,,,
TMN SOON CHOON Bus Stop,TMN SOON CHOON,TERMINAL MEDAN KIDD- GOPENG - KAMPAR,myBas,,,
PROTON PULAI HEIGHTS Bus Stop,PROTON PULAI HEIGHTS,TERMINAL MEDAN KIDD- GOPENG - KAMPAR,myBas,,,
SENGAT Bus Stop,SENGAT,TERMINAL MEDAN KIDD- GOPENG - KAMPAR,myBas,,,
TMN BERSATU Bus Stop,TMN BERSATU,TERMINAL MEDAN KIDD- GOPENG - KAMPAR,myBas,,,
KLINIK KESIHATAN DESA SIMPANG PULAI Bus Stop,KLINIK KESIHATAN DESA SIMPANG PULAI,TERMINAL MEDAN KIDD- GOPENG - KAMPAR,myBas,,,
SIMPANG CAMERON HIGHLANDS Bus Stop,SIMPANG CAMERON HIGHLANDS,TERMINAL MEDAN KIDD- GOPENG - KAMPAR,myBas,,,
SR ISLAM PINTAR Bus Stop,SR ISLAM PINTAR,TERMINAL MEDAN KIDD- GOPENG - KAMPAR,myBas,,,
KG KEPAYANG 1 Bus Stop,KG KEPAYANG 1,TERMINAL MEDAN KIDD- GOPENG - KAMPAR,myBas,,,
SRI RAIA Bus Stop,SRI RAIA,TERMINAL MEDAN KIDD- GOPENG - KAMPAR,myBas,,,
TMN TEKAH Bus Stop,TMN TEKAH,TERMINAL MEDAN KIDD- GOPENG - KAMPAR,myBas,,,
RTC GOPENG Bus Stop,RTC GOPENG,TERMINAL MEDAN KIDD- GOPENG - KAMPAR,myBas,,,
KOLEJ KEMAS Bus Stop,KOLEJ KEMAS,TERMINAL MEDAN KIDD- GOPENG - KAMPAR,myBas,,,
STESEN BAS GOPENG Bus Stop,STESEN BAS GOPENG,TERMINAL MEDAN KIDD- GOPENG - KAMPAR,myBas,,,
TAMAN GOPENG Bus Stop,TAMAN GOPENG,TERMINAL MEDAN KIDD- GOPENG - KAMPAR,myBas,,,
KOPISAN Bus Stop,KOPISAN,TERMINAL MEDAN KIDD- GOPENG - KAMPAR,myBas,,,
KG PULAI Bus Stop,KG PULAI,TERMINAL MEDAN KIDD- GOPENG - KAMPAR,myBas,,,
KK GOPENG Bus Stop,KK GOPENG,TERMINAL MEDAN KIDD- GOPENG - KAMPAR,myBas,,,
KG LAWAN KUDA Bus Stop,KG LAWAN KUDA,TERMINAL MEDAN KIDD- GOPENG - KAMPAR,myBas,,,
KG GUNUNG MESAH HULU Bus Stop,KG GUNUNG MESAH HULU,TERMINAL MEDAN KIDD- GOPENG - KAMPAR,myBas,,,
KG GUNUNG MESAH HILIR 1 Bus Stop,KG GUNUNG MESAH HILIR 1,TERMINAL MEDAN KIDD- GOPENG - KAMPAR,myBas,,,
KG GUNUNG MESAH HILIR 2 Bus Stop,KG GUNUNG MESAH HILIR 2,TERMINAL MEDAN KIDD- GOPENG - KAMPAR,myBas,,,
KG GUNUNG PANGJANG 1 Bus Stop,KG GUNUNG PANGJANG 1,TERMINAL MEDAN KIDD- GOPENG - KAMPAR,myBas,,,
SPG JALAN IMAM IBRAHIM Bus Stop,SPG JALAN IMAM IBRAHIM,TERMINAL MEDAN KIDD- GOPENG - KAMPAR,myBas,,,
KLINIK DESA GUNUNG PANJANG Bus Stop,KLINIK DESA GUNUNG PANJANG,TERMINAL MEDAN KIDD- GOPENG - KAMPAR,myBas,,,
KG G PANJANG Bus Stop,KG G PANJANG,TERMINAL MEDAN KIDD- GOPENG - KAMPAR,myBas,,,
SPG GUA TEMPURUNG Bus Stop,SPG GUA TEMPURUNG,TERMINAL MEDAN KIDD- GOPENG - KAMPAR,myBas,,,
KUBOI Bus Stop,KUBOI,TERMINAL MEDAN KIDD- GOPENG - KAMPAR,myBas,,,
MASJID JAMEK JERAM Bus Stop,MASJID JAMEK JERAM,TERMINAL MEDAN KIDD- GOPENG - KAMPAR,myBas,,,
TANAH PERKUBURAN KG JERAM Bus Stop,TANAH PERKUBURAN KG JERAM,TERMINAL MEDAN KIDD- GOPENG - KAMPAR,myBas,,,
KG TENGAH Bus Stop,KG TENGAH,TERMINAL MEDAN KIDD- GOPENG - KAMPAR,myBas,,,
KG JERAM Bus Stop,KG JERAM,TERMINAL MEDAN KIDD- GOPENG - KAMPAR,myBas,,,
BALAI POLIS KUALA DEPANG Bus Stop,BALAI POLIS KUALA DEPANG,TERMINAL MEDAN KIDD- GOPENG - KAMPAR,myBas,,,
MEDAN CAHAYA KG DEPANG Bus Stop,MEDAN CAHAYA KG DEPANG,TERMINAL MEDAN KIDD- GOPENG - KAMPAR,myBas,,,
KG KUALA DEPANG Bus Stop,KG KUALA DEPANG,TERMINAL MEDAN KIDD- GOPENG - KAMPAR,myBas,,,
KG PASIR Bus Stop,KG PASIR,TERMINAL MEDAN KIDD- GOPENG - KAMPAR,myBas,,,
KG NYOR Bus Stop,KG NYOR,TERMINAL MEDAN KIDD- GOPENG - KAMPAR,myBas,,,
BATU 20 Bus Stop,BATU 20,TERMINAL MEDAN KIDD- GOPENG - KAMPAR,myBas,,,
BATU KARANG 1 Bus Stop,BATU KARANG 1,TERMINAL MEDAN KIDD- GOPENG - KAMPAR,myBas,,,
BATU KARANG 2 Bus Stop,BATU KARANG 2,TERMINAL MEDAN KIDD- GOPENG - KAMPAR,myBas,,,
KAMPAR JAYA 1 Bus Stop,KAMPAR JAYA 1,TERMINAL MEDAN KIDD- GOPENG - KAMPAR,myBas,,,
KAMPAR JAYA 2 Bus Stop,KAMPAR JAYA 2,TERMINAL MEDAN KIDD- GOPENG - KAMPAR,myBas,,,
SMK KAMPAR Bus Stop,SMK KAMPAR,TERMINAL MEDAN KIDD- GOPENG - KAMPAR,myBas,,,
BANDAR BARU KAMPAR 1 Bus Stop,BANDAR BARU KAMPAR 1,TERMINAL MEDAN KIDD- GOPENG - KAMPAR,myBas,,,
BANDAR BARU KAMPAR 2 Bus Stop,BANDAR BARU KAMPAR 2,TERMINAL MEDAN KIDD- GOPENG - KAMPAR,myBas,,,
TERMINAL 1 KAMPAR Bus Stop,TERMINAL 1 KAMPAR,TERMINAL MEDAN KIDD- GOPENG - KAMPAR,myBas,,,
STESEN BAS MEDAN KIDD Bus Stop,STESEN BAS MEDAN KIDD,MEDAN KIDD-PASIR PUTEH-PENGKALAN SENTOSA,myBas,,,
DATO SAGOR Bus Stop,DATO SAGOR,MEDAN KIDD-PASIR PUTEH-PENGKALAN SENTOSA,myBas,,,
HOTEL BAJET ONE STOP Bus Stop,HOTEL BAJET ONE STOP,MEDAN KIDD-PASIR PUTEH-PENGKALAN SENTOSA,myBas,,,
BANGUNAN SERI KINTA Bus Stop,BANGUNAN SERI KINTA,MEDAN KIDD-PASIR PUTEH-PENGKALAN SENTOSA,myBas,,,
PUBLIC BANK JALAN SULTAN IDRIS SHAH Bus Stop,PUBLIC BANK JALAN SULTAN IDRIS SHAH,MEDAN KIDD-PASIR PUTEH-PENGKALAN SENTOSA,myBas,,,
MEDAN SELERA TMN KANAK-KANAK Bus Stop,MEDAN SELERA TMN KANAK-KANAK,MEDAN KIDD-PASIR PUTEH-PENGKALAN SENTOSA,myBas,,,
KAMDAR JALAN RAJA MUSA AZIZ Bus Stop,KAMDAR JALAN RAJA MUSA AZIZ,MEDAN KIDD-PASIR PUTEH-PENGKALAN SENTOSA,myBas,,,
TAIWA Bus Stop,TAIWA,MEDAN KIDD-PASIR PUTEH-PENGKALAN SENTOSA,myBas,,,
SIMPANG PASIR PUTEH Bus Stop,SIMPANG PASIR PUTEH,MEDAN KIDD-PASIR PUTEH-PENGKALAN SENTOSA,myBas,,,
PETRON PASIR PUTEH Bus Stop,PETRON PASIR PUTEH,MEDAN KIDD-PASIR PUTEH-PENGKALAN SENTOSA,myBas,,,
PASAR PASIR PUTEH Bus Stop,PASAR PASIR PUTEH,MEDAN KIDD-PASIR PUTEH-PENGKALAN SENTOSA,myBas,,,
SMK JALAN PASIR PUTEH Bus Stop,SMK JALAN PASIR PUTEH,MEDAN KIDD-PASIR PUTEH-PENGKALAN SENTOSA,myBas,,,
SEN HENG JALAN PASIR PUTEH Bus Stop,SEN HENG JALAN PASIR PUTEH,MEDAN KIDD-PASIR PUTEH-PENGKALAN SENTOSA,myBas,,,
BALAI POLIS JALAN PASIR PUTEH Bus Stop,BALAI POLIS JALAN PASIR PUTEH,MEDAN KIDD-PASIR PUTEH-PENGKALAN SENTOSA,myBas,,,
TOKONG PASIR PUTEH Bus Stop,TOKONG PASIR PUTEH,MEDAN KIDD-PASIR PUTEH-PENGKALAN SENTOSA,myBas,,,
HYUNDAI Bus Stop,HYUNDAI,MEDAN KIDD-PASIR PUTEH-PENGKALAN SENTOSA,myBas,,,
SMK PINJI Bus Stop,SMK PINJI,MEDAN KIDD-PASIR PUTEH-PENGKALAN SENTOSA,myBas,,,
TMN BOON BAK Bus Stop,TMN BOON BAK,MEDAN KIDD-PASIR PUTEH-PENGKALAN SENTOSA,myBas,,,
SPBK Bus Stop,SPBK,MEDAN KIDD-PASIR PUTEH-PENGKALAN SENTOSA,myBas,,,
PETRONAS PASIR PUTEH Bus Stop,PETRONAS PASIR PUTEH,MEDAN KIDD-PASIR PUTEH-PENGKALAN SENTOSA,myBas,,,
TELEKOM PASIR PUTEH Bus Stop,TELEKOM PASIR PUTEH,MEDAN KIDD-PASIR PUTEH-PENGKALAN SENTOSA,myBas,,,
FOOD 66 Bus Stop,FOOD 66,MEDAN KIDD-PASIR PUTEH-PENGKALAN SENTOSA,myBas,,,
TMN PASIR PUTEH SELATAN Bus Stop,TMN PASIR PUTEH SELATAN,MEDAN KIDD-PASIR PUTEH-PENGKALAN SENTOSA,myBas,,,
AEON STATION 18 Bus Stop,AEON STATION 18,MEDAN KIDD-PASIR PUTEH-PENGKALAN SENTOSA,myBas,,,
TESCO STATION 18 1 Bus Stop,TESCO STATION 18 1,MEDAN KIDD-PASIR PUTEH-PENGKALAN SENTOSA,myBas,,,
KAMDAR STATION 18 Bus Stop,KAMDAR STATION 18,MEDAN KIDD-PASIR PUTEH-PENGKALAN SENTOSA,myBas,,,
TESCO STATION 18 2 Bus Stop,TESCO STATION 18 2,MEDAN KIDD-PASIR PUTEH-PENGKALAN SENTOSA,myBas,,,
KG PENGKALAN PEGOH 1 Bus Stop,KG PENGKALAN PEGOH 1,MEDAN KIDD-PASIR PUTEH-PENGKALAN SENTOSA,myBas,,,
KG PENGKALAN PEGOH 2 Bus Stop,KG PENGKALAN PEGOH 2,MEDAN KIDD-PASIR PUTEH-PENGKALAN SENTOSA,myBas,,,
DESA PAKATAN 1 Bus Stop,DESA PAKATAN 1,MEDAN KIDD-PASIR PUTEH-PENGKALAN SENTOSA,myBas,,,
DESA PAKATAN 2 Bus Stop,DESA PAKATAN 2,MEDAN KIDD-PASIR PUTEH-PENGKALAN SENTOSA,myBas,,,
DESA PAKATAN 3 Bus Stop,DESA PAKATAN 3,MEDAN KIDD-PASIR PUTEH-PENGKALAN SENTOSA,myBas,,,
PASAR PENGKALAN Bus Stop,PASAR PENGKALAN,MEDAN KIDD-PASIR PUTEH-PENGKALAN SENTOSA,myBas,,,
MEDAN PENGKALAN RIA Bus Stop,MEDAN PENGKALAN RIA,MEDAN KIDD-PASIR PUTEH-PENGKALAN SENTOSA,myBas,,,
MEDAN PENGKALAN IMPIAN Bus Stop,MEDAN PENGKALAN IMPIAN,MEDAN KIDD-PASIR PUTEH-PENGKALAN SENTOSA,myBas,,,
PENGKALAN PEGOH SEBERANG Bus Stop,PENGKALAN PEGOH SEBERANG,MEDAN KIDD-PASIR PUTEH-PENGKALAN SENTOSA,myBas,,,
MASJID AL HIDAYAH Bus Stop,MASJID AL HIDAYAH,MEDAN KIDD-PASIR PUTEH-PENGKALAN SENTOSA,myBas,,,
SK PENGKALAN Bus Stop,SK PENGKALAN,MEDAN KIDD-PASIR PUTEH-PENGKALAN SENTOSA,myBas,,,
TAIKO Bus Stop,TAIKO,MEDAN KIDD-PASIR PUTEH-PENGKALAN SENTOSA,myBas,,,
KAWASAN PERINDUSTRIAN PENGKALAN PEGOH 1 Bus Stop,KAWASAN PERINDUSTRIAN PENGKALAN PEGOH 1,MEDAN KIDD-PASIR PUTEH-PENGKALAN SENTOSA,myBas,,,
KAWASAN PERINDUSTRIAN PENGKALAN PEGOH 2 Bus Stop,KAWASAN PERINDUSTRIAN PENGKALAN PEGOH 2,MEDAN KIDD-PASIR PUTEH-PENGKALAN SENTOSA,myBas,,,
SK PENGKALAN PEGOH 1 Bus Stop,SK PENGKALAN PEGOH 1,MEDAN KIDD-PASIR PUTEH-PENGKALAN SENTOSA,myBas,,,
SK PENGKALAN PEGOH 2 Bus Stop,SK PENGKALAN PEGOH 2,MEDAN KIDD-PASIR PUTEH-PENGKALAN SENTOSA,myBas,,,
MASJID PENGKALAN PEGOH Bus Stop,MASJID PENGKALAN PEGOH,MEDAN KIDD-PASIR PUTEH-PENGKALAN SENTOSA,myBas,,,
TMN DESA AMAN Bus Stop,TMN DESA AMAN,MEDAN KIDD-PASIR PUTEH-PENGKALAN SENTOSA,myBas,,,
PASAR BINA 1 Bus Stop,PASAR BINA 1,MEDAN KIDD-PASIR PUTEH-PENGKALAN SENTOSA,myBas,,,
PASAR BINA 2 Bus Stop,PASAR BINA 2,MEDAN KIDD-PASIR PUTEH-PENGKALAN SENTOSA,myBas,,,
DESA PENGKALAN MUTIARA Bus Stop,DESA PENGKALAN MUTIARA,MEDAN KIDD-PASIR PUTEH-PENGKALAN SENTOSA,myBas,,,
KAWASAN PERINDUSTRIAN LAHAT 1 Bus Stop,KAWASAN PERINDUSTRIAN LAHAT 1,MEDAN KIDD-PASIR PUTEH-PENGKALAN SENTOSA,myBas,,,
KAWASAN PERINDUSTRIAN LAHAT 2 Bus Stop,KAWASAN PERINDUSTRIAN LAHAT 2,MEDAN KIDD-PASIR PUTEH-PENGKALAN SENTOSA,myBas,,,
PENGKALAN SENTOSA Bus Stop,PENGKALAN SENTOSA,MEDAN KIDD-PASIR PUTEH-PENGKALAN SENTOSA,myBas,,,
ELLOW STREET Bus Stop,ELLOW STREET,MEDAN KIDD-PASIR PUTEH-PENGKALAN SENTOSA,myBas,,,
STESEN KTM IPOH JALAN SULTAN ISKANDAR Bus Stop,STESEN KTM IPOH JALAN SULTAN ISKANDAR,MEDAN KIDD-PASIR PUTEH-PENGKALAN SENTOSA,myBas,,,
STESEN BAS MEDAN KIDD Bus Stop,STESEN BAS MEDAN KIDD,MEDAN KIDD-BATU GAJAH-SRI ISKANDAR,myBas,,,
ACS IPOH Bus Stop,ACS IPOH,MEDAN KIDD-BATU GAJAH-SRI ISKANDAR,myBas,,,
FALIM Bus Stop,FALIM,MEDAN KIDD-BATU GAJAH-SRI ISKANDAR,myBas,,,
AEON FALIM Bus Stop,AEON FALIM,MEDAN KIDD-BATU GAJAH-SRI ISKANDAR,myBas,,,
KIA FALIM Bus Stop,KIA FALIM,MEDAN KIDD-BATU GAJAH-SRI ISKANDAR,myBas,,,
PASAR BORONG 1 Bus Stop,PASAR BORONG 1,MEDAN KIDD-BATU GAJAH-SRI ISKANDAR,myBas,,,
PASAR BORONG 2 Bus Stop,PASAR BORONG 2,MEDAN KIDD-BATU GAJAH-SRI ISKANDAR,myBas,,,
VETERINAR Bus Stop,VETERINAR,MEDAN KIDD-BATU GAJAH-SRI ISKANDAR,myBas,,,
CIMB JALAN LEE MING HIN Bus Stop,CIMB JALAN LEE MING HIN,MEDAN KIDD-BATU GAJAH-SRI ISKANDAR,myBas,,,
PASAR MENGLEMBU Bus Stop,PASAR MENGLEMBU,MEDAN KIDD-BATU GAJAH-SRI ISKANDAR,myBas,,,
BUKIT MERAH Bus Stop,BUKIT MERAH,MEDAN KIDD-BATU GAJAH-SRI ISKANDAR,myBas,,,
INDUSTRI BUKIT MERAH Bus Stop,INDUSTRI BUKIT MERAH,MEDAN KIDD-BATU GAJAH-SRI ISKANDAR,myBas,,,
KG BARU BUKIT MERAH Bus Stop,KG BARU BUKIT MERAH,MEDAN KIDD-BATU GAJAH-SRI ISKANDAR,myBas,,,
SLEI Bus Stop,SLEI,MEDAN KIDD-BATU GAJAH-SRI ISKANDAR,myBas,,,
LAHAT Bus Stop,LAHAT,MEDAN KIDD-BATU GAJAH-SRI ISKANDAR,myBas,,,
BALAI POLIS LAHAT Bus Stop,BALAI POLIS LAHAT,MEDAN KIDD-BATU GAJAH-SRI ISKANDAR,myBas,,,
MEDAN LAHAT BARU Bus Stop,MEDAN LAHAT BARU,MEDAN KIDD-BATU GAJAH-SRI ISKANDAR,myBas,,,
LAHAT RIMA Bus Stop,LAHAT RIMA,MEDAN KIDD-BATU GAJAH-SRI ISKANDAR,myBas,,,
PRIMA MATEL Bus Stop,PRIMA MATEL,MEDAN KIDD-BATU GAJAH-SRI ISKANDAR,myBas,,,
KACA Bus Stop,KACA,MEDAN KIDD-BATU GAJAH-SRI ISKANDAR,myBas,,,
PAPAN Bus Stop,PAPAN,MEDAN KIDD-BATU GAJAH-SRI ISKANDAR,myBas,,,
TMN PUSING Bus Stop,TMN PUSING,MEDAN KIDD-BATU GAJAH-SRI ISKANDAR,myBas,,,
PEKAN PUSING Bus Stop,PEKAN PUSING,MEDAN KIDD-BATU GAJAH-SRI ISKANDAR,myBas,,,
MASJID HASNI PUSING Bus Stop,MASJID HASNI PUSING,MEDAN KIDD-BATU GAJAH-SRI ISKANDAR,myBas,,,
TAITUNG Bus Stop,TAITUNG,MEDAN KIDD-BATU GAJAH-SRI ISKANDAR,myBas,,,
TMN SAUJANA Bus Stop,TMN SAUJANA,MEDAN KIDD-BATU GAJAH-SRI ISKANDAR,myBas,,,
TMN MEWAH Bus Stop,TMN MEWAH,MEDAN KIDD-BATU GAJAH-SRI ISKANDAR,myBas,,,
SMK SULTAN YUSUF Bus Stop,SMK SULTAN YUSUF,MEDAN KIDD-BATU GAJAH-SRI ISKANDAR,myBas,,,
KG SERI INDAH Bus Stop,KG SERI INDAH,MEDAN KIDD-BATU GAJAH-SRI ISKANDAR,myBas,,,
BATU GAJAH Bus Stop,BATU GAJAH,MEDAN KIDD-BATU GAJAH-SRI ISKANDAR,myBas,,,
ARKED BATU GAJAH Bus Stop,ARKED BATU GAJAH,MEDAN KIDD-BATU GAJAH-SRI ISKANDAR,myBas,,,
MASJID TOH PUAN BESAR HATIJAH 1 Bus Stop,MASJID TOH PUAN BESAR HATIJAH 1,MEDAN KIDD-BATU GAJAH-SRI ISKANDAR,myBas,,,
KUAN TI TEMPLE 1 Bus Stop,KUAN TI TEMPLE 1,MEDAN KIDD-BATU GAJAH-SRI ISKANDAR,myBas,,,
KTM BATU GAJAH Bus Stop,KTM BATU GAJAH,MEDAN KIDD-BATU GAJAH-SRI ISKANDAR,myBas,,,
KUAN TI TEMPLE 2 Bus Stop,KUAN TI TEMPLE 2,MEDAN KIDD-BATU GAJAH-SRI ISKANDAR,myBas,,,
MASJID TOH PUAN BESAR HATIJAH 2 Bus Stop,MASJID TOH PUAN BESAR HATIJAH 2,MEDAN KIDD-BATU GAJAH-SRI ISKANDAR,myBas,,,
MAYBANK BATU GAJAH Bus Stop,MAYBANK BATU GAJAH,MEDAN KIDD-BATU GAJAH-SRI ISKANDAR,myBas,,,
KFC BATU GAJAH Bus Stop,KFC BATU GAJAH,MEDAN KIDD-BATU GAJAH-SRI ISKANDAR,myBas,,,
CLUB GOLF KINTA Bus Stop,CLUB GOLF KINTA,MEDAN KIDD-BATU GAJAH-SRI ISKANDAR,myBas,,,
TMN ANGGERIK Bus Stop,TMN ANGGERIK,MEDAN KIDD-BATU GAJAH-SRI ISKANDAR,myBas,,,
TMN BEMBAN AWAM 1 Bus Stop,TMN BEMBAN AWAM 1,MEDAN KIDD-BATU GAJAH-SRI ISKANDAR,myBas,,,
BEMBAN 1 Bus Stop,BEMBAN 1,MEDAN KIDD-BATU GAJAH-SRI ISKANDAR,myBas,,,
TMN BEMBAN AWAM 2 Bus Stop,TMN BEMBAN AWAM 2,MEDAN KIDD-BATU GAJAH-SRI ISKANDAR,myBas,,,
BEMBAN RAYA Bus Stop,BEMBAN RAYA,MEDAN KIDD-BATU GAJAH-SRI ISKANDAR,myBas,,,
INDUSTRI BEMBAN 1 Bus Stop,INDUSTRI BEMBAN 1,MEDAN KIDD-BATU GAJAH-SRI ISKANDAR,myBas,,,
INDUSTRI BEMBAN 2 Bus Stop,INDUSTRI BEMBAN 2,MEDAN KIDD-BATU GAJAH-SRI ISKANDAR,myBas,,,
SJK SEPUTEH Bus Stop,SJK SEPUTEH,MEDAN KIDD-BATU GAJAH-SRI ISKANDAR,myBas,,,
TMN SEPUTEH Bus Stop,TMN SEPUTEH,MEDAN KIDD-BATU GAJAH-SRI ISKANDAR,myBas,,,
TMN SEPUTEH PERMAI Bus Stop,TMN SEPUTEH PERMAI,MEDAN KIDD-BATU GAJAH-SRI ISKANDAR,myBas,,,
AKADEMI Bus Stop,AKADEMI,MEDAN KIDD-BATU GAJAH-SRI ISKANDAR,myBas,,,
KLINIK KESIHATAN TRONOH Bus Stop,KLINIK KESIHATAN TRONOH,MEDAN KIDD-BATU GAJAH-SRI ISKANDAR,myBas,,,
TMN TIMAH Bus Stop,TMN TIMAH,MEDAN KIDD-BATU GAJAH-SRI ISKANDAR,myBas,,,
TMN TASIK PUTRA Bus Stop,TMN TASIK PUTRA,MEDAN KIDD-BATU GAJAH-SRI ISKANDAR,myBas,,,
HENTIAN UTP Bus Stop,HENTIAN UTP,MEDAN KIDD-BATU GAJAH-SRI ISKANDAR,myBas,,,
TMN MAJU Bus Stop,TMN MAJU,MEDAN KIDD-BATU GAJAH-SRI ISKANDAR,myBas,,,
BILLION SERI ISKANDAR Bus Stop,BILLION SERI ISKANDAR,MEDAN KIDD-BATU GAJAH-SRI ISKANDAR,myBas,,,
HENTIAN UITM Bus Stop,HENTIAN UITM,MEDAN KIDD-BATU GAJAH-SRI ISKANDAR,myBas,,,
STESEN BAS MEDAN KIDD Bus Stop,STESEN BAS MEDAN KIDD,MEDAN KIDD-LTSAS-TAMAN BOTANI,myBas,,,
STESEN KTM IPOH JALAN PANGLIMA Bus Stop,STESEN KTM IPOH JALAN PANGLIMA,MEDAN KIDD-LTSAS-TAMAN BOTANI,myBas,,,
SM ST MICHAEL Bus Stop,SM ST MICHAEL,MEDAN KIDD-LTSAS-TAMAN BOTANI,myBas,,,
BANGUNAN SERI KINTA Bus Stop,BANGUNAN SERI KINTA,MEDAN KIDD-LTSAS-TAMAN BOTANI,myBas,,,
PUBLIC BANK JALAN SULTAN IDRIS SHAH Bus Stop,PUBLIC BANK JALAN SULTAN IDRIS SHAH,MEDAN KIDD-LTSAS-TAMAN BOTANI,myBas,,,
MEDAN SELERA TMN KANAK-KANAK Bus Stop,MEDAN SELERA TMN KANAK-KANAK,MEDAN KIDD-LTSAS-TAMAN BOTANI,myBas,,,
KAMDAR JALAN RAJA MUSA AZIZ Bus Stop,KAMDAR JALAN RAJA MUSA AZIZ,MEDAN KIDD-LTSAS-TAMAN BOTANI,myBas,,,
TAIWA Bus Stop,TAIWA,MEDAN KIDD-LTSAS-TAMAN BOTANI,myBas,,,
SIMPANG PASIR PUTEH Bus Stop,SIMPANG PASIR PUTEH,MEDAN KIDD-LTSAS-TAMAN BOTANI,myBas,,,
TOKONG TOW SOH KEONG Bus Stop,TOKONG TOW SOH KEONG,MEDAN KIDD-LTSAS-TAMAN BOTANI,myBas,,,
SHELL JALAN RAJA PERMAISURI BAINUN Bus Stop,SHELL JALAN RAJA PERMAISURI BAINUN,MEDAN KIDD-LTSAS-TAMAN BOTANI,myBas,,,
THE STORE Bus Stop,THE STORE,MEDAN KIDD-LTSAS-TAMAN BOTANI,myBas,,,
QUEST INTERNATIONAL UNIVERSITY PERAK Bus Stop,QUEST INTERNATIONAL UNIVERSITY PERAK,MEDAN KIDD-LTSAS-TAMAN BOTANI,myBas,,,
SMJK PEREMPUAN PERAK Bus Stop,SMJK PEREMPUAN PERAK,MEDAN KIDD-LTSAS-TAMAN BOTANI,myBas,,,
PCSH Bus Stop,PCSH,MEDAN KIDD-LTSAS-TAMAN BOTANI,myBas,,,
LIP SOON CAR 1 Bus Stop,LIP SOON CAR 1,MEDAN KIDD-LTSAS-TAMAN BOTANI,myBas,,,
CARSEM M SITE 1 Bus Stop,CARSEM M SITE 1,MEDAN KIDD-LTSAS-TAMAN BOTANI,myBas,,,
TMN MAJU RAPAT Bus Stop,TMN MAJU RAPAT,MEDAN KIDD-LTSAS-TAMAN BOTANI,myBas,,,
LAPANGAN TERBANG SULTAN AZLAN SHAH Bus Stop,LAPANGAN TERBANG SULTAN AZLAN SHAH,MEDAN KIDD-LTSAS-TAMAN BOTANI,myBas,,,
TMN MAJU RAPAT 2 Bus Stop,TMN MAJU RAPAT 2,MEDAN KIDD-LTSAS-TAMAN BOTANI,myBas,,,
CARSEM M SITE 2 Bus Stop,CARSEM M SITE 2,MEDAN KIDD-LTSAS-TAMAN BOTANI,myBas,,,
LIP SOON CAR 2 Bus Stop,LIP SOON CAR 2,MEDAN KIDD-LTSAS-TAMAN BOTANI,myBas,,,
HENTIAN BAS MEDAN GOPENG Bus Stop,HENTIAN BAS MEDAN GOPENG,MEDAN KIDD-LTSAS-TAMAN BOTANI,myBas,,,
OLD TOWN GUNUNG RAPAT Bus Stop,OLD TOWN GUNUNG RAPAT,MEDAN KIDD-LTSAS-TAMAN BOTANI,myBas,,,
PASAR GUNUNG RAPAT Bus Stop,PASAR GUNUNG RAPAT,MEDAN KIDD-LTSAS-TAMAN BOTANI,myBas,,,
SRJKC GUNUNG RAPAT Bus Stop,SRJKC GUNUNG RAPAT,MEDAN KIDD-LTSAS-TAMAN BOTANI,myBas,,,
TMN SAUJANA Bus Stop,TMN SAUJANA,MEDAN KIDD-LTSAS-TAMAN BOTANI,myBas,,,
IPOH JAYA 1 Bus Stop,IPOH JAYA 1,MEDAN KIDD-LTSAS-TAMAN BOTANI,myBas,,,
PEKAN RAZAKI Bus Stop,PEKAN RAZAKI,MEDAN KIDD-LTSAS-TAMAN BOTANI,myBas,,,
RESTORAN SAHUL Bus Stop,RESTORAN SAHUL,MEDAN KIDD-LTSAS-TAMAN BOTANI,myBas,,,
IPOH JAYA 2 Bus Stop,IPOH JAYA 2,MEDAN KIDD-LTSAS-TAMAN BOTANI,myBas,,,
SMK SERI AMPANG Bus Stop,SMK SERI AMPANG,MEDAN KIDD-LTSAS-TAMAN BOTANI,myBas,,,
MAYBANK AMPANG Bus Stop,MAYBANK AMPANG,MEDAN KIDD-LTSAS-TAMAN BOTANI,myBas,,,
WIRA JAYA BARAT 4 Bus Stop,WIRA JAYA BARAT 4,MEDAN KIDD-LTSAS-TAMAN BOTANI,myBas,,,
WIRA JAYA BARAT 3 Bus Stop,WIRA JAYA BARAT 3,MEDAN KIDD-LTSAS-TAMAN BOTANI,myBas,,,
SM GUNUNG RAPAT Bus Stop,SM GUNUNG RAPAT,MEDAN KIDD-LTSAS-TAMAN BOTANI,myBas,,,
TMN RAPAT SETIA Bus Stop,TMN RAPAT SETIA,MEDAN KIDD-LTSAS-TAMAN BOTANI,myBas,,,
MASJID SULTAN YUSUFF Bus Stop,MASJID SULTAN YUSUFF,MEDAN KIDD-LTSAS-TAMAN BOTANI,myBas,,,
TMN SAIKAT Bus Stop,TMN SAIKAT,MEDAN KIDD-LTSAS-TAMAN BOTANI,myBas,,,
SAM POH TONG TEMPLE Bus Stop,SAM POH TONG TEMPLE,MEDAN KIDD-LTSAS-TAMAN BOTANI,myBas,,,
SYMPHONY SUITES HOTEL Bus Stop,SYMPHONY SUITES HOTEL,MEDAN KIDD-LTSAS-TAMAN BOTANI,myBas,,,
TMN TAUFIQ Bus Stop,TMN TAUFIQ,MEDAN KIDD-LTSAS-TAMAN BOTANI,myBas,,,
TMN SOON CHOON Bus Stop,TMN SOON CHOON,MEDAN KIDD-LTSAS-TAMAN BOTANI,myBas,,,
PROTON PULAI HEIGHTS Bus Stop,PROTON PULAI HEIGHTS,MEDAN KIDD-LTSAS-TAMAN BOTANI,myBas,,,
SM SHEN JAI Bus Stop,SM SHEN JAI,MEDAN KIDD-LTSAS-TAMAN BOTANI,myBas,,,
LAPANGAN SIBER Bus Stop,LAPANGAN SIBER,MEDAN KIDD-LTSAS-TAMAN BOTANI,myBas,,,
SJKC BANDAR SERI BOTANI Bus Stop,SJKC BANDAR SERI BOTANI,MEDAN KIDD-LTSAS-TAMAN BOTANI,myBas,,,
SERI TECOMA Bus Stop,SERI TECOMA,MEDAN KIDD-LTSAS-TAMAN BOTANI,myBas,,,
SERI MARGOSA Bus Stop,SERI MARGOSA,MEDAN KIDD-LTSAS-TAMAN BOTANI,myBas,,,
ELLOW STREET Bus Stop,ELLOW STREET,MEDAN KIDD-LTSAS-TAMAN BOTANI,myBas,,,
PEKAN LAMA Bus Stop,PEKAN LAMA,MEDAN KIDD-LTSAS-TAMAN BOTANI,myBas,,,
STESEN KTM IPOH JALAN SULTAN ISKANDAR Bus Stop,STESEN KTM IPOH JALAN SULTAN ISKANDAR,MEDAN KIDD-LTSAS-TAMAN BOTANI,myBas,,,
STESEN BAS MEDAN KIDD Bus Stop,STESEN BAS MEDAN KIDD,BANDARAYA IPOH,myBas,,,
STESEN KTM IPOH JALAN PANGLIMA Bus Stop,STESEN KTM IPOH JALAN PANGLIMA,BANDARAYA IPOH,myBas,,,
BANK ISLAM IPOH Bus Stop,BANK ISLAM IPOH,BANDARAYA IPOH,myBas,,,
JKR IPOH Bus Stop,JKR IPOH,BANDARAYA IPOH,myBas,,,
PEJABAT SUK NEGERI PERAK Bus Stop,PEJABAT SUK NEGERI PERAK,BANDARAYA IPOH,myBas,,,
SK ST MICHAEL Bus Stop,SK ST MICHAEL,BANDARAYA IPOH,myBas,,,
BANGUNAN SERI KINTA Bus Stop,BANGUNAN SERI KINTA,BANDARAYA IPOH,myBas,,,
PASAR AYAM AMANJAYA IPOH Bus Stop,PASAR AYAM AMANJAYA IPOH,BANDARAYA IPOH,myBas,,,
UTC IPOH PERAK Bus Stop,UTC IPOH PERAK,BANDARAYA IPOH,myBas,,,
GERBANG MALAM Bus Stop,GERBANG MALAM,BANDARAYA IPOH,myBas,,,
RHB GREENHILL Bus Stop,RHB GREENHILL,BANDARAYA IPOH,myBas,,,
IPOH PARADE Bus Stop,IPOH PARADE,BANDARAYA IPOH,myBas,,,
MAYBANK GREENTOWN Bus Stop,MAYBANK GREENTOWN,BANDARAYA IPOH,myBas,,,
CIMB GREENTOWN Bus Stop,CIMB GREENTOWN,BANDARAYA IPOH,myBas,,,
WISMA PERKESO 1 Bus Stop,WISMA PERKESO 1,BANDARAYA IPOH,myBas,,,
FLAT ASHBY ROAD Bus Stop,FLAT ASHBY ROAD,BANDARAYA IPOH,myBas,,,
ANGSANA MALL Bus Stop,ANGSANA MALL,BANDARAYA IPOH,myBas,,,
HOSPITAL RAJA PERMAISURI BAINUN 1 Bus Stop,HOSPITAL RAJA PERMAISURI BAINUN 1,BANDARAYA IPOH,myBas,,,
SMK ANDERSON Bus Stop,SMK ANDERSON,BANDARAYA IPOH,myBas,,,
KLINIK GREENTOWN Bus Stop,KLINIK GREENTOWN,BANDARAYA IPOH,myBas,,,
RUBY JALAN RAJA MUSA AZIZ Bus Stop,RUBY JALAN RAJA MUSA AZIZ,BANDARAYA IPOH,myBas,,,
MEDAN SELERA TMN KANAK-KANAK Bus Stop,MEDAN SELERA TMN KANAK-KANAK,BANDARAYA IPOH,myBas,,,
KAMDAR JALAN RAJA MUSA AZIZ Bus Stop,KAMDAR JALAN RAJA MUSA AZIZ,BANDARAYA IPOH,myBas,,,
ELLOW STREET Bus Stop,ELLOW STREET,BANDARAYA IPOH,myBas,,,
PEKAN LAMA Bus Stop,PEKAN LAMA,BANDARAYA IPOH,myBas,,,
STESEN KTM IPOH JALAN SULTAN ISKANDAR Bus Stop,STESEN KTM IPOH JALAN SULTAN ISKANDAR,BANDARAYA IPOH,myBas,,,
STESEN BAS MEDAN KIDD 2 Bus Stop,STESEN BAS MEDAN KIDD 2,BANDARAYA IPOH,myBas,,,
STESEN BAS MEDAN KIDD Bus Stop,STESEN BAS MEDAN KIDD,STESEN BAS MEDAN KIDD - BERCHAM VIA TAMAN IPOH,myBas,,,
DATO SAGOR Bus Stop,DATO SAGOR,STESEN BAS MEDAN KIDD - BERCHAM VIA TAMAN IPOH,myBas,,,
HOTEL BAJET ONE STOP Bus Stop,HOTEL BAJET ONE STOP,STESEN BAS MEDAN KIDD - BERCHAM VIA TAMAN IPOH,myBas,,,
BANGUNAN SERI KINTA Bus Stop,BANGUNAN SERI KINTA,STESEN BAS MEDAN KIDD - BERCHAM VIA TAMAN IPOH,myBas,,,
PASAR AYAM AMANJAYA IPOH Bus Stop,PASAR AYAM AMANJAYA IPOH,STESEN BAS MEDAN KIDD - BERCHAM VIA TAMAN IPOH,myBas,,,
UTC IPOH PERAK Bus Stop,UTC IPOH PERAK,STESEN BAS MEDAN KIDD - BERCHAM VIA TAMAN IPOH,myBas,,,
PEKAN BARU Bus Stop,PEKAN BARU,STESEN BAS MEDAN KIDD - BERCHAM VIA TAMAN IPOH,myBas,,,
WALLCOURT Bus Stop,WALLCOURT,STESEN BAS MEDAN KIDD - BERCHAM VIA TAMAN IPOH,myBas,,,
KLINIK GREENTOWN Bus Stop,KLINIK GREENTOWN,STESEN BAS MEDAN KIDD - BERCHAM VIA TAMAN IPOH,myBas,,,
SMK ANDERSON Bus Stop,SMK ANDERSON,STESEN BAS MEDAN KIDD - BERCHAM VIA TAMAN IPOH,myBas,,,
HOSPITAL RAJA PERMAISURI BAINUN 1 Bus Stop,HOSPITAL RAJA PERMAISURI BAINUN 1,STESEN BAS MEDAN KIDD - BERCHAM VIA TAMAN IPOH,myBas,,,
ANGSANA MALL Bus Stop,ANGSANA MALL,STESEN BAS MEDAN KIDD - BERCHAM VIA TAMAN IPOH,myBas,,,
FLAT ASHBY ROAD Bus Stop,FLAT ASHBY ROAD,STESEN BAS MEDAN KIDD - BERCHAM VIA TAMAN IPOH,myBas,,,
SK SRI KINTA IPOH Bus Stop,SK SRI KINTA IPOH,STESEN BAS MEDAN KIDD - BERCHAM VIA TAMAN IPOH,myBas,,,
KG KEPAYANG 1 Bus Stop,KG KEPAYANG 1,STESEN BAS MEDAN KIDD - BERCHAM VIA TAMAN IPOH,myBas,,,
STADIUM  NEGERI PERAK 1 Bus Stop,STADIUM  NEGERI PERAK 1,STESEN BAS MEDAN KIDD - BERCHAM VIA TAMAN IPOH,myBas,,,
BALAI BOMBA JALAN DATO LAU PAK KHUAN 1 Bus Stop,BALAI BOMBA JALAN DATO LAU PAK KHUAN 1,STESEN BAS MEDAN KIDD - BERCHAM VIA TAMAN IPOH,myBas,,,
KFC JALAN DATO LAU PAK KHUAN 1 Bus Stop,KFC JALAN DATO LAU PAK KHUAN 1,STESEN BAS MEDAN KIDD - BERCHAM VIA TAMAN IPOH,myBas,,,
PEJABAT POS JALAN DATO LAU PAK KHUAN 1 Bus Stop,PEJABAT POS JALAN DATO LAU PAK KHUAN 1,STESEN BAS MEDAN KIDD - BERCHAM VIA TAMAN IPOH,myBas,,,
HOSPITAL FATIMAH 1 Bus Stop,HOSPITAL FATIMAH 1,STESEN BAS MEDAN KIDD - BERCHAM VIA TAMAN IPOH,myBas,,,
IPOH GARDEN CHURCH 1 Bus Stop,IPOH GARDEN CHURCH 1,STESEN BAS MEDAN KIDD - BERCHAM VIA TAMAN IPOH,myBas,,,
AEON KINTA CITY Bus Stop,AEON KINTA CITY,STESEN BAS MEDAN KIDD - BERCHAM VIA TAMAN IPOH,myBas,,,
IPOH GARDEN EAST Bus Stop,IPOH GARDEN EAST,STESEN BAS MEDAN KIDD - BERCHAM VIA TAMAN IPOH,myBas,,,
TMN PERAK Bus Stop,TMN PERAK,STESEN BAS MEDAN KIDD - BERCHAM VIA TAMAN IPOH,myBas,,,
TMN IPOH BOULEVARD TIMUR Bus Stop,TMN IPOH BOULEVARD TIMUR,STESEN BAS MEDAN KIDD - BERCHAM VIA TAMAN IPOH,myBas,,,
TMN IPOH INDAH Bus Stop,TMN IPOH INDAH,STESEN BAS MEDAN KIDD - BERCHAM VIA TAMAN IPOH,myBas,,,
TMN SYABAS Bus Stop,TMN SYABAS,STESEN BAS MEDAN KIDD - BERCHAM VIA TAMAN IPOH,myBas,,,
TMN IPOH PERDANA Bus Stop,TMN IPOH PERDANA,STESEN BAS MEDAN KIDD - BERCHAM VIA TAMAN IPOH,myBas,,,
UPLANDS Bus Stop,UPLANDS,STESEN BAS MEDAN KIDD - BERCHAM VIA TAMAN IPOH,myBas,,,
BANDAR BARU TAMBUN Bus Stop,BANDAR BARU TAMBUN,STESEN BAS MEDAN KIDD - BERCHAM VIA TAMAN IPOH,myBas,,,
SHELL JALAN TAMBUN Bus Stop,SHELL JALAN TAMBUN,STESEN BAS MEDAN KIDD - BERCHAM VIA TAMAN IPOH,myBas,,,
EXTREME PARK TAMBUN Bus Stop,EXTREME PARK TAMBUN,STESEN BAS MEDAN KIDD - BERCHAM VIA TAMAN IPOH,myBas,,,
GIANT TAMBUN Bus Stop,GIANT TAMBUN,STESEN BAS MEDAN KIDD - BERCHAM VIA TAMAN IPOH,myBas,,,
MCDONALDS TAMBUN Bus Stop,MCDONALDS TAMBUN,STESEN BAS MEDAN KIDD - BERCHAM VIA TAMAN IPOH,myBas,,,
BHP JALAN TAMBUN LAMA Bus Stop,BHP JALAN TAMBUN LAMA,STESEN BAS MEDAN KIDD - BERCHAM VIA TAMAN IPOH,myBas,,,
BATU 6 Bus Stop,BATU 6,STESEN BAS MEDAN KIDD - BERCHAM VIA TAMAN IPOH,myBas,,,
TMN PERPADUAN 2 Bus Stop,TMN PERPADUAN 2,STESEN BAS MEDAN KIDD - BERCHAM VIA TAMAN IPOH,myBas,,,
TMN PERPADUAN 1 Bus Stop,TMN PERPADUAN 1,STESEN BAS MEDAN KIDD - BERCHAM VIA TAMAN IPOH,myBas,,,
PUSAT KOMERSIL JLN PERPADUAN Bus Stop,PUSAT KOMERSIL JLN PERPADUAN,STESEN BAS MEDAN KIDD - BERCHAM VIA TAMAN IPOH,myBas,,,
SK PAKATAN JAYA Bus Stop,SK PAKATAN JAYA,STESEN BAS MEDAN KIDD - BERCHAM VIA TAMAN IPOH,myBas,,,
FLAT PERPADUAN Bus Stop,FLAT PERPADUAN,STESEN BAS MEDAN KIDD - BERCHAM VIA TAMAN IPOH,myBas,,,
KLINIK 1 MALAYSIA BERCHAM Bus Stop,KLINIK 1 MALAYSIA BERCHAM,STESEN BAS MEDAN KIDD - BERCHAM VIA TAMAN IPOH,myBas,,,
KOMPLEKS SUKAN PING PONG DAN BADMINTON BERCHAM Bus Stop,KOMPLEKS SUKAN PING PONG DAN BADMINTON BERCHAM,STESEN BAS MEDAN KIDD - BERCHAM VIA TAMAN IPOH,myBas,,,
PERUMAHAN PEGAWAI KASTAM BERCHAM Bus Stop,PERUMAHAN PEGAWAI KASTAM BERCHAM,STESEN BAS MEDAN KIDD - BERCHAM VIA TAMAN IPOH,myBas,,,
GERAJA METHODIST TAMIL BERCHAM Bus Stop,GERAJA METHODIST TAMIL BERCHAM,STESEN BAS MEDAN KIDD - BERCHAM VIA TAMAN IPOH,myBas,,,
PERSATUAN PEMULIHAN SULTAN AZLAN SHAH Bus Stop,PERSATUAN PEMULIHAN SULTAN AZLAN SHAH,STESEN BAS MEDAN KIDD - BERCHAM VIA TAMAN IPOH,myBas,,,
SK TASEK DERMAWAN Bus Stop,SK TASEK DERMAWAN,STESEN BAS MEDAN KIDD - BERCHAM VIA TAMAN IPOH,myBas,,,
KG TERSUSUN TASEK 2 Bus Stop,KG TERSUSUN TASEK 2,STESEN BAS MEDAN KIDD - BERCHAM VIA TAMAN IPOH,myBas,,,
KG TERSUSUN TASEK 1 Bus Stop,KG TERSUSUN TASEK 1,STESEN BAS MEDAN KIDD - BERCHAM VIA TAMAN IPOH,myBas,,,
FLAT TMN MEWAH Bus Stop,FLAT TMN MEWAH,STESEN BAS MEDAN KIDD - BERCHAM VIA TAMAN IPOH,myBas,,,
TMN MEWAH Bus Stop,TMN MEWAH,STESEN BAS MEDAN KIDD - BERCHAM VIA TAMAN IPOH,myBas,,,
TMN RIA Bus Stop,TMN RIA,STESEN BAS MEDAN KIDD - BERCHAM VIA TAMAN IPOH,myBas,,,
PETRON BERCHAM Bus Stop,PETRON BERCHAM,STESEN BAS MEDAN KIDD - BERCHAM VIA TAMAN IPOH,myBas,,,
TESCO EXTRA IPOH Bus Stop,TESCO EXTRA IPOH,STESEN BAS MEDAN KIDD - BERCHAM VIA TAMAN IPOH,myBas,,,
JPJ NEGERI PERAK Bus Stop,JPJ NEGERI PERAK,STESEN BAS MEDAN KIDD - BERCHAM VIA TAMAN IPOH,myBas,,,
TESCO HYPER IPOH Bus Stop,TESCO HYPER IPOH,STESEN BAS MEDAN KIDD - BERCHAM VIA TAMAN IPOH,myBas,,,
AEON KINTA CITY 2 Bus Stop,AEON KINTA CITY 2,STESEN BAS MEDAN KIDD - BERCHAM VIA TAMAN IPOH,myBas,,,
IPOH GARDEN CHURCH 2 Bus Stop,IPOH GARDEN CHURCH 2,STESEN BAS MEDAN KIDD - BERCHAM VIA TAMAN IPOH,myBas,,,
HOSPITAL FATIMAH 2 Bus Stop,HOSPITAL FATIMAH 2,STESEN BAS MEDAN KIDD - BERCHAM VIA TAMAN IPOH,myBas,,,
PEJABAT POS JALAN DATO LAU PAK KHUAN 2 Bus Stop,PEJABAT POS JALAN DATO LAU PAK KHUAN 2,STESEN BAS MEDAN KIDD - BERCHAM VIA TAMAN IPOH,myBas,,,
KFC JALAN DATO LAU PAK KHUAN 2 Bus Stop,KFC JALAN DATO LAU PAK KHUAN 2,STESEN BAS MEDAN KIDD - BERCHAM VIA TAMAN IPOH,myBas,,,
BALAI BOMBA JALAN DATO LAU PAK KHUAN 2 Bus Stop,BALAI BOMBA JALAN DATO LAU PAK KHUAN 2,STESEN BAS MEDAN KIDD - BERCHAM VIA TAMAN IPOH,myBas,,,
STADIUM NEGERI PERAK 2 Bus Stop,STADIUM NEGERI PERAK 2,STESEN BAS MEDAN KIDD - BERCHAM VIA TAMAN IPOH,myBas,,,
KG KEPAYANG 2 Bus Stop,KG KEPAYANG 2,STESEN BAS MEDAN KIDD - BERCHAM VIA TAMAN IPOH,myBas,,,
PERUMAHAN PEGAWAI KASTAM FAIR PARK Bus Stop,PERUMAHAN PEGAWAI KASTAM FAIR PARK,STESEN BAS MEDAN KIDD - BERCHAM VIA TAMAN IPOH,myBas,,,
SK SERI KEPAYANG FAIR PARK Bus Stop,SK SERI KEPAYANG FAIR PARK,STESEN BAS MEDAN KIDD - BERCHAM VIA TAMAN IPOH,myBas,,,
CALTEX JALAN KAMARUDDIN ISA Bus Stop,CALTEX JALAN KAMARUDDIN ISA,STESEN BAS MEDAN KIDD - BERCHAM VIA TAMAN IPOH,myBas,,,
HOSPITAL RAJA PERMAISURI BAINUN 2 Bus Stop,HOSPITAL RAJA PERMAISURI BAINUN 2,STESEN BAS MEDAN KIDD - BERCHAM VIA TAMAN IPOH,myBas,,,
SMK ANDERSON 2 Bus Stop,SMK ANDERSON 2,STESEN BAS MEDAN KIDD - BERCHAM VIA TAMAN IPOH,myBas,,,
KLINIK GREENTOWN 2 Bus Stop,KLINIK GREENTOWN 2,STESEN BAS MEDAN KIDD - BERCHAM VIA TAMAN IPOH,myBas,,,
RUBY JALAN RAJA MUSA AZIZ Bus Stop,RUBY JALAN RAJA MUSA AZIZ,STESEN BAS MEDAN KIDD - BERCHAM VIA TAMAN IPOH,myBas,,,
MEDAN SELERA TMN KANAK-KANAK Bus Stop,MEDAN SELERA TMN KANAK-KANAK,STESEN BAS MEDAN KIDD - BERCHAM VIA TAMAN IPOH,myBas,,,
KAMDAR JALAN RAJA MUSA AZIZ Bus Stop,KAMDAR JALAN RAJA MUSA AZIZ,STESEN BAS MEDAN KIDD - BERCHAM VIA TAMAN IPOH,myBas,,,
ELLOW STREET Bus Stop,ELLOW STREET,STESEN BAS MEDAN KIDD - BERCHAM VIA TAMAN IPOH,myBas,,,
PEKAN LAMA Bus Stop,PEKAN LAMA,STESEN BAS MEDAN KIDD - BERCHAM VIA TAMAN IPOH,myBas,,,
STESEN KTM IPOH JALAN SULTAN ISKANDAR Bus Stop,STESEN KTM IPOH JALAN SULTAN ISKANDAR,STESEN BAS MEDAN KIDD - BERCHAM VIA TAMAN IPOH,myBas,,,
STESEN BAS MEDAN KIDD 2 Bus Stop,STESEN BAS MEDAN KIDD 2,STESEN BAS MEDAN KIDD - BERCHAM VIA TAMAN IPOH,myBas,,,
STESEN BAS MEDAN KIDD Bus Stop,STESEN BAS MEDAN KIDD,STESEN BAS MEDAN KIDD - BERCHAM VIA KG SIMEE,myBas,,,
DATO SAGOR Bus Stop,DATO SAGOR,STESEN BAS MEDAN KIDD - BERCHAM VIA KG SIMEE,myBas,,,
HOTEL BAJET ONE STOP Bus Stop,HOTEL BAJET ONE STOP,STESEN BAS MEDAN KIDD - BERCHAM VIA KG SIMEE,myBas,,,
BANGUNAN SERI KINTA Bus Stop,BANGUNAN SERI KINTA,STESEN BAS MEDAN KIDD - BERCHAM VIA KG SIMEE,myBas,,,
PASAR AYAM AMANJAYA IPOH Bus Stop,PASAR AYAM AMANJAYA IPOH,STESEN BAS MEDAN KIDD - BERCHAM VIA KG SIMEE,myBas,,,
UTC IPOH PERAK Bus Stop,UTC IPOH PERAK,STESEN BAS MEDAN KIDD - BERCHAM VIA KG SIMEE,myBas,,,
PEKAN BARU Bus Stop,PEKAN BARU,STESEN BAS MEDAN KIDD - BERCHAM VIA KG SIMEE,myBas,,,
WALLCOURT Bus Stop,WALLCOURT,STESEN BAS MEDAN KIDD - BERCHAM VIA KG SIMEE,myBas,,,
KLINIK GREENTOWN Bus Stop,KLINIK GREENTOWN,STESEN BAS MEDAN KIDD - BERCHAM VIA KG SIMEE,myBas,,,
SMK ANDERSON Bus Stop,SMK ANDERSON,STESEN BAS MEDAN KIDD - BERCHAM VIA KG SIMEE,myBas,,,
HOSPITAL RAJA PERMAISURI BAINUN 1 Bus Stop,HOSPITAL RAJA PERMAISURI BAINUN 1,STESEN BAS MEDAN KIDD - BERCHAM VIA KG SIMEE,myBas,,,
CALTEX JALAN KAMARUDDIN ISA Bus Stop,CALTEX JALAN KAMARUDDIN ISA,STESEN BAS MEDAN KIDD - BERCHAM VIA KG SIMEE,myBas,,,
SK SERI KEPAYANG FAIR PARK Bus Stop,SK SERI KEPAYANG FAIR PARK,STESEN BAS MEDAN KIDD - BERCHAM VIA KG SIMEE,myBas,,,
PERUMAHAN PEGAWAI KASTAM FAIR PARK Bus Stop,PERUMAHAN PEGAWAI KASTAM FAIR PARK,STESEN BAS MEDAN KIDD - BERCHAM VIA KG SIMEE,myBas,,,
KG KEPAYANG 1 Bus Stop,KG KEPAYANG 1,STESEN BAS MEDAN KIDD - BERCHAM VIA KG SIMEE,myBas,,,
STADIUM  NEGERI PERAK 1 Bus Stop,STADIUM  NEGERI PERAK 1,STESEN BAS MEDAN KIDD - BERCHAM VIA KG SIMEE,myBas,,,
TMN STAR 1 Bus Stop,TMN STAR 1,STESEN BAS MEDAN KIDD - BERCHAM VIA KG SIMEE,myBas,,,
RUMAH ORANG-ORANG TUA SIMEE 1 Bus Stop,RUMAH ORANG-ORANG TUA SIMEE 1,STESEN BAS MEDAN KIDD - BERCHAM VIA KG SIMEE,myBas,,,
KG SIMEE 1 Bus Stop,KG SIMEE 1,STESEN BAS MEDAN KIDD - BERCHAM VIA KG SIMEE,myBas,,,
SJKT SIMEE 1 Bus Stop,SJKT SIMEE 1,STESEN BAS MEDAN KIDD - BERCHAM VIA KG SIMEE,myBas,,,
KLINIK KESIHATAN SIMEE 1 Bus Stop,KLINIK KESIHATAN SIMEE 1,STESEN BAS MEDAN KIDD - BERCHAM VIA KG SIMEE,myBas,,,
JPJ NEGERI PERAK Bus Stop,JPJ NEGERI PERAK,STESEN BAS MEDAN KIDD - BERCHAM VIA KG SIMEE,myBas,,,
TESCO EXTRA IPOH Bus Stop,TESCO EXTRA IPOH,STESEN BAS MEDAN KIDD - BERCHAM VIA KG SIMEE,myBas,,,
PETRON BERCHAM Bus Stop,PETRON BERCHAM,STESEN BAS MEDAN KIDD - BERCHAM VIA KG SIMEE,myBas,,,
TMN RIA Bus Stop,TMN RIA,STESEN BAS MEDAN KIDD - BERCHAM VIA KG SIMEE,myBas,,,
TMN MEWAH Bus Stop,TMN MEWAH,STESEN BAS MEDAN KIDD - BERCHAM VIA KG SIMEE,myBas,,,
FLAT TMN MEWAH Bus Stop,FLAT TMN MEWAH,STESEN BAS MEDAN KIDD - BERCHAM VIA KG SIMEE,myBas,,,
KG TERSUSUN TASEK 1 Bus Stop,KG TERSUSUN TASEK 1,STESEN BAS MEDAN KIDD - BERCHAM VIA KG SIMEE,myBas,,,
KG TERSUSUN TASEK 2 Bus Stop,KG TERSUSUN TASEK 2,STESEN BAS MEDAN KIDD - BERCHAM VIA KG SIMEE,myBas,,,
SK TASEK DERMAWAN Bus Stop,SK TASEK DERMAWAN,STESEN BAS MEDAN KIDD - BERCHAM VIA KG SIMEE,myBas,,,
PERSATUAN PEMULIHAN SULTAN AZLAN SHAH Bus Stop,PERSATUAN PEMULIHAN SULTAN AZLAN SHAH,STESEN BAS MEDAN KIDD - BERCHAM VIA KG SIMEE,myBas,,,
GERAJA METHODIST TAMIL BERCHAM Bus Stop,GERAJA METHODIST TAMIL BERCHAM,STESEN BAS MEDAN KIDD - BERCHAM VIA KG SIMEE,myBas,,,
PERUMAHAN PEGAWAI KASTAM BERCHAM Bus Stop,PERUMAHAN PEGAWAI KASTAM BERCHAM,STESEN BAS MEDAN KIDD - BERCHAM VIA KG SIMEE,myBas,,,
KOMPLEKS SUKAN PING PONG DAN BADMINTON BERCHAM Bus Stop,KOMPLEKS SUKAN PING PONG DAN BADMINTON BERCHAM,STESEN BAS MEDAN KIDD - BERCHAM VIA KG SIMEE,myBas,,,
KLINIK 1 MALAYSIA BERCHAM Bus Stop,KLINIK 1 MALAYSIA BERCHAM,STESEN BAS MEDAN KIDD - BERCHAM VIA KG SIMEE,myBas,,,
FLAT PERPADUAN Bus Stop,FLAT PERPADUAN,STESEN BAS MEDAN KIDD - BERCHAM VIA KG SIMEE,myBas,,,
SK PAKATAN JAYA Bus Stop,SK PAKATAN JAYA,STESEN BAS MEDAN KIDD - BERCHAM VIA KG SIMEE,myBas,,,
PUSAT KOMERSIL JLN PERPADUAN Bus Stop,PUSAT KOMERSIL JLN PERPADUAN,STESEN BAS MEDAN KIDD - BERCHAM VIA KG SIMEE,myBas,,,
TMN PERPADUAN 1 Bus Stop,TMN PERPADUAN 1,STESEN BAS MEDAN KIDD - BERCHAM VIA KG SIMEE,myBas,,,
TMN PERPADUAN 2 Bus Stop,TMN PERPADUAN 2,STESEN BAS MEDAN KIDD - BERCHAM VIA KG SIMEE,myBas,,,
GIANT TAMBUN Bus Stop,GIANT TAMBUN,STESEN BAS MEDAN KIDD - BERCHAM VIA KG SIMEE,myBas,,,
EXTREME PARK TAMBUN Bus Stop,EXTREME PARK TAMBUN,STESEN BAS MEDAN KIDD - BERCHAM VIA KG SIMEE,myBas,,,
SHELL JALAN TAMBUN Bus Stop,SHELL JALAN TAMBUN,STESEN BAS MEDAN KIDD - BERCHAM VIA KG SIMEE,myBas,,,
BANDAR BARU TAMBUN Bus Stop,BANDAR BARU TAMBUN,STESEN BAS MEDAN KIDD - BERCHAM VIA KG SIMEE,myBas,,,
UPLANDS Bus Stop,UPLANDS,STESEN BAS MEDAN KIDD - BERCHAM VIA KG SIMEE,myBas,,,
TMN IPOH PERDANA Bus Stop,TMN IPOH PERDANA,STESEN BAS MEDAN KIDD - BERCHAM VIA KG SIMEE,myBas,,,
TMN SYABAS Bus Stop,TMN SYABAS,STESEN BAS MEDAN KIDD - BERCHAM VIA KG SIMEE,myBas,,,
TMN IPOH INDAH Bus Stop,TMN IPOH INDAH,STESEN BAS MEDAN KIDD - BERCHAM VIA KG SIMEE,myBas,,,
TMN IPOH BOULEVARD TIMUR Bus Stop,TMN IPOH BOULEVARD TIMUR,STESEN BAS MEDAN KIDD - BERCHAM VIA KG SIMEE,myBas,,,
TMN PERAK Bus Stop,TMN PERAK,STESEN BAS MEDAN KIDD - BERCHAM VIA KG SIMEE,myBas,,,
IPOH GARDEN EAST Bus Stop,IPOH GARDEN EAST,STESEN BAS MEDAN KIDD - BERCHAM VIA KG SIMEE,myBas,,,
AEON KINTA CITY Bus Stop,AEON KINTA CITY,STESEN BAS MEDAN KIDD - BERCHAM VIA KG SIMEE,myBas,,,
KLINIK KESIHATAN SIMEE 2 Bus Stop,KLINIK KESIHATAN SIMEE 2,STESEN BAS MEDAN KIDD - BERCHAM VIA KG SIMEE,myBas,,,
SJKT SIMEE 2 Bus Stop,SJKT SIMEE 2,STESEN BAS MEDAN KIDD - BERCHAM VIA KG SIMEE,myBas,,,
KG SIMEE 2 Bus Stop,KG SIMEE 2,STESEN BAS MEDAN KIDD - BERCHAM VIA KG SIMEE,myBas,,,
RUMAH ORANG-ORANG TUA SIMEE 2 Bus Stop,RUMAH ORANG-ORANG TUA SIMEE 2,STESEN BAS MEDAN KIDD - BERCHAM VIA KG SIMEE,myBas,,,
TMN STAR 2 Bus Stop,TMN STAR 2,STESEN BAS MEDAN KIDD - BERCHAM VIA KG SIMEE,myBas,,,
STADIUM NEGERI PERAK 2 Bus Stop,STADIUM NEGERI PERAK 2,STESEN BAS MEDAN KIDD - BERCHAM VIA KG SIMEE,myBas,,,
KG KEPAYANG 2 Bus Stop,KG KEPAYANG 2,STESEN BAS MEDAN KIDD - BERCHAM VIA KG SIMEE,myBas,,,
PERUMAHAN PEGAWAI KASTAM FAIR PARK 2 Bus Stop,PERUMAHAN PEGAWAI KASTAM FAIR PARK 2,STESEN BAS MEDAN KIDD - BERCHAM VIA KG SIMEE,myBas,,,
SK SERI KEPAYANG FAIR PARK 2 Bus Stop,SK SERI KEPAYANG FAIR PARK 2,STESEN BAS MEDAN KIDD - BERCHAM VIA KG SIMEE,myBas,,,
CALTEX JALAN KAMARUDDIN ISA 2 Bus Stop,CALTEX JALAN KAMARUDDIN ISA 2,STESEN BAS MEDAN KIDD - BERCHAM VIA KG SIMEE,myBas,,,
HOSPITAL RAJA PERMAISURI BAINUN 2 Bus Stop,HOSPITAL RAJA PERMAISURI BAINUN 2,STESEN BAS MEDAN KIDD - BERCHAM VIA KG SIMEE,myBas,,,
SMK ANDERSON 2 Bus Stop,SMK ANDERSON 2,STESEN BAS MEDAN KIDD - BERCHAM VIA KG SIMEE,myBas,,,
KLINIK GREENTOWN 2 Bus Stop,KLINIK GREENTOWN 2,STESEN BAS MEDAN KIDD - BERCHAM VIA KG SIMEE,myBas,,,
RUBY JALAN RAJA MUSA AZIZ Bus Stop,RUBY JALAN RAJA MUSA AZIZ,STESEN BAS MEDAN KIDD - BERCHAM VIA KG SIMEE,myBas,,,
MEDAN SELERA TMN KANAK-KANAK Bus Stop,MEDAN SELERA TMN KANAK-KANAK,STESEN BAS MEDAN KIDD - BERCHAM VIA KG SIMEE,myBas,,,
KAMDAR JALAN RAJA MUSA AZIZ Bus Stop,KAMDAR JALAN RAJA MUSA AZIZ,STESEN BAS MEDAN KIDD - BERCHAM VIA KG SIMEE,myBas,,,
ELLOW STREET Bus Stop,ELLOW STREET,STESEN BAS MEDAN KIDD - BERCHAM VIA KG SIMEE,myBas,,,
PEKAN LAMA Bus Stop,PEKAN LAMA,STESEN BAS MEDAN KIDD - BERCHAM VIA KG SIMEE,myBas,,,
STESEN KTM IPOH JALAN SULTAN ISKANDAR Bus Stop,STESEN KTM IPOH JALAN SULTAN ISKANDAR,STESEN BAS MEDAN KIDD - BERCHAM VIA KG SIMEE,myBas,,,
STESEN BAS MEDAN KIDD 2 Bus Stop,STESEN BAS MEDAN KIDD 2,STESEN BAS MEDAN KIDD - BERCHAM VIA KG SIMEE,myBas,,,
STESEN BAS MEDAN KIDD Bus Stop,STESEN BAS MEDAN KIDD,STESEN BAS MEDAN KIDD-MANJOI-BUNTONG,myBas,,,
KG LUMPUR 1 Bus Stop,KG LUMPUR 1,STESEN BAS MEDAN KIDD-MANJOI-BUNTONG,myBas,,,
KUARTERS KTM SUNGAI PARI 1 Bus Stop,KUARTERS KTM SUNGAI PARI 1,STESEN BAS MEDAN KIDD-MANJOI-BUNTONG,myBas,,,
SJKT KERAJAAN IPOH 1 Bus Stop,SJKT KERAJAAN IPOH 1,STESEN BAS MEDAN KIDD-MANJOI-BUNTONG,myBas,,,
KEDAI GAS SUNGAI PARI 1 Bus Stop,KEDAI GAS SUNGAI PARI 1,STESEN BAS MEDAN KIDD-MANJOI-BUNTONG,myBas,,,
CALTEX SUNGAI PARI 1 Bus Stop,CALTEX SUNGAI PARI 1,STESEN BAS MEDAN KIDD-MANJOI-BUNTONG,myBas,,,
BALAI POLIS KG BARU BUNTUNG 1 Bus Stop,BALAI POLIS KG BARU BUNTUNG 1,STESEN BAS MEDAN KIDD-MANJOI-BUNTONG,myBas,,,
SJKT METHODIST BUNTONG 1 Bus Stop,SJKT METHODIST BUNTONG 1,STESEN BAS MEDAN KIDD-MANJOI-BUNTONG,myBas,,,
SIMPANG KG TERSUSUN SUNGAI PARI 1 Bus Stop,SIMPANG KG TERSUSUN SUNGAI PARI 1,STESEN BAS MEDAN KIDD-MANJOI-BUNTONG,myBas,,,
FLAT HARMONI 1 Bus Stop,FLAT HARMONI 1,STESEN BAS MEDAN KIDD-MANJOI-BUNTONG,myBas,,,
SRKJC YUH HUA Bus Stop,SRKJC YUH HUA,STESEN BAS MEDAN KIDD-MANJOI-BUNTONG,myBas,,,
TMN PERTAMA 1 Bus Stop,TMN PERTAMA 1,STESEN BAS MEDAN KIDD-MANJOI-BUNTONG,myBas,,,
TMN PERTAMA 2 Bus Stop,TMN PERTAMA 2,STESEN BAS MEDAN KIDD-MANJOI-BUNTONG,myBas,,,
PASAR MALAM TMN PERTAMA Bus Stop,PASAR MALAM TMN PERTAMA,STESEN BAS MEDAN KIDD-MANJOI-BUNTONG,myBas,,,
MAGNUM TMN PERTAMA Bus Stop,MAGNUM TMN PERTAMA,STESEN BAS MEDAN KIDD-MANJOI-BUNTONG,myBas,,,
PADANG TMN PERTAMA Bus Stop,PADANG TMN PERTAMA,STESEN BAS MEDAN KIDD-MANJOI-BUNTONG,myBas,,,
PEJABAT KEBAJIKAN MASYARAKAT DAERAH KINTA Bus Stop,PEJABAT KEBAJIKAN MASYARAKAT DAERAH KINTA,STESEN BAS MEDAN KIDD-MANJOI-BUNTONG,myBas,,,
MAYBANK SILIBIN Bus Stop,MAYBANK SILIBIN,STESEN BAS MEDAN KIDD-MANJOI-BUNTONG,myBas,,,
KFC SILIBIN Bus Stop,KFC SILIBIN,STESEN BAS MEDAN KIDD-MANJOI-BUNTONG,myBas,,,
SEKOLAH AGAMA RAKYAT ITTIHADIAH Bus Stop,SEKOLAH AGAMA RAKYAT ITTIHADIAH,STESEN BAS MEDAN KIDD-MANJOI-BUNTONG,myBas,,,
KEDAI CIK WAN JALAN MADRASAH Bus Stop,KEDAI CIK WAN JALAN MADRASAH,STESEN BAS MEDAN KIDD-MANJOI-BUNTONG,myBas,,,
KG SUNGAI TAPAH 1 Bus Stop,KG SUNGAI TAPAH 1,STESEN BAS MEDAN KIDD-MANJOI-BUNTONG,myBas,,,
KG SUNGAI TAPAH 2 Bus Stop,KG SUNGAI TAPAH 2,STESEN BAS MEDAN KIDD-MANJOI-BUNTONG,myBas,,,
MASJID AR-RAHMAN Bus Stop,MASJID AR-RAHMAN,STESEN BAS MEDAN KIDD-MANJOI-BUNTONG,myBas,,,
PETRONAS JELAPANG Bus Stop,PETRONAS JELAPANG,STESEN BAS MEDAN KIDD-MANJOI-BUNTONG,myBas,,,
CIMB BANK SILIBIN Bus Stop,CIMB BANK SILIBIN,STESEN BAS MEDAN KIDD-MANJOI-BUNTONG,myBas,,,
BILLION SILIBIN Bus Stop,BILLION SILIBIN,STESEN BAS MEDAN KIDD-MANJOI-BUNTONG,myBas,,,
KLINIK KESIHATAN JELAPANG Bus Stop,KLINIK KESIHATAN JELAPANG,STESEN BAS MEDAN KIDD-MANJOI-BUNTONG,myBas,,,
TMN SILIBIN Bus Stop,TMN SILIBIN,STESEN BAS MEDAN KIDD-MANJOI-BUNTONG,myBas,,,
TMN RISHAH 1 Bus Stop,TMN RISHAH 1,STESEN BAS MEDAN KIDD-MANJOI-BUNTONG,myBas,,,
TMN RISHAH 2 Bus Stop,TMN RISHAH 2,STESEN BAS MEDAN KIDD-MANJOI-BUNTONG,myBas,,,
BALAI POLIS TMN RISHAH Bus Stop,BALAI POLIS TMN RISHAH,STESEN BAS MEDAN KIDD-MANJOI-BUNTONG,myBas,,,
TMN TINGGI Bus Stop,TMN TINGGI,STESEN BAS MEDAN KIDD-MANJOI-BUNTONG,myBas,,,
TMN BUNTONG JAYA Bus Stop,TMN BUNTONG JAYA,STESEN BAS MEDAN KIDD-MANJOI-BUNTONG,myBas,,,
TMN KLEDANG EMAS Bus Stop,TMN KLEDANG EMAS,STESEN BAS MEDAN KIDD-MANJOI-BUNTONG,myBas,,,
KG BUNTONG 3 Bus Stop,KG BUNTONG 3,STESEN BAS MEDAN KIDD-MANJOI-BUNTONG,myBas,,,
DEWAN BUNTONG 3 Bus Stop,DEWAN BUNTONG 3,STESEN BAS MEDAN KIDD-MANJOI-BUNTONG,myBas,,,
SK BUNTONG Bus Stop,SK BUNTONG,STESEN BAS MEDAN KIDD-MANJOI-BUNTONG,myBas,,,
DESA RISHAH Bus Stop,DESA RISHAH,STESEN BAS MEDAN KIDD-MANJOI-BUNTONG,myBas,,,
TMN KLEDANG Bus Stop,TMN KLEDANG,STESEN BAS MEDAN KIDD-MANJOI-BUNTONG,myBas,,,
TMN KLEDANG PERMAI Bus Stop,TMN KLEDANG PERMAI,STESEN BAS MEDAN KIDD-MANJOI-BUNTONG,myBas,,,
PHL Bus Stop,PHL,STESEN BAS MEDAN KIDD-MANJOI-BUNTONG,myBas,,,
KAWASAN PERINDUSTRIAN CHADAN RAYA Bus Stop,KAWASAN PERINDUSTRIAN CHADAN RAYA,STESEN BAS MEDAN KIDD-MANJOI-BUNTONG,myBas,,,
TMN GELOMBANG Bus Stop,TMN GELOMBANG,STESEN BAS MEDAN KIDD-MANJOI-BUNTONG,myBas,,,
TMN KLEDANG UTARA Bus Stop,TMN KLEDANG UTARA,STESEN BAS MEDAN KIDD-MANJOI-BUNTONG,myBas,,,
TMN WANG Bus Stop,TMN WANG,STESEN BAS MEDAN KIDD-MANJOI-BUNTONG,myBas,,,
MEDAN SELERA TMN MAS Bus Stop,MEDAN SELERA TMN MAS,STESEN BAS MEDAN KIDD-MANJOI-BUNTONG,myBas,,,
KLINIK KESIHATAN BUNTONG Bus Stop,KLINIK KESIHATAN BUNTONG,STESEN BAS MEDAN KIDD-MANJOI-BUNTONG,myBas,,,
MASJID AL ANSAR TMN MAS Bus Stop,MASJID AL ANSAR TMN MAS,STESEN BAS MEDAN KIDD-MANJOI-BUNTONG,myBas,,,
FLAT HARMONI 2 Bus Stop,FLAT HARMONI 2,STESEN BAS MEDAN KIDD-MANJOI-BUNTONG,myBas,,,
SIMPANG KG TERSUSUN SUNGAI PARI 2 Bus Stop,SIMPANG KG TERSUSUN SUNGAI PARI 2,STESEN BAS MEDAN KIDD-MANJOI-BUNTONG,myBas,,,
SJKT METHODIST BUNTONG 2 Bus Stop,SJKT METHODIST BUNTONG 2,STESEN BAS MEDAN KIDD-MANJOI-BUNTONG,myBas,,,
BALAI POLIS KG BARU BUNTUNG 2 Bus Stop,BALAI POLIS KG BARU BUNTUNG 2,STESEN BAS MEDAN KIDD-MANJOI-BUNTONG,myBas,,,
CALTEX SUNGAI PARI 2 Bus Stop,CALTEX SUNGAI PARI 2,STESEN BAS MEDAN KIDD-MANJOI-BUNTONG,myBas,,,
KEDAI GAS SUNGAI PARI 2 Bus Stop,KEDAI GAS SUNGAI PARI 2,STESEN BAS MEDAN KIDD-MANJOI-BUNTONG,myBas,,,
SJKT KERAJAAN IPOH 2 Bus Stop,SJKT KERAJAAN IPOH 2,STESEN BAS MEDAN KIDD-MANJOI-BUNTONG,myBas,,,
KUARTERS KTM SUNGAI PARI 2 Bus Stop,KUARTERS KTM SUNGAI PARI 2,STESEN BAS MEDAN KIDD-MANJOI-BUNTONG,myBas,,,
KG LUMPUR 2 Bus Stop,KG LUMPUR 2,STESEN BAS MEDAN KIDD-MANJOI-BUNTONG,myBas,,,
STESEN BAS MEDAN KIDD 2 Bus Stop,STESEN BAS MEDAN KIDD 2,STESEN BAS MEDAN KIDD-MANJOI-BUNTONG,myBas,,,
STESEN BAS MEDAN KIDD Bus Stop,STESEN BAS MEDAN KIDD,STESEN BAS MEDAN KIDD-CHEMPAKA-AMPANG,myBas,,,
DATO SAGOR Bus Stop,DATO SAGOR,STESEN BAS MEDAN KIDD-CHEMPAKA-AMPANG,myBas,,,
HOTEL BAJET ONE STOP Bus Stop,HOTEL BAJET ONE STOP,STESEN BAS MEDAN KIDD-CHEMPAKA-AMPANG,myBas,,,
BANGUNAN SERI KINTA Bus Stop,BANGUNAN SERI KINTA,STESEN BAS MEDAN KIDD-CHEMPAKA-AMPANG,myBas,,,
PASAR AYAM AMANJAYA IPOH Bus Stop,PASAR AYAM AMANJAYA IPOH,STESEN BAS MEDAN KIDD-CHEMPAKA-AMPANG,myBas,,,
UTC IPOH PERAK Bus Stop,UTC IPOH PERAK,STESEN BAS MEDAN KIDD-CHEMPAKA-AMPANG,myBas,,,
PEKAN BARU 1 Bus Stop,PEKAN BARU 1,STESEN BAS MEDAN KIDD-CHEMPAKA-AMPANG,myBas,,,
WALLCOURT Bus Stop,WALLCOURT,STESEN BAS MEDAN KIDD-CHEMPAKA-AMPANG,myBas,,,
KLINIK GREENTOWN Bus Stop,KLINIK GREENTOWN,STESEN BAS MEDAN KIDD-CHEMPAKA-AMPANG,myBas,,,
SMK ANDERSON Bus Stop,SMK ANDERSON,STESEN BAS MEDAN KIDD-CHEMPAKA-AMPANG,myBas,,,
HOSPITAL RAJA PERMAISURI BAINUN 1 Bus Stop,HOSPITAL RAJA PERMAISURI BAINUN 1,STESEN BAS MEDAN KIDD-CHEMPAKA-AMPANG,myBas,,,
ANGSANA MALL Bus Stop,ANGSANA MALL,STESEN BAS MEDAN KIDD-CHEMPAKA-AMPANG,myBas,,,
FLAT ASHBY ROAD Bus Stop,FLAT ASHBY ROAD,STESEN BAS MEDAN KIDD-CHEMPAKA-AMPANG,myBas,,,
WISMA PERKESO 1 Bus Stop,WISMA PERKESO 1,STESEN BAS MEDAN KIDD-CHEMPAKA-AMPANG,myBas,,,
TOKONG SIAM Bus Stop,TOKONG SIAM,STESEN BAS MEDAN KIDD-CHEMPAKA-AMPANG,myBas,,,
STAR Bus Stop,STAR,STESEN BAS MEDAN KIDD-CHEMPAKA-AMPANG,myBas,,,
JABATAN KIMIA MALAYSIA 1 Bus Stop,JABATAN KIMIA MALAYSIA 1,STESEN BAS MEDAN KIDD-CHEMPAKA-AMPANG,myBas,,,
POLITEKNIK UNGKU OMAR Bus Stop,POLITEKNIK UNGKU OMAR,STESEN BAS MEDAN KIDD-CHEMPAKA-AMPANG,myBas,,,
MASJID SULTAN AZLAN SHAH Bus Stop,MASJID SULTAN AZLAN SHAH,STESEN BAS MEDAN KIDD-CHEMPAKA-AMPANG,myBas,,,
SK SERI AMPANG 1 Bus Stop,SK SERI AMPANG 1,STESEN BAS MEDAN KIDD-CHEMPAKA-AMPANG,myBas,,,
PETRON AMPANG Bus Stop,PETRON AMPANG,STESEN BAS MEDAN KIDD-CHEMPAKA-AMPANG,myBas,,,
WIRA JAYA BARAT 1 Bus Stop,WIRA JAYA BARAT 1,STESEN BAS MEDAN KIDD-CHEMPAKA-AMPANG,myBas,,,
WIRA JAYA BARAT 2 Bus Stop,WIRA JAYA BARAT 2,STESEN BAS MEDAN KIDD-CHEMPAKA-AMPANG,myBas,,,
TMN GUNUNG VIEW Bus Stop,TMN GUNUNG VIEW,STESEN BAS MEDAN KIDD-CHEMPAKA-AMPANG,myBas,,,
TMN RAPAT DAMAI Bus Stop,TMN RAPAT DAMAI,STESEN BAS MEDAN KIDD-CHEMPAKA-AMPANG,myBas,,,
WIRA JAYA BARAT 3 Bus Stop,WIRA JAYA BARAT 3,STESEN BAS MEDAN KIDD-CHEMPAKA-AMPANG,myBas,,,
WIRA JAYA BARAT 4 Bus Stop,WIRA JAYA BARAT 4,STESEN BAS MEDAN KIDD-CHEMPAKA-AMPANG,myBas,,,
MAYBANK AMPANG Bus Stop,MAYBANK AMPANG,STESEN BAS MEDAN KIDD-CHEMPAKA-AMPANG,myBas,,,
SK SERI AMPANG 2 Bus Stop,SK SERI AMPANG 2,STESEN BAS MEDAN KIDD-CHEMPAKA-AMPANG,myBas,,,
PASAR AWAM AMPANG BARU Bus Stop,PASAR AWAM AMPANG BARU,STESEN BAS MEDAN KIDD-CHEMPAKA-AMPANG,myBas,,,
DESA CEMPAKA Bus Stop,DESA CEMPAKA,STESEN BAS MEDAN KIDD-CHEMPAKA-AMPANG,myBas,,,
DEWAN KOMUNITI 1 MALAYSIA Bus Stop,DEWAN KOMUNITI 1 MALAYSIA,STESEN BAS MEDAN KIDD-CHEMPAKA-AMPANG,myBas,,,
TMN CEMPAKA 1 Bus Stop,TMN CEMPAKA 1,STESEN BAS MEDAN KIDD-CHEMPAKA-AMPANG,myBas,,,
TMN CEMPAKA 2 Bus Stop,TMN CEMPAKA 2,STESEN BAS MEDAN KIDD-CHEMPAKA-AMPANG,myBas,,,
JABATAN KIMIA MALAYSIA 2 Bus Stop,JABATAN KIMIA MALAYSIA 2,STESEN BAS MEDAN KIDD-CHEMPAKA-AMPANG,myBas,,,
STAR 2 Bus Stop,STAR 2,STESEN BAS MEDAN KIDD-CHEMPAKA-AMPANG,myBas,,,
TOKONG SIAM 2 Bus Stop,TOKONG SIAM 2,STESEN BAS MEDAN KIDD-CHEMPAKA-AMPANG,myBas,,,
WISMA PERKESO 2 Bus Stop,WISMA PERKESO 2,STESEN BAS MEDAN KIDD-CHEMPAKA-AMPANG,myBas,,,
FLAT ASHBY ROAD 2 Bus Stop,FLAT ASHBY ROAD 2,STESEN BAS MEDAN KIDD-CHEMPAKA-AMPANG,myBas,,,
ANGSANA MALL 2 Bus Stop,ANGSANA MALL 2,STESEN BAS MEDAN KIDD-CHEMPAKA-AMPANG,myBas,,,
HOSPITAL RAJA PERMAISURI BAINUN 2 Bus Stop,HOSPITAL RAJA PERMAISURI BAINUN 2,STESEN BAS MEDAN KIDD-CHEMPAKA-AMPANG,myBas,,,
SMK ANDERSON 2 Bus Stop,SMK ANDERSON 2,STESEN BAS MEDAN KIDD-CHEMPAKA-AMPANG,myBas,,,
KLINIK GREENTOWN 2 Bus Stop,KLINIK GREENTOWN 2,STESEN BAS MEDAN KIDD-CHEMPAKA-AMPANG,myBas,,,
RUBY JALAN RAJA MUSA AZIZ Bus Stop,RUBY JALAN RAJA MUSA AZIZ,STESEN BAS MEDAN KIDD-CHEMPAKA-AMPANG,myBas,,,
MEDAN SELERA TMN KANAK-KANAK Bus Stop,MEDAN SELERA TMN KANAK-KANAK,STESEN BAS MEDAN KIDD-CHEMPAKA-AMPANG,myBas,,,
KAMDAR JALAN RAJA MUSA AZIZ Bus Stop,KAMDAR JALAN RAJA MUSA AZIZ,STESEN BAS MEDAN KIDD-CHEMPAKA-AMPANG,myBas,,,
ELLOW STREET Bus Stop,ELLOW STREET,STESEN BAS MEDAN KIDD-CHEMPAKA-AMPANG,myBas,,,
PEKAN LAMA Bus Stop,PEKAN LAMA,STESEN BAS MEDAN KIDD-CHEMPAKA-AMPANG,myBas,,,
STESEN KTM IPOH JALAN SULTAN ISKANDAR Bus Stop,STESEN KTM IPOH JALAN SULTAN ISKANDAR,STESEN BAS MEDAN KIDD-CHEMPAKA-AMPANG,myBas,,,
STESEN BAS MEDAN KIDD 2 Bus Stop,STESEN BAS MEDAN KIDD 2,STESEN BAS MEDAN KIDD-CHEMPAKA-AMPANG,myBas,,,
JB Sentral Bus Stop,JB Sentral,JB Sentral  KSL - JB Sentral,myBas,,,
Wisma Peladang Bus Stop,Wisma Peladang,JB Sentral  KSL - JB Sentral,myBas,,,
Opp Pejabat Pos Besar Bus Stop,Opp Pejabat Pos Besar,JB Sentral  KSL - JB Sentral,myBas,,,
Opp Johor Tourist Information Center Bus Stop,Opp Johor Tourist Information Center,JB Sentral  KSL - JB Sentral,myBas,,,
Opp Menara TH Bus Stop,Opp Menara TH,JB Sentral  KSL - JB Sentral,myBas,,,
Opp Wisma Persekutuan Bus Stop,Opp Wisma Persekutuan,JB Sentral  KSL - JB Sentral,myBas,,,
Opp Sekolah Kebangsaan IJ Convent Bus Stop,Opp Sekolah Kebangsaan IJ Convent,JB Sentral  KSL - JB Sentral,myBas,,,
Opp Pusat Khidmat Pelanggan TNB JB Bus Stop,Opp Pusat Khidmat Pelanggan TNB JB,JB Sentral  KSL - JB Sentral,myBas,,,
Opp IPK Johor Bus Stop,Opp IPK Johor,JB Sentral  KSL - JB Sentral,myBas,,,
Grand Paragon Hotel Bus Stop,Grand Paragon Hotel,JB Sentral  KSL - JB Sentral,myBas,,,
KSL City Bus Stop,KSL City,JB Sentral  KSL - JB Sentral,myBas,,,
Opp Holiday Plaza Bus Stop,Opp Holiday Plaza,JB Sentral  KSL - JB Sentral,myBas,,,
Pusat Latihan JPJ Kebun Teh Bus Stop,Pusat Latihan JPJ Kebun Teh,JB Sentral  KSL - JB Sentral,myBas,,,
Danga City Mall Bus Stop,Danga City Mall,JB Sentral  KSL - JB Sentral,myBas,,,
Pusat Khidmat Pelanggan TNB @ Johor Bahr Bus Stop,Pusat Khidmat Pelanggan TNB @ Johor Bahr,JB Sentral  KSL - JB Sentral,myBas,,,
Sekolah Kebangsaan IJ Convent Bus Stop,Sekolah Kebangsaan IJ Convent,JB Sentral  KSL - JB Sentral,myBas,,,
Wisma Persekutuan Bus Stop,Wisma Persekutuan,JB Sentral  KSL - JB Sentral,myBas,,,
Menara TH Bus Stop,Menara TH,JB Sentral  KSL - JB Sentral,myBas,,,
Johor Tourist Information Center Bus Stop,Johor Tourist Information Center,JB Sentral  KSL - JB Sentral,myBas,,,
Pejabat Pos Besar Bus Stop,Pejabat Pos Besar,JB Sentral  KSL - JB Sentral,myBas,,,
Opp Wisma Peladang Bus Stop,Opp Wisma Peladang,JB Sentral  KSL - JB Sentral,myBas,,,
Jb Sentral 2 Bus Stop,Jb Sentral 2,JB Sentral  KSL - JB Sentral,myBas,,,
JB Sentral Bus Stop,JB Sentral,JB Sentral - Terminal Bas Kota Tinggi,myBas,,,
Wisma Peladang Bus Stop,Wisma Peladang,JB Sentral - Terminal Bas Kota Tinggi,myBas,,,
Opp Pejabat Pos Besar Bus Stop,Opp Pejabat Pos Besar,JB Sentral - Terminal Bas Kota Tinggi,myBas,,,
Opp Johor Tourist Information Center Bus Stop,Opp Johor Tourist Information Center,JB Sentral - Terminal Bas Kota Tinggi,myBas,,,
Opp Menara TH Bus Stop,Opp Menara TH,JB Sentral - Terminal Bas Kota Tinggi,myBas,,,
Opp Wisma Persekutuan Bus Stop,Opp Wisma Persekutuan,JB Sentral - Terminal Bas Kota Tinggi,myBas,,,
Opp Sekolah Kebangsaan IJ Convent Bus Stop,Opp Sekolah Kebangsaan IJ Convent,JB Sentral - Terminal Bas Kota Tinggi,myBas,,,
Opp Pusat Khidmat Pelanggan TNB JB Bus Stop,Opp Pusat Khidmat Pelanggan TNB JB,JB Sentral - Terminal Bas Kota Tinggi,myBas,,,
Opp IPK Johor Bus Stop,Opp IPK Johor,JB Sentral - Terminal Bas Kota Tinggi,myBas,,,
OPP Plaza Pelangi Bus Stop,OPP Plaza Pelangi,JB Sentral - Terminal Bas Kota Tinggi,myBas,,,
Crystal Crown Bus Stop,Crystal Crown,JB Sentral - Terminal Bas Kota Tinggi,myBas,,,
Caltex Taman Melodies Bus Stop,Caltex Taman Melodies,JB Sentral - Terminal Bas Kota Tinggi,myBas,,,
OPP Taman Sentosa Bus Stop,OPP Taman Sentosa,JB Sentral - Terminal Bas Kota Tinggi,myBas,,,
OPP Hospital Columbia  Bus Stop,OPP Hospital Columbia ,JB Sentral - Terminal Bas Kota Tinggi,myBas,,,
OPP Mutiara Motors Bus Stop,OPP Mutiara Motors,JB Sentral - Terminal Bas Kota Tinggi,myBas,,,
Restoran Aliff Bus Stop,Restoran Aliff,JB Sentral - Terminal Bas Kota Tinggi,myBas,,,
KG Melayu Majidee Bus Stop,KG Melayu Majidee,JB Sentral - Terminal Bas Kota Tinggi,myBas,,,
Majidee Bus Stop,Majidee,JB Sentral - Terminal Bas Kota Tinggi,myBas,,,
Pasar Borong Pandan Bus Stop,Pasar Borong Pandan,JB Sentral - Terminal Bas Kota Tinggi,myBas,,,
Petron Pandan Bus Stop,Petron Pandan,JB Sentral - Terminal Bas Kota Tinggi,myBas,,,
Shell Pandan Bus Stop,Shell Pandan,JB Sentral - Terminal Bas Kota Tinggi,myBas,,,
OPP The Store Pandan Bus Stop,OPP The Store Pandan,JB Sentral - Terminal Bas Kota Tinggi,myBas,,,
Smart Pandan Bus Stop,Smart Pandan,JB Sentral - Terminal Bas Kota Tinggi,myBas,,,
OPP Shell Bakawali Bus Stop,OPP Shell Bakawali,JB Sentral - Terminal Bas Kota Tinggi,myBas,,,
Shell Tebrau Bus Stop,Shell Tebrau,JB Sentral - Terminal Bas Kota Tinggi,myBas,,,
Toppen Tebrau Bus Stop,Toppen Tebrau,JB Sentral - Terminal Bas Kota Tinggi,myBas,,,
IKEA Tebrau Jalan Tebrau Bus Stop,IKEA Tebrau Jalan Tebrau,JB Sentral - Terminal Bas Kota Tinggi,myBas,,,
OPP Taman Desa Jaya Bus Stop,OPP Taman Desa Jaya,JB Sentral - Terminal Bas Kota Tinggi,myBas,,,
OPP Taman Desa Cemerlang Bus Stop,OPP Taman Desa Cemerlang,JB Sentral - Terminal Bas Kota Tinggi,myBas,,,
OPP Kuil Arulmigu Sri Muniswarar Bus Stop,OPP Kuil Arulmigu Sri Muniswarar,JB Sentral - Terminal Bas Kota Tinggi,myBas,,,
KFC Taman Puteri Wangsa Bus Stop,KFC Taman Puteri Wangsa,JB Sentral - Terminal Bas Kota Tinggi,myBas,,,
Taman Dato Chellam Bus Stop,Taman Dato Chellam,JB Sentral - Terminal Bas Kota Tinggi,myBas,,,
Taman Gunung Emas Bus Stop,Taman Gunung Emas,JB Sentral - Terminal Bas Kota Tinggi,myBas,,,
NSK Ulu Tiram Bus Stop,NSK Ulu Tiram,JB Sentral - Terminal Bas Kota Tinggi,myBas,,,
Perhentian Bas dan Kereta Sewa Ulu Tiram Bus Stop,Perhentian Bas dan Kereta Sewa Ulu Tiram,JB Sentral - Terminal Bas Kota Tinggi,myBas,,,
Taman Tiram Jaya Bus Stop,Taman Tiram Jaya,JB Sentral - Terminal Bas Kota Tinggi,myBas,,,
Todays Mall Bus Stop,Todays Mall,JB Sentral - Terminal Bas Kota Tinggi,myBas,,,
OPP Pulada Bus Stop,OPP Pulada,JB Sentral - Terminal Bas Kota Tinggi,myBas,,,
TKPM Ulu Tiram Bus Stop,TKPM Ulu Tiram,JB Sentral - Terminal Bas Kota Tinggi,myBas,,,
Opp Hentian Bas Taman Sri Saujana Bus Stop,Opp Hentian Bas Taman Sri Saujana,JB Sentral - Terminal Bas Kota Tinggi,myBas,,,
Opp Petronas Taman Sri Saujana Bus Stop,Opp Petronas Taman Sri Saujana,JB Sentral - Terminal Bas Kota Tinggi,myBas,,,
Ladang Tai Tak Bus Stop,Ladang Tai Tak,JB Sentral - Terminal Bas Kota Tinggi,myBas,,,
Kuil Sri Maha Mariamman Bus Stop,Kuil Sri Maha Mariamman,JB Sentral - Terminal Bas Kota Tinggi,myBas,,,
Kawasan Perindustrian Jalan Johor Bus Stop,Kawasan Perindustrian Jalan Johor,JB Sentral - Terminal Bas Kota Tinggi,myBas,,,
Pasar Borong Kota Tinggi Bus Stop,Pasar Borong Kota Tinggi,JB Sentral - Terminal Bas Kota Tinggi,myBas,,,
Gereja Bethany Bus Stop,Gereja Bethany,JB Sentral - Terminal Bas Kota Tinggi,myBas,,,
Taman Kota Intan Bus Stop,Taman Kota Intan,JB Sentral - Terminal Bas Kota Tinggi,myBas,,,
Taman Sri Lalang Bus Stop,Taman Sri Lalang,JB Sentral - Terminal Bas Kota Tinggi,myBas,,,
Opp Econsave Sri Lalang Bus Stop,Opp Econsave Sri Lalang,JB Sentral - Terminal Bas Kota Tinggi,myBas,,,
SMK Tun Habab Bus Stop,SMK Tun Habab,JB Sentral - Terminal Bas Kota Tinggi,myBas,,,
Padang Awam MDKT Bus Stop,Padang Awam MDKT,JB Sentral - Terminal Bas Kota Tinggi,myBas,,,
Jalan Tun Sri Lanang Bus Stop,Jalan Tun Sri Lanang,JB Sentral - Terminal Bas Kota Tinggi,myBas,,,
Terminal Bas Kota Tinggi Bus Stop,Terminal Bas Kota Tinggi,JB Sentral - Terminal Bas Kota Tinggi,myBas,,,
Opp Jalan Tun Sri Lanang Bus Stop,Opp Jalan Tun Sri Lanang,JB Sentral - Terminal Bas Kota Tinggi,myBas,,,
OPP SMK Tun Habab Bus Stop,OPP SMK Tun Habab,JB Sentral - Terminal Bas Kota Tinggi,myBas,,,
Econsave Sri Lalang Bus Stop,Econsave Sri Lalang,JB Sentral - Terminal Bas Kota Tinggi,myBas,,,
Opp Taman Sri Lalang Bus Stop,Opp Taman Sri Lalang,JB Sentral - Terminal Bas Kota Tinggi,myBas,,,
Opp Taman Kota Intan Bus Stop,Opp Taman Kota Intan,JB Sentral - Terminal Bas Kota Tinggi,myBas,,,
Opp Gereja Bethany Bus Stop,Opp Gereja Bethany,JB Sentral - Terminal Bas Kota Tinggi,myBas,,,
Opp Pasar Borong Kota Tinggi Bus Stop,Opp Pasar Borong Kota Tinggi,JB Sentral - Terminal Bas Kota Tinggi,myBas,,,
Opp Kawasan Perindustrian Jalan Johor Bus Stop,Opp Kawasan Perindustrian Jalan Johor,JB Sentral - Terminal Bas Kota Tinggi,myBas,,,
Opp Kuil Sri Maha Mariamman Bus Stop,Opp Kuil Sri Maha Mariamman,JB Sentral - Terminal Bas Kota Tinggi,myBas,,,
OPP Ladang Tai Tak Bus Stop,OPP Ladang Tai Tak,JB Sentral - Terminal Bas Kota Tinggi,myBas,,,
Petronas Taman Sri Saujana Bus Stop,Petronas Taman Sri Saujana,JB Sentral - Terminal Bas Kota Tinggi,myBas,,,
Hentian Bas Taman Sri Saujana Bus Stop,Hentian Bas Taman Sri Saujana,JB Sentral - Terminal Bas Kota Tinggi,myBas,,,
Opp TKPM Ulu Tiram Bus Stop,Opp TKPM Ulu Tiram,JB Sentral - Terminal Bas Kota Tinggi,myBas,,,
Pulada Bus Stop,Pulada,JB Sentral - Terminal Bas Kota Tinggi,myBas,,,
OPP Todays Mall Bus Stop,OPP Todays Mall,JB Sentral - Terminal Bas Kota Tinggi,myBas,,,
opp Taman Tiram Jaya Bus Stop,opp Taman Tiram Jaya,JB Sentral - Terminal Bas Kota Tinggi,myBas,,,
Opp NSK Ulu Tiram Bus Stop,Opp NSK Ulu Tiram,JB Sentral - Terminal Bas Kota Tinggi,myBas,,,
Opp Taman Gunung Emas Bus Stop,Opp Taman Gunung Emas,JB Sentral - Terminal Bas Kota Tinggi,myBas,,,
OPP Taman Dato Chellam Bus Stop,OPP Taman Dato Chellam,JB Sentral - Terminal Bas Kota Tinggi,myBas,,,
Opp KFC Taman Puteri Wangsa Bus Stop,Opp KFC Taman Puteri Wangsa,JB Sentral - Terminal Bas Kota Tinggi,myBas,,,
Kuil Arulmigu Sri Muniswarar Bus Stop,Kuil Arulmigu Sri Muniswarar,JB Sentral - Terminal Bas Kota Tinggi,myBas,,,
Taman Desa Cemerlang Bus Stop,Taman Desa Cemerlang,JB Sentral - Terminal Bas Kota Tinggi,myBas,,,
Taman Desa Jaya Bus Stop,Taman Desa Jaya,JB Sentral - Terminal Bas Kota Tinggi,myBas,,,
Opp IKEA Tebrau Jalan Tebrau Bus Stop,Opp IKEA Tebrau Jalan Tebrau,JB Sentral - Terminal Bas Kota Tinggi,myBas,,,
Opp Shell Tebrau Bus Stop,Opp Shell Tebrau,JB Sentral - Terminal Bas Kota Tinggi,myBas,,,
Shell Bakawali Bus Stop,Shell Bakawali,JB Sentral - Terminal Bas Kota Tinggi,myBas,,,
Opp Smart Pandan Bus Stop,Opp Smart Pandan,JB Sentral - Terminal Bas Kota Tinggi,myBas,,,
The Store Pandan Bus Stop,The Store Pandan,JB Sentral - Terminal Bas Kota Tinggi,myBas,,,
OPP Shell Pandan Bus Stop,OPP Shell Pandan,JB Sentral - Terminal Bas Kota Tinggi,myBas,,,
OPP Petron Pandan Bus Stop,OPP Petron Pandan,JB Sentral - Terminal Bas Kota Tinggi,myBas,,,
OPP Pasar Borong Pandan Bus Stop,OPP Pasar Borong Pandan,JB Sentral - Terminal Bas Kota Tinggi,myBas,,,
OPP Majidee Bus Stop,OPP Majidee,JB Sentral - Terminal Bas Kota Tinggi,myBas,,,
OPP KG Melayu Majidee Bus Stop,OPP KG Melayu Majidee,JB Sentral - Terminal Bas Kota Tinggi,myBas,,,
OPP Restoran Aliff Bus Stop,OPP Restoran Aliff,JB Sentral - Terminal Bas Kota Tinggi,myBas,,,
Mutiara Motors Bus Stop,Mutiara Motors,JB Sentral - Terminal Bas Kota Tinggi,myBas,,,
Hospital Columbia  Bus Stop,Hospital Columbia ,JB Sentral - Terminal Bas Kota Tinggi,myBas,,,
Taman Sentosa Bus Stop,Taman Sentosa,JB Sentral - Terminal Bas Kota Tinggi,myBas,,,
OPP Caltex Taman Melodies Bus Stop,OPP Caltex Taman Melodies,JB Sentral - Terminal Bas Kota Tinggi,myBas,,,
OPP Crystal Crown Bus Stop,OPP Crystal Crown,JB Sentral - Terminal Bas Kota Tinggi,myBas,,,
Plaza Pelangi Bus Stop,Plaza Pelangi,JB Sentral - Terminal Bas Kota Tinggi,myBas,,,
IPK Johor Bus Stop,IPK Johor,JB Sentral - Terminal Bas Kota Tinggi,myBas,,,
Pusat Khidmat Pelanggan TNB @ Johor Bahr Bus Stop,Pusat Khidmat Pelanggan TNB @ Johor Bahr,JB Sentral - Terminal Bas Kota Tinggi,myBas,,,
Sekolah Kebangsaan IJ Convent Bus Stop,Sekolah Kebangsaan IJ Convent,JB Sentral - Terminal Bas Kota Tinggi,myBas,,,
Wisma Persekutuan Bus Stop,Wisma Persekutuan,JB Sentral - Terminal Bas Kota Tinggi,myBas,,,
Menara TH Bus Stop,Menara TH,JB Sentral - Terminal Bas Kota Tinggi,myBas,,,
Johor Tourist Information Center Bus Stop,Johor Tourist Information Center,JB Sentral - Terminal Bas Kota Tinggi,myBas,,,
Pejabat Pos Besar Bus Stop,Pejabat Pos Besar,JB Sentral - Terminal Bas Kota Tinggi,myBas,,,
Opp Wisma Peladang Bus Stop,Opp Wisma Peladang,JB Sentral - Terminal Bas Kota Tinggi,myBas,,,
JB Sentral Bus Stop,JB Sentral,JB Sentral - AEON Dato Onn via Setia Indah,myBas,,,
Wisma Peladang Bus Stop,Wisma Peladang,JB Sentral - AEON Dato Onn via Setia Indah,myBas,,,
Opp Pejabat Pos Besar Bus Stop,Opp Pejabat Pos Besar,JB Sentral - AEON Dato Onn via Setia Indah,myBas,,,
Opp Johor Tourist Information Center Bus Stop,Opp Johor Tourist Information Center,JB Sentral - AEON Dato Onn via Setia Indah,myBas,,,
Opp Menara TH Bus Stop,Opp Menara TH,JB Sentral - AEON Dato Onn via Setia Indah,myBas,,,
Opp Wisma Persekutuan Bus Stop,Opp Wisma Persekutuan,JB Sentral - AEON Dato Onn via Setia Indah,myBas,,,
Opp Sekolah Kebangsaan IJ Convent Bus Stop,Opp Sekolah Kebangsaan IJ Convent,JB Sentral - AEON Dato Onn via Setia Indah,myBas,,,
Opp Pusat Khidmat Pelanggan TNB JB Bus Stop,Opp Pusat Khidmat Pelanggan TNB JB,JB Sentral - AEON Dato Onn via Setia Indah,myBas,,,
Opp IPK Johor Bus Stop,Opp IPK Johor,JB Sentral - AEON Dato Onn via Setia Indah,myBas,,,
OPP Plaza Pelangi Bus Stop,OPP Plaza Pelangi,JB Sentral - AEON Dato Onn via Setia Indah,myBas,,,
Crystal Crown Bus Stop,Crystal Crown,JB Sentral - AEON Dato Onn via Setia Indah,myBas,,,
Caltex Taman Melodies Bus Stop,Caltex Taman Melodies,JB Sentral - AEON Dato Onn via Setia Indah,myBas,,,
OPP Taman Sentosa Bus Stop,OPP Taman Sentosa,JB Sentral - AEON Dato Onn via Setia Indah,myBas,,,
OPP Hospital Columbia  Bus Stop,OPP Hospital Columbia ,JB Sentral - AEON Dato Onn via Setia Indah,myBas,,,
OPP Mutiara Motors Bus Stop,OPP Mutiara Motors,JB Sentral - AEON Dato Onn via Setia Indah,myBas,,,
Restoran Aliff Bus Stop,Restoran Aliff,JB Sentral - AEON Dato Onn via Setia Indah,myBas,,,
KG Melayu Majidee Bus Stop,KG Melayu Majidee,JB Sentral - AEON Dato Onn via Setia Indah,myBas,,,
Majidee Bus Stop,Majidee,JB Sentral - AEON Dato Onn via Setia Indah,myBas,,,
Pasar Borong Pandan Bus Stop,Pasar Borong Pandan,JB Sentral - AEON Dato Onn via Setia Indah,myBas,,,
Petron Pandan Bus Stop,Petron Pandan,JB Sentral - AEON Dato Onn via Setia Indah,myBas,,,
Opp Poliklinik Penawar Taman Istimewa Bus Stop,Opp Poliklinik Penawar Taman Istimewa,JB Sentral - AEON Dato Onn via Setia Indah,myBas,,,
Surau Hajjah Fatimah Bus Stop,Surau Hajjah Fatimah,JB Sentral - AEON Dato Onn via Setia Indah,myBas,,,
Restoran Pokok Ceri Bus Stop,Restoran Pokok Ceri,JB Sentral - AEON Dato Onn via Setia Indah,myBas,,,
Opp Universal Cable Bus Stop,Opp Universal Cable,JB Sentral - AEON Dato Onn via Setia Indah,myBas,,,
Masjid Kampung Kangkar Tebrau Bus Stop,Masjid Kampung Kangkar Tebrau,JB Sentral - AEON Dato Onn via Setia Indah,myBas,,,
Bus Stop SK Kangkar Tebrau Bus Stop,Bus Stop SK Kangkar Tebrau,JB Sentral - AEON Dato Onn via Setia Indah,myBas,,,
U turn Kangkar tebrau Bus Stop,U turn Kangkar tebrau,JB Sentral - AEON Dato Onn via Setia Indah,myBas,,,
JCY Jalan Firma 3 Bus Stop,JCY Jalan Firma 3,JB Sentral - AEON Dato Onn via Setia Indah,myBas,,,
Hostel Jalan Firma 3 Bus Stop,Hostel Jalan Firma 3,JB Sentral - AEON Dato Onn via Setia Indah,myBas,,,
Kilang Bika Bus Stop,Kilang Bika,JB Sentral - AEON Dato Onn via Setia Indah,myBas,,,
Simpang Jalan Firma 3/1 Bus Stop,Simpang Jalan Firma 3/1,JB Sentral - AEON Dato Onn via Setia Indah,myBas,,,
MASJID KAMPUNG KANGKAR TEBRAU/SK KANGKAR Bus Stop,MASJID KAMPUNG KANGKAR TEBRAU/SK KANGKAR,JB Sentral - AEON Dato Onn via Setia Indah,myBas,,,
Bus Stop Universal Cable Bus Stop,Bus Stop Universal Cable,JB Sentral - AEON Dato Onn via Setia Indah,myBas,,,
Opp Taman Delima Bus Stop,Opp Taman Delima,JB Sentral - AEON Dato Onn via Setia Indah,myBas,,,
Flat Jalan Bertam 1 Bus Stop,Flat Jalan Bertam 1,JB Sentral - AEON Dato Onn via Setia Indah,myBas,,,
Bus Stop Opp Shell Jalan Daya Bus Stop,Bus Stop Opp Shell Jalan Daya,JB Sentral - AEON Dato Onn via Setia Indah,myBas,,,
Taman Daya Bus Stop,Taman Daya,JB Sentral - AEON Dato Onn via Setia Indah,myBas,,,
Flat Jalan Nipah 11 Bus Stop,Flat Jalan Nipah 11,JB Sentral - AEON Dato Onn via Setia Indah,myBas,,,
Jalan Rumbia 39 1 Bus Stop,Jalan Rumbia 39 1,JB Sentral - AEON Dato Onn via Setia Indah,myBas,,,
Jalan Rumbia 39 2 Bus Stop,Jalan Rumbia 39 2,JB Sentral - AEON Dato Onn via Setia Indah,myBas,,,
SMK Taman Daya Bus Stop,SMK Taman Daya,JB Sentral - AEON Dato Onn via Setia Indah,myBas,,,
Sekolah Agama Taman Daya Bus Stop,Sekolah Agama Taman Daya,JB Sentral - AEON Dato Onn via Setia Indah,myBas,,,
99 SPEEDMART JALAN NIBONG Bus Stop,99 SPEEDMART JALAN NIBONG,JB Sentral - AEON Dato Onn via Setia Indah,myBas,,,
Bus Stop TM Auto Tyre Bus Stop,Bus Stop TM Auto Tyre,JB Sentral - AEON Dato Onn via Setia Indah,myBas,,,
Opp Tadika Mutiara Taman Daya Bus Stop,Opp Tadika Mutiara Taman Daya,JB Sentral - AEON Dato Onn via Setia Indah,myBas,,,
Opp Hankook Tyre Bus Stop,Opp Hankook Tyre,JB Sentral - AEON Dato Onn via Setia Indah,myBas,,,
Opp Petron Jalan Daya Bus Stop,Opp Petron Jalan Daya,JB Sentral - AEON Dato Onn via Setia Indah,myBas,,,
TD Point Bus Stop,TD Point,JB Sentral - AEON Dato Onn via Setia Indah,myBas,,,
Taman Setia Indah Bus Stop,Taman Setia Indah,JB Sentral - AEON Dato Onn via Setia Indah,myBas,,,
Jalan Setia 1 Opp Setia Park Bus Stop,Jalan Setia 1 Opp Setia Park,JB Sentral - AEON Dato Onn via Setia Indah,myBas,,,
PPR Setia Indah Bus Stop,PPR Setia Indah,JB Sentral - AEON Dato Onn via Setia Indah,myBas,,,
Tadika Setia indah Bus Stop,Tadika Setia indah,JB Sentral - AEON Dato Onn via Setia Indah,myBas,,,
Simpang Jalan Setia 4/12 Bus Stop,Simpang Jalan Setia 4/12,JB Sentral - AEON Dato Onn via Setia Indah,myBas,,,
Pintu Gerbang Bandar Dato' Onn Bus Stop,Pintu Gerbang Bandar Dato' Onn,JB Sentral - AEON Dato Onn via Setia Indah,myBas,,,
Perjiranan 9 Dato Onn Bus Stop,Perjiranan 9 Dato Onn,JB Sentral - AEON Dato Onn via Setia Indah,myBas,,,
Perjiranan 8 Dato Onn Bus Stop,Perjiranan 8 Dato Onn,JB Sentral - AEON Dato Onn via Setia Indah,myBas,,,
Opp Pangsapuri Kasturi Bus Stop,Opp Pangsapuri Kasturi,JB Sentral - AEON Dato Onn via Setia Indah,myBas,,,
AEON Dato Onn Bus Stop,AEON Dato Onn,JB Sentral - AEON Dato Onn via Setia Indah,myBas,,,
Opp Pintu Gerbang Bandar Dato' Onn Bus Stop,Opp Pintu Gerbang Bandar Dato' Onn,JB Sentral - AEON Dato Onn via Setia Indah,myBas,,,
Taman Seri Austin Bus Stop,Taman Seri Austin,JB Sentral - AEON Dato Onn via Setia Indah,myBas,,,
Macdonalds Seri Austin Bus Stop,Macdonalds Seri Austin,JB Sentral - AEON Dato Onn via Setia Indah,myBas,,,
Opp Jalan Setia 3/12 Bus Stop,Opp Jalan Setia 3/12,JB Sentral - AEON Dato Onn via Setia Indah,myBas,,,
Hentian Setia Indah Bus Stop,Hentian Setia Indah,JB Sentral - AEON Dato Onn via Setia Indah,myBas,,,
Opp Taman Setia Indah Bus Stop,Opp Taman Setia Indah,JB Sentral - AEON Dato Onn via Setia Indah,myBas,,,
Bus Stop Opp TD Point Bus Stop,Bus Stop Opp TD Point,JB Sentral - AEON Dato Onn via Setia Indah,myBas,,,
Bus Stop Petron Jalan Daya Bus Stop,Bus Stop Petron Jalan Daya,JB Sentral - AEON Dato Onn via Setia Indah,myBas,,,
Hankook Tyre Bus Stop,Hankook Tyre,JB Sentral - AEON Dato Onn via Setia Indah,myBas,,,
Tadika Mutiara Taman Daya Bus Stop,Tadika Mutiara Taman Daya,JB Sentral - AEON Dato Onn via Setia Indah,myBas,,,
Opp TM Auto Tyre Bus Stop,Opp TM Auto Tyre,JB Sentral - AEON Dato Onn via Setia Indah,myBas,,,
Opp Gerai Muafakat Johor Bus Stop,Opp Gerai Muafakat Johor,JB Sentral - AEON Dato Onn via Setia Indah,myBas,,,
Bus Stop TNB Taman Daya Bus Stop,Bus Stop TNB Taman Daya,JB Sentral - AEON Dato Onn via Setia Indah,myBas,,,
Taman Delima Bus Stop,Taman Delima,JB Sentral - AEON Dato Onn via Setia Indah,myBas,,,
Opp Restoran Pokok Ceri Bus Stop,Opp Restoran Pokok Ceri,JB Sentral - AEON Dato Onn via Setia Indah,myBas,,,
Opp Surau Hajjah Fatimah Bus Stop,Opp Surau Hajjah Fatimah,JB Sentral - AEON Dato Onn via Setia Indah,myBas,,,
Poliklinik Penawar Taman Istimewa Bus Stop,Poliklinik Penawar Taman Istimewa,JB Sentral - AEON Dato Onn via Setia Indah,myBas,,,
Shell Pandan Bus Stop,Shell Pandan,JB Sentral - AEON Dato Onn via Setia Indah,myBas,,,
OPP Shell Pandan Bus Stop,OPP Shell Pandan,JB Sentral - AEON Dato Onn via Setia Indah,myBas,,,
OPP Petron Pandan Bus Stop,OPP Petron Pandan,JB Sentral - AEON Dato Onn via Setia Indah,myBas,,,
OPP Pasar Borong Pandan Bus Stop,OPP Pasar Borong Pandan,JB Sentral - AEON Dato Onn via Setia Indah,myBas,,,
OPP Majidee Bus Stop,OPP Majidee,JB Sentral - AEON Dato Onn via Setia Indah,myBas,,,
OPP KG Melayu Majidee Bus Stop,OPP KG Melayu Majidee,JB Sentral - AEON Dato Onn via Setia Indah,myBas,,,
OPP Restoran Aliff Bus Stop,OPP Restoran Aliff,JB Sentral - AEON Dato Onn via Setia Indah,myBas,,,
Mutiara Motors Bus Stop,Mutiara Motors,JB Sentral - AEON Dato Onn via Setia Indah,myBas,,,
Hospital Columbia  Bus Stop,Hospital Columbia ,JB Sentral - AEON Dato Onn via Setia Indah,myBas,,,
Taman Sentosa Bus Stop,Taman Sentosa,JB Sentral - AEON Dato Onn via Setia Indah,myBas,,,
OPP Caltex Taman Melodies Bus Stop,OPP Caltex Taman Melodies,JB Sentral - AEON Dato Onn via Setia Indah,myBas,,,
OPP Crystal Crown Bus Stop,OPP Crystal Crown,JB Sentral - AEON Dato Onn via Setia Indah,myBas,,,
Plaza Pelangi Bus Stop,Plaza Pelangi,JB Sentral - AEON Dato Onn via Setia Indah,myBas,,,
IPK Johor Bus Stop,IPK Johor,JB Sentral - AEON Dato Onn via Setia Indah,myBas,,,
Pusat Khidmat Pelanggan TNB @ Johor Bahr Bus Stop,Pusat Khidmat Pelanggan TNB @ Johor Bahr,JB Sentral - AEON Dato Onn via Setia Indah,myBas,,,
Sekolah Kebangsaan IJ Convent Bus Stop,Sekolah Kebangsaan IJ Convent,JB Sentral - AEON Dato Onn via Setia Indah,myBas,,,
Wisma Persekutuan Bus Stop,Wisma Persekutuan,JB Sentral - AEON Dato Onn via Setia Indah,myBas,,,
Menara TH Bus Stop,Menara TH,JB Sentral - AEON Dato Onn via Setia Indah,myBas,,,
Johor Tourist Information Center Bus Stop,Johor Tourist Information Center,JB Sentral - AEON Dato Onn via Setia Indah,myBas,,,
Pejabat Pos Besar Bus Stop,Pejabat Pos Besar,JB Sentral - AEON Dato Onn via Setia Indah,myBas,,,
Opp Wisma Peladang Bus Stop,Opp Wisma Peladang,JB Sentral - AEON Dato Onn via Setia Indah,myBas,,,
JB Sentral Bus Stop,JB Sentral,JB Sentral - Larkin Sentral via Mahmoodiah,myBas,,,
Wisma Peladang Bus Stop,Wisma Peladang,JB Sentral - Larkin Sentral via Mahmoodiah,myBas,,,
Opp Pejabat Pos Besar Bus Stop,Opp Pejabat Pos Besar,JB Sentral - Larkin Sentral via Mahmoodiah,myBas,,,
Opp Johor Tourist Information Center Bus Stop,Opp Johor Tourist Information Center,JB Sentral - Larkin Sentral via Mahmoodiah,myBas,,,
Opp Menara TH Bus Stop,Opp Menara TH,JB Sentral - Larkin Sentral via Mahmoodiah,myBas,,,
Opp Wisma Persekutuan Bus Stop,Opp Wisma Persekutuan,JB Sentral - Larkin Sentral via Mahmoodiah,myBas,,,
Opp Sekolah Kebangsaan IJ Convent Bus Stop,Opp Sekolah Kebangsaan IJ Convent,JB Sentral - Larkin Sentral via Mahmoodiah,myBas,,,
Warung Saga Bus Stop,Warung Saga,JB Sentral - Larkin Sentral via Mahmoodiah,myBas,,,
Klinik Kesihatan Mahmoodiah Bus Stop,Klinik Kesihatan Mahmoodiah,JB Sentral - Larkin Sentral via Mahmoodiah,myBas,,,
Perkuburan Mahmoodiah Bus Stop,Perkuburan Mahmoodiah,JB Sentral - Larkin Sentral via Mahmoodiah,myBas,,,
Restoran ZZ Bus Stop,Restoran ZZ,JB Sentral - Larkin Sentral via Mahmoodiah,myBas,,,
Restoran Yasin Bus Stop,Restoran Yasin,JB Sentral - Larkin Sentral via Mahmoodiah,myBas,,,
Pusat Latihan JPJ Kebun Teh Bus Stop,Pusat Latihan JPJ Kebun Teh,JB Sentral - Larkin Sentral via Mahmoodiah,myBas,,,
Bank Muamalat Kebun Teh Bus Stop,Bank Muamalat Kebun Teh,JB Sentral - Larkin Sentral via Mahmoodiah,myBas,,,
Impian Business Park Bus Stop,Impian Business Park,JB Sentral - Larkin Sentral via Mahmoodiah,myBas,,,
Kacang Pool Hj Bus Stop,Kacang Pool Hj,JB Sentral - Larkin Sentral via Mahmoodiah,myBas,,,
SJK (C) Foon Yew 3 Bus Stop,SJK (C) Foon Yew 3,JB Sentral - Larkin Sentral via Mahmoodiah,myBas,,,
Taman Dato Onn Bus Stop,Taman Dato Onn,JB Sentral - Larkin Sentral via Mahmoodiah,myBas,,,
Opp Stadium Larkin Bus Stop,Opp Stadium Larkin,JB Sentral - Larkin Sentral via Mahmoodiah,myBas,,,
Sekolah Agama Dato Onn Bus Stop,Sekolah Agama Dato Onn,JB Sentral - Larkin Sentral via Mahmoodiah,myBas,,,
Ranhill SAJ Sdn Bhd Bus Stop,Ranhill SAJ Sdn Bhd,JB Sentral - Larkin Sentral via Mahmoodiah,myBas,,,
Larkin Sentral Bus Stop,Larkin Sentral,JB Sentral - Larkin Sentral via Mahmoodiah,myBas,,,
Stadium Larkin Bus Stop,Stadium Larkin,JB Sentral - Larkin Sentral via Mahmoodiah,myBas,,,
Opp Jalan Tun Abdul Razak Bus Stop,Opp Jalan Tun Abdul Razak,JB Sentral - Larkin Sentral via Mahmoodiah,myBas,,,
Danga City Mall Bus Stop,Danga City Mall,JB Sentral - Larkin Sentral via Mahmoodiah,myBas,,,
Sekolah Kebangsaan IJ Convent Bus Stop,Sekolah Kebangsaan IJ Convent,JB Sentral - Larkin Sentral via Mahmoodiah,myBas,,,
Wisma Persekutuan Bus Stop,Wisma Persekutuan,JB Sentral - Larkin Sentral via Mahmoodiah,myBas,,,
Menara TH Bus Stop,Menara TH,JB Sentral - Larkin Sentral via Mahmoodiah,myBas,,,
Johor Tourist Information Center Bus Stop,Johor Tourist Information Center,JB Sentral - Larkin Sentral via Mahmoodiah,myBas,,,
Pejabat Pos Besar Bus Stop,Pejabat Pos Besar,JB Sentral - Larkin Sentral via Mahmoodiah,myBas,,,
Opp Wisma Peladang Bus Stop,Opp Wisma Peladang,JB Sentral - Larkin Sentral via Mahmoodiah,myBas,,,
JB Sentral Bus Stop,JB Sentral,JB Sentral - Mid Valley Southkey,myBas,,,
Wisma Peladang Bus Stop,Wisma Peladang,JB Sentral - Mid Valley Southkey,myBas,,,
Opp Pejabat Pos Besar Bus Stop,Opp Pejabat Pos Besar,JB Sentral - Mid Valley Southkey,myBas,,,
Opp Johor Tourist Information Center Bus Stop,Opp Johor Tourist Information Center,JB Sentral - Mid Valley Southkey,myBas,,,
Opp Menara TH Bus Stop,Opp Menara TH,JB Sentral - Mid Valley Southkey,myBas,,,
Opp Wisma Persekutuan Bus Stop,Opp Wisma Persekutuan,JB Sentral - Mid Valley Southkey,myBas,,,
Opp Sekolah Kebangsaan IJ Convent Bus Stop,Opp Sekolah Kebangsaan IJ Convent,JB Sentral - Mid Valley Southkey,myBas,,,
Opp Pusat Khidmat Pelanggan TNB JB Bus Stop,Opp Pusat Khidmat Pelanggan TNB JB,JB Sentral - Mid Valley Southkey,myBas,,,
Opp IPK Johor Bus Stop,Opp IPK Johor,JB Sentral - Mid Valley Southkey,myBas,,,
OPP Plaza Pelangi Bus Stop,OPP Plaza Pelangi,JB Sentral - Mid Valley Southkey,myBas,,,
Crystal Crown Bus Stop,Crystal Crown,JB Sentral - Mid Valley Southkey,myBas,,,
Caltex Taman Melodies Bus Stop,Caltex Taman Melodies,JB Sentral - Mid Valley Southkey,myBas,,,
Opp Wisma Daiman Bus Stop,Opp Wisma Daiman,JB Sentral - Mid Valley Southkey,myBas,,,
Opp Taman Sentosa Jalan Bakar Batu Bus Stop,Opp Taman Sentosa Jalan Bakar Batu,JB Sentral - Mid Valley Southkey,myBas,,,
CIMB Southkey Bus Stop,CIMB Southkey,JB Sentral - Mid Valley Southkey,myBas,,,
Opp MBSB Mid Valley Bus Stop,Opp MBSB Mid Valley,JB Sentral - Mid Valley Southkey,myBas,,,
SOGO Mid Valley Bus Stop,SOGO Mid Valley,JB Sentral - Mid Valley Southkey,myBas,,,
Southkey Park & Ride Bus Stop,Southkey Park & Ride,JB Sentral - Mid Valley Southkey,myBas,,,
MBSB Mid Valley Bus Stop,MBSB Mid Valley,JB Sentral - Mid Valley Southkey,myBas,,,
Opp CIMB Southkey Bus Stop,Opp CIMB Southkey,JB Sentral - Mid Valley Southkey,myBas,,,
Taman Sentosa Jalan Bakar Batu Bus Stop,Taman Sentosa Jalan Bakar Batu,JB Sentral - Mid Valley Southkey,myBas,,,
Wisma Daiman Bus Stop,Wisma Daiman,JB Sentral - Mid Valley Southkey,myBas,,,
Taman Sentosa Bus Stop,Taman Sentosa,JB Sentral - Mid Valley Southkey,myBas,,,
OPP Caltex Taman Melodies Bus Stop,OPP Caltex Taman Melodies,JB Sentral - Mid Valley Southkey,myBas,,,
OPP Crystal Crown Bus Stop,OPP Crystal Crown,JB Sentral - Mid Valley Southkey,myBas,,,
Plaza Pelangi Bus Stop,Plaza Pelangi,JB Sentral - Mid Valley Southkey,myBas,,,
IPK Johor Bus Stop,IPK Johor,JB Sentral - Mid Valley Southkey,myBas,,,
Pusat Khidmat Pelanggan TNB @ Johor Bahr Bus Stop,Pusat Khidmat Pelanggan TNB @ Johor Bahr,JB Sentral - Mid Valley Southkey,myBas,,,
Sekolah Kebangsaan IJ Convent Bus Stop,Sekolah Kebangsaan IJ Convent,JB Sentral - Mid Valley Southkey,myBas,,,
Wisma Persekutuan Bus Stop,Wisma Persekutuan,JB Sentral - Mid Valley Southkey,myBas,,,
Menara TH Bus Stop,Menara TH,JB Sentral - Mid Valley Southkey,myBas,,,
Johor Tourist Information Center Bus Stop,Johor Tourist Information Center,JB Sentral - Mid Valley Southkey,myBas,,,
Pejabat Pos Besar Bus Stop,Pejabat Pos Besar,JB Sentral - Mid Valley Southkey,myBas,,,
Opp Wisma Peladang Bus Stop,Opp Wisma Peladang,JB Sentral - Mid Valley Southkey,myBas,,,
B5 Johor Street Market / Plaza Angsana Bus Stop,B5 Johor Street Market / Plaza Angsana,B5 Johor Street Market / Plaza Angsana - Toppen Tebrau,myBas,,,
Opp SK Pengkalan Rinting Bus Stop,Opp SK Pengkalan Rinting,B5 Johor Street Market / Plaza Angsana - Toppen Tebrau,myBas,,,
Opp Klinik Kesihatan Tampoi Bus Stop,Opp Klinik Kesihatan Tampoi,B5 Johor Street Market / Plaza Angsana - Toppen Tebrau,myBas,,,
Bandar Baru UDA Bus Stop,Bandar Baru UDA,B5 Johor Street Market / Plaza Angsana - Toppen Tebrau,myBas,,,
Skudai Kanan Bus Stop,Skudai Kanan,B5 Johor Street Market / Plaza Angsana - Toppen Tebrau,myBas,,,
Jalan Padi Mahsuri 11 Bus Stop,Jalan Padi Mahsuri 11,B5 Johor Street Market / Plaza Angsana - Toppen Tebrau,myBas,,,
SK Bandar Baru Uda 2 Bus Stop,SK Bandar Baru Uda 2,B5 Johor Street Market / Plaza Angsana - Toppen Tebrau,myBas,,,
MPC Bndar Baru Uda Bus Stop,MPC Bndar Baru Uda,B5 Johor Street Market / Plaza Angsana - Toppen Tebrau,myBas,,,
Taman Suria Muafakat Bus Stop,Taman Suria Muafakat,B5 Johor Street Market / Plaza Angsana - Toppen Tebrau,myBas,,,
Pusat Kegiatan Kurikulum Bus Stop,Pusat Kegiatan Kurikulum,B5 Johor Street Market / Plaza Angsana - Toppen Tebrau,myBas,,,
Asrama Putera Jalan Tun Abdul Razak Bus Stop,Asrama Putera Jalan Tun Abdul Razak,B5 Johor Street Market / Plaza Angsana - Toppen Tebrau,myBas,,,
Sekolah Tun Fatimah Bus Stop,Sekolah Tun Fatimah,B5 Johor Street Market / Plaza Angsana - Toppen Tebrau,myBas,,,
OPP DEWAN JKR JOHOR BAHRU Bus Stop,OPP DEWAN JKR JOHOR BAHRU,B5 Johor Street Market / Plaza Angsana - Toppen Tebrau,myBas,,,
Larkin Sentral Bus Stop,Larkin Sentral,B5 Johor Street Market / Plaza Angsana - Toppen Tebrau,myBas,,,
Jejantas Datin Halimah Bus Stop,Jejantas Datin Halimah,B5 Johor Street Market / Plaza Angsana - Toppen Tebrau,myBas,,,
Apartment Larkin Indah Bus Stop,Apartment Larkin Indah,B5 Johor Street Market / Plaza Angsana - Toppen Tebrau,myBas,,,
Kolej Vokasional ERT Azizah Bus Stop,Kolej Vokasional ERT Azizah,B5 Johor Street Market / Plaza Angsana - Toppen Tebrau,myBas,,,
Kondominium Datin Halimah Bus Stop,Kondominium Datin Halimah,B5 Johor Street Market / Plaza Angsana - Toppen Tebrau,myBas,,,
Pejabat Fama Negeri Johor Bus Stop,Pejabat Fama Negeri Johor,B5 Johor Street Market / Plaza Angsana - Toppen Tebrau,myBas,,,
BHP Tampoi Bus Stop,BHP Tampoi,B5 Johor Street Market / Plaza Angsana - Toppen Tebrau,myBas,,,
Opp 23 Motorspot Bus Stop,Opp 23 Motorspot,B5 Johor Street Market / Plaza Angsana - Toppen Tebrau,myBas,,,
Malaya Glass Factory Bus Stop,Malaya Glass Factory,B5 Johor Street Market / Plaza Angsana - Toppen Tebrau,myBas,,,
CIDB Johor Bus Stop,CIDB Johor,B5 Johor Street Market / Plaza Angsana - Toppen Tebrau,myBas,,,
Simpang 4 Kampung Ungku Mohsin Bus Stop,Simpang 4 Kampung Ungku Mohsin,B5 Johor Street Market / Plaza Angsana - Toppen Tebrau,myBas,,,
Opp Paragon Market Place Bus Stop,Opp Paragon Market Place,B5 Johor Street Market / Plaza Angsana - Toppen Tebrau,myBas,,,
Shell Taman Gembira Bus Stop,Shell Taman Gembira,B5 Johor Street Market / Plaza Angsana - Toppen Tebrau,myBas,,,
Petron Taman Gembira Bus Stop,Petron Taman Gembira,B5 Johor Street Market / Plaza Angsana - Toppen Tebrau,myBas,,,
F&N Bus Stop,F&N,B5 Johor Street Market / Plaza Angsana - Toppen Tebrau,myBas,,,
Opp MSU Jalan Tampoi Bus Stop,Opp MSU Jalan Tampoi,B5 Johor Street Market / Plaza Angsana - Toppen Tebrau,myBas,,,
 Opp Jejantas Kampung Melayu Bus Stop, Opp Jejantas Kampung Melayu,B5 Johor Street Market / Plaza Angsana - Toppen Tebrau,myBas,,,
Opp Jejantas Kampung Ubi Bus Stop,Opp Jejantas Kampung Ubi,B5 Johor Street Market / Plaza Angsana - Toppen Tebrau,myBas,,,
Al Mizan Bus Stop,Al Mizan,B5 Johor Street Market / Plaza Angsana - Toppen Tebrau,myBas,,,
Pasar Borong Pandan Bus Stop,Pasar Borong Pandan,B5 Johor Street Market / Plaza Angsana - Toppen Tebrau,myBas,,,
Petron Pandan Bus Stop,Petron Pandan,B5 Johor Street Market / Plaza Angsana - Toppen Tebrau,myBas,,,
Shell Pandan Bus Stop,Shell Pandan,B5 Johor Street Market / Plaza Angsana - Toppen Tebrau,myBas,,,
OPP The Store Pandan Bus Stop,OPP The Store Pandan,B5 Johor Street Market / Plaza Angsana - Toppen Tebrau,myBas,,,
Smart Pandan Bus Stop,Smart Pandan,B5 Johor Street Market / Plaza Angsana - Toppen Tebrau,myBas,,,
OPP Shell Bakawali Bus Stop,OPP Shell Bakawali,B5 Johor Street Market / Plaza Angsana - Toppen Tebrau,myBas,,,
Shell Tebrau Bus Stop,Shell Tebrau,B5 Johor Street Market / Plaza Angsana - Toppen Tebrau,myBas,,,
Toppen Tebrau Bus Stop,Toppen Tebrau,B5 Johor Street Market / Plaza Angsana - Toppen Tebrau,myBas,,,
Opp Shell Tebrau Bus Stop,Opp Shell Tebrau,B5 Johor Street Market / Plaza Angsana - Toppen Tebrau,myBas,,,
Shell Bakawali Bus Stop,Shell Bakawali,B5 Johor Street Market / Plaza Angsana - Toppen Tebrau,myBas,,,
Opp Smart Pandan Bus Stop,Opp Smart Pandan,B5 Johor Street Market / Plaza Angsana - Toppen Tebrau,myBas,,,
The Store Pandan Bus Stop,The Store Pandan,B5 Johor Street Market / Plaza Angsana - Toppen Tebrau,myBas,,,
OPP Shell Pandan Bus Stop,OPP Shell Pandan,B5 Johor Street Market / Plaza Angsana - Toppen Tebrau,myBas,,,
OPP Petron Pandan Bus Stop,OPP Petron Pandan,B5 Johor Street Market / Plaza Angsana - Toppen Tebrau,myBas,,,
OPP Pasar Borong Pandan Bus Stop,OPP Pasar Borong Pandan,B5 Johor Street Market / Plaza Angsana - Toppen Tebrau,myBas,,,
Opp Al Mizan Bus Stop,Opp Al Mizan,B5 Johor Street Market / Plaza Angsana - Toppen Tebrau,myBas,,,
Jejantas Kampung Ubi Bus Stop,Jejantas Kampung Ubi,B5 Johor Street Market / Plaza Angsana - Toppen Tebrau,myBas,,,
Jenjantas Kampug Melayu Bus Stop,Jenjantas Kampug Melayu,B5 Johor Street Market / Plaza Angsana - Toppen Tebrau,myBas,,,
MSU Jalan Tampoi Bus Stop,MSU Jalan Tampoi,B5 Johor Street Market / Plaza Angsana - Toppen Tebrau,myBas,,,
Opp F&N Bus Stop,Opp F&N,B5 Johor Street Market / Plaza Angsana - Toppen Tebrau,myBas,,,
Opp Petron Taman Gembira Bus Stop,Opp Petron Taman Gembira,B5 Johor Street Market / Plaza Angsana - Toppen Tebrau,myBas,,,
Opp Shell Taman Gembira Bus Stop,Opp Shell Taman Gembira,B5 Johor Street Market / Plaza Angsana - Toppen Tebrau,myBas,,,
Paragon Market Place Bus Stop,Paragon Market Place,B5 Johor Street Market / Plaza Angsana - Toppen Tebrau,myBas,,,
Opp Simpang 4 Kampung Ungku Mohsin Bus Stop,Opp Simpang 4 Kampung Ungku Mohsin,B5 Johor Street Market / Plaza Angsana - Toppen Tebrau,myBas,,,
Opp CIDB Johor Bus Stop,Opp CIDB Johor,B5 Johor Street Market / Plaza Angsana - Toppen Tebrau,myBas,,,
Opp Malaya Glass Factory Bus Stop,Opp Malaya Glass Factory,B5 Johor Street Market / Plaza Angsana - Toppen Tebrau,myBas,,,
23 Motorspot Bus Stop,23 Motorspot,B5 Johor Street Market / Plaza Angsana - Toppen Tebrau,myBas,,,
Opp BHP Tampoi Bus Stop,Opp BHP Tampoi,B5 Johor Street Market / Plaza Angsana - Toppen Tebrau,myBas,,,
Opp Pejabat Fama Negeri Johor Bus Stop,Opp Pejabat Fama Negeri Johor,B5 Johor Street Market / Plaza Angsana - Toppen Tebrau,myBas,,,
OPP Kondo Datin Halimah Bus Stop,OPP Kondo Datin Halimah,B5 Johor Street Market / Plaza Angsana - Toppen Tebrau,myBas,,,
Opp Kolej Vokasional ERT Azizah Bus Stop,Opp Kolej Vokasional ERT Azizah,B5 Johor Street Market / Plaza Angsana - Toppen Tebrau,myBas,,,
Opp Apartment Larkin Indah  Bus Stop,Opp Apartment Larkin Indah ,B5 Johor Street Market / Plaza Angsana - Toppen Tebrau,myBas,,,
Opp Jejantas Datin Halimah Bus Stop,Opp Jejantas Datin Halimah,B5 Johor Street Market / Plaza Angsana - Toppen Tebrau,myBas,,,
DEWAN JKR JOHOR BAHRU Bus Stop,DEWAN JKR JOHOR BAHRU,B5 Johor Street Market / Plaza Angsana - Toppen Tebrau,myBas,,,
Opp SMK Bandar Baru Uda Bus Stop,Opp SMK Bandar Baru Uda,B5 Johor Street Market / Plaza Angsana - Toppen Tebrau,myBas,,,
Pangsapuri Ledang Jalan Padi Mahsuri Bus Stop,Pangsapuri Ledang Jalan Padi Mahsuri,B5 Johor Street Market / Plaza Angsana - Toppen Tebrau,myBas,,,
Opp Lembaga Nanas Malaysia BBU Bus Stop,Opp Lembaga Nanas Malaysia BBU,B5 Johor Street Market / Plaza Angsana - Toppen Tebrau,myBas,,,
RHB Bandar Baru UDA Bus Stop,RHB Bandar Baru UDA,B5 Johor Street Market / Plaza Angsana - Toppen Tebrau,myBas,,,
Jalan Dato Esa Bus Stop,Jalan Dato Esa,B5 Johor Street Market / Plaza Angsana - Toppen Tebrau,myBas,,,
SJK C Tampoi Bus Stop,SJK C Tampoi,B5 Johor Street Market / Plaza Angsana - Toppen Tebrau,myBas,,,
Terminal Bas Masai Bus Stop,Terminal Bas Masai,Terminal Masai  PPR Seri Alam - Terminal Masai,myBas,,,
JNT Taman Masai Utama Bus Stop,JNT Taman Masai Utama,Terminal Masai  PPR Seri Alam - Terminal Masai,myBas,,,
Opp Kampung Baru Masai Bus Stop,Opp Kampung Baru Masai,Terminal Masai  PPR Seri Alam - Terminal Masai,myBas,,,
Dewanraya Bandar Seri Alam Jalan Suria Bus Stop,Dewanraya Bandar Seri Alam Jalan Suria,Terminal Masai  PPR Seri Alam - Terminal Masai,myBas,,,
Jalan Suria 80 Bus Stop,Jalan Suria 80,Terminal Masai  PPR Seri Alam - Terminal Masai,myBas,,,
SK Seri Alam 2 Bus Stop,SK Seri Alam 2,Terminal Masai  PPR Seri Alam - Terminal Masai,myBas,,,
Pangsapuri Sri Intan Bus Stop,Pangsapuri Sri Intan,Terminal Masai  PPR Seri Alam - Terminal Masai,myBas,,,
Jalan Tasek 10 Bus Stop,Jalan Tasek 10,Terminal Masai  PPR Seri Alam - Terminal Masai,myBas,,,
Jalan Tasek 15 Bus Stop,Jalan Tasek 15,Terminal Masai  PPR Seri Alam - Terminal Masai,myBas,,,
Jalan Tasek 20 Bus Stop,Jalan Tasek 20,Terminal Masai  PPR Seri Alam - Terminal Masai,myBas,,,
Jalan Tasek 24 Bus Stop,Jalan Tasek 24,Terminal Masai  PPR Seri Alam - Terminal Masai,myBas,,,
Pangsapuri Sri Ilham Bus Stop,Pangsapuri Sri Ilham,Terminal Masai  PPR Seri Alam - Terminal Masai,myBas,,,
PPR Seri Alam Bus Stop,PPR Seri Alam,Terminal Masai  PPR Seri Alam - Terminal Masai,myBas,,,
Opp Vista Seri Alam Bus Stop,Opp Vista Seri Alam,Terminal Masai  PPR Seri Alam - Terminal Masai,myBas,,,
SJK C NAM HENG Bus Stop,SJK C NAM HENG,Terminal Masai  PPR Seri Alam - Terminal Masai,myBas,,,
Regency Specialist Hospital Bus Stop,Regency Specialist Hospital,Terminal Masai  PPR Seri Alam - Terminal Masai,myBas,,,
Opp Beside Todays Market Jalan Suria Bus Stop,Opp Beside Todays Market Jalan Suria,Terminal Masai  PPR Seri Alam - Terminal Masai,myBas,,,
Maybank Bandar Seri Alam Bus Stop,Maybank Bandar Seri Alam,Terminal Masai  PPR Seri Alam - Terminal Masai,myBas,,,
SMK Dato Penggawa Timur Bus Stop,SMK Dato Penggawa Timur,Terminal Masai  PPR Seri Alam - Terminal Masai,myBas,,,
Kampung Baru Masai Bus Stop,Kampung Baru Masai,Terminal Masai  PPR Seri Alam - Terminal Masai,myBas,,,
OPP JNT Taman Masai Utama Bus Stop,OPP JNT Taman Masai Utama,Terminal Masai  PPR Seri Alam - Terminal Masai,myBas,,,
Terminal Bas Masai 2 Bus Stop,Terminal Bas Masai 2,Terminal Masai  PPR Seri Alam - Terminal Masai,myBas,,,
Terminal Bas Masai Bus Stop,Terminal Bas Masai,Terminal Bas Masai - Lotus Kota Masai,myBas,,,
Opp U - Sentral Masai Bus Stop,Opp U - Sentral Masai,Terminal Bas Masai - Lotus Kota Masai,myBas,,,
Opp KipMall Masai Bus Stop,Opp KipMall Masai,Terminal Bas Masai - Lotus Kota Masai,myBas,,,
OPP KPJ Pasir Gudang Bus Stop,OPP KPJ Pasir Gudang,Terminal Bas Masai - Lotus Kota Masai,myBas,,,
Opp Sekolah Islam At-Tahfiz Taman Mawar Bus Stop,Opp Sekolah Islam At-Tahfiz Taman Mawar,Terminal Bas Masai - Lotus Kota Masai,myBas,,,
Terminal Bas Pasir Gudang Bus Stop,Terminal Bas Pasir Gudang,Terminal Bas Masai - Lotus Kota Masai,myBas,,,
Opp SMK Pasir Gudang Bus Stop,Opp SMK Pasir Gudang,Terminal Bas Masai - Lotus Kota Masai,myBas,,,
Bukit Layang Layang Bus Stop,Bukit Layang Layang,Terminal Bas Masai - Lotus Kota Masai,myBas,,,
Kilang Panasonic Bus Stop,Kilang Panasonic,Terminal Bas Masai - Lotus Kota Masai,myBas,,,
Opp E&Y Nazir Bus Stop,Opp E&Y Nazir,Terminal Bas Masai - Lotus Kota Masai,myBas,,,
 opp Jalan Canngung 6 Bus Stop, opp Jalan Canngung 6,Terminal Bas Masai - Lotus Kota Masai,myBas,,,
Masjid Taman Pasir Putih Bus Stop,Masjid Taman Pasir Putih,Terminal Bas Masai - Lotus Kota Masai,myBas,,,
Opp Sampan Shellout Bus Stop,Opp Sampan Shellout,Terminal Bas Masai - Lotus Kota Masai,myBas,,,
Opp Eco Business Park 3 Bus Stop,Opp Eco Business Park 3,Terminal Bas Masai - Lotus Kota Masai,myBas,,,
Opp Jalan Mangga Bus Stop,Opp Jalan Mangga,Terminal Bas Masai - Lotus Kota Masai,myBas,,,
Opp Jalan Nanas 13 Bus Stop,Opp Jalan Nanas 13,Terminal Bas Masai - Lotus Kota Masai,myBas,,,
Simpang Jalan Mangga 13 Bus Stop,Simpang Jalan Mangga 13,Terminal Bas Masai - Lotus Kota Masai,myBas,,,
Jalan Nanas 20/7 Bus Stop,Jalan Nanas 20/7,Terminal Bas Masai - Lotus Kota Masai,myBas,,,
Simpang Jalan Persiaran Cermai Bus Stop,Simpang Jalan Persiaran Cermai,Terminal Bas Masai - Lotus Kota Masai,myBas,,,
Jalan Delima Bus Stop,Jalan Delima,Terminal Bas Masai - Lotus Kota Masai,myBas,,,
Jalan Tembikai Utama Bus Stop,Jalan Tembikai Utama,Terminal Bas Masai - Lotus Kota Masai,myBas,,,
SMK Kota Masai 2 Bus Stop,SMK Kota Masai 2,Terminal Bas Masai - Lotus Kota Masai,myBas,,,
Jalan Tembika 11 Bus Stop,Jalan Tembika 11,Terminal Bas Masai - Lotus Kota Masai,myBas,,,
Sekolah Agama Kota Masai Bus Stop,Sekolah Agama Kota Masai,Terminal Bas Masai - Lotus Kota Masai,myBas,,,
Rakyat Grocer / Dewan Serbaguna Bus Stop,Rakyat Grocer / Dewan Serbaguna,Terminal Bas Masai - Lotus Kota Masai,myBas,,,
Opp Simpang Jalan Mangga 13 Bus Stop,Opp Simpang Jalan Mangga 13,Terminal Bas Masai - Lotus Kota Masai,myBas,,,
Jalan Nanas 13 Bus Stop,Jalan Nanas 13,Terminal Bas Masai - Lotus Kota Masai,myBas,,,
Opp Jalan Nanas 1 Bus Stop,Opp Jalan Nanas 1,Terminal Bas Masai - Lotus Kota Masai,myBas,,,
Opp Pasaraya Yos Jalan Tembikai 2 Bus Stop,Opp Pasaraya Yos Jalan Tembikai 2,Terminal Bas Masai - Lotus Kota Masai,myBas,,,
Simpang Jalan Pulasan 15 Bus Stop,Simpang Jalan Pulasan 15,Terminal Bas Masai - Lotus Kota Masai,myBas,,,
Padang Jalan Pulasan Bus Stop,Padang Jalan Pulasan,Terminal Bas Masai - Lotus Kota Masai,myBas,,,
Simpang Jalan Pulasan 3 Bus Stop,Simpang Jalan Pulasan 3,Terminal Bas Masai - Lotus Kota Masai,myBas,,,
Opp Jalan Eco Perniagaan 27 Bus Stop,Opp Jalan Eco Perniagaan 27,Terminal Bas Masai - Lotus Kota Masai,myBas,,,
Lotus Kota Masai 2 Bus Stop,Lotus Kota Masai 2,Terminal Bas Masai - Lotus Kota Masai,myBas,,,
Lotus Kota Masai Bus Stop,Lotus Kota Masai,Terminal Bas Masai - Lotus Kota Masai,myBas,,,
Jalan Eco Perniagaan 27 Bus Stop,Jalan Eco Perniagaan 27,Terminal Bas Masai - Lotus Kota Masai,myBas,,,
Pasaraya Yos Jalan Tembikai 2 Bus Stop,Pasaraya Yos Jalan Tembikai 2,Terminal Bas Masai - Lotus Kota Masai,myBas,,,
Jalan Nanas 1 Bus Stop,Jalan Nanas 1,Terminal Bas Masai - Lotus Kota Masai,myBas,,,
Jalan Mangga Bus Stop,Jalan Mangga,Terminal Bas Masai - Lotus Kota Masai,myBas,,,
Eco Business Park 3 Bus Stop,Eco Business Park 3,Terminal Bas Masai - Lotus Kota Masai,myBas,,,
Sampan Shellout Bus Stop,Sampan Shellout,Terminal Bas Masai - Lotus Kota Masai,myBas,,,
Opp Masjid Taman Pasir Putih Bus Stop,Opp Masjid Taman Pasir Putih,Terminal Bas Masai - Lotus Kota Masai,myBas,,,
Jalan Canngung 6 Bus Stop,Jalan Canngung 6,Terminal Bas Masai - Lotus Kota Masai,myBas,,,
E&Y Nazir Bus Stop,E&Y Nazir,Terminal Bas Masai - Lotus Kota Masai,myBas,,,
Opp Kilang Panasonic Bus Stop,Opp Kilang Panasonic,Terminal Bas Masai - Lotus Kota Masai,myBas,,,
Opp Bukit Layang Layang Bus Stop,Opp Bukit Layang Layang,Terminal Bas Masai - Lotus Kota Masai,myBas,,,
SMK Pasir Gudang Bus Stop,SMK Pasir Gudang,Terminal Bas Masai - Lotus Kota Masai,myBas,,,
KPJ Pasir Gudang Bus Stop,KPJ Pasir Gudang,Terminal Bas Masai - Lotus Kota Masai,myBas,,,
KipMall Masai Bus Stop,KipMall Masai,Terminal Bas Masai - Lotus Kota Masai,myBas,,,
U - Sentral Masai Bus Stop,U - Sentral Masai,Terminal Bas Masai - Lotus Kota Masai,myBas,,,
JB Sentral Bus Stop,JB Sentral,JB Sentral - Terminal Bas Masai,myBas,,,
Wisma Peladang Bus Stop,Wisma Peladang,JB Sentral - Terminal Bas Masai,myBas,,,
Opp Pejabat Pos Besar Bus Stop,Opp Pejabat Pos Besar,JB Sentral - Terminal Bas Masai,myBas,,,
Opp Johor Tourist Information Center Bus Stop,Opp Johor Tourist Information Center,JB Sentral - Terminal Bas Masai,myBas,,,
Opp Menara TH Bus Stop,Opp Menara TH,JB Sentral - Terminal Bas Masai,myBas,,,
Opp Wisma Persekutuan Bus Stop,Opp Wisma Persekutuan,JB Sentral - Terminal Bas Masai,myBas,,,
Opp Sekolah Kebangsaan IJ Convent Bus Stop,Opp Sekolah Kebangsaan IJ Convent,JB Sentral - Terminal Bas Masai,myBas,,,
Opp Pusat Khidmat Pelanggan TNB JB Bus Stop,Opp Pusat Khidmat Pelanggan TNB JB,JB Sentral - Terminal Bas Masai,myBas,,,
Opp IPK Johor Bus Stop,Opp IPK Johor,JB Sentral - Terminal Bas Masai,myBas,,,
OPP Plaza Pelangi Bus Stop,OPP Plaza Pelangi,JB Sentral - Terminal Bas Masai,myBas,,,
Crystal Crown Bus Stop,Crystal Crown,JB Sentral - Terminal Bas Masai,myBas,,,
Caltex Taman Melodies Bus Stop,Caltex Taman Melodies,JB Sentral - Terminal Bas Masai,myBas,,,
OPP Taman Sentosa Bus Stop,OPP Taman Sentosa,JB Sentral - Terminal Bas Masai,myBas,,,
OPP Hospital Columbia  Bus Stop,OPP Hospital Columbia ,JB Sentral - Terminal Bas Masai,myBas,,,
OPP Mutiara Motors Bus Stop,OPP Mutiara Motors,JB Sentral - Terminal Bas Masai,myBas,,,
Restoran Aliff Bus Stop,Restoran Aliff,JB Sentral - Terminal Bas Masai,myBas,,,
KG Melayu Majidee Bus Stop,KG Melayu Majidee,JB Sentral - Terminal Bas Masai,myBas,,,
Majidee Bus Stop,Majidee,JB Sentral - Terminal Bas Masai,myBas,,,
Pasar Borong Pandan Bus Stop,Pasar Borong Pandan,JB Sentral - Terminal Bas Masai,myBas,,,
Petron Pandan Bus Stop,Petron Pandan,JB Sentral - Terminal Bas Masai,myBas,,,
Shell Pandan Bus Stop,Shell Pandan,JB Sentral - Terminal Bas Masai,myBas,,,
OPP The Store Pandan Bus Stop,OPP The Store Pandan,JB Sentral - Terminal Bas Masai,myBas,,,
Smart Pandan Bus Stop,Smart Pandan,JB Sentral - Terminal Bas Masai,myBas,,,
Opp Desa Perwira Bus Stop,Opp Desa Perwira,JB Sentral - Terminal Bas Masai,myBas,,,
Opp Taman Molek Bus Stop,Opp Taman Molek,JB Sentral - Terminal Bas Masai,myBas,,,
Balai Polis Johor Jaya Bus Stop,Balai Polis Johor Jaya,JB Sentral - Terminal Bas Masai,myBas,,,
Opp Tangki Air Tmn Molek Bus Stop,Opp Tangki Air Tmn Molek,JB Sentral - Terminal Bas Masai,myBas,,,
TAMAN ROSMERAH Bus Stop,TAMAN ROSMERAH,JB Sentral - Terminal Bas Masai,myBas,,,
Opp Restoran Pekin Johor Jaya Bus Stop,Opp Restoran Pekin Johor Jaya,JB Sentral - Terminal Bas Masai,myBas,,,
Prima Regency 1 Bus Stop,Prima Regency 1,JB Sentral - Terminal Bas Masai,myBas,,,
Opp Prima Regency 2 Bus Stop,Opp Prima Regency 2,JB Sentral - Terminal Bas Masai,myBas,,,
Kia Motors Plentong Bus Stop,Kia Motors Plentong,JB Sentral - Terminal Bas Masai,myBas,,,
Taman Bunga Ros Bus Stop,Taman Bunga Ros,JB Sentral - Terminal Bas Masai,myBas,,,
Taman Ria Plentong Bus Stop,Taman Ria Plentong,JB Sentral - Terminal Bas Masai,myBas,,,
Sri Plentong Bus Stop,Sri Plentong,JB Sentral - Terminal Bas Masai,myBas,,,
Jalan Masai Lama 2 Bus Stop,Jalan Masai Lama 2,JB Sentral - Terminal Bas Masai,myBas,,,
Opp Petron Pasir Gudang East Bus Stop,Opp Petron Pasir Gudang East,JB Sentral - Terminal Bas Masai,myBas,,,
JALAN BAYU Bus Stop,JALAN BAYU,JB Sentral - Terminal Bas Masai,myBas,,,
Jalan Bayu 11 (Caltex ) Bus Stop,Jalan Bayu 11 (Caltex ),JB Sentral - Terminal Bas Masai,myBas,,,
Todays Market (Jalan Masai Lama) Bus Stop,Todays Market (Jalan Masai Lama),JB Sentral - Terminal Bas Masai,myBas,,,
Maybank Bandar Seri Alam Bus Stop,Maybank Bandar Seri Alam,JB Sentral - Terminal Bas Masai,myBas,,,
SMK Dato Penggawa Timur Bus Stop,SMK Dato Penggawa Timur,JB Sentral - Terminal Bas Masai,myBas,,,
Kampung Baru Masai Bus Stop,Kampung Baru Masai,JB Sentral - Terminal Bas Masai,myBas,,,
OPP JNT Taman Masai Utama Bus Stop,OPP JNT Taman Masai Utama,JB Sentral - Terminal Bas Masai,myBas,,,
Terminal Bas Masai Bus Stop,Terminal Bas Masai,JB Sentral - Terminal Bas Masai,myBas,,,
JNT Taman Masai Utama Bus Stop,JNT Taman Masai Utama,JB Sentral - Terminal Bas Masai,myBas,,,
Opp Kampung Baru Masai Bus Stop,Opp Kampung Baru Masai,JB Sentral - Terminal Bas Masai,myBas,,,
Opp SMK Dato Penggawa Timur Bus Stop,Opp SMK Dato Penggawa Timur,JB Sentral - Terminal Bas Masai,myBas,,,
Opp Maybank Bandar Seri Alam Bus Stop,Opp Maybank Bandar Seri Alam,JB Sentral - Terminal Bas Masai,myBas,,,
Opp Todays Market (Jalan Masai Lama) Bus Stop,Opp Todays Market (Jalan Masai Lama),JB Sentral - Terminal Bas Masai,myBas,,,
Opp Jalan Bayu 11 (Caltex) Bus Stop,Opp Jalan Bayu 11 (Caltex),JB Sentral - Terminal Bas Masai,myBas,,,
Petron Pasir Gudang East Bus Stop,Petron Pasir Gudang East,JB Sentral - Terminal Bas Masai,myBas,,,
Jalan Masai Lama 1 Bus Stop,Jalan Masai Lama 1,JB Sentral - Terminal Bas Masai,myBas,,,
Opp Sri Plentong Bus Stop,Opp Sri Plentong,JB Sentral - Terminal Bas Masai,myBas,,,
Opp Taman Ria Plentong Bus Stop,Opp Taman Ria Plentong,JB Sentral - Terminal Bas Masai,myBas,,,
Opp Taman Bunga Ros Bus Stop,Opp Taman Bunga Ros,JB Sentral - Terminal Bas Masai,myBas,,,
OPP Kia Motors Plentong Bus Stop,OPP Kia Motors Plentong,JB Sentral - Terminal Bas Masai,myBas,,,
Prima Regency 2 Bus Stop,Prima Regency 2,JB Sentral - Terminal Bas Masai,myBas,,,
OPP Prima Regency 1 Bus Stop,OPP Prima Regency 1,JB Sentral - Terminal Bas Masai,myBas,,,
Restoran Pekin Johor Jaya Bus Stop,Restoran Pekin Johor Jaya,JB Sentral - Terminal Bas Masai,myBas,,,
Warung Abadi Bus Stop,Warung Abadi,JB Sentral - Terminal Bas Masai,myBas,,,
ROSMERAH 9  Bus Stop,ROSMERAH 9 ,JB Sentral - Terminal Bas Masai,myBas,,,
Opp Taman Rosmerah Bus Stop,Opp Taman Rosmerah,JB Sentral - Terminal Bas Masai,myBas,,,
Tangki Air Taman Molek Bus Stop,Tangki Air Taman Molek,JB Sentral - Terminal Bas Masai,myBas,,,
Opp Balai Polis Johor Jaya Bus Stop,Opp Balai Polis Johor Jaya,JB Sentral - Terminal Bas Masai,myBas,,,
Taman Molek Bus Stop,Taman Molek,JB Sentral - Terminal Bas Masai,myBas,,,
Desa Perwira Bus Stop,Desa Perwira,JB Sentral - Terminal Bas Masai,myBas,,,
Opp Smart Pandan Bus Stop,Opp Smart Pandan,JB Sentral - Terminal Bas Masai,myBas,,,
The Store Pandan Bus Stop,The Store Pandan,JB Sentral - Terminal Bas Masai,myBas,,,
OPP Shell Pandan Bus Stop,OPP Shell Pandan,JB Sentral - Terminal Bas Masai,myBas,,,
OPP Petron Pandan Bus Stop,OPP Petron Pandan,JB Sentral - Terminal Bas Masai,myBas,,,
OPP Pasar Borong Pandan Bus Stop,OPP Pasar Borong Pandan,JB Sentral - Terminal Bas Masai,myBas,,,
OPP Majidee Bus Stop,OPP Majidee,JB Sentral - Terminal Bas Masai,myBas,,,
OPP KG Melayu Majidee Bus Stop,OPP KG Melayu Majidee,JB Sentral - Terminal Bas Masai,myBas,,,
OPP Restoran Aliff Bus Stop,OPP Restoran Aliff,JB Sentral - Terminal Bas Masai,myBas,,,
Mutiara Motors Bus Stop,Mutiara Motors,JB Sentral - Terminal Bas Masai,myBas,,,
Hospital Columbia  Bus Stop,Hospital Columbia ,JB Sentral - Terminal Bas Masai,myBas,,,
Taman Sentosa Bus Stop,Taman Sentosa,JB Sentral - Terminal Bas Masai,myBas,,,
OPP Caltex Taman Melodies Bus Stop,OPP Caltex Taman Melodies,JB Sentral - Terminal Bas Masai,myBas,,,
OPP Crystal Crown Bus Stop,OPP Crystal Crown,JB Sentral - Terminal Bas Masai,myBas,,,
Plaza Pelangi Bus Stop,Plaza Pelangi,JB Sentral - Terminal Bas Masai,myBas,,,
IPK Johor Bus Stop,IPK Johor,JB Sentral - Terminal Bas Masai,myBas,,,
Pusat Khidmat Pelanggan TNB @ Johor Bahr Bus Stop,Pusat Khidmat Pelanggan TNB @ Johor Bahr,JB Sentral - Terminal Bas Masai,myBas,,,
Sekolah Kebangsaan IJ Convent Bus Stop,Sekolah Kebangsaan IJ Convent,JB Sentral - Terminal Bas Masai,myBas,,,
Wisma Persekutuan Bus Stop,Wisma Persekutuan,JB Sentral - Terminal Bas Masai,myBas,,,
Menara TH Bus Stop,Menara TH,JB Sentral - Terminal Bas Masai,myBas,,,
Johor Tourist Information Center Bus Stop,Johor Tourist Information Center,JB Sentral - Terminal Bas Masai,myBas,,,
Pejabat Pos Besar Bus Stop,Pejabat Pos Besar,JB Sentral - Terminal Bas Masai,myBas,,,
Opp Wisma Peladang Bus Stop,Opp Wisma Peladang,JB Sentral - Terminal Bas Masai,myBas,,,
JB Sentral Bus Stop,JB Sentral,JB Sentral - Permas Jaya,myBas,,,
OPP R&F Mall Bus Stop,OPP R&F Mall,JB Sentral - Permas Jaya,myBas,,,
MENARA MSC CYBERPORT Bus Stop,MENARA MSC CYBERPORT,JB Sentral - Permas Jaya,myBas,,,
Foon Yew High School Bus Stop,Foon Yew High School,JB Sentral - Permas Jaya,myBas,,,
The Zone Bus Stop,The Zone,JB Sentral - Permas Jaya,myBas,,,
Flat Sri Stulang Bus Stop,Flat Sri Stulang,JB Sentral - Permas Jaya,myBas,,,
Medan Selera Stulang Walk Bus Stop,Medan Selera Stulang Walk,JB Sentral - Permas Jaya,myBas,,,
Pasir Pelangi Bus Stop,Pasir Pelangi,JB Sentral - Permas Jaya,myBas,,,
Masjid Pasir Pelangi Bus Stop,Masjid Pasir Pelangi,JB Sentral - Permas Jaya,myBas,,,
Opp Shell Taman Iskandar Bus Stop,Opp Shell Taman Iskandar,JB Sentral - Permas Jaya,myBas,,,
Opp Pangsapuri Pasir Pelangi Bus Stop,Opp Pangsapuri Pasir Pelangi,JB Sentral - Permas Jaya,myBas,,,
Bakar Batu Bus Stop,Bakar Batu,JB Sentral - Permas Jaya,myBas,,,
Petronas Bayu Puteri Bus Stop,Petronas Bayu Puteri,JB Sentral - Permas Jaya,myBas,,,
Shell Jambatan Permas Bus Stop,Shell Jambatan Permas,JB Sentral - Permas Jaya,myBas,,,
RENAISSANCE Bus Stop,RENAISSANCE,JB Sentral - Permas Jaya,myBas,,,
GIATMARA Pasir Gudang Bus Stop,GIATMARA Pasir Gudang,JB Sentral - Permas Jaya,myBas,,,
Jalan Permas 13/1 Bus Stop,Jalan Permas 13/1,JB Sentral - Permas Jaya,myBas,,,
Jalan Permas 16/1 Bus Stop,Jalan Permas 16/1,JB Sentral - Permas Jaya,myBas,,,
Jalan Permas 17/1 Bus Stop,Jalan Permas 17/1,JB Sentral - Permas Jaya,myBas,,,
SMK Permas Jaya 3 Bus Stop,SMK Permas Jaya 3,JB Sentral - Permas Jaya,myBas,,,
Jalan Permas 15/2 Bus Stop,Jalan Permas 15/2,JB Sentral - Permas Jaya,myBas,,,
AEON (Parking) Bus Stop,AEON (Parking),JB Sentral - Permas Jaya,myBas,,,
AEON (Side) Permas Jaya Bus Stop,AEON (Side) Permas Jaya,JB Sentral - Permas Jaya,myBas,,,
Jalan Permas 8/1 Bus Stop,Jalan Permas 8/1,JB Sentral - Permas Jaya,myBas,,,
Dewan Serbaguna Permas Jaya Bus Stop,Dewan Serbaguna Permas Jaya,JB Sentral - Permas Jaya,myBas,,,
Pangsapuri Permas Jaya Zon 1 Bus Stop,Pangsapuri Permas Jaya Zon 1,JB Sentral - Permas Jaya,myBas,,,
Masjid Permas 8 Bus Stop,Masjid Permas 8,JB Sentral - Permas Jaya,myBas,,,
Jalan Permas 7 Bus Stop,Jalan Permas 7,JB Sentral - Permas Jaya,myBas,,,
Mon Glori Bus Stop,Mon Glori,JB Sentral - Permas Jaya,myBas,,,
SK Permas Jaya 3 Bus Stop,SK Permas Jaya 3,JB Sentral - Permas Jaya,myBas,,,
Opp Jalan Permas Utara Bus Stop,Opp Jalan Permas Utara,JB Sentral - Permas Jaya,myBas,,,
Jalan Permas 4/6 Bus Stop,Jalan Permas 4/6,JB Sentral - Permas Jaya,myBas,,,
Pasar Mini Jin Seng Bus Stop,Pasar Mini Jin Seng,JB Sentral - Permas Jaya,myBas,,,
Jalan Permas 3 Bus Stop,Jalan Permas 3,JB Sentral - Permas Jaya,myBas,,,
Poliklinik Rozikin Bus Stop,Poliklinik Rozikin,JB Sentral - Permas Jaya,myBas,,,
Jalan Permas 1/18 Bus Stop,Jalan Permas 1/18,JB Sentral - Permas Jaya,myBas,,,
SK Permas Jaya 1 Bus Stop,SK Permas Jaya 1,JB Sentral - Permas Jaya,myBas,,,
Jalan Permas 1/6 Bus Stop,Jalan Permas 1/6,JB Sentral - Permas Jaya,myBas,,,
Jalan Permas 1/2 Bus Stop,Jalan Permas 1/2,JB Sentral - Permas Jaya,myBas,,,
Hub Permas Jaya Bus Stop,Hub Permas Jaya,JB Sentral - Permas Jaya,myBas,,,
Jalan Permas Utara Bus Stop,Jalan Permas Utara,JB Sentral - Permas Jaya,myBas,,,
Aeon (Back) Bus Stop,Aeon (Back),JB Sentral - Permas Jaya,myBas,,,
UNI Klinik Bus Stop,UNI Klinik,JB Sentral - Permas Jaya,myBas,,,
AEON (MAIN) Permas Jaya Bus Stop,AEON (MAIN) Permas Jaya,JB Sentral - Permas Jaya,myBas,,,
Opp RENAISSANCE Bus Stop,Opp RENAISSANCE,JB Sentral - Permas Jaya,myBas,,,
Opp Petronas Bayu Puteri Bus Stop,Opp Petronas Bayu Puteri,JB Sentral - Permas Jaya,myBas,,,
Kg Bakar Batu Bus Stop,Kg Bakar Batu,JB Sentral - Permas Jaya,myBas,,,
Pangsapuri Pasir Pelangi Bus Stop,Pangsapuri Pasir Pelangi,JB Sentral - Permas Jaya,myBas,,,
Shell Taman Iskandar Bus Stop,Shell Taman Iskandar,JB Sentral - Permas Jaya,myBas,,,
Opp Masjid Pasir Pelangi Bus Stop,Opp Masjid Pasir Pelangi,JB Sentral - Permas Jaya,myBas,,,
Istana Pasir Pelangi Bus Stop,Istana Pasir Pelangi,JB Sentral - Permas Jaya,myBas,,,
Opp Foon Yew High School Bus Stop,Opp Foon Yew High School,JB Sentral - Permas Jaya,myBas,,,
Opp Menara MSC Cyberport Bus Stop,Opp Menara MSC Cyberport,JB Sentral - Permas Jaya,myBas,,,
R&F Mall Bus Stop,R&F Mall,JB Sentral - Permas Jaya,myBas,,,
JB Sentral Bus Stop,JB Sentral,JB Sentral - Taman Scientex Pasir Gudang,myBas,,,
Wisma Peladang Bus Stop,Wisma Peladang,JB Sentral - Taman Scientex Pasir Gudang,myBas,,,
Opp Pejabat Pos Besar Bus Stop,Opp Pejabat Pos Besar,JB Sentral - Taman Scientex Pasir Gudang,myBas,,,
Opp Johor Tourist Information Center Bus Stop,Opp Johor Tourist Information Center,JB Sentral - Taman Scientex Pasir Gudang,myBas,,,
Opp Menara TH Bus Stop,Opp Menara TH,JB Sentral - Taman Scientex Pasir Gudang,myBas,,,
Opp Wisma Persekutuan Bus Stop,Opp Wisma Persekutuan,JB Sentral - Taman Scientex Pasir Gudang,myBas,,,
Opp Sekolah Kebangsaan IJ Convent Bus Stop,Opp Sekolah Kebangsaan IJ Convent,JB Sentral - Taman Scientex Pasir Gudang,myBas,,,
Opp Pusat Khidmat Pelanggan TNB JB Bus Stop,Opp Pusat Khidmat Pelanggan TNB JB,JB Sentral - Taman Scientex Pasir Gudang,myBas,,,
Opp IPK Johor Bus Stop,Opp IPK Johor,JB Sentral - Taman Scientex Pasir Gudang,myBas,,,
OPP Plaza Pelangi Bus Stop,OPP Plaza Pelangi,JB Sentral - Taman Scientex Pasir Gudang,myBas,,,
Crystal Crown Bus Stop,Crystal Crown,JB Sentral - Taman Scientex Pasir Gudang,myBas,,,
Caltex Taman Melodies Bus Stop,Caltex Taman Melodies,JB Sentral - Taman Scientex Pasir Gudang,myBas,,,
OPP Taman Sentosa Bus Stop,OPP Taman Sentosa,JB Sentral - Taman Scientex Pasir Gudang,myBas,,,
Opp Wisma Daiman Bus Stop,Opp Wisma Daiman,JB Sentral - Taman Scientex Pasir Gudang,myBas,,,
Opp Taman Sentosa Jalan Bakar Batu Bus Stop,Opp Taman Sentosa Jalan Bakar Batu,JB Sentral - Taman Scientex Pasir Gudang,myBas,,,
CIMB Southkey Bus Stop,CIMB Southkey,JB Sentral - Taman Scientex Pasir Gudang,myBas,,,
COURTs Southkey Bus Stop,COURTs Southkey,JB Sentral - Taman Scientex Pasir Gudang,myBas,,,
Bakar Batu Bus Stop,Bakar Batu,JB Sentral - Taman Scientex Pasir Gudang,myBas,,,
Petronas Bayu Puteri Bus Stop,Petronas Bayu Puteri,JB Sentral - Taman Scientex Pasir Gudang,myBas,,,
Opp Shell Jambatan Permas Bus Stop,Opp Shell Jambatan Permas,JB Sentral - Taman Scientex Pasir Gudang,myBas,,,
RENAISSANCE Bus Stop,RENAISSANCE,JB Sentral - Taman Scientex Pasir Gudang,myBas,,,
AEON (Parking) Bus Stop,AEON (Parking),JB Sentral - Taman Scientex Pasir Gudang,myBas,,,
Jalan Permas 9/17 Bus Stop,Jalan Permas 9/17,JB Sentral - Taman Scientex Pasir Gudang,myBas,,,
Cahaya Kota Puteri 1 Bus Stop,Cahaya Kota Puteri 1,JB Sentral - Taman Scientex Pasir Gudang,myBas,,,
Opp Meridin Bayvue Bus Stop,Opp Meridin Bayvue,JB Sentral - Taman Scientex Pasir Gudang,myBas,,,
Jalan Sierra Perdana 3/18 Bus Stop,Jalan Sierra Perdana 3/18,JB Sentral - Taman Scientex Pasir Gudang,myBas,,,
Jalan Sierra Perdana 1/12 Bus Stop,Jalan Sierra Perdana 1/12,JB Sentral - Taman Scientex Pasir Gudang,myBas,,,
7 Eleven Sierra Perdana Bus Stop,7 Eleven Sierra Perdana,JB Sentral - Taman Scientex Pasir Gudang,myBas,,,
KRT Sierra Perdana Bus Stop,KRT Sierra Perdana,JB Sentral - Taman Scientex Pasir Gudang,myBas,,,
Flat Balau Block G Bus Stop,Flat Balau Block G,JB Sentral - Taman Scientex Pasir Gudang,myBas,,,
Padang Bola Balau Bus Stop,Padang Bola Balau,JB Sentral - Taman Scientex Pasir Gudang,myBas,,,
Simpang Kg Sg Rinting Bus Stop,Simpang Kg Sg Rinting,JB Sentral - Taman Scientex Pasir Gudang,myBas,,,
Mydin Taman Rinting 2 Bus Stop,Mydin Taman Rinting 2,JB Sentral - Taman Scientex Pasir Gudang,myBas,,,
Petronas Jalan Rinting Bus Stop,Petronas Jalan Rinting,JB Sentral - Taman Scientex Pasir Gudang,myBas,,,
Lebuhraya Pasir Gudang 1 Bus Stop,Lebuhraya Pasir Gudang 1,JB Sentral - Taman Scientex Pasir Gudang,myBas,,,
Lebuhraya Pasir Gudang 2 Bus Stop,Lebuhraya Pasir Gudang 2,JB Sentral - Taman Scientex Pasir Gudang,myBas,,,
Stadium Pasir Gudang Bus Stop,Stadium Pasir Gudang,JB Sentral - Taman Scientex Pasir Gudang,myBas,,,
TMIYC Bus Stop,TMIYC,JB Sentral - Taman Scientex Pasir Gudang,myBas,,,
Terminal Bas Pasir Gudang Bus Stop,Terminal Bas Pasir Gudang,JB Sentral - Taman Scientex Pasir Gudang,myBas,,,
Opp SMK Pasir Gudang Bus Stop,Opp SMK Pasir Gudang,JB Sentral - Taman Scientex Pasir Gudang,myBas,,,
Bukit Layang Layang Bus Stop,Bukit Layang Layang,JB Sentral - Taman Scientex Pasir Gudang,myBas,,,
Taman Dahlia Jalan Sekuntum 2 Bus Stop,Taman Dahlia Jalan Sekuntum 2,JB Sentral - Taman Scientex Pasir Gudang,myBas,,,
Opp Taman Cendana Blok 10 Bus Stop,Opp Taman Cendana Blok 10,JB Sentral - Taman Scientex Pasir Gudang,myBas,,,
Taman Cendana Blok 34 Bus Stop,Taman Cendana Blok 34,JB Sentral - Taman Scientex Pasir Gudang,myBas,,,
Dewan Serbaguna Taman Cendana 2 Bus Stop,Dewan Serbaguna Taman Cendana 2,JB Sentral - Taman Scientex Pasir Gudang,myBas,,,
Opp Kolej Komuniti Pasir Gudang Bus Stop,Opp Kolej Komuniti Pasir Gudang,JB Sentral - Taman Scientex Pasir Gudang,myBas,,,
Simpang Nuri Utama Bus Stop,Simpang Nuri Utama,JB Sentral - Taman Scientex Pasir Gudang,myBas,,,
Opp Kuarters Guru Taman Scientex Bus Stop,Opp Kuarters Guru Taman Scientex,JB Sentral - Taman Scientex Pasir Gudang,myBas,,,
Opp Politeknik Pasir Gudang Bus Stop,Opp Politeknik Pasir Gudang,JB Sentral - Taman Scientex Pasir Gudang,myBas,,,
Flat Pelanduk Bus Stop,Flat Pelanduk,JB Sentral - Taman Scientex Pasir Gudang,myBas,,,
Jalan Kenari Taman Scientex Bus Stop,Jalan Kenari Taman Scientex,JB Sentral - Taman Scientex Pasir Gudang,myBas,,,
Jalan Kenari 15 Taman Scientex Bus Stop,Jalan Kenari 15 Taman Scientex,JB Sentral - Taman Scientex Pasir Gudang,myBas,,,
Jalan Kenari 8 Taman Scientex Bus Stop,Jalan Kenari 8 Taman Scientex,JB Sentral - Taman Scientex Pasir Gudang,myBas,,,
Jalan Kenari 3 Taman Scientex Bus Stop,Jalan Kenari 3 Taman Scientex,JB Sentral - Taman Scientex Pasir Gudang,myBas,,,
Jalan Merbah 2 Taman Scientex Bus Stop,Jalan Merbah 2 Taman Scientex,JB Sentral - Taman Scientex Pasir Gudang,myBas,,,
Jalan Merak 4 Taman Scientex Bus Stop,Jalan Merak 4 Taman Scientex,JB Sentral - Taman Scientex Pasir Gudang,myBas,,,
Opp Jalan Kenari 8 Taman Scientex Bus Stop,Opp Jalan Kenari 8 Taman Scientex,JB Sentral - Taman Scientex Pasir Gudang,myBas,,,
Opp Jalan Kenari 15 Taman Scientex Bus Stop,Opp Jalan Kenari 15 Taman Scientex,JB Sentral - Taman Scientex Pasir Gudang,myBas,,,
Opp Jalan Kenari Taman Scientex Bus Stop,Opp Jalan Kenari Taman Scientex,JB Sentral - Taman Scientex Pasir Gudang,myBas,,,
Opp Flat Pelanduk Bus Stop,Opp Flat Pelanduk,JB Sentral - Taman Scientex Pasir Gudang,myBas,,,
Politeknik Pasir Gudang Bus Stop,Politeknik Pasir Gudang,JB Sentral - Taman Scientex Pasir Gudang,myBas,,,
Kuarters Guru Taman Scientex Bus Stop,Kuarters Guru Taman Scientex,JB Sentral - Taman Scientex Pasir Gudang,myBas,,,
Opp Simpang Nuri Utama Bus Stop,Opp Simpang Nuri Utama,JB Sentral - Taman Scientex Pasir Gudang,myBas,,,
Kolej Komuniti Pasir Gudang Bus Stop,Kolej Komuniti Pasir Gudang,JB Sentral - Taman Scientex Pasir Gudang,myBas,,,
Opp Dewan Serbaguna Taman Cendana 2 Bus Stop,Opp Dewan Serbaguna Taman Cendana 2,JB Sentral - Taman Scientex Pasir Gudang,myBas,,,
Opp Taman Cendana Blok 34 Bus Stop,Opp Taman Cendana Blok 34,JB Sentral - Taman Scientex Pasir Gudang,myBas,,,
Taman Cendana Blok 10 Bus Stop,Taman Cendana Blok 10,JB Sentral - Taman Scientex Pasir Gudang,myBas,,,
SK Taman Cendana Bus Stop,SK Taman Cendana,JB Sentral - Taman Scientex Pasir Gudang,myBas,,,
Opp Bukit Layang Layang Bus Stop,Opp Bukit Layang Layang,JB Sentral - Taman Scientex Pasir Gudang,myBas,,,
SMK Pasir Gudang Bus Stop,SMK Pasir Gudang,JB Sentral - Taman Scientex Pasir Gudang,myBas,,,
Opp Lebuhraya Pasir Gudang 2 Bus Stop,Opp Lebuhraya Pasir Gudang 2,JB Sentral - Taman Scientex Pasir Gudang,myBas,,,
Opp Lebuhraya Pasir Gudang 1 Bus Stop,Opp Lebuhraya Pasir Gudang 1,JB Sentral - Taman Scientex Pasir Gudang,myBas,,,
Opp Petronas Jalan Rinting Bus Stop,Opp Petronas Jalan Rinting,JB Sentral - Taman Scientex Pasir Gudang,myBas,,,
Opp Jalan Sierra Perdana 3/18 Bus Stop,Opp Jalan Sierra Perdana 3/18,JB Sentral - Taman Scientex Pasir Gudang,myBas,,,
Meridin Bayvue Bus Stop,Meridin Bayvue,JB Sentral - Taman Scientex Pasir Gudang,myBas,,,
Opp Cahaya Kota Puteri 1 Bus Stop,Opp Cahaya Kota Puteri 1,JB Sentral - Taman Scientex Pasir Gudang,myBas,,,
Jalan Permas 15/1 Bus Stop,Jalan Permas 15/1,JB Sentral - Taman Scientex Pasir Gudang,myBas,,,
Opp RENAISSANCE Bus Stop,Opp RENAISSANCE,JB Sentral - Taman Scientex Pasir Gudang,myBas,,,
Shell Jambatan Permas Bus Stop,Shell Jambatan Permas,JB Sentral - Taman Scientex Pasir Gudang,myBas,,,
Opp Petronas Bayu Puteri Bus Stop,Opp Petronas Bayu Puteri,JB Sentral - Taman Scientex Pasir Gudang,myBas,,,
Kg Bakar Batu Bus Stop,Kg Bakar Batu,JB Sentral - Taman Scientex Pasir Gudang,myBas,,,
Opp COURTs Southkey Bus Stop,Opp COURTs Southkey,JB Sentral - Taman Scientex Pasir Gudang,myBas,,,
Opp CIMB Southkey Bus Stop,Opp CIMB Southkey,JB Sentral - Taman Scientex Pasir Gudang,myBas,,,
Taman Sentosa Jalan Bakar Batu Bus Stop,Taman Sentosa Jalan Bakar Batu,JB Sentral - Taman Scientex Pasir Gudang,myBas,,,
Wisma Daiman Bus Stop,Wisma Daiman,JB Sentral - Taman Scientex Pasir Gudang,myBas,,,
Taman Sentosa Bus Stop,Taman Sentosa,JB Sentral - Taman Scientex Pasir Gudang,myBas,,,
OPP Caltex Taman Melodies Bus Stop,OPP Caltex Taman Melodies,JB Sentral - Taman Scientex Pasir Gudang,myBas,,,
OPP Crystal Crown Bus Stop,OPP Crystal Crown,JB Sentral - Taman Scientex Pasir Gudang,myBas,,,
Plaza Pelangi Bus Stop,Plaza Pelangi,JB Sentral - Taman Scientex Pasir Gudang,myBas,,,
IPK Johor Bus Stop,IPK Johor,JB Sentral - Taman Scientex Pasir Gudang,myBas,,,
Pusat Khidmat Pelanggan TNB @ Johor Bahr Bus Stop,Pusat Khidmat Pelanggan TNB @ Johor Bahr,JB Sentral - Taman Scientex Pasir Gudang,myBas,,,
Sekolah Kebangsaan IJ Convent Bus Stop,Sekolah Kebangsaan IJ Convent,JB Sentral - Taman Scientex Pasir Gudang,myBas,,,
Wisma Persekutuan Bus Stop,Wisma Persekutuan,JB Sentral - Taman Scientex Pasir Gudang,myBas,,,
Menara TH Bus Stop,Menara TH,JB Sentral - Taman Scientex Pasir Gudang,myBas,,,
Johor Tourist Information Center Bus Stop,Johor Tourist Information Center,JB Sentral - Taman Scientex Pasir Gudang,myBas,,,
Pejabat Pos Besar Bus Stop,Pejabat Pos Besar,JB Sentral - Taman Scientex Pasir Gudang,myBas,,,
Opp Wisma Peladang Bus Stop,Opp Wisma Peladang,JB Sentral - Taman Scientex Pasir Gudang,myBas,,,
Terminal Kulai Bus Stop,Terminal Kulai,Terminal Kulai - Taman Putri Kulai,myBas,,,
SMK Munshi Abdullah Kulai Bus Stop,SMK Munshi Abdullah Kulai,Terminal Kulai - Taman Putri Kulai,myBas,,,
Jejantas Taman Sri Kulai Bus Stop,Jejantas Taman Sri Kulai,Terminal Kulai - Taman Putri Kulai,myBas,,,
Shell Kulai Bus Stop,Shell Kulai,Terminal Kulai - Taman Putri Kulai,myBas,,,
Opp Simpang Jln Sengkang Bus Stop,Opp Simpang Jln Sengkang,Terminal Kulai - Taman Putri Kulai,myBas,,,
Taman Kota Kulai Bus Stop,Taman Kota Kulai,Terminal Kulai - Taman Putri Kulai,myBas,,,
Opp Lotus Kulai Bus Stop,Opp Lotus Kulai,Terminal Kulai - Taman Putri Kulai,myBas,,,
Taman Desa Baiduri Bus Stop,Taman Desa Baiduri,Terminal Kulai - Taman Putri Kulai,myBas,,,
Opp Taman Putri Persiaran Sri Putri 3(1) Bus Stop,Opp Taman Putri Persiaran Sri Putri 3(1),Terminal Kulai - Taman Putri Kulai,myBas,,,
Stadium Kulai Bus Stop,Stadium Kulai,Terminal Kulai - Taman Putri Kulai,myBas,,,
Opp Econsave Taman Putri Bus Stop,Opp Econsave Taman Putri,Terminal Kulai - Taman Putri Kulai,myBas,,,
Opp Taman Putri Persiaran Sri Putri 3(2) Bus Stop,Opp Taman Putri Persiaran Sri Putri 3(2),Terminal Kulai - Taman Putri Kulai,myBas,,,
Flat Taman Putri Bus Stop,Flat Taman Putri,Terminal Kulai - Taman Putri Kulai,myBas,,,
Opp Taman Putri Persiaran Sri Putri 3(3) Bus Stop,Opp Taman Putri Persiaran Sri Putri 3(3),Terminal Kulai - Taman Putri Kulai,myBas,,,
Taman Putri Kulai Bus Stop,Taman Putri Kulai,Terminal Kulai - Taman Putri Kulai,myBas,,,
OPP SMK Kota Kulai Bus Stop,OPP SMK Kota Kulai,Terminal Kulai - Taman Putri Kulai,myBas,,,
Perumahan Flat Cengal Bus Stop,Perumahan Flat Cengal,Terminal Kulai - Taman Putri Kulai,myBas,,,
Terminal Putri Kulai Bus Stop,Terminal Putri Kulai,Terminal Kulai - Taman Putri Kulai,myBas,,,
Opp Perumahan Flat Cengal Bus Stop,Opp Perumahan Flat Cengal,Terminal Kulai - Taman Putri Kulai,myBas,,,
SMK Kota Kulai Bus Stop,SMK Kota Kulai,Terminal Kulai - Taman Putri Kulai,myBas,,,
Taman Putri Persiaran Sri Putri 3(3) Bus Stop,Taman Putri Persiaran Sri Putri 3(3),Terminal Kulai - Taman Putri Kulai,myBas,,,
Opp Flat Taman Putri Bus Stop,Opp Flat Taman Putri,Terminal Kulai - Taman Putri Kulai,myBas,,,
Taman Putri Persiaran Sri Putri 3(2) Bus Stop,Taman Putri Persiaran Sri Putri 3(2),Terminal Kulai - Taman Putri Kulai,myBas,,,
Econsave Taman Putri Bus Stop,Econsave Taman Putri,Terminal Kulai - Taman Putri Kulai,myBas,,,
Taman Putri Persiaran Sri Putri 3(1) Bus Stop,Taman Putri Persiaran Sri Putri 3(1),Terminal Kulai - Taman Putri Kulai,myBas,,,
Opp Jalan Sri Putri 1/15 Bus Stop,Opp Jalan Sri Putri 1/15,Terminal Kulai - Taman Putri Kulai,myBas,,,
Lotus Kulai Bus Stop,Lotus Kulai,Terminal Kulai - Taman Putri Kulai,myBas,,,
Opp Taman Kota Kulai Bus Stop,Opp Taman Kota Kulai,Terminal Kulai - Taman Putri Kulai,myBas,,,
Spg Jln Sengkang Bus Stop,Spg Jln Sengkang,Terminal Kulai - Taman Putri Kulai,myBas,,,
OPP Shell Kulai Bus Stop,OPP Shell Kulai,Terminal Kulai - Taman Putri Kulai,myBas,,,
Opp Jejantas Taman Sri Kulai Bus Stop,Opp Jejantas Taman Sri Kulai,Terminal Kulai - Taman Putri Kulai,myBas,,,
Opp SMK Munshi Abdullah Bus Stop,Opp SMK Munshi Abdullah,Terminal Kulai - Taman Putri Kulai,myBas,,,
JB Sentral Bus Stop,JB Sentral,JB Sentral - Terminal Kulai,myBas,,,
Wisma Peladang Bus Stop,Wisma Peladang,JB Sentral - Terminal Kulai,myBas,,,
Opp Pejabat Pos Besar Bus Stop,Opp Pejabat Pos Besar,JB Sentral - Terminal Kulai,myBas,,,
Lot 10 Bus Stop,Lot 10,JB Sentral - Terminal Kulai,myBas,,,
OPP Pusat Islam Negeri Johor Bus Stop,OPP Pusat Islam Negeri Johor,JB Sentral - Terminal Kulai,myBas,,,
OPP Dataran Bandaraya Johor Bahru / Sri  Bus Stop,OPP Dataran Bandaraya Johor Bahru / Sri ,JB Sentral - Terminal Kulai,myBas,,,
Opp Johor International School Bus Stop,Opp Johor International School,JB Sentral - Terminal Kulai,myBas,,,
Beletime / OPP M-Suites Bus Stop,Beletime / OPP M-Suites,JB Sentral - Terminal Kulai,myBas,,,
Danga Bay Bus Stop,Danga Bay,JB Sentral - Terminal Kulai,myBas,,,
Tune Hotel Bus Stop,Tune Hotel,JB Sentral - Terminal Kulai,myBas,,,
Opp Bandar Baru Uda Bus Stop,Opp Bandar Baru Uda,JB Sentral - Terminal Kulai,myBas,,,
Klinik Kesihatan Tampoi Bus Stop,Klinik Kesihatan Tampoi,JB Sentral - Terminal Kulai,myBas,,,
SK Pengkalan Rinting Bus Stop,SK Pengkalan Rinting,JB Sentral - Terminal Kulai,myBas,,,
Opp Plaza Angsana Bus Stop,Opp Plaza Angsana,JB Sentral - Terminal Kulai,myBas,,,
Kampong Pasir Bus Stop,Kampong Pasir,JB Sentral - Terminal Kulai,myBas,,,
SK Kampung Pasir / OPP Giant Tampoi Bus Stop,SK Kampung Pasir / OPP Giant Tampoi,JB Sentral - Terminal Kulai,myBas,,,
OPP Kompleks Pekan Rabu Bus Stop,OPP Kompleks Pekan Rabu,JB Sentral - Terminal Kulai,myBas,,,
Kipmart Tampoi Bus Stop,Kipmart Tampoi,JB Sentral - Terminal Kulai,myBas,,,
OPP TAMAN JOHOR Bus Stop,OPP TAMAN JOHOR,JB Sentral - Terminal Kulai,myBas,,,
Opp Paradigm Mall Bus Stop,Opp Paradigm Mall,JB Sentral - Terminal Kulai,myBas,,,
Mcdonalds Taman Sutera Bus Stop,Mcdonalds Taman Sutera,JB Sentral - Terminal Kulai,myBas,,,
OPP Petron TUTA Bus Stop,OPP Petron TUTA,JB Sentral - Terminal Kulai,myBas,,,
TM Skudai Bus Stop,TM Skudai,JB Sentral - Terminal Kulai,myBas,,,
MBIP Skudai Bus Stop,MBIP Skudai,JB Sentral - Terminal Kulai,myBas,,,
Pejabat Pos Skudai Bus Stop,Pejabat Pos Skudai,JB Sentral - Terminal Kulai,myBas,,,
Opp Skudai Parade Bus Stop,Opp Skudai Parade,JB Sentral - Terminal Kulai,myBas,,,
Shell Taman Puteri Skudai Bus Stop,Shell Taman Puteri Skudai,JB Sentral - Terminal Kulai,myBas,,,
Opp Kuarters PUB Bus Stop,Opp Kuarters PUB,JB Sentral - Terminal Kulai,myBas,,,
UTM Skudai Bus Stop,UTM Skudai,JB Sentral - Terminal Kulai,myBas,,,
Taman Teknologi Bus Stop,Taman Teknologi,JB Sentral - Terminal Kulai,myBas,,,
Opp kampung Sepakat Bus Stop,Opp kampung Sepakat,JB Sentral - Terminal Kulai,myBas,,,
Taman Scientex Senai Bus Stop,Taman Scientex Senai,JB Sentral - Terminal Kulai,myBas,,,
Sepakat Jaya Bus Stop,Sepakat Jaya,JB Sentral - Terminal Kulai,myBas,,,
SK Senai Bus Stop,SK Senai,JB Sentral - Terminal Kulai,myBas,,,
OPP Hab Pekan Senai Bus Stop,OPP Hab Pekan Senai,JB Sentral - Terminal Kulai,myBas,,,
Masjid Jamek Bandar Senai Bus Stop,Masjid Jamek Bandar Senai,JB Sentral - Terminal Kulai,myBas,,,
BSN Senai Bus Stop,BSN Senai,JB Sentral - Terminal Kulai,myBas,,,
Pejabat LLM Bus Stop,Pejabat LLM,JB Sentral - Terminal Kulai,myBas,,,
Caltex Saleng Bus Stop,Caltex Saleng,JB Sentral - Terminal Kulai,myBas,,,
Petronas Saleng Bus Stop,Petronas Saleng,JB Sentral - Terminal Kulai,myBas,,,
TJ Mart Saleng Bus Stop,TJ Mart Saleng,JB Sentral - Terminal Kulai,myBas,,,
7-Eleven Saleng Bus Stop,7-Eleven Saleng,JB Sentral - Terminal Kulai,myBas,,,
Hospital Kulai Bus Stop,Hospital Kulai,JB Sentral - Terminal Kulai,myBas,,,
Pertubuhan Peladang  Bus Stop,Pertubuhan Peladang ,JB Sentral - Terminal Kulai,myBas,,,
Indahpura Iris Park Bus Stop,Indahpura Iris Park,JB Sentral - Terminal Kulai,myBas,,,
Public Bank Kulai Bus Stop,Public Bank Kulai,JB Sentral - Terminal Kulai,myBas,,,
Opp Medan Selera Kulai Bus Stop,Opp Medan Selera Kulai,JB Sentral - Terminal Kulai,myBas,,,
MPKU Bus Stop,MPKU,JB Sentral - Terminal Kulai,myBas,,,
OPP Arked Mara  Bus Stop,OPP Arked Mara ,JB Sentral - Terminal Kulai,myBas,,,
Terminal Kulai Bus Stop,Terminal Kulai,JB Sentral - Terminal Kulai,myBas,,,
Arked Mara Bus Stop,Arked Mara,JB Sentral - Terminal Kulai,myBas,,,
Opp MPKU Bus Stop,Opp MPKU,JB Sentral - Terminal Kulai,myBas,,,
Medan Selera Kulai Bus Stop,Medan Selera Kulai,JB Sentral - Terminal Kulai,myBas,,,
OPP Public Bank Kulai Bus Stop,OPP Public Bank Kulai,JB Sentral - Terminal Kulai,myBas,,,
OPP Indahpura Iris Park Bus Stop,OPP Indahpura Iris Park,JB Sentral - Terminal Kulai,myBas,,,
OPP Pertubuhan Peladang  Bus Stop,OPP Pertubuhan Peladang ,JB Sentral - Terminal Kulai,myBas,,,
OPP Hospital Kulai Bus Stop,OPP Hospital Kulai,JB Sentral - Terminal Kulai,myBas,,,
OPP 7-Eleven Saleng Bus Stop,OPP 7-Eleven Saleng,JB Sentral - Terminal Kulai,myBas,,,
Opp TJ Mart Saleng Bus Stop,Opp TJ Mart Saleng,JB Sentral - Terminal Kulai,myBas,,,
OPP Petronas Saleng Bus Stop,OPP Petronas Saleng,JB Sentral - Terminal Kulai,myBas,,,
OPP Caltex Saleng Bus Stop,OPP Caltex Saleng,JB Sentral - Terminal Kulai,myBas,,,
OPP Pejabat LLM Bus Stop,OPP Pejabat LLM,JB Sentral - Terminal Kulai,myBas,,,
OPP BSN Senai Bus Stop,OPP BSN Senai,JB Sentral - Terminal Kulai,myBas,,,
Opp Masjid Jamek Bandar Senai Bus Stop,Opp Masjid Jamek Bandar Senai,JB Sentral - Terminal Kulai,myBas,,,
Hab Pekan Senai Bus Stop,Hab Pekan Senai,JB Sentral - Terminal Kulai,myBas,,,
OPP SK Senai Bus Stop,OPP SK Senai,JB Sentral - Terminal Kulai,myBas,,,
OPP Sepakat Jaya Bus Stop,OPP Sepakat Jaya,JB Sentral - Terminal Kulai,myBas,,,
Opp Taman Scientex Senai Bus Stop,Opp Taman Scientex Senai,JB Sentral - Terminal Kulai,myBas,,,
Kampung Sepakat Bus Stop,Kampung Sepakat,JB Sentral - Terminal Kulai,myBas,,,
Opp Taman Teknologi Bus Stop,Opp Taman Teknologi,JB Sentral - Terminal Kulai,myBas,,,
Opp UTM Skudai Bus Stop,Opp UTM Skudai,JB Sentral - Terminal Kulai,myBas,,,
Kuarters PUB Bus Stop,Kuarters PUB,JB Sentral - Terminal Kulai,myBas,,,
Opp Shell Tmn Puteri Skudai Bus Stop,Opp Shell Tmn Puteri Skudai,JB Sentral - Terminal Kulai,myBas,,,
Skudai Parade Bus Stop,Skudai Parade,JB Sentral - Terminal Kulai,myBas,,,
Opp Pejabat Pos Skudai Bus Stop,Opp Pejabat Pos Skudai,JB Sentral - Terminal Kulai,myBas,,,
Opp MBIP Skudai Bus Stop,Opp MBIP Skudai,JB Sentral - Terminal Kulai,myBas,,,
Opp TM Skudai Bus Stop,Opp TM Skudai,JB Sentral - Terminal Kulai,myBas,,,
Petron TUTA Bus Stop,Petron TUTA,JB Sentral - Terminal Kulai,myBas,,,
Opp Mcdonalds Taman Sutera Bus Stop,Opp Mcdonalds Taman Sutera,JB Sentral - Terminal Kulai,myBas,,,
Paradigm Mall Bus Stop,Paradigm Mall,JB Sentral - Terminal Kulai,myBas,,,
Taman Johor Bus Stop,Taman Johor,JB Sentral - Terminal Kulai,myBas,,,
OPP Kipmart Tampoi Bus Stop,OPP Kipmart Tampoi,JB Sentral - Terminal Kulai,myBas,,,
Kompleks Pekan Rabu Bus Stop,Kompleks Pekan Rabu,JB Sentral - Terminal Kulai,myBas,,,
Opp SK Kampung Pasir / Giant Tampoi Bus Stop,Opp SK Kampung Pasir / Giant Tampoi,JB Sentral - Terminal Kulai,myBas,,,
Opp Kampung Pasir Bus Stop,Opp Kampung Pasir,JB Sentral - Terminal Kulai,myBas,,,
B5 Johor Street Market / Plaza Angsana Bus Stop,B5 Johor Street Market / Plaza Angsana,JB Sentral - Terminal Kulai,myBas,,,
Opp SK Pengkalan Rinting Bus Stop,Opp SK Pengkalan Rinting,JB Sentral - Terminal Kulai,myBas,,,
Opp Klinik Kesihatan Tampoi Bus Stop,Opp Klinik Kesihatan Tampoi,JB Sentral - Terminal Kulai,myBas,,,
Bandar Baru UDA Bus Stop,Bandar Baru UDA,JB Sentral - Terminal Kulai,myBas,,,
Opp Tune Hotel Bus Stop,Opp Tune Hotel,JB Sentral - Terminal Kulai,myBas,,,
OPP Danga Bay Bus Stop,OPP Danga Bay,JB Sentral - Terminal Kulai,myBas,,,
Opp Beletime / M-Suites Bus Stop,Opp Beletime / M-Suites,JB Sentral - Terminal Kulai,myBas,,,
Johor International School Bus Stop,Johor International School,JB Sentral - Terminal Kulai,myBas,,,
Dataran Bandaraya Johor Bahru / Sri Gela Bus Stop,Dataran Bandaraya Johor Bahru / Sri Gela,JB Sentral - Terminal Kulai,myBas,,,
Hospital Sultanah Aminah Bus Stop,Hospital Sultanah Aminah,JB Sentral - Terminal Kulai,myBas,,,
Pusat Islam Negeri Johor Bus Stop,Pusat Islam Negeri Johor,JB Sentral - Terminal Kulai,myBas,,,
Pejabat Pos Besar Bus Stop,Pejabat Pos Besar,JB Sentral - Terminal Kulai,myBas,,,
Opp Wisma Peladang Bus Stop,Opp Wisma Peladang,JB Sentral - Terminal Kulai,myBas,,,
JB Sentral Bus Stop,JB Sentral,JB Sentral - Taman Pulai Mutiara,myBas,,,
Wisma Peladang Bus Stop,Wisma Peladang,JB Sentral - Taman Pulai Mutiara,myBas,,,
Opp Pejabat Pos Besar Bus Stop,Opp Pejabat Pos Besar,JB Sentral - Taman Pulai Mutiara,myBas,,,
Lot 10 Bus Stop,Lot 10,JB Sentral - Taman Pulai Mutiara,myBas,,,
OPP Pusat Islam Negeri Johor Bus Stop,OPP Pusat Islam Negeri Johor,JB Sentral - Taman Pulai Mutiara,myBas,,,
OPP Dataran Bandaraya Johor Bahru / Sri  Bus Stop,OPP Dataran Bandaraya Johor Bahru / Sri ,JB Sentral - Taman Pulai Mutiara,myBas,,,
Opp Johor International School Bus Stop,Opp Johor International School,JB Sentral - Taman Pulai Mutiara,myBas,,,
Beletime / OPP M-Suites Bus Stop,Beletime / OPP M-Suites,JB Sentral - Taman Pulai Mutiara,myBas,,,
Danga Bay Bus Stop,Danga Bay,JB Sentral - Taman Pulai Mutiara,myBas,,,
Tune Hotel Bus Stop,Tune Hotel,JB Sentral - Taman Pulai Mutiara,myBas,,,
Opp Bandar Baru Uda Bus Stop,Opp Bandar Baru Uda,JB Sentral - Taman Pulai Mutiara,myBas,,,
Klinik Kesihatan Tampoi Bus Stop,Klinik Kesihatan Tampoi,JB Sentral - Taman Pulai Mutiara,myBas,,,
SK Pengkalan Rinting Bus Stop,SK Pengkalan Rinting,JB Sentral - Taman Pulai Mutiara,myBas,,,
Opp Plaza Angsana Bus Stop,Opp Plaza Angsana,JB Sentral - Taman Pulai Mutiara,myBas,,,
Kampong Pasir Bus Stop,Kampong Pasir,JB Sentral - Taman Pulai Mutiara,myBas,,,
SK Kampung Pasir / OPP Giant Tampoi Bus Stop,SK Kampung Pasir / OPP Giant Tampoi,JB Sentral - Taman Pulai Mutiara,myBas,,,
OPP Kompleks Pekan Rabu Bus Stop,OPP Kompleks Pekan Rabu,JB Sentral - Taman Pulai Mutiara,myBas,,,
Kipmart Tampoi Bus Stop,Kipmart Tampoi,JB Sentral - Taman Pulai Mutiara,myBas,,,
OPP TAMAN JOHOR Bus Stop,OPP TAMAN JOHOR,JB Sentral - Taman Pulai Mutiara,myBas,,,
Opp Paradigm Mall Bus Stop,Opp Paradigm Mall,JB Sentral - Taman Pulai Mutiara,myBas,,,
Mcdonalds Taman Sutera Bus Stop,Mcdonalds Taman Sutera,JB Sentral - Taman Pulai Mutiara,myBas,,,
OPP Petron TUTA Bus Stop,OPP Petron TUTA,JB Sentral - Taman Pulai Mutiara,myBas,,,
TM Skudai Bus Stop,TM Skudai,JB Sentral - Taman Pulai Mutiara,myBas,,,
MBIP Skudai Bus Stop,MBIP Skudai,JB Sentral - Taman Pulai Mutiara,myBas,,,
Pejabat Pos Skudai Bus Stop,Pejabat Pos Skudai,JB Sentral - Taman Pulai Mutiara,myBas,,,
Opp Skudai Parade Bus Stop,Opp Skudai Parade,JB Sentral - Taman Pulai Mutiara,myBas,,,
Shell Taman Puteri Skudai Bus Stop,Shell Taman Puteri Skudai,JB Sentral - Taman Pulai Mutiara,myBas,,,
SMK Skudai Bus Stop,SMK Skudai,JB Sentral - Taman Pulai Mutiara,myBas,,,
TAMAN SRI SKUDAI Bus Stop,TAMAN SRI SKUDAI,JB Sentral - Taman Pulai Mutiara,myBas,,,
Taman Desa Skudai Bus Stop,Taman Desa Skudai,JB Sentral - Taman Pulai Mutiara,myBas,,,
BHP Tmn Desa Skudai Bus Stop,BHP Tmn Desa Skudai,JB Sentral - Taman Pulai Mutiara,myBas,,,
Opp Hostel Kilang Bus Stop,Opp Hostel Kilang,JB Sentral - Taman Pulai Mutiara,myBas,,,
Desa Skudai Apartment Bus Stop,Desa Skudai Apartment,JB Sentral - Taman Pulai Mutiara,myBas,,,
Perumahan Staf UTM Desa Skudai Bus Stop,Perumahan Staf UTM Desa Skudai,JB Sentral - Taman Pulai Mutiara,myBas,,,
SMK Taman Universiti 2 Bus Stop,SMK Taman Universiti 2,JB Sentral - Taman Pulai Mutiara,myBas,,,
Terminal Taman Universiti Bus Stop,Terminal Taman Universiti,JB Sentral - Taman Pulai Mutiara,myBas,,,
Medan Selera MBIP Bus Stop,Medan Selera MBIP,JB Sentral - Taman Pulai Mutiara,myBas,,,
SK Taman Universiti 4 Bus Stop,SK Taman Universiti 4,JB Sentral - Taman Pulai Mutiara,myBas,,,
Opp Masjid Tan Sri Ainuddin Bus Stop,Opp Masjid Tan Sri Ainuddin,JB Sentral - Taman Pulai Mutiara,myBas,,,
SImpang Jalan Kemuliaan 21 Bus Stop,SImpang Jalan Kemuliaan 21,JB Sentral - Taman Pulai Mutiara,myBas,,,
SImpang Jalan Kemuliaan 30 Bus Stop,SImpang Jalan Kemuliaan 30,JB Sentral - Taman Pulai Mutiara,myBas,,,
Surau Al Falah Taman U Bus Stop,Surau Al Falah Taman U,JB Sentral - Taman Pulai Mutiara,myBas,,,
SK Taman Universiti 3 Bus Stop,SK Taman Universiti 3,JB Sentral - Taman Pulai Mutiara,myBas,,,
SImpang Jalan Kemuliaan 9 Bus Stop,SImpang Jalan Kemuliaan 9,JB Sentral - Taman Pulai Mutiara,myBas,,,
Simpang Jalan Kemuliaan 2 Bus Stop,Simpang Jalan Kemuliaan 2,JB Sentral - Taman Pulai Mutiara,myBas,,,
Opp ZY Motorsport Bus Stop,Opp ZY Motorsport,JB Sentral - Taman Pulai Mutiara,myBas,,,
Jalan Penyiaran Bus Stop,Jalan Penyiaran,JB Sentral - Taman Pulai Mutiara,myBas,,,
SK Taman Universiti 2 Bus Stop,SK Taman Universiti 2,JB Sentral - Taman Pulai Mutiara,myBas,,,
SA Taman Universiti Bus Stop,SA Taman Universiti,JB Sentral - Taman Pulai Mutiara,myBas,,,
Surau Al Mukminun Taman U Bus Stop,Surau Al Mukminun Taman U,JB Sentral - Taman Pulai Mutiara,myBas,,,
Simpang Jalan Penyiaran 51 Bus Stop,Simpang Jalan Penyiaran 51,JB Sentral - Taman Pulai Mutiara,myBas,,,
SK Taman Universiti 1 Bus Stop,SK Taman Universiti 1,JB Sentral - Taman Pulai Mutiara,myBas,,,
Simpang Jalan Penyiaran 9 Bus Stop,Simpang Jalan Penyiaran 9,JB Sentral - Taman Pulai Mutiara,myBas,,,
Kelab Sukan dan Rekreasi Taman Universit Bus Stop,Kelab Sukan dan Rekreasi Taman Universit,JB Sentral - Taman Pulai Mutiara,myBas,,,
Kawasan Perindustrian Taman Universiti Bus Stop,Kawasan Perindustrian Taman Universiti,JB Sentral - Taman Pulai Mutiara,myBas,,,
Opp Perpustakaan Awam Taman Universiti Bus Stop,Opp Perpustakaan Awam Taman Universiti,JB Sentral - Taman Pulai Mutiara,myBas,,,
Opp AEON Taman Universiti Bus Stop,Opp AEON Taman Universiti,JB Sentral - Taman Pulai Mutiara,myBas,,,
Opp Taman Awam MBIP Taman U Bus Stop,Opp Taman Awam MBIP Taman U,JB Sentral - Taman Pulai Mutiara,myBas,,,
Opp Pangsapuri Meranti Bus Stop,Opp Pangsapuri Meranti,JB Sentral - Taman Pulai Mutiara,myBas,,,
U MALL Bus Stop,U MALL,JB Sentral - Taman Pulai Mutiara,myBas,,,
Taman Pulai Flora Bus Stop,Taman Pulai Flora,JB Sentral - Taman Pulai Mutiara,myBas,,,
Petron Jalan Sri Pulai Bus Stop,Petron Jalan Sri Pulai,JB Sentral - Taman Pulai Mutiara,myBas,,,
Medan Selera Taman Sri Pulai 1 Bus Stop,Medan Selera Taman Sri Pulai 1,JB Sentral - Taman Pulai Mutiara,myBas,,,
Medan Selera Taman Sri Pulai 2 Bus Stop,Medan Selera Taman Sri Pulai 2,JB Sentral - Taman Pulai Mutiara,myBas,,,
Sekolah Agama Taman Sri Pulai Bus Stop,Sekolah Agama Taman Sri Pulai,JB Sentral - Taman Pulai Mutiara,myBas,,,
Taman Sri Pulai (Jalan Batai 9) Bus Stop,Taman Sri Pulai (Jalan Batai 9),JB Sentral - Taman Pulai Mutiara,myBas,,,
Taman Teratai 1 Bus Stop,Taman Teratai 1,JB Sentral - Taman Pulai Mutiara,myBas,,,
Taman Teratai 2 Bus Stop,Taman Teratai 2,JB Sentral - Taman Pulai Mutiara,myBas,,,
Jalan Palas 5 Taman Teratai Bus Stop,Jalan Palas 5 Taman Teratai,JB Sentral - Taman Pulai Mutiara,myBas,,,
Jalan Teratai Taman Teratai Bus Stop,Jalan Teratai Taman Teratai,JB Sentral - Taman Pulai Mutiara,myBas,,,
SRI PULAI PERDANA (1) Bus Stop,SRI PULAI PERDANA (1),JB Sentral - Taman Pulai Mutiara,myBas,,,
Sri Pulai Perdana (2) Bus Stop,Sri Pulai Perdana (2),JB Sentral - Taman Pulai Mutiara,myBas,,,
Opp Kampung Nesa Bus Stop,Opp Kampung Nesa,JB Sentral - Taman Pulai Mutiara,myBas,,,
Opp Simpang Empat Bandar Pulai Jaya Bus Stop,Opp Simpang Empat Bandar Pulai Jaya,JB Sentral - Taman Pulai Mutiara,myBas,,,
Opp SRI PULAI PERDANA 2 (1) Bus Stop,Opp SRI PULAI PERDANA 2 (1),JB Sentral - Taman Pulai Mutiara,myBas,,,
Opp Pasaraya Songmart SriPulai Perdana 2 Bus Stop,Opp Pasaraya Songmart SriPulai Perdana 2,JB Sentral - Taman Pulai Mutiara,myBas,,,
Petronas Kangkar Pulai Bus Stop,Petronas Kangkar Pulai,JB Sentral - Taman Pulai Mutiara,myBas,,,
Dewan Raya Kangkar Pulai Bus Stop,Dewan Raya Kangkar Pulai,JB Sentral - Taman Pulai Mutiara,myBas,,,
Jalan Pulai Bestari 22(1) Bus Stop,Jalan Pulai Bestari 22(1),JB Sentral - Taman Pulai Mutiara,myBas,,,
Opp JALAN PULAI BESTARI 22 (2) Bus Stop,Opp JALAN PULAI BESTARI 22 (2),JB Sentral - Taman Pulai Mutiara,myBas,,,
FLAT KANGKAR PULAI (1) Bus Stop,FLAT KANGKAR PULAI (1),JB Sentral - Taman Pulai Mutiara,myBas,,,
Flat Kangkar Pulai (2) Bus Stop,Flat Kangkar Pulai (2),JB Sentral - Taman Pulai Mutiara,myBas,,,
Flat Kangkar Pulai (3) Bus Stop,Flat Kangkar Pulai (3),JB Sentral - Taman Pulai Mutiara,myBas,,,
Opp SK Kangkar Pulai 2 Bus Stop,Opp SK Kangkar Pulai 2,JB Sentral - Taman Pulai Mutiara,myBas,,,
Taman Pulai Indah (1 ) Bus Stop,Taman Pulai Indah (1 ),JB Sentral - Taman Pulai Mutiara,myBas,,,
Taman Pulai Indah (2) Bus Stop,Taman Pulai Indah (2),JB Sentral - Taman Pulai Mutiara,myBas,,,
Opp Viscaria Pulai Indah Bus Stop,Opp Viscaria Pulai Indah,JB Sentral - Taman Pulai Mutiara,myBas,,,
Masjid Taman Pulai Indah Bus Stop,Masjid Taman Pulai Indah,JB Sentral - Taman Pulai Mutiara,myBas,,,
Persiaran Pulai Mutiara 1 Bus Stop,Persiaran Pulai Mutiara 1,JB Sentral - Taman Pulai Mutiara,myBas,,,
Persiaran Pulai Mutiara 2 Bus Stop,Persiaran Pulai Mutiara 2,JB Sentral - Taman Pulai Mutiara,myBas,,,
Taman Pulai Mutiara 1 Bus Stop,Taman Pulai Mutiara 1,JB Sentral - Taman Pulai Mutiara,myBas,,,
Taman Pulai Mutiara 2 Bus Stop,Taman Pulai Mutiara 2,JB Sentral - Taman Pulai Mutiara,myBas,,,
Taman Pulai Mutiara 3 Bus Stop,Taman Pulai Mutiara 3,JB Sentral - Taman Pulai Mutiara,myBas,,,
Pangsapuri Pulai Mutiara 2 Bus Stop,Pangsapuri Pulai Mutiara 2,JB Sentral - Taman Pulai Mutiara,myBas,,,
Pangsapuri Pulai Mutiara 1 Bus Stop,Pangsapuri Pulai Mutiara 1,JB Sentral - Taman Pulai Mutiara,myBas,,,
Taman Pulai Mutiara 4 Bus Stop,Taman Pulai Mutiara 4,JB Sentral - Taman Pulai Mutiara,myBas,,,
Taman Pulai Mutiara 5 Bus Stop,Taman Pulai Mutiara 5,JB Sentral - Taman Pulai Mutiara,myBas,,,
Taman Pulai Mutiara 6 Bus Stop,Taman Pulai Mutiara 6,JB Sentral - Taman Pulai Mutiara,myBas,,,
Opp Persiaran Pulai Mutiara 2 Bus Stop,Opp Persiaran Pulai Mutiara 2,JB Sentral - Taman Pulai Mutiara,myBas,,,
Opp Persiaran Pulai Mutiara 1 Bus Stop,Opp Persiaran Pulai Mutiara 1,JB Sentral - Taman Pulai Mutiara,myBas,,,
Opp Masjid Taman Pulai Indah Bus Stop,Opp Masjid Taman Pulai Indah,JB Sentral - Taman Pulai Mutiara,myBas,,,
Viscaria Pulai Indah Bus Stop,Viscaria Pulai Indah,JB Sentral - Taman Pulai Mutiara,myBas,,,
Opp Taman Pulai Indah (2) Bus Stop,Opp Taman Pulai Indah (2),JB Sentral - Taman Pulai Mutiara,myBas,,,
Opp Taman Pulai Indah (1) Bus Stop,Opp Taman Pulai Indah (1),JB Sentral - Taman Pulai Mutiara,myBas,,,
SK Kangkar Pulai 2 Bus Stop,SK Kangkar Pulai 2,JB Sentral - Taman Pulai Mutiara,myBas,,,
Opp FLAT KANGKAR PULAI (1) Bus Stop,Opp FLAT KANGKAR PULAI (1),JB Sentral - Taman Pulai Mutiara,myBas,,,
JALAN PULAI BESTARI 22 (2) Bus Stop,JALAN PULAI BESTARI 22 (2),JB Sentral - Taman Pulai Mutiara,myBas,,,
Opp Petronas Kangkar Pulai Bus Stop,Opp Petronas Kangkar Pulai,JB Sentral - Taman Pulai Mutiara,myBas,,,
Pasaraya Songmart SriPulai Perdana 2 Bus Stop,Pasaraya Songmart SriPulai Perdana 2,JB Sentral - Taman Pulai Mutiara,myBas,,,
SRI PULAI PERDANA 2 Bus Stop,SRI PULAI PERDANA 2,JB Sentral - Taman Pulai Mutiara,myBas,,,
Simpang Empat Bandar Pulai Jaya Bus Stop,Simpang Empat Bandar Pulai Jaya,JB Sentral - Taman Pulai Mutiara,myBas,,,
Kampung Nesa Bus Stop,Kampung Nesa,JB Sentral - Taman Pulai Mutiara,myBas,,,
Opp Sri Pulai Perdana (2) Bus Stop,Opp Sri Pulai Perdana (2),JB Sentral - Taman Pulai Mutiara,myBas,,,
Opp SRI PULAI PERDANA (1) Bus Stop,Opp SRI PULAI PERDANA (1),JB Sentral - Taman Pulai Mutiara,myBas,,,
Opp Sekolah Agama Taman Sri Pulai Bus Stop,Opp Sekolah Agama Taman Sri Pulai,JB Sentral - Taman Pulai Mutiara,myBas,,,
Opp Medan Selera Tmn Sri Pulai 2 Bus Stop,Opp Medan Selera Tmn Sri Pulai 2,JB Sentral - Taman Pulai Mutiara,myBas,,,
Opp Medan Selera Taman Sri Pulai 1 Bus Stop,Opp Medan Selera Taman Sri Pulai 1,JB Sentral - Taman Pulai Mutiara,myBas,,,
Opp Petron Taman Sri Pulai Bus Stop,Opp Petron Taman Sri Pulai,JB Sentral - Taman Pulai Mutiara,myBas,,,
Opp Taman Pulai Flora Bus Stop,Opp Taman Pulai Flora,JB Sentral - Taman Pulai Mutiara,myBas,,,
Opp U Mall Bus Stop,Opp U Mall,JB Sentral - Taman Pulai Mutiara,myBas,,,
Pangsapuri Meranti Bus Stop,Pangsapuri Meranti,JB Sentral - Taman Pulai Mutiara,myBas,,,
Taman Awam MBIP Taman U Bus Stop,Taman Awam MBIP Taman U,JB Sentral - Taman Pulai Mutiara,myBas,,,
AEON Taman Universiti Bus Stop,AEON Taman Universiti,JB Sentral - Taman Pulai Mutiara,myBas,,,
Perpustakaan Awam Taman Universiti Bus Stop,Perpustakaan Awam Taman Universiti,JB Sentral - Taman Pulai Mutiara,myBas,,,
Opp Kawasan Perindustrian Taman Universi Bus Stop,Opp Kawasan Perindustrian Taman Universi,JB Sentral - Taman Pulai Mutiara,myBas,,,
Opp Kelab Sukan dan Rekreasi Taman Unive Bus Stop,Opp Kelab Sukan dan Rekreasi Taman Unive,JB Sentral - Taman Pulai Mutiara,myBas,,,
ZY Motorsport Bus Stop,ZY Motorsport,JB Sentral - Taman Pulai Mutiara,myBas,,,
Masjid Tan Sri Ainuddin Taman U Bus Stop,Masjid Tan Sri Ainuddin Taman U,JB Sentral - Taman Pulai Mutiara,myBas,,,
Al Ikhsan Taman U Bus Stop,Al Ikhsan Taman U,JB Sentral - Taman Pulai Mutiara,myBas,,,
Tadika Nuri Bus Stop,Tadika Nuri,JB Sentral - Taman Pulai Mutiara,myBas,,,
Opp SMK Taman Universiti 2 Bus Stop,Opp SMK Taman Universiti 2,JB Sentral - Taman Pulai Mutiara,myBas,,,
Opp Perumahan Staf UTM Desa Skudai Bus Stop,Opp Perumahan Staf UTM Desa Skudai,JB Sentral - Taman Pulai Mutiara,myBas,,,
Opp Desa Skudai Apartment Bus Stop,Opp Desa Skudai Apartment,JB Sentral - Taman Pulai Mutiara,myBas,,,
Hostel Kilang Bus Stop,Hostel Kilang,JB Sentral - Taman Pulai Mutiara,myBas,,,
Opp BHP Tmn Desa Skudai Bus Stop,Opp BHP Tmn Desa Skudai,JB Sentral - Taman Pulai Mutiara,myBas,,,
Opp Taman Desa Skudai Bus Stop,Opp Taman Desa Skudai,JB Sentral - Taman Pulai Mutiara,myBas,,,
Opp TAMAN SRI SKUDAI Bus Stop,Opp TAMAN SRI SKUDAI,JB Sentral - Taman Pulai Mutiara,myBas,,,
Opp SMK Skudai Bus Stop,Opp SMK Skudai,JB Sentral - Taman Pulai Mutiara,myBas,,,
Opp Shell Tmn Puteri Skudai Bus Stop,Opp Shell Tmn Puteri Skudai,JB Sentral - Taman Pulai Mutiara,myBas,,,
Skudai Parade Bus Stop,Skudai Parade,JB Sentral - Taman Pulai Mutiara,myBas,,,
Opp Pejabat Pos Skudai Bus Stop,Opp Pejabat Pos Skudai,JB Sentral - Taman Pulai Mutiara,myBas,,,
Opp MBIP Skudai Bus Stop,Opp MBIP Skudai,JB Sentral - Taman Pulai Mutiara,myBas,,,
Opp TM Skudai Bus Stop,Opp TM Skudai,JB Sentral - Taman Pulai Mutiara,myBas,,,
Petron TUTA Bus Stop,Petron TUTA,JB Sentral - Taman Pulai Mutiara,myBas,,,
Opp Mcdonalds Taman Sutera Bus Stop,Opp Mcdonalds Taman Sutera,JB Sentral - Taman Pulai Mutiara,myBas,,,
Paradigm Mall Bus Stop,Paradigm Mall,JB Sentral - Taman Pulai Mutiara,myBas,,,
Taman Johor Bus Stop,Taman Johor,JB Sentral - Taman Pulai Mutiara,myBas,,,
OPP Kipmart Tampoi Bus Stop,OPP Kipmart Tampoi,JB Sentral - Taman Pulai Mutiara,myBas,,,
Kompleks Pekan Rabu Bus Stop,Kompleks Pekan Rabu,JB Sentral - Taman Pulai Mutiara,myBas,,,
Opp SK Kampung Pasir / Giant Tampoi Bus Stop,Opp SK Kampung Pasir / Giant Tampoi,JB Sentral - Taman Pulai Mutiara,myBas,,,
Opp Kampung Pasir Bus Stop,Opp Kampung Pasir,JB Sentral - Taman Pulai Mutiara,myBas,,,
B5 Johor Street Market / Plaza Angsana Bus Stop,B5 Johor Street Market / Plaza Angsana,JB Sentral - Taman Pulai Mutiara,myBas,,,
Opp SK Pengkalan Rinting Bus Stop,Opp SK Pengkalan Rinting,JB Sentral - Taman Pulai Mutiara,myBas,,,
Opp Klinik Kesihatan Tampoi Bus Stop,Opp Klinik Kesihatan Tampoi,JB Sentral - Taman Pulai Mutiara,myBas,,,
Bandar Baru UDA Bus Stop,Bandar Baru UDA,JB Sentral - Taman Pulai Mutiara,myBas,,,
Opp Tune Hotel Bus Stop,Opp Tune Hotel,JB Sentral - Taman Pulai Mutiara,myBas,,,
OPP Danga Bay Bus Stop,OPP Danga Bay,JB Sentral - Taman Pulai Mutiara,myBas,,,
Opp Beletime / M-Suites Bus Stop,Opp Beletime / M-Suites,JB Sentral - Taman Pulai Mutiara,myBas,,,
Johor International School Bus Stop,Johor International School,JB Sentral - Taman Pulai Mutiara,myBas,,,
Dataran Bandaraya Johor Bahru / Sri Gela Bus Stop,Dataran Bandaraya Johor Bahru / Sri Gela,JB Sentral - Taman Pulai Mutiara,myBas,,,
Hospital Sultanah Aminah Bus Stop,Hospital Sultanah Aminah,JB Sentral - Taman Pulai Mutiara,myBas,,,
Pusat Islam Negeri Johor Bus Stop,Pusat Islam Negeri Johor,JB Sentral - Taman Pulai Mutiara,myBas,,,
Pejabat Pos Besar Bus Stop,Pejabat Pos Besar,JB Sentral - Taman Pulai Mutiara,myBas,,,
JB Sentral Bus Stop,JB Sentral,JB Sentral - Bandar Selesa Jaya,myBas,,,
Wisma Peladang Bus Stop,Wisma Peladang,JB Sentral - Bandar Selesa Jaya,myBas,,,
Opp Pejabat Pos Besar Bus Stop,Opp Pejabat Pos Besar,JB Sentral - Bandar Selesa Jaya,myBas,,,
Lot 10 Bus Stop,Lot 10,JB Sentral - Bandar Selesa Jaya,myBas,,,
OPP Pusat Islam Negeri Johor Bus Stop,OPP Pusat Islam Negeri Johor,JB Sentral - Bandar Selesa Jaya,myBas,,,
Opp Hospital Sultanah Aminah Bus Stop,Opp Hospital Sultanah Aminah,JB Sentral - Bandar Selesa Jaya,myBas,,,
OPP Dataran Bandaraya Johor Bahru / Sri  Bus Stop,OPP Dataran Bandaraya Johor Bahru / Sri ,JB Sentral - Bandar Selesa Jaya,myBas,,,
Opp Johor International School Bus Stop,Opp Johor International School,JB Sentral - Bandar Selesa Jaya,myBas,,,
Beletime / OPP M-Suites Bus Stop,Beletime / OPP M-Suites,JB Sentral - Bandar Selesa Jaya,myBas,,,
Danga Bay Bus Stop,Danga Bay,JB Sentral - Bandar Selesa Jaya,myBas,,,
Tune Hotel Bus Stop,Tune Hotel,JB Sentral - Bandar Selesa Jaya,myBas,,,
Opp Bandar Baru Uda Bus Stop,Opp Bandar Baru Uda,JB Sentral - Bandar Selesa Jaya,myBas,,,
Klinik Kesihatan Tampoi Bus Stop,Klinik Kesihatan Tampoi,JB Sentral - Bandar Selesa Jaya,myBas,,,
SK Pengkalan Rinting Bus Stop,SK Pengkalan Rinting,JB Sentral - Bandar Selesa Jaya,myBas,,,
Opp Plaza Angsana Bus Stop,Opp Plaza Angsana,JB Sentral - Bandar Selesa Jaya,myBas,,,
Kampong Pasir Bus Stop,Kampong Pasir,JB Sentral - Bandar Selesa Jaya,myBas,,,
SK Kampung Pasir / OPP Giant Tampoi Bus Stop,SK Kampung Pasir / OPP Giant Tampoi,JB Sentral - Bandar Selesa Jaya,myBas,,,
OPP Kompleks Pekan Rabu Bus Stop,OPP Kompleks Pekan Rabu,JB Sentral - Bandar Selesa Jaya,myBas,,,
Kipmart Tampoi Bus Stop,Kipmart Tampoi,JB Sentral - Bandar Selesa Jaya,myBas,,,
OPP TAMAN JOHOR Bus Stop,OPP TAMAN JOHOR,JB Sentral - Bandar Selesa Jaya,myBas,,,
Opp Paradigm Mall Bus Stop,Opp Paradigm Mall,JB Sentral - Bandar Selesa Jaya,myBas,,,
Mcdonalds Taman Sutera Bus Stop,Mcdonalds Taman Sutera,JB Sentral - Bandar Selesa Jaya,myBas,,,
OPP Petron TUTA Bus Stop,OPP Petron TUTA,JB Sentral - Bandar Selesa Jaya,myBas,,,
TM Point Skudai / MZ WORLD Bus Stop,TM Point Skudai / MZ WORLD,JB Sentral - Bandar Selesa Jaya,myBas,,,
Opp KFC TUTA /FARMASI PERENNIAL Bus Stop,Opp KFC TUTA /FARMASI PERENNIAL,JB Sentral - Bandar Selesa Jaya,myBas,,,
Opp Shell TUTA Bus Stop,Opp Shell TUTA,JB Sentral - Bandar Selesa Jaya,myBas,,,
Opp TERMINAL TUTA Bus Stop,Opp TERMINAL TUTA,JB Sentral - Bandar Selesa Jaya,myBas,,,
PERSATUAN PENGANUT BUDHA BAO LIAN SI Bus Stop,PERSATUAN PENGANUT BUDHA BAO LIAN SI,JB Sentral - Bandar Selesa Jaya,myBas,,,
Opp TAN FURNITURE Bus Stop,Opp TAN FURNITURE,JB Sentral - Bandar Selesa Jaya,myBas,,,
Opp MCDONALDS TUN AMINAH / KEDAI BUAH Bus Stop,Opp MCDONALDS TUN AMINAH / KEDAI BUAH,JB Sentral - Bandar Selesa Jaya,myBas,,,
CALTEX TASEK CENTRAL Bus Stop,CALTEX TASEK CENTRAL,JB Sentral - Bandar Selesa Jaya,myBas,,,
JALAN PENDEKAR 18 Bus Stop,JALAN PENDEKAR 18,JB Sentral - Bandar Selesa Jaya,myBas,,,
Masjid Hjh. Mominbi Ahmad Angullia Bus Stop,Masjid Hjh. Mominbi Ahmad Angullia,JB Sentral - Bandar Selesa Jaya,myBas,,,
Opp Blok 33 & 34 Bus Stop,Opp Blok 33 & 34,JB Sentral - Bandar Selesa Jaya,myBas,,,
Opp Restoran 777 Bus Stop,Opp Restoran 777,JB Sentral - Bandar Selesa Jaya,myBas,,,
Opp BLOK 58 Bus Stop,Opp BLOK 58,JB Sentral - Bandar Selesa Jaya,myBas,,,
Blok 64 Bus Stop,Blok 64,JB Sentral - Bandar Selesa Jaya,myBas,,,
Simpang Jalan Tenang 1 Bus Stop,Simpang Jalan Tenang 1,JB Sentral - Bandar Selesa Jaya,myBas,,,
Jalan Makmur 15 Bus Stop,Jalan Makmur 15,JB Sentral - Bandar Selesa Jaya,myBas,,,
Opp SK Taman Damai Jaya Bus Stop,Opp SK Taman Damai Jaya,JB Sentral - Bandar Selesa Jaya,myBas,,,
Jalan Makmur 1 / Makmur 2 Bus Stop,Jalan Makmur 1 / Makmur 2,JB Sentral - Bandar Selesa Jaya,myBas,,,
Opp Taman Timur Bus Stop,Opp Taman Timur,JB Sentral - Bandar Selesa Jaya,myBas,,,
28 mart Bus Stop,28 mart,JB Sentral - Bandar Selesa Jaya,myBas,,,
Pasaraya Everjoy Bus Stop,Pasaraya Everjoy,JB Sentral - Bandar Selesa Jaya,myBas,,,
Taman Nusajaya Mas 1 Bus Stop,Taman Nusajaya Mas 1,JB Sentral - Bandar Selesa Jaya,myBas,,,
Taman Nusa Jaya Mas 2 Bus Stop,Taman Nusa Jaya Mas 2,JB Sentral - Bandar Selesa Jaya,myBas,,,
Pasaraya Golden Moon Bus Stop,Pasaraya Golden Moon,JB Sentral - Bandar Selesa Jaya,myBas,,,
Taman Selesa Jaya Bus Stop,Taman Selesa Jaya,JB Sentral - Bandar Selesa Jaya,myBas,,,
Petronas Selesa Jaya Bus Stop,Petronas Selesa Jaya,JB Sentral - Bandar Selesa Jaya,myBas,,,
Bandar Selesa Jaya Bus Stop,Bandar Selesa Jaya,JB Sentral - Bandar Selesa Jaya,myBas,,,
Flat Taman Selesa Jaya Bus Stop,Flat Taman Selesa Jaya,JB Sentral - Bandar Selesa Jaya,myBas,,,
Opp Pasaraya Everjoy Bus Stop,Opp Pasaraya Everjoy,JB Sentral - Bandar Selesa Jaya,myBas,,,
Taman Timur Bus Stop,Taman Timur,JB Sentral - Bandar Selesa Jaya,myBas,,,
SK Taman Damai Jaya Bus Stop,SK Taman Damai Jaya,JB Sentral - Bandar Selesa Jaya,myBas,,,
Restoran 777 Bus Stop,Restoran 777,JB Sentral - Bandar Selesa Jaya,myBas,,,
Blok 33 & 34 Bus Stop,Blok 33 & 34,JB Sentral - Bandar Selesa Jaya,myBas,,,
MCDONALDS TUN AMINAH / KEDAI BUAH Bus Stop,MCDONALDS TUN AMINAH / KEDAI BUAH,JB Sentral - Bandar Selesa Jaya,myBas,,,
TAN FURNITURE Bus Stop,TAN FURNITURE,JB Sentral - Bandar Selesa Jaya,myBas,,,
Opp PERSATUAN PENGANUT BUDHA BAO LIAN SI Bus Stop,Opp PERSATUAN PENGANUT BUDHA BAO LIAN SI,JB Sentral - Bandar Selesa Jaya,myBas,,,
TERMINAL TUTA Bus Stop,TERMINAL TUTA,JB Sentral - Bandar Selesa Jaya,myBas,,,
Shell TUTA Bus Stop,Shell TUTA,JB Sentral - Bandar Selesa Jaya,myBas,,,
KFC TUTA /FARMASI PERENNIAL Bus Stop,KFC TUTA /FARMASI PERENNIAL,JB Sentral - Bandar Selesa Jaya,myBas,,,
Caltex Tuta Bus Stop,Caltex Tuta,JB Sentral - Bandar Selesa Jaya,myBas,,,
BEST VISION Bus Stop,BEST VISION,JB Sentral - Bandar Selesa Jaya,myBas,,,
Petron TUTA Bus Stop,Petron TUTA,JB Sentral - Bandar Selesa Jaya,myBas,,,
Opp Mcdonalds Taman Sutera Bus Stop,Opp Mcdonalds Taman Sutera,JB Sentral - Bandar Selesa Jaya,myBas,,,
Paradigm Mall Bus Stop,Paradigm Mall,JB Sentral - Bandar Selesa Jaya,myBas,,,
Taman Johor Bus Stop,Taman Johor,JB Sentral - Bandar Selesa Jaya,myBas,,,
OPP Kipmart Tampoi Bus Stop,OPP Kipmart Tampoi,JB Sentral - Bandar Selesa Jaya,myBas,,,
Kompleks Pekan Rabu Bus Stop,Kompleks Pekan Rabu,JB Sentral - Bandar Selesa Jaya,myBas,,,
Opp SK Kampung Pasir / Giant Tampoi Bus Stop,Opp SK Kampung Pasir / Giant Tampoi,JB Sentral - Bandar Selesa Jaya,myBas,,,
Opp Kampung Pasir Bus Stop,Opp Kampung Pasir,JB Sentral - Bandar Selesa Jaya,myBas,,,
B5 Johor Street Market / Plaza Angsana Bus Stop,B5 Johor Street Market / Plaza Angsana,JB Sentral - Bandar Selesa Jaya,myBas,,,
Opp SK Pengkalan Rinting Bus Stop,Opp SK Pengkalan Rinting,JB Sentral - Bandar Selesa Jaya,myBas,,,
Opp Klinik Kesihatan Tampoi Bus Stop,Opp Klinik Kesihatan Tampoi,JB Sentral - Bandar Selesa Jaya,myBas,,,
Bandar Baru UDA Bus Stop,Bandar Baru UDA,JB Sentral - Bandar Selesa Jaya,myBas,,,
Opp Tune Hotel Bus Stop,Opp Tune Hotel,JB Sentral - Bandar Selesa Jaya,myBas,,,
OPP Danga Bay Bus Stop,OPP Danga Bay,JB Sentral - Bandar Selesa Jaya,myBas,,,
Opp Beletime / M-Suites Bus Stop,Opp Beletime / M-Suites,JB Sentral - Bandar Selesa Jaya,myBas,,,
Johor International School Bus Stop,Johor International School,JB Sentral - Bandar Selesa Jaya,myBas,,,
Dataran Bandaraya Johor Bahru / Sri Gela Bus Stop,Dataran Bandaraya Johor Bahru / Sri Gela,JB Sentral - Bandar Selesa Jaya,myBas,,,
Hospital Sultanah Aminah Bus Stop,Hospital Sultanah Aminah,JB Sentral - Bandar Selesa Jaya,myBas,,,
Pusat Islam Negeri Johor Bus Stop,Pusat Islam Negeri Johor,JB Sentral - Bandar Selesa Jaya,myBas,,,
Pejabat Pos Besar Bus Stop,Pejabat Pos Besar,JB Sentral - Bandar Selesa Jaya,myBas,,,
Opp Wisma Peladang Bus Stop,Opp Wisma Peladang,JB Sentral - Bandar Selesa Jaya,myBas,,,
JB Sentral Bus Stop,JB Sentral,JB Sentral - Taman Tan Sri Yaacob,myBas,,,
Wisma Peladang Bus Stop,Wisma Peladang,JB Sentral - Taman Tan Sri Yaacob,myBas,,,
Opp Pejabat Pos Besar Bus Stop,Opp Pejabat Pos Besar,JB Sentral - Taman Tan Sri Yaacob,myBas,,,
Lot 10 Bus Stop,Lot 10,JB Sentral - Taman Tan Sri Yaacob,myBas,,,
OPP Pusat Islam Negeri Johor Bus Stop,OPP Pusat Islam Negeri Johor,JB Sentral - Taman Tan Sri Yaacob,myBas,,,
OPP Dataran Bandaraya Johor Bahru / Sri  Bus Stop,OPP Dataran Bandaraya Johor Bahru / Sri ,JB Sentral - Taman Tan Sri Yaacob,myBas,,,
Opp Johor International School Bus Stop,Opp Johor International School,JB Sentral - Taman Tan Sri Yaacob,myBas,,,
Beletime / OPP M-Suites Bus Stop,Beletime / OPP M-Suites,JB Sentral - Taman Tan Sri Yaacob,myBas,,,
Danga Bay Bus Stop,Danga Bay,JB Sentral - Taman Tan Sri Yaacob,myBas,,,
Tune Hotel Bus Stop,Tune Hotel,JB Sentral - Taman Tan Sri Yaacob,myBas,,,
Opp Bandar Baru Uda Bus Stop,Opp Bandar Baru Uda,JB Sentral - Taman Tan Sri Yaacob,myBas,,,
Klinik Kesihatan Tampoi Bus Stop,Klinik Kesihatan Tampoi,JB Sentral - Taman Tan Sri Yaacob,myBas,,,
SK Pengkalan Rinting Bus Stop,SK Pengkalan Rinting,JB Sentral - Taman Tan Sri Yaacob,myBas,,,
Opp Plaza Angsana Bus Stop,Opp Plaza Angsana,JB Sentral - Taman Tan Sri Yaacob,myBas,,,
Kampong Pasir Bus Stop,Kampong Pasir,JB Sentral - Taman Tan Sri Yaacob,myBas,,,
SK Kampung Pasir / OPP Giant Tampoi Bus Stop,SK Kampung Pasir / OPP Giant Tampoi,JB Sentral - Taman Tan Sri Yaacob,myBas,,,
OPP Kompleks Pekan Rabu Bus Stop,OPP Kompleks Pekan Rabu,JB Sentral - Taman Tan Sri Yaacob,myBas,,,
Petronas Tampoi Utama Bus Stop,Petronas Tampoi Utama,JB Sentral - Taman Tan Sri Yaacob,myBas,,,
Opp Tampoi Indah Bus Stop,Opp Tampoi Indah,JB Sentral - Taman Tan Sri Yaacob,myBas,,,
Medan Selera Perling Bus Stop,Medan Selera Perling,JB Sentral - Taman Tan Sri Yaacob,myBas,,,
Opp SJK C Pei Hwa / Masjid Taman Perling Bus Stop,Opp SJK C Pei Hwa / Masjid Taman Perling,JB Sentral - Taman Tan Sri Yaacob,myBas,,,
Opp SK TAMAN PERLING Bus Stop,Opp SK TAMAN PERLING,JB Sentral - Taman Tan Sri Yaacob,myBas,,,
Opp Persisiran Perling Spg Jalan Pucung Bus Stop,Opp Persisiran Perling Spg Jalan Pucung,JB Sentral - Taman Tan Sri Yaacob,myBas,,,
Surau Al Hidayah Bus Stop,Surau Al Hidayah,JB Sentral - Taman Tan Sri Yaacob,myBas,,,
Opp Simpang Jalan Belibis  Bus Stop,Opp Simpang Jalan Belibis ,JB Sentral - Taman Tan Sri Yaacob,myBas,,,
Simpang Jalan Sutera Bus Stop,Simpang Jalan Sutera,JB Sentral - Taman Tan Sri Yaacob,myBas,,,
Opp Dewan Raya Taman Perling Bus Stop,Opp Dewan Raya Taman Perling,JB Sentral - Taman Tan Sri Yaacob,myBas,,,
Opp Perling Apartment Bus Stop,Opp Perling Apartment,JB Sentral - Taman Tan Sri Yaacob,myBas,,,
Opp Shell Taman Perling Bus Stop,Opp Shell Taman Perling,JB Sentral - Taman Tan Sri Yaacob,myBas,,,
Opp Caltex Taman Perling Bus Stop,Opp Caltex Taman Perling,JB Sentral - Taman Tan Sri Yaacob,myBas,,,
Perling Height Bus Stop,Perling Height,JB Sentral - Taman Tan Sri Yaacob,myBas,,,
JALAN ISMAIL SULTAN Bus Stop,JALAN ISMAIL SULTAN,JB Sentral - Taman Tan Sri Yaacob,myBas,,,
SK Taman Perling 3 Bus Stop,SK Taman Perling 3,JB Sentral - Taman Tan Sri Yaacob,myBas,,,
Petronas Bukit Indah Bus Stop,Petronas Bukit Indah,JB Sentral - Taman Tan Sri Yaacob,myBas,,,
7-ELEVEN BUKIT INDAH Bus Stop,7-ELEVEN BUKIT INDAH,JB Sentral - Taman Tan Sri Yaacob,myBas,,,
Ambank Bukit Indah Bus Stop,Ambank Bukit Indah,JB Sentral - Taman Tan Sri Yaacob,myBas,,,
Opp Lotus Bukit Indah Bus Stop,Opp Lotus Bukit Indah,JB Sentral - Taman Tan Sri Yaacob,myBas,,,
Opp AEON Bukit Indah Bus Stop,Opp AEON Bukit Indah,JB Sentral - Taman Tan Sri Yaacob,myBas,,,
PERSIARAN INDAH (1) Bus Stop,PERSIARAN INDAH (1),JB Sentral - Taman Tan Sri Yaacob,myBas,,,
Opp BUKIT INDAH 2 Bus Stop,Opp BUKIT INDAH 2,JB Sentral - Taman Tan Sri Yaacob,myBas,,,
PERSIARAN INDAH (2) Bus Stop,PERSIARAN INDAH (2),JB Sentral - Taman Tan Sri Yaacob,myBas,,,
PERSIARAN INDAH (3) Bus Stop,PERSIARAN INDAH (3),JB Sentral - Taman Tan Sri Yaacob,myBas,,,
Petronas Bkt Indah Persiaran Indah Utama Bus Stop,Petronas Bkt Indah Persiaran Indah Utama,JB Sentral - Taman Tan Sri Yaacob,myBas,,,
PERSIARAN INDAH UTAMA Bus Stop,PERSIARAN INDAH UTAMA,JB Sentral - Taman Tan Sri Yaacob,myBas,,,
JALAN INDAH 1/14 - 1/20 Bus Stop,JALAN INDAH 1/14 - 1/20,JB Sentral - Taman Tan Sri Yaacob,myBas,,,
JALAN INDAH 2/1 - 2/11 Bus Stop,JALAN INDAH 2/1 - 2/11,JB Sentral - Taman Tan Sri Yaacob,myBas,,,
SIMPANG JALAN INDAH 1/10 Bus Stop,SIMPANG JALAN INDAH 1/10,JB Sentral - Taman Tan Sri Yaacob,myBas,,,
TAMAN NUSA BESTARI 3 Bus Stop,TAMAN NUSA BESTARI 3,JB Sentral - Taman Tan Sri Yaacob,myBas,,,
HAB TAMAN TAN SRI YAACOB Bus Stop,HAB TAMAN TAN SRI YAACOB,JB Sentral - Taman Tan Sri Yaacob,myBas,,,
Opp TAMAN NUSA BESTARI 3 Bus Stop,Opp TAMAN NUSA BESTARI 3,JB Sentral - Taman Tan Sri Yaacob,myBas,,,
Opp SIMPANG JALAN INDAH 1/10 Bus Stop,Opp SIMPANG JALAN INDAH 1/10,JB Sentral - Taman Tan Sri Yaacob,myBas,,,
Opp JALAN INDAH 2/1 - 2/11 Bus Stop,Opp JALAN INDAH 2/1 - 2/11,JB Sentral - Taman Tan Sri Yaacob,myBas,,,
Opp JALAN INDAH 1/14 - 1/20 Bus Stop,Opp JALAN INDAH 1/14 - 1/20,JB Sentral - Taman Tan Sri Yaacob,myBas,,,
Opp PERSIARAN INDAH UTAMA Bus Stop,Opp PERSIARAN INDAH UTAMA,JB Sentral - Taman Tan Sri Yaacob,myBas,,,
Opp Petronas Bkt Indah 1 Bus Stop,Opp Petronas Bkt Indah 1,JB Sentral - Taman Tan Sri Yaacob,myBas,,,
Opp PERSIARAN INDAH (3) Bus Stop,Opp PERSIARAN INDAH (3),JB Sentral - Taman Tan Sri Yaacob,myBas,,,
Opp PERSIARAN INDAH (2) Bus Stop,Opp PERSIARAN INDAH (2),JB Sentral - Taman Tan Sri Yaacob,myBas,,,
BUKIT INDAH 2 Bus Stop,BUKIT INDAH 2,JB Sentral - Taman Tan Sri Yaacob,myBas,,,
Opp PERSIARAN INDAH (1) Bus Stop,Opp PERSIARAN INDAH (1),JB Sentral - Taman Tan Sri Yaacob,myBas,,,
AEON Bukit Indah Bus Stop,AEON Bukit Indah,JB Sentral - Taman Tan Sri Yaacob,myBas,,,
Lotus Bukit Indah Bus Stop,Lotus Bukit Indah,JB Sentral - Taman Tan Sri Yaacob,myBas,,,
Opp AmBank Bukit Indah Bus Stop,Opp AmBank Bukit Indah,JB Sentral - Taman Tan Sri Yaacob,myBas,,,
Opp 7-ELEVEN BUKIT INDAH Bus Stop,Opp 7-ELEVEN BUKIT INDAH,JB Sentral - Taman Tan Sri Yaacob,myBas,,,
Opp Petronas Bukit Indah Bus Stop,Opp Petronas Bukit Indah,JB Sentral - Taman Tan Sri Yaacob,myBas,,,
Opp SK Taman Perling 3 Bus Stop,Opp SK Taman Perling 3,JB Sentral - Taman Tan Sri Yaacob,myBas,,,
Opp JALAN ISMAIL SULTAN Bus Stop,Opp JALAN ISMAIL SULTAN,JB Sentral - Taman Tan Sri Yaacob,myBas,,,
Opp Perling Heights Bus Stop,Opp Perling Heights,JB Sentral - Taman Tan Sri Yaacob,myBas,,,
Caltex Taman Perling Bus Stop,Caltex Taman Perling,JB Sentral - Taman Tan Sri Yaacob,myBas,,,
Shell Taman Perling Bus Stop,Shell Taman Perling,JB Sentral - Taman Tan Sri Yaacob,myBas,,,
Perling Apartment Bus Stop,Perling Apartment,JB Sentral - Taman Tan Sri Yaacob,myBas,,,
Dewan Raya Taman Perling Bus Stop,Dewan Raya Taman Perling,JB Sentral - Taman Tan Sri Yaacob,myBas,,,
Opp Simpang Jalan Sutera Bus Stop,Opp Simpang Jalan Sutera,JB Sentral - Taman Tan Sri Yaacob,myBas,,,
Simpang Jalan Belibis Bus Stop,Simpang Jalan Belibis,JB Sentral - Taman Tan Sri Yaacob,myBas,,,
Opp Surau Al Hidayah Bus Stop,Opp Surau Al Hidayah,JB Sentral - Taman Tan Sri Yaacob,myBas,,,
Persisiran Perling 1 Bus Stop,Persisiran Perling 1,JB Sentral - Taman Tan Sri Yaacob,myBas,,,
SK TAMAN PERLING Bus Stop,SK TAMAN PERLING,JB Sentral - Taman Tan Sri Yaacob,myBas,,,
SJK C Pei Hwa / Masjid Taman Perling Bus Stop,SJK C Pei Hwa / Masjid Taman Perling,JB Sentral - Taman Tan Sri Yaacob,myBas,,,
Masjid Taman Perling Bus Stop,Masjid Taman Perling,JB Sentral - Taman Tan Sri Yaacob,myBas,,,
Opp Medan Selera Perling Bus Stop,Opp Medan Selera Perling,JB Sentral - Taman Tan Sri Yaacob,myBas,,,
Tampoi Indah Bus Stop,Tampoi Indah,JB Sentral - Taman Tan Sri Yaacob,myBas,,,
Opp Petronas Tampoi Utama Bus Stop,Opp Petronas Tampoi Utama,JB Sentral - Taman Tan Sri Yaacob,myBas,,,
Kompleks Pekan Rabu Bus Stop,Kompleks Pekan Rabu,JB Sentral - Taman Tan Sri Yaacob,myBas,,,
Opp SK Kampung Pasir / Giant Tampoi Bus Stop,Opp SK Kampung Pasir / Giant Tampoi,JB Sentral - Taman Tan Sri Yaacob,myBas,,,
Opp Kampung Pasir Bus Stop,Opp Kampung Pasir,JB Sentral - Taman Tan Sri Yaacob,myBas,,,
B5 Johor Street Market / Plaza Angsana Bus Stop,B5 Johor Street Market / Plaza Angsana,JB Sentral - Taman Tan Sri Yaacob,myBas,,,
Opp SK Pengkalan Rinting Bus Stop,Opp SK Pengkalan Rinting,JB Sentral - Taman Tan Sri Yaacob,myBas,,,
Opp Klinik Kesihatan Tampoi Bus Stop,Opp Klinik Kesihatan Tampoi,JB Sentral - Taman Tan Sri Yaacob,myBas,,,
Bandar Baru UDA Bus Stop,Bandar Baru UDA,JB Sentral - Taman Tan Sri Yaacob,myBas,,,
Opp Tune Hotel Bus Stop,Opp Tune Hotel,JB Sentral - Taman Tan Sri Yaacob,myBas,,,
OPP Danga Bay Bus Stop,OPP Danga Bay,JB Sentral - Taman Tan Sri Yaacob,myBas,,,
Opp Beletime / M-Suites Bus Stop,Opp Beletime / M-Suites,JB Sentral - Taman Tan Sri Yaacob,myBas,,,
Johor International School Bus Stop,Johor International School,JB Sentral - Taman Tan Sri Yaacob,myBas,,,
Dataran Bandaraya Johor Bahru / Sri Gela Bus Stop,Dataran Bandaraya Johor Bahru / Sri Gela,JB Sentral - Taman Tan Sri Yaacob,myBas,,,
Hospital Sultanah Aminah Bus Stop,Hospital Sultanah Aminah,JB Sentral - Taman Tan Sri Yaacob,myBas,,,
Pusat Islam Negeri Johor Bus Stop,Pusat Islam Negeri Johor,JB Sentral - Taman Tan Sri Yaacob,myBas,,,
Pejabat Pos Besar Bus Stop,Pejabat Pos Besar,JB Sentral - Taman Tan Sri Yaacob,myBas,,,
Opp Wisma Peladang Bus Stop,Opp Wisma Peladang,JB Sentral - Taman Tan Sri Yaacob,myBas,,,
JB Sentral Bus Stop,JB Sentral,JB Sentral - Terminal Sutera Mall,myBas,,,
Wisma Peladang Bus Stop,Wisma Peladang,JB Sentral - Terminal Sutera Mall,myBas,,,
Opp Pejabat Pos Besar Bus Stop,Opp Pejabat Pos Besar,JB Sentral - Terminal Sutera Mall,myBas,,,
Lot 10 Bus Stop,Lot 10,JB Sentral - Terminal Sutera Mall,myBas,,,
OPP Pusat Islam Negeri Johor Bus Stop,OPP Pusat Islam Negeri Johor,JB Sentral - Terminal Sutera Mall,myBas,,,
OPP Dataran Bandaraya Johor Bahru / Sri  Bus Stop,OPP Dataran Bandaraya Johor Bahru / Sri ,JB Sentral - Terminal Sutera Mall,myBas,,,
Opp Johor International School Bus Stop,Opp Johor International School,JB Sentral - Terminal Sutera Mall,myBas,,,
Beletime / OPP M-Suites Bus Stop,Beletime / OPP M-Suites,JB Sentral - Terminal Sutera Mall,myBas,,,
Danga Bay Bus Stop,Danga Bay,JB Sentral - Terminal Sutera Mall,myBas,,,
Tune Hotel Bus Stop,Tune Hotel,JB Sentral - Terminal Sutera Mall,myBas,,,
Opp Bandar Baru Uda Bus Stop,Opp Bandar Baru Uda,JB Sentral - Terminal Sutera Mall,myBas,,,
Klinik Kesihatan Tampoi Bus Stop,Klinik Kesihatan Tampoi,JB Sentral - Terminal Sutera Mall,myBas,,,
SK Pengkalan Rinting Bus Stop,SK Pengkalan Rinting,JB Sentral - Terminal Sutera Mall,myBas,,,
Opp Plaza Angsana Bus Stop,Opp Plaza Angsana,JB Sentral - Terminal Sutera Mall,myBas,,,
Kampong Pasir Bus Stop,Kampong Pasir,JB Sentral - Terminal Sutera Mall,myBas,,,
SK Kampung Pasir / OPP Giant Tampoi Bus Stop,SK Kampung Pasir / OPP Giant Tampoi,JB Sentral - Terminal Sutera Mall,myBas,,,
OPP Kompleks Pekan Rabu Bus Stop,OPP Kompleks Pekan Rabu,JB Sentral - Terminal Sutera Mall,myBas,,,
Kipmart Tampoi Bus Stop,Kipmart Tampoi,JB Sentral - Terminal Sutera Mall,myBas,,,
OPP TAMAN JOHOR Bus Stop,OPP TAMAN JOHOR,JB Sentral - Terminal Sutera Mall,myBas,,,
Opp Paradigm Mall Bus Stop,Opp Paradigm Mall,JB Sentral - Terminal Sutera Mall,myBas,,,
Main Entrance Sutera Mall Bus Stop,Main Entrance Sutera Mall,JB Sentral - Terminal Sutera Mall,myBas,,,
Hab Sutera Mall Bus Stop,Hab Sutera Mall,JB Sentral - Terminal Sutera Mall,myBas,,,
Mcdonalds Taman Sutera Bus Stop,Mcdonalds Taman Sutera,JB Sentral - Terminal Sutera Mall,myBas,,,
OPP Petron TUTA Bus Stop,OPP Petron TUTA,JB Sentral - Terminal Sutera Mall,myBas,,,
Petron TUTA Bus Stop,Petron TUTA,JB Sentral - Terminal Sutera Mall,myBas,,,
Opp Mcdonalds Taman Sutera Bus Stop,Opp Mcdonalds Taman Sutera,JB Sentral - Terminal Sutera Mall,myBas,,,
Paradigm Mall Bus Stop,Paradigm Mall,JB Sentral - Terminal Sutera Mall,myBas,,,
Taman Johor Bus Stop,Taman Johor,JB Sentral - Terminal Sutera Mall,myBas,,,
OPP Kipmart Tampoi Bus Stop,OPP Kipmart Tampoi,JB Sentral - Terminal Sutera Mall,myBas,,,
Kompleks Pekan Rabu Bus Stop,Kompleks Pekan Rabu,JB Sentral - Terminal Sutera Mall,myBas,,,
Opp SK Kampung Pasir / Giant Tampoi Bus Stop,Opp SK Kampung Pasir / Giant Tampoi,JB Sentral - Terminal Sutera Mall,myBas,,,
Opp Kampung Pasir Bus Stop,Opp Kampung Pasir,JB Sentral - Terminal Sutera Mall,myBas,,,
B5 Johor Street Market / Plaza Angsana Bus Stop,B5 Johor Street Market / Plaza Angsana,JB Sentral - Terminal Sutera Mall,myBas,,,
Opp SK Pengkalan Rinting Bus Stop,Opp SK Pengkalan Rinting,JB Sentral - Terminal Sutera Mall,myBas,,,
Opp Klinik Kesihatan Tampoi Bus Stop,Opp Klinik Kesihatan Tampoi,JB Sentral - Terminal Sutera Mall,myBas,,,
Bandar Baru UDA Bus Stop,Bandar Baru UDA,JB Sentral - Terminal Sutera Mall,myBas,,,
Opp Tune Hotel Bus Stop,Opp Tune Hotel,JB Sentral - Terminal Sutera Mall,myBas,,,
OPP Danga Bay Bus Stop,OPP Danga Bay,JB Sentral - Terminal Sutera Mall,myBas,,,
Opp Beletime / M-Suites Bus Stop,Opp Beletime / M-Suites,JB Sentral - Terminal Sutera Mall,myBas,,,
Johor International School Bus Stop,Johor International School,JB Sentral - Terminal Sutera Mall,myBas,,,
Dataran Bandaraya Johor Bahru / Sri Gela Bus Stop,Dataran Bandaraya Johor Bahru / Sri Gela,JB Sentral - Terminal Sutera Mall,myBas,,,
Hospital Sultanah Aminah Bus Stop,Hospital Sultanah Aminah,JB Sentral - Terminal Sutera Mall,myBas,,,
Pusat Islam Negeri Johor Bus Stop,Pusat Islam Negeri Johor,JB Sentral - Terminal Sutera Mall,myBas,,,
Pejabat Pos Besar Bus Stop,Pejabat Pos Besar,JB Sentral - Terminal Sutera Mall,myBas,,,
Opp Wisma Peladang Bus Stop,Opp Wisma Peladang,JB Sentral - Terminal Sutera Mall,myBas,,,
Larkin Sentral Bus Stop,Larkin Sentral,Larkin Sentral - Gelang Patah Sentral,myBas,,,
DEWAN JKR JOHOR BAHRU Bus Stop,DEWAN JKR JOHOR BAHRU,Larkin Sentral - Gelang Patah Sentral,myBas,,,
Burger King Bus Stop,Burger King,Larkin Sentral - Gelang Patah Sentral,myBas,,,
Opp Taman Tasek Bus Stop,Opp Taman Tasek,Larkin Sentral - Gelang Patah Sentral,myBas,,,
Opp Bandar Baru Uda Bus Stop,Opp Bandar Baru Uda,Larkin Sentral - Gelang Patah Sentral,myBas,,,
Klinik Kesihatan Tampoi Bus Stop,Klinik Kesihatan Tampoi,Larkin Sentral - Gelang Patah Sentral,myBas,,,
SK Pengkalan Rinting Bus Stop,SK Pengkalan Rinting,Larkin Sentral - Gelang Patah Sentral,myBas,,,
Opp Plaza Angsana Bus Stop,Opp Plaza Angsana,Larkin Sentral - Gelang Patah Sentral,myBas,,,
Kampong Pasir Bus Stop,Kampong Pasir,Larkin Sentral - Gelang Patah Sentral,myBas,,,
SK Kampung Pasir / OPP Giant Tampoi Bus Stop,SK Kampung Pasir / OPP Giant Tampoi,Larkin Sentral - Gelang Patah Sentral,myBas,,,
OPP Kompleks Pekan Rabu Bus Stop,OPP Kompleks Pekan Rabu,Larkin Sentral - Gelang Patah Sentral,myBas,,,
Kipmart Tampoi Bus Stop,Kipmart Tampoi,Larkin Sentral - Gelang Patah Sentral,myBas,,,
OPP TAMAN JOHOR Bus Stop,OPP TAMAN JOHOR,Larkin Sentral - Gelang Patah Sentral,myBas,,,
Opp Paradigm Mall Bus Stop,Opp Paradigm Mall,Larkin Sentral - Gelang Patah Sentral,myBas,,,
Mcdonalds Taman Sutera Bus Stop,Mcdonalds Taman Sutera,Larkin Sentral - Gelang Patah Sentral,myBas,,,
OPP Petron TUTA Bus Stop,OPP Petron TUTA,Larkin Sentral - Gelang Patah Sentral,myBas,,,
SJK KUO KUANG Bus Stop,SJK KUO KUANG,Larkin Sentral - Gelang Patah Sentral,myBas,,,
TM Point Skudai / MZ WORLD Bus Stop,TM Point Skudai / MZ WORLD,Larkin Sentral - Gelang Patah Sentral,myBas,,,
Opp KFC TUTA /FARMASI PERENNIAL Bus Stop,Opp KFC TUTA /FARMASI PERENNIAL,Larkin Sentral - Gelang Patah Sentral,myBas,,,
Opp Shell TUTA Bus Stop,Opp Shell TUTA,Larkin Sentral - Gelang Patah Sentral,myBas,,,
Opp TERMINAL TUTA Bus Stop,Opp TERMINAL TUTA,Larkin Sentral - Gelang Patah Sentral,myBas,,,
PERSATUAN PENGANUT BUDHA BAO LIAN SI Bus Stop,PERSATUAN PENGANUT BUDHA BAO LIAN SI,Larkin Sentral - Gelang Patah Sentral,myBas,,,
Opp TAN FURNITURE Bus Stop,Opp TAN FURNITURE,Larkin Sentral - Gelang Patah Sentral,myBas,,,
Opp MCDONALDS TUN AMINAH / KEDAI BUAH Bus Stop,Opp MCDONALDS TUN AMINAH / KEDAI BUAH,Larkin Sentral - Gelang Patah Sentral,myBas,,,
OPP CALTEX TASEK SENTRAL Bus Stop,OPP CALTEX TASEK SENTRAL,Larkin Sentral - Gelang Patah Sentral,myBas,,,
JALAN PENDEKAR 18 Bus Stop,JALAN PENDEKAR 18,Larkin Sentral - Gelang Patah Sentral,myBas,,,
Masjid Hjh. Mominbi Ahmad Angullia Bus Stop,Masjid Hjh. Mominbi Ahmad Angullia,Larkin Sentral - Gelang Patah Sentral,myBas,,,
Opp Blok 33 & 34 Bus Stop,Opp Blok 33 & 34,Larkin Sentral - Gelang Patah Sentral,myBas,,,
Opp Restoran 777 Bus Stop,Opp Restoran 777,Larkin Sentral - Gelang Patah Sentral,myBas,,,
Opp BLOK 58 Bus Stop,Opp BLOK 58,Larkin Sentral - Gelang Patah Sentral,myBas,,,
SEKOLAH AGAMA TUTA Bus Stop,SEKOLAH AGAMA TUTA,Larkin Sentral - Gelang Patah Sentral,myBas,,,
SJK (T) TUTA Bus Stop,SJK (T) TUTA,Larkin Sentral - Gelang Patah Sentral,myBas,,,
2N Shop Jalan Hang Jebat Bus Stop,2N Shop Jalan Hang Jebat,Larkin Sentral - Gelang Patah Sentral,myBas,,,
Opp 7 ELEVEN SRI ORKID Bus Stop,Opp 7 ELEVEN SRI ORKID,Larkin Sentral - Gelang Patah Sentral,myBas,,,
TAMAN PERMAINAN TAMAN SRI ORKID Bus Stop,TAMAN PERMAINAN TAMAN SRI ORKID,Larkin Sentral - Gelang Patah Sentral,myBas,,,
Jalan Sri Orkid 33 Bus Stop,Jalan Sri Orkid 33,Larkin Sentral - Gelang Patah Sentral,myBas,,,
Hutan Bandar MPJBT Bus Stop,Hutan Bandar MPJBT,Larkin Sentral - Gelang Patah Sentral,myBas,,,
JALAN SKUDAI-GELANG PATAH / LOTUS MUTIAR Bus Stop,JALAN SKUDAI-GELANG PATAH / LOTUS MUTIAR,Larkin Sentral - Gelang Patah Sentral,myBas,,,
MASJID KG MELAYU LIMA KEDAI Bus Stop,MASJID KG MELAYU LIMA KEDAI,Larkin Sentral - Gelang Patah Sentral,myBas,,,
Opp PERUMAHAN RAKYAT LIMA KEDAI Bus Stop,Opp PERUMAHAN RAKYAT LIMA KEDAI,Larkin Sentral - Gelang Patah Sentral,myBas,,,
SURAU NUR HIDAYAH Bus Stop,SURAU NUR HIDAYAH,Larkin Sentral - Gelang Patah Sentral,myBas,,,
JALAN BESTARI Bus Stop,JALAN BESTARI,Larkin Sentral - Gelang Patah Sentral,myBas,,,
STADIUM SULTAN IBRAHIM Bus Stop,STADIUM SULTAN IBRAHIM,Larkin Sentral - Gelang Patah Sentral,myBas,,,
Opp Rumah Rakyat Iskandar Bus Stop,Opp Rumah Rakyat Iskandar,Larkin Sentral - Gelang Patah Sentral,myBas,,,
NUSA SENTRAL 1 B.STOP Bus Stop,NUSA SENTRAL 1 B.STOP,Larkin Sentral - Gelang Patah Sentral,myBas,,,
Nusa Sentral 2 B. Stop Bus Stop,Nusa Sentral 2 B. Stop,Larkin Sentral - Gelang Patah Sentral,myBas,,,
68 AVENUE Bus Stop,68 AVENUE,Larkin Sentral - Gelang Patah Sentral,myBas,,,
Opp Petronas Nusa Perintis Bus Stop,Opp Petronas Nusa Perintis,Larkin Sentral - Gelang Patah Sentral,myBas,,,
CIMB GELANG PATAH Bus Stop,CIMB GELANG PATAH,Larkin Sentral - Gelang Patah Sentral,myBas,,,
SMK Gelang Patah Bus Stop,SMK Gelang Patah,Larkin Sentral - Gelang Patah Sentral,myBas,,,
PEJABAT POS GELANG PATAH Bus Stop,PEJABAT POS GELANG PATAH,Larkin Sentral - Gelang Patah Sentral,myBas,,,
Terminal Gelang Patah Bus Stop,Terminal Gelang Patah,Larkin Sentral - Gelang Patah Sentral,myBas,,,
BALAI POLIS GELANG PATAH Bus Stop,BALAI POLIS GELANG PATAH,Larkin Sentral - Gelang Patah Sentral,myBas,,,
Selera Kampung Melayu Bus Stop,Selera Kampung Melayu,Larkin Sentral - Gelang Patah Sentral,myBas,,,
Maybank Taman Nusantara Bus Stop,Maybank Taman Nusantara,Larkin Sentral - Gelang Patah Sentral,myBas,,,
DOMINOS TAMAN NUSANTARA Bus Stop,DOMINOS TAMAN NUSANTARA,Larkin Sentral - Gelang Patah Sentral,myBas,,,
GP Sentral Bus Stop,GP Sentral,Larkin Sentral - Gelang Patah Sentral,myBas,,,
OPP DOMINO TAMAN NUSANTARA Bus Stop,OPP DOMINO TAMAN NUSANTARA,Larkin Sentral - Gelang Patah Sentral,myBas,,,
Opp Maybank Taman Nusantara Bus Stop,Opp Maybank Taman Nusantara,Larkin Sentral - Gelang Patah Sentral,myBas,,,
Opp Selera Kampung Melayu Bus Stop,Opp Selera Kampung Melayu,Larkin Sentral - Gelang Patah Sentral,myBas,,,
OPP BALAI POLIS GELANG PATAH Bus Stop,OPP BALAI POLIS GELANG PATAH,Larkin Sentral - Gelang Patah Sentral,myBas,,,
OPP PEJABAT POS GELANG PATAH Bus Stop,OPP PEJABAT POS GELANG PATAH,Larkin Sentral - Gelang Patah Sentral,myBas,,,
Opp SMK Gelang Patah Bus Stop,Opp SMK Gelang Patah,Larkin Sentral - Gelang Patah Sentral,myBas,,,
Opp CIMB GELANG PATAH Bus Stop,Opp CIMB GELANG PATAH,Larkin Sentral - Gelang Patah Sentral,myBas,,,
PETRONAS NUSA PERINTIS Bus Stop,PETRONAS NUSA PERINTIS,Larkin Sentral - Gelang Patah Sentral,myBas,,,
OPP 68 AVENUE Bus Stop,OPP 68 AVENUE,Larkin Sentral - Gelang Patah Sentral,myBas,,,
OPP Nusa Sentral 2 Bus Stop Bus Stop,OPP Nusa Sentral 2 Bus Stop,Larkin Sentral - Gelang Patah Sentral,myBas,,,
OPP NUSA SENTRAL 1 B.STOP Bus Stop,OPP NUSA SENTRAL 1 B.STOP,Larkin Sentral - Gelang Patah Sentral,myBas,,,
Rumah Rakyat Iskandar Bus Stop,Rumah Rakyat Iskandar,Larkin Sentral - Gelang Patah Sentral,myBas,,,
OPP STADIUM SULTAN IBRAHIM Bus Stop,OPP STADIUM SULTAN IBRAHIM,Larkin Sentral - Gelang Patah Sentral,myBas,,,
OPP JALAN BESTARI Bus Stop,OPP JALAN BESTARI,Larkin Sentral - Gelang Patah Sentral,myBas,,,
Opp Surau Nur Hidayah Bus Stop,Opp Surau Nur Hidayah,Larkin Sentral - Gelang Patah Sentral,myBas,,,
PERUMAHAN RAKYAT LIMA KEDAI Bus Stop,PERUMAHAN RAKYAT LIMA KEDAI,Larkin Sentral - Gelang Patah Sentral,myBas,,,
OPP MASJID KG MELAYU LIMA KEDAI Bus Stop,OPP MASJID KG MELAYU LIMA KEDAI,Larkin Sentral - Gelang Patah Sentral,myBas,,,
OPP JALAN SKUDAI-GELANG PATAH / LOTUS MU Bus Stop,OPP JALAN SKUDAI-GELANG PATAH / LOTUS MU,Larkin Sentral - Gelang Patah Sentral,myBas,,,
Opp Hutan Bandar MPJBT Bus Stop,Opp Hutan Bandar MPJBT,Larkin Sentral - Gelang Patah Sentral,myBas,,,
TAMAN SRI ORKID Bus Stop,TAMAN SRI ORKID,Larkin Sentral - Gelang Patah Sentral,myBas,,,
Petronas Sri Orkid Bus Stop,Petronas Sri Orkid,Larkin Sentral - Gelang Patah Sentral,myBas,,,
7 ELEVEN SRI ORKID Bus Stop,7 ELEVEN SRI ORKID,Larkin Sentral - Gelang Patah Sentral,myBas,,,
PANGSAPURI JASA Bus Stop,PANGSAPURI JASA,Larkin Sentral - Gelang Patah Sentral,myBas,,,
OPP 2N SHOP JALAN HANG JEBAT Bus Stop,OPP 2N SHOP JALAN HANG JEBAT,Larkin Sentral - Gelang Patah Sentral,myBas,,,
OPP SEKOLAH AGAMA TUTA Bus Stop,OPP SEKOLAH AGAMA TUTA,Larkin Sentral - Gelang Patah Sentral,myBas,,,
BLOK 58 Bus Stop,BLOK 58,Larkin Sentral - Gelang Patah Sentral,myBas,,,
Restoran 777 Bus Stop,Restoran 777,Larkin Sentral - Gelang Patah Sentral,myBas,,,
Blok 33 & 34 Bus Stop,Blok 33 & 34,Larkin Sentral - Gelang Patah Sentral,myBas,,,
CALTEX TASEK CENTRAL Bus Stop,CALTEX TASEK CENTRAL,Larkin Sentral - Gelang Patah Sentral,myBas,,,
MCDONALDS TUN AMINAH / KEDAI BUAH Bus Stop,MCDONALDS TUN AMINAH / KEDAI BUAH,Larkin Sentral - Gelang Patah Sentral,myBas,,,
TAN FURNITURE Bus Stop,TAN FURNITURE,Larkin Sentral - Gelang Patah Sentral,myBas,,,
Opp PERSATUAN PENGANUT BUDHA BAO LIAN SI Bus Stop,Opp PERSATUAN PENGANUT BUDHA BAO LIAN SI,Larkin Sentral - Gelang Patah Sentral,myBas,,,
TERMINAL TUTA Bus Stop,TERMINAL TUTA,Larkin Sentral - Gelang Patah Sentral,myBas,,,
Shell Tun Aminah Bus Stop,Shell Tun Aminah,Larkin Sentral - Gelang Patah Sentral,myBas,,,
KFC TUTA /FARMASI PERENNIAL Bus Stop,KFC TUTA /FARMASI PERENNIAL,Larkin Sentral - Gelang Patah Sentral,myBas,,,
Caltex Tuta Bus Stop,Caltex Tuta,Larkin Sentral - Gelang Patah Sentral,myBas,,,
BEST VISION Bus Stop,BEST VISION,Larkin Sentral - Gelang Patah Sentral,myBas,,,
Petron TUTA Bus Stop,Petron TUTA,Larkin Sentral - Gelang Patah Sentral,myBas,,,
Opp Mcdonalds Taman Sutera Bus Stop,Opp Mcdonalds Taman Sutera,Larkin Sentral - Gelang Patah Sentral,myBas,,,
Paradigm Mall Bus Stop,Paradigm Mall,Larkin Sentral - Gelang Patah Sentral,myBas,,,
Taman Johor Bus Stop,Taman Johor,Larkin Sentral - Gelang Patah Sentral,myBas,,,
OPP Kipmart Tampoi Bus Stop,OPP Kipmart Tampoi,Larkin Sentral - Gelang Patah Sentral,myBas,,,
Kompleks Pekan Rabu Bus Stop,Kompleks Pekan Rabu,Larkin Sentral - Gelang Patah Sentral,myBas,,,
Opp SK Kampung Pasir / Giant Tampoi Bus Stop,Opp SK Kampung Pasir / Giant Tampoi,Larkin Sentral - Gelang Patah Sentral,myBas,,,
Opp Kampung Pasir Bus Stop,Opp Kampung Pasir,Larkin Sentral - Gelang Patah Sentral,myBas,,,
B5 Johor Street Market / Plaza Angsana Bus Stop,B5 Johor Street Market / Plaza Angsana,Larkin Sentral - Gelang Patah Sentral,myBas,,,
Opp SK Pengkalan Rinting Bus Stop,Opp SK Pengkalan Rinting,Larkin Sentral - Gelang Patah Sentral,myBas,,,
Opp Klinik Kesihatan Tampoi Bus Stop,Opp Klinik Kesihatan Tampoi,Larkin Sentral - Gelang Patah Sentral,myBas,,,
Bandar Baru UDA Bus Stop,Bandar Baru UDA,Larkin Sentral - Gelang Patah Sentral,myBas,,,
Taman Tasek Bus Stop,Taman Tasek,Larkin Sentral - Gelang Patah Sentral,myBas,,,
Opp Burger King Bus Stop,Opp Burger King,Larkin Sentral - Gelang Patah Sentral,myBas,,,
OPP DEWAN JKR JOHOR BAHRU Bus Stop,OPP DEWAN JKR JOHOR BAHRU,Larkin Sentral - Gelang Patah Sentral,myBas,,,
Terminal Gelang Patah Bus Stop,Terminal Gelang Patah,Terminal Gelang Patah - Pendas,myBas,,,
Kampung Melayu Muafakat Bus Stop,Kampung Melayu Muafakat,Terminal Gelang Patah - Pendas,myBas,,,
Kilang Nishinihon Bus Stop,Kilang Nishinihon,Terminal Gelang Patah - Pendas,myBas,,,
Aspira Square Bus Stop,Aspira Square,Terminal Gelang Patah - Pendas,myBas,,,
Kampung Bukit Kecil Bus Stop,Kampung Bukit Kecil,Terminal Gelang Patah - Pendas,myBas,,,
Kampung Paya Mengkuang Bus Stop,Kampung Paya Mengkuang,Terminal Gelang Patah - Pendas,myBas,,,
Kampung Tiram Duku Bus Stop,Kampung Tiram Duku,Terminal Gelang Patah - Pendas,myBas,,,
Kampung Tiram Duku 2 Bus Stop,Kampung Tiram Duku 2,Terminal Gelang Patah - Pendas,myBas,,,
Opp GIAT MARA Bus Stop,Opp GIAT MARA,Terminal Gelang Patah - Pendas,myBas,,,
SK Tiram Duku Bus Stop,SK Tiram Duku,Terminal Gelang Patah - Pendas,myBas,,,
Simpang PTP Bus Stop,Simpang PTP,Terminal Gelang Patah - Pendas,myBas,,,
I - Park Bus Stop,I - Park,Terminal Gelang Patah - Pendas,myBas,,,
Hostel PTP Bus Stop,Hostel PTP,Terminal Gelang Patah - Pendas,myBas,,,
Masjid Al Muhamadi Kampung Pekajang Bus Stop,Masjid Al Muhamadi Kampung Pekajang,Terminal Gelang Patah - Pendas,myBas,,,
Kampung Pekajang Bus Stop,Kampung Pekajang,Terminal Gelang Patah - Pendas,myBas,,,
SK Tanjung Adang Bus Stop,SK Tanjung Adang,Terminal Gelang Patah - Pendas,myBas,,,
Opp Saujana Seafood Bus Stop,Opp Saujana Seafood,Terminal Gelang Patah - Pendas,myBas,,,
Kampung Pok Bus Stop,Kampung Pok,Terminal Gelang Patah - Pendas,myBas,,,
Kampung Pok Besar Bus Stop,Kampung Pok Besar,Terminal Gelang Patah - Pendas,myBas,,,
Sekolah Agama Kenangan Murni Kampung Pok Bus Stop,Sekolah Agama Kenangan Murni Kampung Pok,Terminal Gelang Patah - Pendas,myBas,,,
Opp SK Murni Pok Bus Stop,Opp SK Murni Pok,Terminal Gelang Patah - Pendas,myBas,,,
Jeti Kampung Pok Bus Stop,Jeti Kampung Pok,Terminal Gelang Patah - Pendas,myBas,,,
Pusat Komuniti Desa Pok Bus Stop,Pusat Komuniti Desa Pok,Terminal Gelang Patah - Pendas,myBas,,,
Kampung Tanjung Kupang Bus Stop,Kampung Tanjung Kupang,Terminal Gelang Patah - Pendas,myBas,,,
Warung Santai Cik Ton Bus Stop,Warung Santai Cik Ton,Terminal Gelang Patah - Pendas,myBas,,,
SK TG Kupang Bus Stop,SK TG Kupang,Terminal Gelang Patah - Pendas,myBas,,,
Kampung Ladang  Bus Stop,Kampung Ladang ,Terminal Gelang Patah - Pendas,myBas,,,
Kampung Ladang 2 Bus Stop,Kampung Ladang 2,Terminal Gelang Patah - Pendas,myBas,,,
Warung Rosalina Kampung Ladang Bus Stop,Warung Rosalina Kampung Ladang,Terminal Gelang Patah - Pendas,myBas,,,
Kampung Pendas Baru Bus Stop,Kampung Pendas Baru,Terminal Gelang Patah - Pendas,myBas,,,
SK Murni Pok Bus Stop,SK Murni Pok,Terminal Gelang Patah - Pendas,myBas,,,
Saujana Seafood Bus Stop,Saujana Seafood,Terminal Gelang Patah - Pendas,myBas,,,
Opp SK Tanjung Adang Bus Stop,Opp SK Tanjung Adang,Terminal Gelang Patah - Pendas,myBas,,,
Opp SK Tiram Duku Bus Stop,Opp SK Tiram Duku,Terminal Gelang Patah - Pendas,myBas,,,
GIAT MARA Bus Stop,GIAT MARA,Terminal Gelang Patah - Pendas,myBas,,,
Opp Kilang Nishinihon Bus Stop,Opp Kilang Nishinihon,Terminal Gelang Patah - Pendas,myBas,,,
Larkin Sentral Bus Stop,Larkin Sentral,Larkin Sentral - Terminal Feri Puteri Harbour melalui AEON Bukit Indah,myBas,,,
DEWAN JKR JOHOR BAHRU Bus Stop,DEWAN JKR JOHOR BAHRU,Larkin Sentral - Terminal Feri Puteri Harbour melalui AEON Bukit Indah,myBas,,,
Burger King Bus Stop,Burger King,Larkin Sentral - Terminal Feri Puteri Harbour melalui AEON Bukit Indah,myBas,,,
Opp Taman Tasek Bus Stop,Opp Taman Tasek,Larkin Sentral - Terminal Feri Puteri Harbour melalui AEON Bukit Indah,myBas,,,
Sg Danga Bus Stop,Sg Danga,Larkin Sentral - Terminal Feri Puteri Harbour melalui AEON Bukit Indah,myBas,,,
Taman D Utama Bus Stop,Taman D Utama,Larkin Sentral - Terminal Feri Puteri Harbour melalui AEON Bukit Indah,myBas,,,
JALAN ISMAIL SULTAN Bus Stop,JALAN ISMAIL SULTAN,Larkin Sentral - Terminal Feri Puteri Harbour melalui AEON Bukit Indah,myBas,,,
SK Taman Perling 3 Bus Stop,SK Taman Perling 3,Larkin Sentral - Terminal Feri Puteri Harbour melalui AEON Bukit Indah,myBas,,,
Petronas Bukit Indah Bus Stop,Petronas Bukit Indah,Larkin Sentral - Terminal Feri Puteri Harbour melalui AEON Bukit Indah,myBas,,,
7-ELEVEN BUKIT INDAH Bus Stop,7-ELEVEN BUKIT INDAH,Larkin Sentral - Terminal Feri Puteri Harbour melalui AEON Bukit Indah,myBas,,,
Ambank Bukit Indah Bus Stop,Ambank Bukit Indah,Larkin Sentral - Terminal Feri Puteri Harbour melalui AEON Bukit Indah,myBas,,,
Opp Lotus Bukit Indah Bus Stop,Opp Lotus Bukit Indah,Larkin Sentral - Terminal Feri Puteri Harbour melalui AEON Bukit Indah,myBas,,,
Opp AEON Bukit Indah Bus Stop,Opp AEON Bukit Indah,Larkin Sentral - Terminal Feri Puteri Harbour melalui AEON Bukit Indah,myBas,,,
PERSIARAN INDAH (1) Bus Stop,PERSIARAN INDAH (1),Larkin Sentral - Terminal Feri Puteri Harbour melalui AEON Bukit Indah,myBas,,,
Bus Stop Petron Bukit Indah Bus Stop,Bus Stop Petron Bukit Indah,Larkin Sentral - Terminal Feri Puteri Harbour melalui AEON Bukit Indah,myBas,,,
Indah Court Apartment Bus Stop,Indah Court Apartment,Larkin Sentral - Terminal Feri Puteri Harbour melalui AEON Bukit Indah,myBas,,,
Opp Nusa Idaman Bus Stop,Opp Nusa Idaman,Larkin Sentral - Terminal Feri Puteri Harbour melalui AEON Bukit Indah,myBas,,,
Opp Horizon Hills Bus Stop,Opp Horizon Hills,Larkin Sentral - Terminal Feri Puteri Harbour melalui AEON Bukit Indah,myBas,,,
Opp Legoland Bus Stop,Opp Legoland,Larkin Sentral - Terminal Feri Puteri Harbour melalui AEON Bukit Indah,myBas,,,
Lebuh Medini Utama Bus Stop,Lebuh Medini Utama,Larkin Sentral - Terminal Feri Puteri Harbour melalui AEON Bukit Indah,myBas,,,
Opp Ramada Bus Stop,Opp Ramada,Larkin Sentral - Terminal Feri Puteri Harbour melalui AEON Bukit Indah,myBas,,,
1 Medini Hub Bus Stop,1 Medini Hub,Larkin Sentral - Terminal Feri Puteri Harbour melalui AEON Bukit Indah,myBas,,,
Persiaran Laksamana Bus Stop,Persiaran Laksamana,Larkin Sentral - Terminal Feri Puteri Harbour melalui AEON Bukit Indah,myBas,,,
Puteri Harbour Bus Stop,Puteri Harbour,Larkin Sentral - Terminal Feri Puteri Harbour melalui AEON Bukit Indah,myBas,,,
Puteri Harbour Ferry Terminal Bus Stop,Puteri Harbour Ferry Terminal,Larkin Sentral - Terminal Feri Puteri Harbour melalui AEON Bukit Indah,myBas,,,
Fraser Place Bus Stop,Fraser Place,Larkin Sentral - Terminal Feri Puteri Harbour melalui AEON Bukit Indah,myBas,,,
Teega Suits Bus Stop,Teega Suits,Larkin Sentral - Terminal Feri Puteri Harbour melalui AEON Bukit Indah,myBas,,,
Opp Persiaran Laksamana Bus Stop,Opp Persiaran Laksamana,Larkin Sentral - Terminal Feri Puteri Harbour melalui AEON Bukit Indah,myBas,,,
Opp Medini Hub Bus Stop,Opp Medini Hub,Larkin Sentral - Terminal Feri Puteri Harbour melalui AEON Bukit Indah,myBas,,,
Ramada Bus Stop,Ramada,Larkin Sentral - Terminal Feri Puteri Harbour melalui AEON Bukit Indah,myBas,,,
Opp Lebuh Medini Utama Bus Stop,Opp Lebuh Medini Utama,Larkin Sentral - Terminal Feri Puteri Harbour melalui AEON Bukit Indah,myBas,,,
Legoland Bus Stop,Legoland,Larkin Sentral - Terminal Feri Puteri Harbour melalui AEON Bukit Indah,myBas,,,
Horizon Hills Bus Stop,Horizon Hills,Larkin Sentral - Terminal Feri Puteri Harbour melalui AEON Bukit Indah,myBas,,,
Nusa Idaman Bus Stop,Nusa Idaman,Larkin Sentral - Terminal Feri Puteri Harbour melalui AEON Bukit Indah,myBas,,,
Opp Indah Court Apartment Bus Stop,Opp Indah Court Apartment,Larkin Sentral - Terminal Feri Puteri Harbour melalui AEON Bukit Indah,myBas,,,
Opp Petron Bukit Indah Bus Stop,Opp Petron Bukit Indah,Larkin Sentral - Terminal Feri Puteri Harbour melalui AEON Bukit Indah,myBas,,,
Opp PERSIARAN INDAH (1) Bus Stop,Opp PERSIARAN INDAH (1),Larkin Sentral - Terminal Feri Puteri Harbour melalui AEON Bukit Indah,myBas,,,
AEON Bukit Indah Bus Stop,AEON Bukit Indah,Larkin Sentral - Terminal Feri Puteri Harbour melalui AEON Bukit Indah,myBas,,,
Lotus Bukit Indah Bus Stop,Lotus Bukit Indah,Larkin Sentral - Terminal Feri Puteri Harbour melalui AEON Bukit Indah,myBas,,,
Opp AmBank Bukit Indah Bus Stop,Opp AmBank Bukit Indah,Larkin Sentral - Terminal Feri Puteri Harbour melalui AEON Bukit Indah,myBas,,,
Opp 7-ELEVEN BUKIT INDAH Bus Stop,Opp 7-ELEVEN BUKIT INDAH,Larkin Sentral - Terminal Feri Puteri Harbour melalui AEON Bukit Indah,myBas,,,
Opp Petronas Bukit Indah Bus Stop,Opp Petronas Bukit Indah,Larkin Sentral - Terminal Feri Puteri Harbour melalui AEON Bukit Indah,myBas,,,
Opp SK Taman Perling 3 Bus Stop,Opp SK Taman Perling 3,Larkin Sentral - Terminal Feri Puteri Harbour melalui AEON Bukit Indah,myBas,,,
Opp JALAN ISMAIL SULTAN Bus Stop,Opp JALAN ISMAIL SULTAN,Larkin Sentral - Terminal Feri Puteri Harbour melalui AEON Bukit Indah,myBas,,,
Opp Taman D Utama Bus Stop,Opp Taman D Utama,Larkin Sentral - Terminal Feri Puteri Harbour melalui AEON Bukit Indah,myBas,,,
Opp Sg Danga Bus Stop,Opp Sg Danga,Larkin Sentral - Terminal Feri Puteri Harbour melalui AEON Bukit Indah,myBas,,,
Taman Tasek Bus Stop,Taman Tasek,Larkin Sentral - Terminal Feri Puteri Harbour melalui AEON Bukit Indah,myBas,,,
Opp Burger King Bus Stop,Opp Burger King,Larkin Sentral - Terminal Feri Puteri Harbour melalui AEON Bukit Indah,myBas,,,
OPP DEWAN JKR JOHOR BAHRU Bus Stop,OPP DEWAN JKR JOHOR BAHRU,Larkin Sentral - Terminal Feri Puteri Harbour melalui AEON Bukit Indah,myBas,,,
Larkin Sentral Bus Stop,Larkin Sentral,Larkin Sentral - Pontian,myBas,,,
DEWAN JKR JOHOR BAHRU Bus Stop,DEWAN JKR JOHOR BAHRU,Larkin Sentral - Pontian,myBas,,,
Burger King Bus Stop,Burger King,Larkin Sentral - Pontian,myBas,,,
Opp Taman Tasek Bus Stop,Opp Taman Tasek,Larkin Sentral - Pontian,myBas,,,
Opp Bandar Baru Uda Bus Stop,Opp Bandar Baru Uda,Larkin Sentral - Pontian,myBas,,,
Klinik Kesihatan Tampoi Bus Stop,Klinik Kesihatan Tampoi,Larkin Sentral - Pontian,myBas,,,
SK Pengkalan Rinting Bus Stop,SK Pengkalan Rinting,Larkin Sentral - Pontian,myBas,,,
Opp Plaza Angsana Bus Stop,Opp Plaza Angsana,Larkin Sentral - Pontian,myBas,,,
Kampong Pasir Bus Stop,Kampong Pasir,Larkin Sentral - Pontian,myBas,,,
SK Kampung Pasir / OPP Giant Tampoi Bus Stop,SK Kampung Pasir / OPP Giant Tampoi,Larkin Sentral - Pontian,myBas,,,
OPP Kompleks Pekan Rabu Bus Stop,OPP Kompleks Pekan Rabu,Larkin Sentral - Pontian,myBas,,,
Kipmart Tampoi Bus Stop,Kipmart Tampoi,Larkin Sentral - Pontian,myBas,,,
OPP TAMAN JOHOR Bus Stop,OPP TAMAN JOHOR,Larkin Sentral - Pontian,myBas,,,
Opp Paradigm Mall Bus Stop,Opp Paradigm Mall,Larkin Sentral - Pontian,myBas,,,
Mcdonalds Taman Sutera Bus Stop,Mcdonalds Taman Sutera,Larkin Sentral - Pontian,myBas,,,
OPP Petron TUTA Bus Stop,OPP Petron TUTA,Larkin Sentral - Pontian,myBas,,,
TM Skudai Bus Stop,TM Skudai,Larkin Sentral - Pontian,myBas,,,
MBIP Skudai Bus Stop,MBIP Skudai,Larkin Sentral - Pontian,myBas,,,
Pejabat Pos Skudai Bus Stop,Pejabat Pos Skudai,Larkin Sentral - Pontian,myBas,,,
Opp Skudai Parade Bus Stop,Opp Skudai Parade,Larkin Sentral - Pontian,myBas,,,
Shell Taman Puteri Skudai Bus Stop,Shell Taman Puteri Skudai,Larkin Sentral - Pontian,myBas,,,
SMK Skudai Bus Stop,SMK Skudai,Larkin Sentral - Pontian,myBas,,,
TAMAN SRI SKUDAI Bus Stop,TAMAN SRI SKUDAI,Larkin Sentral - Pontian,myBas,,,
Taman Sri Pulai (Lebuhraya Skudai - Pont Bus Stop,Taman Sri Pulai (Lebuhraya Skudai - Pont,Larkin Sentral - Pontian,myBas,,,
Arked Pulai Perdana Bus Stop,Arked Pulai Perdana,Larkin Sentral - Pontian,myBas,,,
SRI PULAI PERDANA (1) Bus Stop,SRI PULAI PERDANA (1),Larkin Sentral - Pontian,myBas,,,
Sri Pulai Perdana (2) Bus Stop,Sri Pulai Perdana (2),Larkin Sentral - Pontian,myBas,,,
Opp Kampung Nesa Bus Stop,Opp Kampung Nesa,Larkin Sentral - Pontian,myBas,,,
Opp Simpang Empat Bandar Pulai Jaya Bus Stop,Opp Simpang Empat Bandar Pulai Jaya,Larkin Sentral - Pontian,myBas,,,
Opp Petronas Pulai Perdana 2 Bus Stop,Opp Petronas Pulai Perdana 2,Larkin Sentral - Pontian,myBas,,,
Bandar Baru Kangkar Pulai Bus Stop,Bandar Baru Kangkar Pulai,Larkin Sentral - Pontian,myBas,,,
Kampung Kangkar Pulai Bus Stop,Kampung Kangkar Pulai,Larkin Sentral - Pontian,myBas,,,
Orchid Valley Bus Stop,Orchid Valley,Larkin Sentral - Pontian,myBas,,,
Nature at Work (NURSERY) Bus Stop,Nature at Work (NURSERY),Larkin Sentral - Pontian,myBas,,,
Taman Perindustrian Pekan Nenas Bus Stop,Taman Perindustrian Pekan Nenas,Larkin Sentral - Pontian,myBas,,,
TAMAN PERINDUSTRIAN PEKAN NENAS 1 Bus Stop,TAMAN PERINDUSTRIAN PEKAN NENAS 1,Larkin Sentral - Pontian,myBas,,,
Taman Mewah Bus Stop,Taman Mewah,Larkin Sentral - Pontian,myBas,,,
Opp Pekan Nenas Bus Stop,Opp Pekan Nenas,Larkin Sentral - Pontian,myBas,,,
Opp BSN Pekan Nenas Bus Stop,Opp BSN Pekan Nenas,Larkin Sentral - Pontian,myBas,,,
Hentian Jalan Besar Bus Stop,Hentian Jalan Besar,Larkin Sentral - Pontian,myBas,,,
Medan Selera Bus Stop,Medan Selera,Larkin Sentral - Pontian,myBas,,,
Opp Dewan Serbaguna Kg Parit Pasir Baru Bus Stop,Opp Dewan Serbaguna Kg Parit Pasir Baru,Larkin Sentral - Pontian,myBas,,,
Opp GIATMARA TG Piai Bus Stop,Opp GIATMARA TG Piai,Larkin Sentral - Pontian,myBas,,,
Sekolah Agama Pengkalan Raja Bus Stop,Sekolah Agama Pengkalan Raja,Larkin Sentral - Pontian,myBas,,,
SK Pengkalan Raja Bus Stop,SK Pengkalan Raja,Larkin Sentral - Pontian,myBas,,,
Desa Sri Aman Bus Stop,Desa Sri Aman,Larkin Sentral - Pontian,myBas,,,
Klinik Desa Pengkalan Raja Bus Stop,Klinik Desa Pengkalan Raja,Larkin Sentral - Pontian,myBas,,,
Opp Masjid Kampung Pengkalan Raja Bus Stop,Opp Masjid Kampung Pengkalan Raja,Larkin Sentral - Pontian,myBas,,,
OPP Bend Weld Bus Stop,OPP Bend Weld,Larkin Sentral - Pontian,myBas,,,
OPP KAMPUNG PARIT BARU Bus Stop,OPP KAMPUNG PARIT BARU,Larkin Sentral - Pontian,myBas,,,
OPP Kampung Parit Selangor Bus Stop,OPP Kampung Parit Selangor,Larkin Sentral - Pontian,myBas,,,
Setia Ibarat Bus Stop,Setia Ibarat,Larkin Sentral - Pontian,myBas,,,
Mardi Pontian Bus Stop,Mardi Pontian,Larkin Sentral - Pontian,myBas,,,
OPP SIMPANG PARIT HAJI OTHMAN Bus Stop,OPP SIMPANG PARIT HAJI OTHMAN,Larkin Sentral - Pontian,myBas,,,
KAMPUNG PINANG SARI Bus Stop,KAMPUNG PINANG SARI,Larkin Sentral - Pontian,myBas,,,
Opp TAMAN MUTIARA (SMK TAN SRI OTHMAN MO Bus Stop,Opp TAMAN MUTIARA (SMK TAN SRI OTHMAN MO,Larkin Sentral - Pontian,myBas,,,
Taman Desa Molek Bus Stop,Taman Desa Molek,Larkin Sentral - Pontian,myBas,,,
TAMAN PONTIAN PERDANA Bus Stop,TAMAN PONTIAN PERDANA,Larkin Sentral - Pontian,myBas,,,
KAMPUNG PARIT KECHIL Bus Stop,KAMPUNG PARIT KECHIL,Larkin Sentral - Pontian,myBas,,,
Opp KILANG JCS Bus Stop,Opp KILANG JCS,Larkin Sentral - Pontian,myBas,,,
OPP KAMPUNG SUNGAI BUNYI PARIT HAJI ISMA Bus Stop,OPP KAMPUNG SUNGAI BUNYI PARIT HAJI ISMA,Larkin Sentral - Pontian,myBas,,,
Pertiwi Sejagat Bus Stop,Pertiwi Sejagat,Larkin Sentral - Pontian,myBas,,,
OPP Taman Impian Indah Bus Stop,OPP Taman Impian Indah,Larkin Sentral - Pontian,myBas,,,
THE COOKIES FACTORY Bus Stop,THE COOKIES FACTORY,Larkin Sentral - Pontian,myBas,,,
Petron Pontian Bus Stop,Petron Pontian,Larkin Sentral - Pontian,myBas,,,
Opp JKR Pontian Bus Stop,Opp JKR Pontian,Larkin Sentral - Pontian,myBas,,,
JPN Pontian Bus Stop,JPN Pontian,Larkin Sentral - Pontian,myBas,,,
Opp Econsave Pontian Bus Stop,Opp Econsave Pontian,Larkin Sentral - Pontian,myBas,,,
Baitulmal Pontian Bus Stop,Baitulmal Pontian,Larkin Sentral - Pontian,myBas,,,
EcoShop Pontian Bus Stop,EcoShop Pontian,Larkin Sentral - Pontian,myBas,,,
Terminal Pontian Bus Stop,Terminal Pontian,Larkin Sentral - Pontian,myBas,,,
Econsave Pontian Bus Stop,Econsave Pontian,Larkin Sentral - Pontian,myBas,,,
Opp Petron Pontian Bus Stop,Opp Petron Pontian,Larkin Sentral - Pontian,myBas,,,
Opp THE COOKIES FACTORY Bus Stop,Opp THE COOKIES FACTORY,Larkin Sentral - Pontian,myBas,,,
Taman Impian Indah Bus Stop,Taman Impian Indah,Larkin Sentral - Pontian,myBas,,,
KAMPUNG SUNGAI BUNYI PARIT HAJI ISMAIL Bus Stop,KAMPUNG SUNGAI BUNYI PARIT HAJI ISMAIL,Larkin Sentral - Pontian,myBas,,,
KILANG JCS Bus Stop,KILANG JCS,Larkin Sentral - Pontian,myBas,,,
Opp KAMPUNG PARIT KECHIL Bus Stop,Opp KAMPUNG PARIT KECHIL,Larkin Sentral - Pontian,myBas,,,
OPP Taman Desa Molek Bus Stop,OPP Taman Desa Molek,Larkin Sentral - Pontian,myBas,,,
TAMAN MUTIARA (SMK TAN SRI OTHMAN MOHD S Bus Stop,TAMAN MUTIARA (SMK TAN SRI OTHMAN MOHD S,Larkin Sentral - Pontian,myBas,,,
SIMPANG PARIT HAJI OTHMAN Bus Stop,SIMPANG PARIT HAJI OTHMAN,Larkin Sentral - Pontian,myBas,,,
OPP Mardi Pontian Bus Stop,OPP Mardi Pontian,Larkin Sentral - Pontian,myBas,,,
Kampung Parit Selangor Bus Stop,Kampung Parit Selangor,Larkin Sentral - Pontian,myBas,,,
Kampung Selangor Baru Bus Stop,Kampung Selangor Baru,Larkin Sentral - Pontian,myBas,,,
Bend Weld Bus Stop,Bend Weld,Larkin Sentral - Pontian,myBas,,,
Masjid Kampung Pengkalan Raja Bus Stop,Masjid Kampung Pengkalan Raja,Larkin Sentral - Pontian,myBas,,,
GIATMARA TG Piai Bus Stop,GIATMARA TG Piai,Larkin Sentral - Pontian,myBas,,,
Dewan Serbaguna Kg Parit Pasir Baru Bus Stop,Dewan Serbaguna Kg Parit Pasir Baru,Larkin Sentral - Pontian,myBas,,,
HENTIAN BAS JALAN BESAR Bus Stop,HENTIAN BAS JALAN BESAR,Larkin Sentral - Pontian,myBas,,,
BSN Pekan Nenas Bus Stop,BSN Pekan Nenas,Larkin Sentral - Pontian,myBas,,,
Opp MAYBANK PEKAN NENAS Bus Stop,Opp MAYBANK PEKAN NENAS,Larkin Sentral - Pontian,myBas,,,
PULAI HIJAUAN Bus Stop,PULAI HIJAUAN,Larkin Sentral - Pontian,myBas,,,
Petronas Pulai Perdana 2 Bus Stop,Petronas Pulai Perdana 2,Larkin Sentral - Pontian,myBas,,,
Simpang Empat Bandar Pulai Jaya Bus Stop,Simpang Empat Bandar Pulai Jaya,Larkin Sentral - Pontian,myBas,,,
Kampung Nesa Bus Stop,Kampung Nesa,Larkin Sentral - Pontian,myBas,,,
Opp Sri Pulai Perdana (2) Bus Stop,Opp Sri Pulai Perdana (2),Larkin Sentral - Pontian,myBas,,,
Opp SRI PULAI PERDANA (1) Bus Stop,Opp SRI PULAI PERDANA (1),Larkin Sentral - Pontian,myBas,,,
Opp Arked Pulai Perdana Bus Stop,Opp Arked Pulai Perdana,Larkin Sentral - Pontian,myBas,,,
Opp Taman Sri Pulai (Lebuhraya Skudai -  Bus Stop,Opp Taman Sri Pulai (Lebuhraya Skudai - ,Larkin Sentral - Pontian,myBas,,,
Opp TAMAN SRI SKUDAI Bus Stop,Opp TAMAN SRI SKUDAI,Larkin Sentral - Pontian,myBas,,,
Opp SMK Skudai Bus Stop,Opp SMK Skudai,Larkin Sentral - Pontian,myBas,,,
Opp Shell Tmn Puteri Skudai Bus Stop,Opp Shell Tmn Puteri Skudai,Larkin Sentral - Pontian,myBas,,,
Skudai Parade Bus Stop,Skudai Parade,Larkin Sentral - Pontian,myBas,,,
Opp Pejabat Pos Skudai Bus Stop,Opp Pejabat Pos Skudai,Larkin Sentral - Pontian,myBas,,,
Opp MBIP Skudai Bus Stop,Opp MBIP Skudai,Larkin Sentral - Pontian,myBas,,,
Opp TM Skudai Bus Stop,Opp TM Skudai,Larkin Sentral - Pontian,myBas,,,
Petron TUTA Bus Stop,Petron TUTA,Larkin Sentral - Pontian,myBas,,,
Opp Mcdonalds Taman Sutera Bus Stop,Opp Mcdonalds Taman Sutera,Larkin Sentral - Pontian,myBas,,,
Paradigm Mall Bus Stop,Paradigm Mall,Larkin Sentral - Pontian,myBas,,,
Taman Johor Bus Stop,Taman Johor,Larkin Sentral - Pontian,myBas,,,
OPP Kipmart Tampoi Bus Stop,OPP Kipmart Tampoi,Larkin Sentral - Pontian,myBas,,,
Kompleks Pekan Rabu Bus Stop,Kompleks Pekan Rabu,Larkin Sentral - Pontian,myBas,,,
Opp SK Kampung Pasir / Giant Tampoi Bus Stop,Opp SK Kampung Pasir / Giant Tampoi,Larkin Sentral - Pontian,myBas,,,
Opp Kampung Pasir Bus Stop,Opp Kampung Pasir,Larkin Sentral - Pontian,myBas,,,
B5 Johor Street Market / Plaza Angsana Bus Stop,B5 Johor Street Market / Plaza Angsana,Larkin Sentral - Pontian,myBas,,,
Opp SK Pengkalan Rinting Bus Stop,Opp SK Pengkalan Rinting,Larkin Sentral - Pontian,myBas,,,
Opp Klinik Kesihatan Tampoi Bus Stop,Opp Klinik Kesihatan Tampoi,Larkin Sentral - Pontian,myBas,,,
Bandar Baru UDA Bus Stop,Bandar Baru UDA,Larkin Sentral - Pontian,myBas,,,
Taman Tasek Bus Stop,Taman Tasek,Larkin Sentral - Pontian,myBas,,,
Opp Burger King Bus Stop,Opp Burger King,Larkin Sentral - Pontian,myBas,,,
OPP DEWAN JKR JOHOR BAHRU Bus Stop,OPP DEWAN JKR JOHOR BAHRU,Larkin Sentral - Pontian,myBas,,,
TERMINAL BUKIT LAGI KANGAR Bus Stop,TERMINAL BUKIT LAGI KANGAR,KANGAR - CHANGLUN,myBas,,,
KAYANGAN SQUARE KANGAR Bus Stop,KAYANGAN SQUARE KANGAR,KANGAR - CHANGLUN,myBas,,,
HOSPITAL TUANKU FAUZIAH Bus Stop,HOSPITAL TUANKU FAUZIAH,KANGAR - CHANGLUN,myBas,,,
SEK DERMA Bus Stop,SEK DERMA,KANGAR - CHANGLUN,myBas,,,
MEGA STAR INN Bus Stop,MEGA STAR INN,KANGAR - CHANGLUN,myBas,,,
SMK SYED HASSAN Bus Stop,SMK SYED HASSAN,KANGAR - CHANGLUN,myBas,,,
TMN SENA INDAH Bus Stop,TMN SENA INDAH,KANGAR - CHANGLUN,myBas,,,
TMN SENA Bus Stop,TMN SENA,KANGAR - CHANGLUN,myBas,,,
MASJID TUN ABDUL RAZAK CP Bus Stop,MASJID TUN ABDUL RAZAK CP,KANGAR - CHANGLUN,myBas,,,
SIMPANG TASIK MELATI Bus Stop,SIMPANG TASIK MELATI,KANGAR - CHANGLUN,myBas,,,
TMN PROGRESIF Bus Stop,TMN PROGRESIF,KANGAR - CHANGLUN,myBas,,,
TMN MIDIN INDAH Bus Stop,TMN MIDIN INDAH,KANGAR - CHANGLUN,myBas,,,
UNIMAP JEJAWI/SK JEJAWI Bus Stop,UNIMAP JEJAWI/SK JEJAWI,KANGAR - CHANGLUN,myBas,,,
MAJLIS PERBANDARAN KANGAR (JEJAWI) Bus Stop,MAJLIS PERBANDARAN KANGAR (JEJAWI),KANGAR - CHANGLUN,myBas,,,
MASJID MUHAMMADI CP Bus Stop,MASJID MUHAMMADI CP,KANGAR - CHANGLUN,myBas,,,
SMK SYED SIRAJUDDIN CP Bus Stop,SMK SYED SIRAJUDDIN CP,KANGAR - CHANGLUN,myBas,,,
ALOR LANCANG/TMN SAUJANA IDAMAN Bus Stop,ALOR LANCANG/TMN SAUJANA IDAMAN,KANGAR - CHANGLUN,myBas,,,
UNIVERSITI MALAYSIA PERLIS JEJAWI KANGAR Bus Stop,UNIVERSITI MALAYSIA PERLIS JEJAWI KANGAR,KANGAR - CHANGLUN,myBas,,,
SK SUBANG GAJAH Bus Stop,SK SUBANG GAJAH,KANGAR - CHANGLUN,myBas,,,
KG ALOR ARA Bus Stop,KG ALOR ARA,KANGAR - CHANGLUN,myBas,,,
BATAS LIKU ARAU Bus Stop,BATAS LIKU ARAU,KANGAR - CHANGLUN,myBas,,,
SMK DATO SHEIKH AHMAD cp Bus Stop,SMK DATO SHEIKH AHMAD cp,KANGAR - CHANGLUN,myBas,,,
SEK TENGKU BUDRIAH Bus Stop,SEK TENGKU BUDRIAH,KANGAR - CHANGLUN,myBas,,,
SMA ALMAAD Bus Stop,SMA ALMAAD,KANGAR - CHANGLUN,myBas,,,
KTM ARAU Bus Stop,KTM ARAU,KANGAR - CHANGLUN,myBas,,,
MAKAM DIRAJA cp Bus Stop,MAKAM DIRAJA cp,KANGAR - CHANGLUN,myBas,,,
SJK HWA AIK Bus Stop,SJK HWA AIK,KANGAR - CHANGLUN,myBas,,,
TMN KENANGA Bus Stop,TMN KENANGA,KANGAR - CHANGLUN,myBas,,,
PASAR BESAR ARAU Bus Stop,PASAR BESAR ARAU,KANGAR - CHANGLUN,myBas,,,
NAT POKOK GETAH Bus Stop,NAT POKOK GETAH,KANGAR - CHANGLUN,myBas,,,
MASJID AL MURSYID Bus Stop,MASJID AL MURSYID,KANGAR - CHANGLUN,myBas,,,
PEKAN PAUH Bus Stop,PEKAN PAUH,KANGAR - CHANGLUN,myBas,,,
BALAI POLIS PAUH CP Bus Stop,BALAI POLIS PAUH CP,KANGAR - CHANGLUN,myBas,,,
SMK TENGKU BUDRIAH Bus Stop,SMK TENGKU BUDRIAH,KANGAR - CHANGLUN,myBas,,,
POLITEKNIK SYED SIRAJUDDIN Bus Stop,POLITEKNIK SYED SIRAJUDDIN,KANGAR - CHANGLUN,myBas,,,
MRSM ULU PAUH Bus Stop,MRSM ULU PAUH,KANGAR - CHANGLUN,myBas,,,
UNIMAP PAUH/SEK KEJURUTERAAN Bus Stop,UNIMAP PAUH/SEK KEJURUTERAAN,KANGAR - CHANGLUN,myBas,,,
UNIMAP PAUH/KOLEH KEDIAMAN ABD RAZAK Bus Stop,UNIMAP PAUH/KOLEH KEDIAMAN ABD RAZAK,KANGAR - CHANGLUN,myBas,,,
GERAI BUAH-BUAHAN SEGAR FAMA Bus Stop,GERAI BUAH-BUAHAN SEGAR FAMA,KANGAR - CHANGLUN,myBas,,,
MASJID ABIDIN Bus Stop,MASJID ABIDIN,KANGAR - CHANGLUN,myBas,,,
TMN SERI CHANGLUN Bus Stop,TMN SERI CHANGLUN,KANGAR - CHANGLUN,myBas,,,
TERMINAL CHANGLUN Bus Stop,TERMINAL CHANGLUN,KANGAR - CHANGLUN,myBas,,,
TERMINAL BUKIT LAGI KANGAR Bus Stop,TERMINAL BUKIT LAGI KANGAR,KANGAR - PADANG BESAR,myBas,,,
KAYANGAN SQUARE KANGAR Bus Stop,KAYANGAN SQUARE KANGAR,KANGAR - PADANG BESAR,myBas,,,
KOMPLEKS ISLAM PERLIS Bus Stop,KOMPLEKS ISLAM PERLIS,KANGAR - PADANG BESAR,myBas,,,
HOTEL PUTRA REGENCY Bus Stop,HOTEL PUTRA REGENCY,KANGAR - PADANG BESAR,myBas,,,
PEJABAT POS LAJU Bus Stop,PEJABAT POS LAJU,KANGAR - PADANG BESAR,myBas,,,
TMN SENA INDAH/ TMN NORMA Bus Stop,TMN SENA INDAH/ TMN NORMA,KANGAR - PADANG BESAR,myBas,,,
KG SALANG cp Bus Stop,KG SALANG cp,KANGAR - PADANG BESAR,myBas,,,
BATU 2 Bus Stop,BATU 2,KANGAR - PADANG BESAR,myBas,,,
BATU 3 1/4 Bus Stop,BATU 3 1/4,KANGAR - PADANG BESAR,myBas,,,
BATU 3 1/2 Bus Stop,BATU 3 1/2,KANGAR - PADANG BESAR,myBas,,,
MASJID SIRAJUDDIN Bus Stop,MASJID SIRAJUDDIN,KANGAR - PADANG BESAR,myBas,,,
KG PENGHULU CHOH Bus Stop,KG PENGHULU CHOH,KANGAR - PADANG BESAR,myBas,,,
RTM PADANG PAUH Bus Stop,RTM PADANG PAUH,KANGAR - PADANG BESAR,myBas,,,
PADANG PAUH Bus Stop,PADANG PAUH,KANGAR - PADANG BESAR,myBas,,,
ALOR SENA Bus Stop,ALOR SENA,KANGAR - PADANG BESAR,myBas,,,
SK PAYA cp Bus Stop,SK PAYA cp,KANGAR - PADANG BESAR,myBas,,,
PAYA Bus Stop,PAYA,KANGAR - PADANG BESAR,myBas,,,
BALAI BARU Bus Stop,BALAI BARU,KANGAR - PADANG BESAR,myBas,,,
KOMPLEKS PERTANIAN Bus Stop,KOMPLEKS PERTANIAN,KANGAR - PADANG BESAR,myBas,,,
KG BESERI / KG BUKIT TENIANG Bus Stop,KG BESERI / KG BUKIT TENIANG,KANGAR - PADANG BESAR,myBas,,,
SK BESERI cp Bus Stop,SK BESERI cp,KANGAR - PADANG BESAR,myBas,,,
TMN BESERI PAYA Bus Stop,TMN BESERI PAYA,KANGAR - PADANG BESAR,myBas,,,
SG BATU HAMPAR Bus Stop,SG BATU HAMPAR,KANGAR - PADANG BESAR,myBas,,,
MRSM BESERI CP Bus Stop,MRSM BESERI CP,KANGAR - PADANG BESAR,myBas,,,
IKM BESERI Bus Stop,IKM BESERI,KANGAR - PADANG BESAR,myBas,,,
PERKUBURAN CINA BERSERI Bus Stop,PERKUBURAN CINA BERSERI,KANGAR - PADANG BESAR,myBas,,,
TOK MEK Bus Stop,TOK MEK,KANGAR - PADANG BESAR,myBas,,,
SEMADONG Bus Stop,SEMADONG,KANGAR - PADANG BESAR,myBas,,,
KG PAYA KELADI Bus Stop,KG PAYA KELADI,KANGAR - PADANG BESAR,myBas,,,
PUSAT SERENTI Bus Stop,PUSAT SERENTI,KANGAR - PADANG BESAR,myBas,,,
MASJID AL-MUSTAGFIRIN Bus Stop,MASJID AL-MUSTAGFIRIN,KANGAR - PADANG BESAR,myBas,,,
SG JAROM Bus Stop,SG JAROM,KANGAR - PADANG BESAR,myBas,,,
KG TITI TINGGI HILIR CP Bus Stop,KG TITI TINGGI HILIR CP,KANGAR - PADANG BESAR,myBas,,,
MASJID AL-AZIM cp Bus Stop,MASJID AL-AZIM cp,KANGAR - PADANG BESAR,myBas,,,
TITI TINGGI Bus Stop,TITI TINGGI,KANGAR - PADANG BESAR,myBas,,,
UNICITI PERLIS Bus Stop,UNICITI PERLIS,KANGAR - PADANG BESAR,myBas,,,
KG BARU Bus Stop,KG BARU,KANGAR - PADANG BESAR,myBas,,,
MASJID AL-NUR CP Bus Stop,MASJID AL-NUR CP,KANGAR - PADANG BESAR,myBas,,,
KG SERI AMAN PERLIS Bus Stop,KG SERI AMAN PERLIS,KANGAR - PADANG BESAR,myBas,,,
FELCRA LUBUK SIREH CP Bus Stop,FELCRA LUBUK SIREH CP,KANGAR - PADANG BESAR,myBas,,,
SMK RAJA PUAN MUDA TENKU FAUZIAH Bus Stop,SMK RAJA PUAN MUDA TENKU FAUZIAH,KANGAR - PADANG BESAR,myBas,,,
BATU 16 Bus Stop,BATU 16,KANGAR - PADANG BESAR,myBas,,,
MASJID JABAL AL-ALA CP Bus Stop,MASJID JABAL AL-ALA CP,KANGAR - PADANG BESAR,myBas,,,
BATU 15A PERLIS Bus Stop,BATU 15A PERLIS,KANGAR - PADANG BESAR,myBas,,,
KLINIK KESIHATAN KAKI BUKIT PERLIS cp Bus Stop,KLINIK KESIHATAN KAKI BUKIT PERLIS cp,KANGAR - PADANG BESAR,myBas,,,
BATU 15A 1 Bus Stop,BATU 15A 1,KANGAR - PADANG BESAR,myBas,,,
MASJID JABAL AL-ALA 1 Bus Stop,MASJID JABAL AL-ALA 1,KANGAR - PADANG BESAR,myBas,,,
BATU 16 1 Bus Stop,BATU 16 1,KANGAR - PADANG BESAR,myBas,,,
SMK RAJA PUAN MUDA TENGKU FAUZIAH 1 Bus Stop,SMK RAJA PUAN MUDA TENGKU FAUZIAH 1,KANGAR - PADANG BESAR,myBas,,,
FELCRA LUBUK SIREH 1 Bus Stop,FELCRA LUBUK SIREH 1,KANGAR - PADANG BESAR,myBas,,,
KG SERI AMAN 1 Bus Stop,KG SERI AMAN 1,KANGAR - PADANG BESAR,myBas,,,
MASJID AL-NUR 1 Bus Stop,MASJID AL-NUR 1,KANGAR - PADANG BESAR,myBas,,,
KG BARU 1 PERLIS Bus Stop,KG BARU 1 PERLIS,KANGAR - PADANG BESAR,myBas,,,
UNCITI 1 Bus Stop,UNCITI 1,KANGAR - PADANG BESAR,myBas,,,
KG TITI ULU Bus Stop,KG TITI ULU,KANGAR - PADANG BESAR,myBas,,,
KG SERI KESIRAI Bus Stop,KG SERI KESIRAI,KANGAR - PADANG BESAR,myBas,,,
KG SENA DALAM Bus Stop,KG SENA DALAM,KANGAR - PADANG BESAR,myBas,,,
LADANG BURUNG UNTA PERLIS Bus Stop,LADANG BURUNG UNTA PERLIS,KANGAR - PADANG BESAR,myBas,,,
MASJID USMANIAH Bus Stop,MASJID USMANIAH,KANGAR - PADANG BESAR,myBas,,,
BATU 21 / KOK MAK Bus Stop,BATU 21 / KOK MAK,KANGAR - PADANG BESAR,myBas,,,
BATU 20 Bus Stop,BATU 20,KANGAR - PADANG BESAR,myBas,,,
TMN KASTAM 3 Bus Stop,TMN KASTAM 3,KANGAR - PADANG BESAR,myBas,,,
TMN KASTAM 2 Bus Stop,TMN KASTAM 2,KANGAR - PADANG BESAR,myBas,,,
TERMINAL PADANG BESAR PERLIS Bus Stop,TERMINAL PADANG BESAR PERLIS,KANGAR - PADANG BESAR,myBas,,,
TERMINAL BUKIT LAGI KANGAR Bus Stop,TERMINAL BUKIT LAGI KANGAR,KANGAR - KUALA PERLIS,myBas,,,
KAYANGAN SQUARE KANGAR Bus Stop,KAYANGAN SQUARE KANGAR,KANGAR - KUALA PERLIS,myBas,,,
SK SERI PERLIS Bus Stop,SK SERI PERLIS,KANGAR - KUALA PERLIS,myBas,,,
SRJK (C) KHOO AIK cp Bus Stop,SRJK (C) KHOO AIK cp,KANGAR - KUALA PERLIS,myBas,,,
TMN KEMAJUAN Bus Stop,TMN KEMAJUAN,KANGAR - KUALA PERLIS,myBas,,,
GIANT KANGAR cp Bus Stop,GIANT KANGAR cp,KANGAR - KUALA PERLIS,myBas,,,
SK RAJA SYED ALWI Bus Stop,SK RAJA SYED ALWI,KANGAR - KUALA PERLIS,myBas,,,
TMN SERI MEDAN/TMN CAHAYA Bus Stop,TMN SERI MEDAN/TMN CAHAYA,KANGAR - KUALA PERLIS,myBas,,,
JABATAN KESIHATAN NEGERI PERLIS cp Bus Stop,JABATAN KESIHATAN NEGERI PERLIS cp,KANGAR - KUALA PERLIS,myBas,,,
SIMPANG TITI CHAI cp Bus Stop,SIMPANG TITI CHAI cp,KANGAR - KUALA PERLIS,myBas,,,
PASAR TITI CHAI cp Bus Stop,PASAR TITI CHAI cp,KANGAR - KUALA PERLIS,myBas,,,
SK UTAN AJI CP Bus Stop,SK UTAN AJI CP,KANGAR - KUALA PERLIS,myBas,,,
SIMPANG LORONG HAMID SAMAH Bus Stop,SIMPANG LORONG HAMID SAMAH,KANGAR - KUALA PERLIS,myBas,,,
KLINIK DESA KG SURAU cp Bus Stop,KLINIK DESA KG SURAU cp,KANGAR - KUALA PERLIS,myBas,,,
DEWAN KG UJUNG BATU cp Bus Stop,DEWAN KG UJUNG BATU cp,KANGAR - KUALA PERLIS,myBas,,,
KUARI GUNUNG MEDAN Bus Stop,KUARI GUNUNG MEDAN,KANGAR - KUALA PERLIS,myBas,,,
SIMPANG TOK TINA ALUIH cp Bus Stop,SIMPANG TOK TINA ALUIH cp,KANGAR - KUALA PERLIS,myBas,,,
TMN MEDAN SEPAKAT cp Bus Stop,TMN MEDAN SEPAKAT cp,KANGAR - KUALA PERLIS,myBas,,,
SIMPANG GUNUNG MEDAN cp Bus Stop,SIMPANG GUNUNG MEDAN cp,KANGAR - KUALA PERLIS,myBas,,,
KG BUKIT KECHIK cp Bus Stop,KG BUKIT KECHIK cp,KANGAR - KUALA PERLIS,myBas,,,
KG ALOR MARUS cp Bus Stop,KG ALOR MARUS cp,KANGAR - KUALA PERLIS,myBas,,,
KLINIK DESA BEHOR LATEH cp Bus Stop,KLINIK DESA BEHOR LATEH cp,KANGAR - KUALA PERLIS,myBas,,,
SK KAYANG cp Bus Stop,SK KAYANG cp,KANGAR - KUALA PERLIS,myBas,,,
KG TITI SERONG/PERTUBUHAN PELADANG cp Bus Stop,KG TITI SERONG/PERTUBUHAN PELADANG cp,KANGAR - KUALA PERLIS,myBas,,,
KRAFTANGAN MALAYSIA PERLIS cp Bus Stop,KRAFTANGAN MALAYSIA PERLIS cp,KANGAR - KUALA PERLIS,myBas,,,
KG TELUK BATU 5 cp Bus Stop,KG TELUK BATU 5 cp,KANGAR - KUALA PERLIS,myBas,,,
SIMPANG TIGA PADANG BESAR SELATAN cp Bus Stop,SIMPANG TIGA PADANG BESAR SELATAN cp,KANGAR - KUALA PERLIS,myBas,,,
WARUNG KAK ETA Bus Stop,WARUNG KAK ETA,KANGAR - KUALA PERLIS,myBas,,,
TMN INDERA INDAH cp Bus Stop,TMN INDERA INDAH cp,KANGAR - KUALA PERLIS,myBas,,,
BALAI POLIS KUALA PERLIS cp Bus Stop,BALAI POLIS KUALA PERLIS cp,KANGAR - KUALA PERLIS,myBas,,,
SMK KUALA PERLIS cp Bus Stop,SMK KUALA PERLIS cp,KANGAR - KUALA PERLIS,myBas,,,
KOMPLEKS PERNIAGAAN KUALA PERLIS Bus Stop,KOMPLEKS PERNIAGAAN KUALA PERLIS,KANGAR - KUALA PERLIS,myBas,,,
STESEN BAS KUALA PERLIS cp Bus Stop,STESEN BAS KUALA PERLIS cp,KANGAR - KUALA PERLIS,myBas,,,
LKIM cp Bus Stop,LKIM cp,KANGAR - KUALA PERLIS,myBas,,,
PANGGUNG WAYANG Bus Stop,PANGGUNG WAYANG,KANGAR - KUALA PERLIS,myBas,,,
PLAZA KUALA cp Bus Stop,PLAZA KUALA cp,KANGAR - KUALA PERLIS,myBas,,,
GERAI MAKAN TMN BUKIT KUBU Bus Stop,GERAI MAKAN TMN BUKIT KUBU,KANGAR - KUALA PERLIS,myBas,,,
TMN BUKIT KUBU Bus Stop,TMN BUKIT KUBU,KANGAR - KUALA PERLIS,myBas,,,
UNIMAP KG WAI Bus Stop,UNIMAP KG WAI,KANGAR - KUALA PERLIS,myBas,,,
SRJK (C) KHAY BENG cp Bus Stop,SRJK (C) KHAY BENG cp,KANGAR - KUALA PERLIS,myBas,,,
KLINIK DESA SEBERANG RAMAI cp Bus Stop,KLINIK DESA SEBERANG RAMAI cp,KANGAR - KUALA PERLIS,myBas,,,
HENTIAN KAMPUNG SEBERANG RAMAI Bus Stop,HENTIAN KAMPUNG SEBERANG RAMAI,KANGAR - KUALA PERLIS,myBas,,,
TERMINAL BUKIT LAGI KANGAR Bus Stop,TERMINAL BUKIT LAGI KANGAR,KANGAR - ALOR SETAR VIA KUALA SANGLANG,myBas,,,
KAYANGAN SQUARE KANGAR Bus Stop,KAYANGAN SQUARE KANGAR,KANGAR - ALOR SETAR VIA KUALA SANGLANG,myBas,,,
KPJ KANGAR CP Bus Stop,KPJ KANGAR CP,KANGAR - ALOR SETAR VIA KUALA SANGLANG,myBas,,,
KG BEHOR TEMAK Bus Stop,KG BEHOR TEMAK,KANGAR - ALOR SETAR VIA KUALA SANGLANG,myBas,,,
TABUNG HAJI SERIAB Bus Stop,TABUNG HAJI SERIAB,KANGAR - ALOR SETAR VIA KUALA SANGLANG,myBas,,,
PERTUBUHAN PELADANG Bus Stop,PERTUBUHAN PELADANG,KANGAR - ALOR SETAR VIA KUALA SANGLANG,myBas,,,
SMK SYED ALWI Bus Stop,SMK SYED ALWI,KANGAR - ALOR SETAR VIA KUALA SANGLANG,myBas,,,
KG BEHOR LATEH Bus Stop,KG BEHOR LATEH,KANGAR - ALOR SETAR VIA KUALA SANGLANG,myBas,,,
KG BEHOR MALI Bus Stop,KG BEHOR MALI,KANGAR - ALOR SETAR VIA KUALA SANGLANG,myBas,,,
MASJID AL-HIDAYAH Bus Stop,MASJID AL-HIDAYAH,KANGAR - ALOR SETAR VIA KUALA SANGLANG,myBas,,,
SK BEHOR MALI Bus Stop,SK BEHOR MALI,KANGAR - ALOR SETAR VIA KUALA SANGLANG,myBas,,,
SEK AGAMA AL-ISLAHIYAH Bus Stop,SEK AGAMA AL-ISLAHIYAH,KANGAR - ALOR SETAR VIA KUALA SANGLANG,myBas,,,
KG SG BUGIS Bus Stop,KG SG BUGIS,KANGAR - ALOR SETAR VIA KUALA SANGLANG,myBas,,,
BALAI POLIS SIMPANG EMPAT Bus Stop,BALAI POLIS SIMPANG EMPAT,KANGAR - ALOR SETAR VIA KUALA SANGLANG,myBas,,,
KOMPLEKS SIMPANG EMPAT MPK Bus Stop,KOMPLEKS SIMPANG EMPAT MPK,KANGAR - ALOR SETAR VIA KUALA SANGLANG,myBas,,,
SIMPANG UNIMAP Bus Stop,SIMPANG UNIMAP,KANGAR - ALOR SETAR VIA KUALA SANGLANG,myBas,,,
SHELL SIMPANG EMPAT Bus Stop,SHELL SIMPANG EMPAT,KANGAR - ALOR SETAR VIA KUALA SANGLANG,myBas,,,
SG PADANG Bus Stop,SG PADANG,KANGAR - ALOR SETAR VIA KUALA SANGLANG,myBas,,,
PERMATANG BONGOR Bus Stop,PERMATANG BONGOR,KANGAR - ALOR SETAR VIA KUALA SANGLANG,myBas,,,
TOK PULAU Bus Stop,TOK PULAU,KANGAR - ALOR SETAR VIA KUALA SANGLANG,myBas,,,
SIMPANG KUALA SANGLANG / MASJID AL-MAGHFIRAH Bus Stop,SIMPANG KUALA SANGLANG / MASJID AL-MAGHFIRAH,KANGAR - ALOR SETAR VIA KUALA SANGLANG,myBas,,,
SMK SANGLANG Bus Stop,SMK SANGLANG,KANGAR - ALOR SETAR VIA KUALA SANGLANG,myBas,,,
SIMPANG TIGA SG BARU Bus Stop,SIMPANG TIGA SG BARU,KANGAR - ALOR SETAR VIA KUALA SANGLANG,myBas,,,
SK SANGLANG Bus Stop,SK SANGLANG,KANGAR - ALOR SETAR VIA KUALA SANGLANG,myBas,,,
SIMPANG TIGA PADANG KERIA Bus Stop,SIMPANG TIGA PADANG KERIA,KANGAR - ALOR SETAR VIA KUALA SANGLANG,myBas,,,
MASJID SIMPANG SANGLANG Bus Stop,MASJID SIMPANG SANGLANG,KANGAR - ALOR SETAR VIA KUALA SANGLANG,myBas,,,
JALAN SEPAKAT Bus Stop,JALAN SEPAKAT,KANGAR - ALOR SETAR VIA KUALA SANGLANG,myBas,,,
KLINIK KESIHATAN KUALA SANGLANG Bus Stop,KLINIK KESIHATAN KUALA SANGLANG,KANGAR - ALOR SETAR VIA KUALA SANGLANG,myBas,,,
SJKC CHIN HUN Bus Stop,SJKC CHIN HUN,KANGAR - ALOR SETAR VIA KUALA SANGLANG,myBas,,,
KLINIK KESIHATAN KUALA SANGLANG 1 Bus Stop,KLINIK KESIHATAN KUALA SANGLANG 1,KANGAR - ALOR SETAR VIA KUALA SANGLANG,myBas,,,
JALAN SEPAKAT 1 Bus Stop,JALAN SEPAKAT 1,KANGAR - ALOR SETAR VIA KUALA SANGLANG,myBas,,,
MASJID SIMPANG SANGLANG 1 Bus Stop,MASJID SIMPANG SANGLANG 1,KANGAR - ALOR SETAR VIA KUALA SANGLANG,myBas,,,
SIMPANG TIGA PADANG KERIA 1 Bus Stop,SIMPANG TIGA PADANG KERIA 1,KANGAR - ALOR SETAR VIA KUALA SANGLANG,myBas,,,
SK SANGLANG 1 Bus Stop,SK SANGLANG 1,KANGAR - ALOR SETAR VIA KUALA SANGLANG,myBas,,,
SIMPANG TIGA SG BARU 1 Bus Stop,SIMPANG TIGA SG BARU 1,KANGAR - ALOR SETAR VIA KUALA SANGLANG,myBas,,,
SMK SANGLANG 1 Bus Stop,SMK SANGLANG 1,KANGAR - ALOR SETAR VIA KUALA SANGLANG,myBas,,,
SK SANGLANG KEDAH Bus Stop,SK SANGLANG KEDAH,KANGAR - ALOR SETAR VIA KUALA SANGLANG,myBas,,,
KLINIK DESA SANGLANG KEDAH Bus Stop,KLINIK DESA SANGLANG KEDAH,KANGAR - ALOR SETAR VIA KUALA SANGLANG,myBas,,,
PEKAN KERPAN Bus Stop,PEKAN KERPAN,KANGAR - ALOR SETAR VIA KUALA SANGLANG,myBas,,,
SMK AYER ITAM Bus Stop,SMK AYER ITAM,KANGAR - ALOR SETAR VIA KUALA SANGLANG,myBas,,,
AYER ITAM Bus Stop,AYER ITAM,KANGAR - ALOR SETAR VIA KUALA SANGLANG,myBas,,,
MEDAN SELERA AYER ITAM Bus Stop,MEDAN SELERA AYER ITAM,KANGAR - ALOR SETAR VIA KUALA SANGLANG,myBas,,,
PARIT ALOR CHANGILEH Bus Stop,PARIT ALOR CHANGILEH,KANGAR - ALOR SETAR VIA KUALA SANGLANG,myBas,,,
SIMPANG SG KOROK Bus Stop,SIMPANG SG KOROK,KANGAR - ALOR SETAR VIA KUALA SANGLANG,myBas,,,
KG JERLUN Bus Stop,KG JERLUN,KANGAR - ALOR SETAR VIA KUALA SANGLANG,myBas,,,
SMK JERLUN Bus Stop,SMK JERLUN,KANGAR - ALOR SETAR VIA KUALA SANGLANG,myBas,,,
KG KELOMPANG Bus Stop,KG KELOMPANG,KANGAR - ALOR SETAR VIA KUALA SANGLANG,myBas,,,
MASJID KG SIMPANG EMPAT KUAR Bus Stop,MASJID KG SIMPANG EMPAT KUAR,KANGAR - ALOR SETAR VIA KUALA SANGLANG,myBas,,,
KOMPLEKS PERNIAGAAN ALOR JAGGUS Bus Stop,KOMPLEKS PERNIAGAAN ALOR JAGGUS,KANGAR - ALOR SETAR VIA KUALA SANGLANG,myBas,,,
MASJID AL-MAHMUDI Bus Stop,MASJID AL-MAHMUDI,KANGAR - ALOR SETAR VIA KUALA SANGLANG,myBas,,,
KG PADANG LALANG Bus Stop,KG PADANG LALANG,KANGAR - ALOR SETAR VIA KUALA SANGLANG,myBas,,,
PEKAN KECIL KUALA SUNGAI Bus Stop,PEKAN KECIL KUALA SUNGAI,KANGAR - ALOR SETAR VIA KUALA SANGLANG,myBas,,,
KOMPLEKS PERNIAGAAN MERGONG JAYA Bus Stop,KOMPLEKS PERNIAGAAN MERGONG JAYA,KANGAR - ALOR SETAR VIA KUALA SANGLANG,myBas,,,
KLINIK KESIHATAN JALAN PUTRA Bus Stop,KLINIK KESIHATAN JALAN PUTRA,KANGAR - ALOR SETAR VIA KUALA SANGLANG,myBas,,,
TMN SELAYANG Bus Stop,TMN SELAYANG,KANGAR - ALOR SETAR VIA KUALA SANGLANG,myBas,,,
SMKA KEDAH Bus Stop,SMKA KEDAH,KANGAR - ALOR SETAR VIA KUALA SANGLANG,myBas,,,
TERMINAL BAS SHAHAB PERDANA Bus Stop,TERMINAL BAS SHAHAB PERDANA,KANGAR - ALOR SETAR VIA KUALA SANGLANG,myBas,,,
TERMINAL BUKIT LAGI KANGAR Bus Stop,TERMINAL BUKIT LAGI KANGAR,KANGAR - ALOR SETAR VIA JITRA,myBas,,,
KAYANGAN SQUARE KANGAR Bus Stop,KAYANGAN SQUARE KANGAR,KANGAR - ALOR SETAR VIA JITRA,myBas,,,
KOMPLEKS ISLAM PERLIS Bus Stop,KOMPLEKS ISLAM PERLIS,KANGAR - ALOR SETAR VIA JITRA,myBas,,,
HOTEL PUTRA REGENCY Bus Stop,HOTEL PUTRA REGENCY,KANGAR - ALOR SETAR VIA JITRA,myBas,,,
TMN SENA Bus Stop,TMN SENA,KANGAR - ALOR SETAR VIA JITRA,myBas,,,
MASJID REPOH ARAU Bus Stop,MASJID REPOH ARAU,KANGAR - ALOR SETAR VIA JITRA,myBas,,,
TMN SERI PILIHAN Bus Stop,TMN SERI PILIHAN,KANGAR - ALOR SETAR VIA JITRA,myBas,,,
TMN PROGRESIF Bus Stop,TMN PROGRESIF,KANGAR - ALOR SETAR VIA JITRA,myBas,,,
TMN REPOH INDAH/TMN MIDIN INDAH Bus Stop,TMN REPOH INDAH/TMN MIDIN INDAH,KANGAR - ALOR SETAR VIA JITRA,myBas,,,
UNIMAP JEJAWI/SK JEJAWI Bus Stop,UNIMAP JEJAWI/SK JEJAWI,KANGAR - ALOR SETAR VIA JITRA,myBas,,,
MAJLIS PERBANDARAN KANGAR (JEJAWI) Bus Stop,MAJLIS PERBANDARAN KANGAR (JEJAWI),KANGAR - ALOR SETAR VIA JITRA,myBas,,,
MASJID MUHAMMADI CP Bus Stop,MASJID MUHAMMADI CP,KANGAR - ALOR SETAR VIA JITRA,myBas,,,
SMK SYED SIRAJUDDIN CP Bus Stop,SMK SYED SIRAJUDDIN CP,KANGAR - ALOR SETAR VIA JITRA,myBas,,,
ALOR LANCANG/TMN SAUJANA IDAMAN Bus Stop,ALOR LANCANG/TMN SAUJANA IDAMAN,KANGAR - ALOR SETAR VIA JITRA,myBas,,,
UNIVERSITI MALAYSIA PERLIS JEJAWI KANGAR Bus Stop,UNIVERSITI MALAYSIA PERLIS JEJAWI KANGAR,KANGAR - ALOR SETAR VIA JITRA,myBas,,,
SK KUBANG GAJAH Bus Stop,SK KUBANG GAJAH,KANGAR - ALOR SETAR VIA JITRA,myBas,,,
KG KUBANG GAJAH Bus Stop,KG KUBANG GAJAH,KANGAR - ALOR SETAR VIA JITRA,myBas,,,
KG ALOR ARA Bus Stop,KG ALOR ARA,KANGAR - ALOR SETAR VIA JITRA,myBas,,,
BATAS LIKU ARAU Bus Stop,BATAS LIKU ARAU,KANGAR - ALOR SETAR VIA JITRA,myBas,,,
SMK DATO SHEIKH AHMAD cp Bus Stop,SMK DATO SHEIKH AHMAD cp,KANGAR - ALOR SETAR VIA JITRA,myBas,,,
SMA ALMAAD Bus Stop,SMA ALMAAD,KANGAR - ALOR SETAR VIA JITRA,myBas,,,
MAKAM DIRAJA cp Bus Stop,MAKAM DIRAJA cp,KANGAR - ALOR SETAR VIA JITRA,myBas,,,
MEDAN PEKAN ARAU Bus Stop,MEDAN PEKAN ARAU,KANGAR - ALOR SETAR VIA JITRA,myBas,,,
KLINIK DESA GUAR SANJI Bus Stop,KLINIK DESA GUAR SANJI,KANGAR - ALOR SETAR VIA JITRA,myBas,,,
GUAR SANJI Bus Stop,GUAR SANJI,KANGAR - ALOR SETAR VIA JITRA,myBas,,,
TMN JELEMPOK JAYA Bus Stop,TMN JELEMPOK JAYA,KANGAR - ALOR SETAR VIA JITRA,myBas,,,
HUTAN KANDIS Bus Stop,HUTAN KANDIS,KANGAR - ALOR SETAR VIA JITRA,myBas,,,
KG JELOMPOK Bus Stop,KG JELOMPOK,KANGAR - ALOR SETAR VIA JITRA,myBas,,,
SEMPADAN PERLIS-KEDAH Bus Stop,SEMPADAN PERLIS-KEDAH,KANGAR - ALOR SETAR VIA JITRA,myBas,,,
TMN BAHAGIA 2 Bus Stop,TMN BAHAGIA 2,KANGAR - ALOR SETAR VIA JITRA,myBas,,,
SK KODIANG Bus Stop,SK KODIANG,KANGAR - ALOR SETAR VIA JITRA,myBas,,,
KODIANG LAMA Bus Stop,KODIANG LAMA,KANGAR - ALOR SETAR VIA JITRA,myBas,,,
KG KANDIS Bus Stop,KG KANDIS,KANGAR - ALOR SETAR VIA JITRA,myBas,,,
CALTEX Bus Stop,CALTEX,KANGAR - ALOR SETAR VIA JITRA,myBas,,,
KOTA SIPUTEH Bus Stop,KOTA SIPUTEH,KANGAR - ALOR SETAR VIA JITRA,myBas,,,
PADANG SERA Bus Stop,PADANG SERA,KANGAR - ALOR SETAR VIA JITRA,myBas,,,
BHP PADANG SERA Bus Stop,BHP PADANG SERA,KANGAR - ALOR SETAR VIA JITRA,myBas,,,
WAT BOONYARAM Bus Stop,WAT BOONYARAM,KANGAR - ALOR SETAR VIA JITRA,myBas,,,
DEWAN PADANG SERA Bus Stop,DEWAN PADANG SERA,KANGAR - ALOR SETAR VIA JITRA,myBas,,,
MADRASAH NADRAH HASANAH Bus Stop,MADRASAH NADRAH HASANAH,KANGAR - ALOR SETAR VIA JITRA,myBas,,,
MELELE Bus Stop,MELELE,KANGAR - ALOR SETAR VIA JITRA,myBas,,,
KG PUTAT / KG POCHAN Bus Stop,KG PUTAT / KG POCHAN,KANGAR - ALOR SETAR VIA JITRA,myBas,,,
MASJID AL-ISLAH Bus Stop,MASJID AL-ISLAH,KANGAR - ALOR SETAR VIA JITRA,myBas,,,
BATU 20 PERLIS Bus Stop,BATU 20 PERLIS,KANGAR - ALOR SETAR VIA JITRA,myBas,,,
SM SAINS KUBANG PASU Bus Stop,SM SAINS KUBANG PASU,KANGAR - ALOR SETAR VIA JITRA,myBas,,,
CALTEX KG IMAM / MASJID KG IMAM Bus Stop,CALTEX KG IMAM / MASJID KG IMAM,KANGAR - ALOR SETAR VIA JITRA,myBas,,,
BATU 18 PERLIS Bus Stop,BATU 18 PERLIS,KANGAR - ALOR SETAR VIA JITRA,myBas,,,
KILANG PADI JASMINE Bus Stop,KILANG PADI JASMINE,KANGAR - ALOR SETAR VIA JITRA,myBas,,,
PADANG PERAHU Bus Stop,PADANG PERAHU,KANGAR - ALOR SETAR VIA JITRA,myBas,,,
MASJID PADANG PERAHU Bus Stop,MASJID PADANG PERAHU,KANGAR - ALOR SETAR VIA JITRA,myBas,,,
SK PADANG PERAHU Bus Stop,SK PADANG PERAHU,KANGAR - ALOR SETAR VIA JITRA,myBas,,,
KG HUTAN SETALI (1) Bus Stop,KG HUTAN SETALI (1),KANGAR - ALOR SETAR VIA JITRA,myBas,,,
KG HUTAN SETALI (2) Bus Stop,KG HUTAN SETALI (2),KANGAR - ALOR SETAR VIA JITRA,myBas,,,
MADA Bus Stop,MADA,KANGAR - ALOR SETAR VIA JITRA,myBas,,,
JKR BATU 17 Bus Stop,JKR BATU 17,KANGAR - ALOR SETAR VIA JITRA,myBas,,,
KLINIK KESIHATAN TUNJANG Bus Stop,KLINIK KESIHATAN TUNJANG,KANGAR - ALOR SETAR VIA JITRA,myBas,,,
KG LUBUK Bus Stop,KG LUBUK,KANGAR - ALOR SETAR VIA JITRA,myBas,,,
KLINIK TUNJANG Bus Stop,KLINIK TUNJANG,KANGAR - ALOR SETAR VIA JITRA,myBas,,,
PEKAN TUNJANG (1) Bus Stop,PEKAN TUNJANG (1),KANGAR - ALOR SETAR VIA JITRA,myBas,,,
PEKAN TUNJANG (2) Bus Stop,PEKAN TUNJANG (2),KANGAR - ALOR SETAR VIA JITRA,myBas,,,
SK TUNJANG Bus Stop,SK TUNJANG,KANGAR - ALOR SETAR VIA JITRA,myBas,,,
PEJABAT PENGHULU BKT TUNJANG Bus Stop,PEJABAT PENGHULU BKT TUNJANG,KANGAR - ALOR SETAR VIA JITRA,myBas,,,
TMN SERI NYIOR Bus Stop,TMN SERI NYIOR,KANGAR - ALOR SETAR VIA JITRA,myBas,,,
SIMPANG TIGA BEMBAN Bus Stop,SIMPANG TIGA BEMBAN,KANGAR - ALOR SETAR VIA JITRA,myBas,,,
SMK PULAU NYIOR Bus Stop,SMK PULAU NYIOR,KANGAR - ALOR SETAR VIA JITRA,myBas,,,
BATU 14 Bus Stop,BATU 14,KANGAR - ALOR SETAR VIA JITRA,myBas,,,
MASJID PULAU KETAM Bus Stop,MASJID PULAU KETAM,KANGAR - ALOR SETAR VIA JITRA,myBas,,,
KG MANGGOL Bus Stop,KG MANGGOL,KANGAR - ALOR SETAR VIA JITRA,myBas,,,
BERNAS Bus Stop,BERNAS,KANGAR - ALOR SETAR VIA JITRA,myBas,,,
TMN DESA SINARAN Bus Stop,TMN DESA SINARAN,KANGAR - ALOR SETAR VIA JITRA,myBas,,,
MASJID JITRA Bus Stop,MASJID JITRA,KANGAR - ALOR SETAR VIA JITRA,myBas,,,
PEKAN JITRA Bus Stop,PEKAN JITRA,KANGAR - ALOR SETAR VIA JITRA,myBas,,,
TMN SRI CEMPAKA Bus Stop,TMN SRI CEMPAKA,KANGAR - ALOR SETAR VIA JITRA,myBas,,,
TANAH MERAH Bus Stop,TANAH MERAH,KANGAR - ALOR SETAR VIA JITRA,myBas,,,
TNB TANJUNG SEPAH Bus Stop,TNB TANJUNG SEPAH,KANGAR - ALOR SETAR VIA JITRA,myBas,,,
SMK SULTAN ABDUL HALIM Bus Stop,SMK SULTAN ABDUL HALIM,KANGAR - ALOR SETAR VIA JITRA,myBas,,,
KEM SULTAN ABDUL HALIM MUADZAM SHAH Bus Stop,KEM SULTAN ABDUL HALIM MUADZAM SHAH,KANGAR - ALOR SETAR VIA JITRA,myBas,,,
SMK TUNKU ANUM TUNKU ABDUL RAHMAN Bus Stop,SMK TUNKU ANUM TUNKU ABDUL RAHMAN,KANGAR - ALOR SETAR VIA JITRA,myBas,,,
KEM TOK JALAL Bus Stop,KEM TOK JALAL,KANGAR - ALOR SETAR VIA JITRA,myBas,,,
TMN JALAI JAYA Bus Stop,TMN JALAI JAYA,KANGAR - ALOR SETAR VIA JITRA,myBas,,,
PEKAN KEPALA BATAS Bus Stop,PEKAN KEPALA BATAS,KANGAR - ALOR SETAR VIA JITRA,myBas,,,
TUDM KEPALA BATAS Bus Stop,TUDM KEPALA BATAS,KANGAR - ALOR SETAR VIA JITRA,myBas,,,
BIRO TATANEGARA KEPALA BATAS Bus Stop,BIRO TATANEGARA KEPALA BATAS,KANGAR - ALOR SETAR VIA JITRA,myBas,,,
SMA TITI BESI Bus Stop,SMA TITI BESI,KANGAR - ALOR SETAR VIA JITRA,myBas,,,
TITI GAJAH Bus Stop,TITI GAJAH,KANGAR - ALOR SETAR VIA JITRA,myBas,,,
TMN DESA MUTIARA Bus Stop,TMN DESA MUTIARA,KANGAR - ALOR SETAR VIA JITRA,myBas,,,
SK TITI GAJAH Bus Stop,SK TITI GAJAH,KANGAR - ALOR SETAR VIA JITRA,myBas,,,
KG ALOR SENJAYA Bus Stop,KG ALOR SENJAYA,KANGAR - ALOR SETAR VIA JITRA,myBas,,,
MASJID TENGKU INTAN SYAFINAZ Bus Stop,MASJID TENGKU INTAN SYAFINAZ,KANGAR - ALOR SETAR VIA JITRA,myBas,,,
PEJABAT PENGHULU TITI GAJAH / TMN BERLIAN / TMN KANCIL Bus Stop,PEJABAT PENGHULU TITI GAJAH / TMN BERLIAN / TMN KANCIL,KANGAR - ALOR SETAR VIA JITRA,myBas,,,
TMN SELADANG Bus Stop,TMN SELADANG,KANGAR - ALOR SETAR VIA JITRA,myBas,,,
PANTAI JOHOR Bus Stop,PANTAI JOHOR,KANGAR - ALOR SETAR VIA JITRA,myBas,,,
PETRONAS ALOR MERAH / SMK T.A MALIK Bus Stop,PETRONAS ALOR MERAH / SMK T.A MALIK,KANGAR - ALOR SETAR VIA JITRA,myBas,,,
APARTMENT KCS Bus Stop,APARTMENT KCS,KANGAR - ALOR SETAR VIA JITRA,myBas,,,
KEDAH MEDICAL CENTRE Bus Stop,KEDAH MEDICAL CENTRE,KANGAR - ALOR SETAR VIA JITRA,myBas,,,
WISMA DARUL AMAN Bus Stop,WISMA DARUL AMAN,KANGAR - ALOR SETAR VIA JITRA,myBas,,,
Hospital Alor Setar Bus Stop,Hospital Alor Setar,KANGAR - ALOR SETAR VIA JITRA,myBas,,,
STADIUM DARUL AMAN CP Bus Stop,STADIUM DARUL AMAN CP,KANGAR - ALOR SETAR VIA JITRA,myBas,,,
PETRONAS LEBUHRAYA DARUL AMAN Bus Stop,PETRONAS LEBUHRAYA DARUL AMAN,KANGAR - ALOR SETAR VIA JITRA,myBas,,,
WISMA KANCUT Bus Stop,WISMA KANCUT,KANGAR - ALOR SETAR VIA JITRA,myBas,,,
MENARA ALOR SETAR Bus Stop,MENARA ALOR SETAR,KANGAR - ALOR SETAR VIA JITRA,myBas,,,
PEKAN RABU Bus Stop,PEKAN RABU,KANGAR - ALOR SETAR VIA JITRA,myBas,,,
RHB JALAN BADLI SHAH Bus Stop,RHB JALAN BADLI SHAH,KANGAR - ALOR SETAR VIA JITRA,myBas,,,
PEJABAT SADA Bus Stop,PEJABAT SADA,KANGAR - ALOR SETAR VIA JITRA,myBas,,,
WISMA KANCUT 1 Bus Stop,WISMA KANCUT 1,KANGAR - ALOR SETAR VIA JITRA,myBas,,,
PETRONAS LEBUHRAYA DARUL AMAN 1 Bus Stop,PETRONAS LEBUHRAYA DARUL AMAN 1,KANGAR - ALOR SETAR VIA JITRA,myBas,,,
STADIUM DARUL AMAN 1 Bus Stop,STADIUM DARUL AMAN 1,KANGAR - ALOR SETAR VIA JITRA,myBas,,,
HOSPITAL ALOR SETAR 1 Bus Stop,HOSPITAL ALOR SETAR 1,KANGAR - ALOR SETAR VIA JITRA,myBas,,,
SG ANAK BUKIT Bus Stop,SG ANAK BUKIT,KANGAR - ALOR SETAR VIA JITRA,myBas,,,
TMN PANDAN Bus Stop,TMN PANDAN,KANGAR - ALOR SETAR VIA JITRA,myBas,,,
DEWAN TMN WIRA Bus Stop,DEWAN TMN WIRA,KANGAR - ALOR SETAR VIA JITRA,myBas,,,
TMN RAKYAT Bus Stop,TMN RAKYAT,KANGAR - ALOR SETAR VIA JITRA,myBas,,,
TERMINAL BAS SHAHAB PERDANA Bus Stop,TERMINAL BAS SHAHAB PERDANA,KANGAR - ALOR SETAR VIA JITRA,myBas,,,
TERMINAL BAS SHAHAB PERDANA Bus Stop,TERMINAL BAS SHAHAB PERDANA,ALOR SETAR - UUM SINTOK VIA JITRA,myBas,,,
TMN RAKYAT Bus Stop,TMN RAKYAT,ALOR SETAR - UUM SINTOK VIA JITRA,myBas,,,
DEWAN TMN WIRA Bus Stop,DEWAN TMN WIRA,ALOR SETAR - UUM SINTOK VIA JITRA,myBas,,,
TMN PANDAN Bus Stop,TMN PANDAN,ALOR SETAR - UUM SINTOK VIA JITRA,myBas,,,
BANK ISLAM Bus Stop,BANK ISLAM,ALOR SETAR - UUM SINTOK VIA JITRA,myBas,,,
SG ANAK BUKIT Bus Stop,SG ANAK BUKIT,ALOR SETAR - UUM SINTOK VIA JITRA,myBas,,,
Hospital Alor Setar Bus Stop,Hospital Alor Setar,ALOR SETAR - UUM SINTOK VIA JITRA,myBas,,,
KFC STADIUM Bus Stop,KFC STADIUM,ALOR SETAR - UUM SINTOK VIA JITRA,myBas,,,
PEJABAT SADA Bus Stop,PEJABAT SADA,ALOR SETAR - UUM SINTOK VIA JITRA,myBas,,,
RHB JALAN BADLI SHAH Bus Stop,RHB JALAN BADLI SHAH,ALOR SETAR - UUM SINTOK VIA JITRA,myBas,,,
PEKAN RABU Bus Stop,PEKAN RABU,ALOR SETAR - UUM SINTOK VIA JITRA,myBas,,,
SMK SULTANAH ASMAA Bus Stop,SMK SULTANAH ASMAA,ALOR SETAR - UUM SINTOK VIA JITRA,myBas,,,
MASJID AL BUKHARI Bus Stop,MASJID AL BUKHARI,ALOR SETAR - UUM SINTOK VIA JITRA,myBas,,,
GIANT Bus Stop,GIANT,ALOR SETAR - UUM SINTOK VIA JITRA,myBas,,,
TMN JAYA Bus Stop,TMN JAYA,ALOR SETAR - UUM SINTOK VIA JITRA,myBas,,,
ALOR MALAI Bus Stop,ALOR MALAI,ALOR SETAR - UUM SINTOK VIA JITRA,myBas,,,
TMN HIDAYAH Bus Stop,TMN HIDAYAH,ALOR SETAR - UUM SINTOK VIA JITRA,myBas,,,
SMK HUTAN KAMPONG Bus Stop,SMK HUTAN KAMPONG,ALOR SETAR - UUM SINTOK VIA JITRA,myBas,,,
TMN MAWAR Bus Stop,TMN MAWAR,ALOR SETAR - UUM SINTOK VIA JITRA,myBas,,,
TMN CAHAYA Bus Stop,TMN CAHAYA,ALOR SETAR - UUM SINTOK VIA JITRA,myBas,,,
PASAR BASAH HUTAN KG Bus Stop,PASAR BASAH HUTAN KG,ALOR SETAR - UUM SINTOK VIA JITRA,myBas,,,
SK BOHOR Bus Stop,SK BOHOR,ALOR SETAR - UUM SINTOK VIA JITRA,myBas,,,
SMK KEPALA BATAS Bus Stop,SMK KEPALA BATAS,ALOR SETAR - UUM SINTOK VIA JITRA,myBas,,,
KRAFTANGAN MALAYSA KEDAH Bus Stop,KRAFTANGAN MALAYSA KEDAH,ALOR SETAR - UUM SINTOK VIA JITRA,myBas,,,
KOLEJ TUDM Bus Stop,KOLEJ TUDM,ALOR SETAR - UUM SINTOK VIA JITRA,myBas,,,
TUDM KEPALA BATAS Bus Stop,TUDM KEPALA BATAS,ALOR SETAR - UUM SINTOK VIA JITRA,myBas,,,
PEKAN KEPALA BATAS Bus Stop,PEKAN KEPALA BATAS,ALOR SETAR - UUM SINTOK VIA JITRA,myBas,,,
TMN JALAI JAYA Bus Stop,TMN JALAI JAYA,ALOR SETAR - UUM SINTOK VIA JITRA,myBas,,,
KEM TOK JALAL Bus Stop,KEM TOK JALAL,ALOR SETAR - UUM SINTOK VIA JITRA,myBas,,,
SMK TUNKU ANUM TUNKU ABDUL RAHMAN Bus Stop,SMK TUNKU ANUM TUNKU ABDUL RAHMAN,ALOR SETAR - UUM SINTOK VIA JITRA,myBas,,,
KEM SULTAN ABDUL HALIM MUADZAM SHAH Bus Stop,KEM SULTAN ABDUL HALIM MUADZAM SHAH,ALOR SETAR - UUM SINTOK VIA JITRA,myBas,,,
SMK SULTAN ABDUL HALIM Bus Stop,SMK SULTAN ABDUL HALIM,ALOR SETAR - UUM SINTOK VIA JITRA,myBas,,,
TNB TANJUNG SEPAH Bus Stop,TNB TANJUNG SEPAH,ALOR SETAR - UUM SINTOK VIA JITRA,myBas,,,
TANAH MERAH Bus Stop,TANAH MERAH,ALOR SETAR - UUM SINTOK VIA JITRA,myBas,,,
YAWATA Bus Stop,YAWATA,ALOR SETAR - UUM SINTOK VIA JITRA,myBas,,,
SMK JITRA Bus Stop,SMK JITRA,ALOR SETAR - UUM SINTOK VIA JITRA,myBas,,,
SMK SERI MAHAWANGSA Bus Stop,SMK SERI MAHAWANGSA,ALOR SETAR - UUM SINTOK VIA JITRA,myBas,,,
HOSPITAL JITRA Bus Stop,HOSPITAL JITRA,ALOR SETAR - UUM SINTOK VIA JITRA,myBas,,,
MASJID SHARIFAH FATIMAH Bus Stop,MASJID SHARIFAH FATIMAH,ALOR SETAR - UUM SINTOK VIA JITRA,myBas,,,
SMK PAYA KEMUNTING Bus Stop,SMK PAYA KEMUNTING,ALOR SETAR - UUM SINTOK VIA JITRA,myBas,,,
DEWAN WAWASAN Bus Stop,DEWAN WAWASAN,ALOR SETAR - UUM SINTOK VIA JITRA,myBas,,,
GANO Bus Stop,GANO,ALOR SETAR - UUM SINTOK VIA JITRA,myBas,,,
ASON Bus Stop,ASON,ALOR SETAR - UUM SINTOK VIA JITRA,myBas,,,
55 CAFE Bus Stop,55 CAFE,ALOR SETAR - UUM SINTOK VIA JITRA,myBas,,,
SK HOSBA Bus Stop,SK HOSBA,ALOR SETAR - UUM SINTOK VIA JITRA,myBas,,,
RTC Bus Stop,RTC,ALOR SETAR - UUM SINTOK VIA JITRA,myBas,,,
HOSBA Bus Stop,HOSBA,ALOR SETAR - UUM SINTOK VIA JITRA,myBas,,,
TMN JELUTUNG Bus Stop,TMN JELUTUNG,ALOR SETAR - UUM SINTOK VIA JITRA,myBas,,,
SIMPANG JENALIK Bus Stop,SIMPANG JENALIK,ALOR SETAR - UUM SINTOK VIA JITRA,myBas,,,
SMK CHANGLOON Bus Stop,SMK CHANGLOON,ALOR SETAR - UUM SINTOK VIA JITRA,myBas,,,
KLINIK KESIHATAN Bus Stop,KLINIK KESIHATAN,ALOR SETAR - UUM SINTOK VIA JITRA,myBas,,,
TERMINAL CHANGLOON Bus Stop,TERMINAL CHANGLOON,ALOR SETAR - UUM SINTOK VIA JITRA,myBas,,,
TMN SERI MENANTI Bus Stop,TMN SERI MENANTI,ALOR SETAR - UUM SINTOK VIA JITRA,myBas,,,
TMN PENAGA Bus Stop,TMN PENAGA,ALOR SETAR - UUM SINTOK VIA JITRA,myBas,,,
KG TOK KASSIM Bus Stop,KG TOK KASSIM,ALOR SETAR - UUM SINTOK VIA JITRA,myBas,,,
TMN UNIVERSITI Bus Stop,TMN UNIVERSITI,ALOR SETAR - UUM SINTOK VIA JITRA,myBas,,,
SEK BANDAR BARU SINTOK Bus Stop,SEK BANDAR BARU SINTOK,ALOR SETAR - UUM SINTOK VIA JITRA,myBas,,,
EDC UUM Bus Stop,EDC UUM,ALOR SETAR - UUM SINTOK VIA JITRA,myBas,,,
HENTIAN UUM SINTOK Bus Stop,HENTIAN UUM SINTOK,ALOR SETAR - UUM SINTOK VIA JITRA,myBas,,,
TERMINAL BUKIT LAGI KANGAR Bus Stop,TERMINAL BUKIT LAGI KANGAR,KANGAR - KILANG GULA,myBas,,,
KAYANGAN SQUARE KANGAR Bus Stop,KAYANGAN SQUARE KANGAR,KANGAR - KILANG GULA,myBas,,,
KOMPLEKS ISLAM PERLIS Bus Stop,KOMPLEKS ISLAM PERLIS,KANGAR - KILANG GULA,myBas,,,
PUTRA REGENCY Bus Stop,PUTRA REGENCY,KANGAR - KILANG GULA,myBas,,,
INSTITUT PERGURUAN Bus Stop,INSTITUT PERGURUAN,KANGAR - KILANG GULA,myBas,,,
KOLEJ JURURAWAT Bus Stop,KOLEJ JURURAWAT,KANGAR - KILANG GULA,myBas,,,
UNIMAP BIO PROSES Bus Stop,UNIMAP BIO PROSES,KANGAR - KILANG GULA,myBas,,,
JPJ JEJAWI Bus Stop,JPJ JEJAWI,KANGAR - KILANG GULA,myBas,,,
SEK JEJAWI Bus Stop,SEK JEJAWI,KANGAR - KILANG GULA,myBas,,,
KOMPLEKS PENYAYANG DR SITI HASMAH Bus Stop,KOMPLEKS PENYAYANG DR SITI HASMAH,KANGAR - KILANG GULA,myBas,,,
NGULANG SELATAN Bus Stop,NGULANG SELATAN,KANGAR - KILANG GULA,myBas,,,
MASJID ISLAH Bus Stop,MASJID ISLAH,KANGAR - KILANG GULA,myBas,,,
MASJID IBNU SINA PERAWAN DATO KAYAMAN Bus Stop,MASJID IBNU SINA PERAWAN DATO KAYAMAN,KANGAR - KILANG GULA,myBas,,,
SEK DATO KAYAMAN Bus Stop,SEK DATO KAYAMAN,KANGAR - KILANG GULA,myBas,,,
TMN EMAS Bus Stop,TMN EMAS,KANGAR - KILANG GULA,myBas,,,
MASJID BUKIT KETERI Bus Stop,MASJID BUKIT KETERI,KANGAR - KILANG GULA,myBas,,,
SMK DATO JAAFAR HASSAN Bus Stop,SMK DATO JAAFAR HASSAN,KANGAR - KILANG GULA,myBas,,,
BUKIT JERNIH Bus Stop,BUKIT JERNIH,KANGAR - KILANG GULA,myBas,,,
UPP CHUPING Bus Stop,UPP CHUPING,KANGAR - KILANG GULA,myBas,,,
SIMPANG KILANG GULA Bus Stop,SIMPANG KILANG GULA,KANGAR - KILANG GULA,myBas,,,
SEK BATU BERTANGKUP Bus Stop,SEK BATU BERTANGKUP,KANGAR - KILANG GULA,myBas,,,
KG BATU BERTANGKUP Bus Stop,KG BATU BERTANGKUP,KANGAR - KILANG GULA,myBas,,,
MASJID AL HUSNI BATU BERTANGKUP Bus Stop,MASJID AL HUSNI BATU BERTANGKUP,KANGAR - KILANG GULA,myBas,,,
KG SG SERAI Bus Stop,KG SG SERAI,KANGAR - KILANG GULA,myBas,,,
KG BARU LUBUK MACHANG Bus Stop,KG BARU LUBUK MACHANG,KANGAR - KILANG GULA,myBas,,,
KILANG GULA KANGAR Bus Stop,KILANG GULA KANGAR,KANGAR - KILANG GULA,myBas,,,
KPJ KANGAR Bus Stop,KPJ KANGAR,KANGAR - KILANG GULA,myBas,,,
Hentian Masjid Alwi Bus Stop,Hentian Masjid Alwi,KANGAR - KILANG GULA,myBas,,,
Hentian Seberang Institut Pendidikan Guru Perlis Bus Stop,Hentian Seberang Institut Pendidikan Guru Perlis,KANGAR - KILANG GULA,myBas,,,
Hentian Puspakom Arau Bus Stop,Hentian Puspakom Arau,KANGAR - KILANG GULA,myBas,,,
Hentian Timur Sek Keb Jejawi Bus Stop,Hentian Timur Sek Keb Jejawi,KANGAR - KILANG GULA,myBas,,,
Hentian Simpang SRITI Al Furqan Bus Stop,Hentian Simpang SRITI Al Furqan,KANGAR - KILANG GULA,myBas,,,
Hentian SK Dato Kayaman Bus Stop,Hentian SK Dato Kayaman,KANGAR - KILANG GULA,myBas,,,
Hentian Selatan SMK Dato Jaafar Hassan Bus Stop,Hentian Selatan SMK Dato Jaafar Hassan,KANGAR - KILANG GULA,myBas,,,
Hentian Pintu Utama SMK Dato Jaafar Hassan Bus Stop,Hentian Pintu Utama SMK Dato Jaafar Hassan,KANGAR - KILANG GULA,myBas,,,
HENTIAN OPPOSITE BUKIT JERNIH Bus Stop,HENTIAN OPPOSITE BUKIT JERNIH,KANGAR - KILANG GULA,myBas,,,
Hentian Simpang Kilang Gula Bus Stop,Hentian Simpang Kilang Gula,KANGAR - KILANG GULA,myBas,,,
Hentian SK Batu Bertangkup Bus Stop,Hentian SK Batu Bertangkup,KANGAR - KILANG GULA,myBas,,,
MASJID AL HUSNI BATU BERTANGKUP JLN KILANG GULA Bus Stop,MASJID AL HUSNI BATU BERTANGKUP JLN KILANG GULA,KANGAR - KILANG GULA,myBas,,,
Hentian Pondok Polis Chuping Bus Stop,Hentian Pondok Polis Chuping,KANGAR - KILANG GULA,myBas,,,
Hentian Kilang Gula MSM Utama Bus Stop,Hentian Kilang Gula MSM Utama,KANGAR - KILANG GULA,myBas,,,
HENTIAN PERUMAHAN KILANG GULA Bus Stop,HENTIAN PERUMAHAN KILANG GULA,KANGAR - KILANG GULA,myBas,,,
LAMAN PELANGI BUKIT JERNIH KANGAR Bus Stop,LAMAN PELANGI BUKIT JERNIH KANGAR,KANGAR - KILANG GULA,myBas,,,
TERMINAL BUKIT LAGI Bus Stop,TERMINAL BUKIT LAGI,TERMINAL BUKIT LAGI - FELDA CHUPING,myBas,,,
KAYANGAN SQUARE Bus Stop,KAYANGAN SQUARE,TERMINAL BUKIT LAGI - FELDA CHUPING,myBas,,,
HOTEL PUTRA REGENCY PERLIS Bus Stop,HOTEL PUTRA REGENCY PERLIS,TERMINAL BUKIT LAGI - FELDA CHUPING,myBas,,,
TMN SENA / TMN SIMPANG TIGA Bus Stop,TMN SENA / TMN SIMPANG TIGA,TERMINAL BUKIT LAGI - FELDA CHUPING,myBas,,,
MASJID REPOH Bus Stop,MASJID REPOH,TERMINAL BUKIT LAGI - FELDA CHUPING,myBas,,,
TMN REPOH INDAH / TMN MIDIN INDAH Bus Stop,TMN REPOH INDAH / TMN MIDIN INDAH,TERMINAL BUKIT LAGI - FELDA CHUPING,myBas,,,
MASJID MUHAMMADI Bus Stop,MASJID MUHAMMADI,TERMINAL BUKIT LAGI - FELDA CHUPING,myBas,,,
UNIVERSITI MALAYSIA PERLIS JEJAWI Bus Stop,UNIVERSITI MALAYSIA PERLIS JEJAWI,TERMINAL BUKIT LAGI - FELDA CHUPING,myBas,,,
SK KUBANG GAJAH / ALOR ARA Bus Stop,SK KUBANG GAJAH / ALOR ARA,TERMINAL BUKIT LAGI - FELDA CHUPING,myBas,,,
BATAS LIKU Bus Stop,BATAS LIKU,TERMINAL BUKIT LAGI - FELDA CHUPING,myBas,,,
SMK DATO SHEIKH AHMAD Bus Stop,SMK DATO SHEIKH AHMAD,TERMINAL BUKIT LAGI - FELDA CHUPING,myBas,,,
TMN BUNGA KEKWA Bus Stop,TMN BUNGA KEKWA,TERMINAL BUKIT LAGI - FELDA CHUPING,myBas,,,
SIMPANG KOLEJ MATRIKULASI ARAU Bus Stop,SIMPANG KOLEJ MATRIKULASI ARAU,TERMINAL BUKIT LAGI - FELDA CHUPING,myBas,,,
PINTU KOLEJ MATRIKULASI ARAU Bus Stop,PINTU KOLEJ MATRIKULASI ARAU,TERMINAL BUKIT LAGI - FELDA CHUPING,myBas,,,
TAMAN SRI WANG Bus Stop,TAMAN SRI WANG,TERMINAL BUKIT LAGI - FELDA CHUPING,myBas,,,
PINTU B UITM ARAU Bus Stop,PINTU B UITM ARAU,TERMINAL BUKIT LAGI - FELDA CHUPING,myBas,,,
PADANG BERINGIN Bus Stop,PADANG BERINGIN,TERMINAL BUKIT LAGI - FELDA CHUPING,myBas,,,
ANJUNG SISWA Bus Stop,ANJUNG SISWA,TERMINAL BUKIT LAGI - FELDA CHUPING,myBas,,,
KAFE MANGGA Bus Stop,KAFE MANGGA,TERMINAL BUKIT LAGI - FELDA CHUPING,myBas,,,
KOMPLEKS SUKAN UITM ARAU Bus Stop,KOMPLEKS SUKAN UITM ARAU,TERMINAL BUKIT LAGI - FELDA CHUPING,myBas,,,
PINTU A UITM ARAU Bus Stop,PINTU A UITM ARAU,TERMINAL BUKIT LAGI - FELDA CHUPING,myBas,,,
SIMPANG PINTU A UITM ARAU Bus Stop,SIMPANG PINTU A UITM ARAU,TERMINAL BUKIT LAGI - FELDA CHUPING,myBas,,,
TMN PADANG NYU 1 Bus Stop,TMN PADANG NYU 1,TERMINAL BUKIT LAGI - FELDA CHUPING,myBas,,,
MASJID ASSOBIRIN Bus Stop,MASJID ASSOBIRIN,TERMINAL BUKIT LAGI - FELDA CHUPING,myBas,,,
RUMAH KANAK-KANAK ARAU Bus Stop,RUMAH KANAK-KANAK ARAU,TERMINAL BUKIT LAGI - FELDA CHUPING,myBas,,,
SK GUAR NANGKA / KG BARU GUAR NANGKA Bus Stop,SK GUAR NANGKA / KG BARU GUAR NANGKA,TERMINAL BUKIT LAGI - FELDA CHUPING,myBas,,,
SIMPANG PENJARA DAN PUSAT KOREKSIONAL PERLIS Bus Stop,SIMPANG PENJARA DAN PUSAT KOREKSIONAL PERLIS,TERMINAL BUKIT LAGI - FELDA CHUPING,myBas,,,
PAYA BURMA Bus Stop,PAYA BURMA,TERMINAL BUKIT LAGI - FELDA CHUPING,myBas,,,
KG KOK KLANG Bus Stop,KG KOK KLANG,TERMINAL BUKIT LAGI - FELDA CHUPING,myBas,,,
KG BARU KOK KLANG Bus Stop,KG BARU KOK KLANG,TERMINAL BUKIT LAGI - FELDA CHUPING,myBas,,,
FELDA CHUPING Bus Stop,FELDA CHUPING,TERMINAL BUKIT LAGI - FELDA CHUPING,myBas,,,
HENTIAN MASJID NURUL HUDA Bus Stop,HENTIAN MASJID NURUL HUDA,TERMINAL BUKIT LAGI - FELDA CHUPING,myBas,,,
KTM PADANG BESAR A Bus Stop,KTM PADANG BESAR A,TERMINAL PADANG BESAR-KAKI BUKIT-TERMINAL PADANG BESAR,myBas,,,
HUB PADANG BESAR 1A Bus Stop,HUB PADANG BESAR 1A,TERMINAL PADANG BESAR-KAKI BUKIT-TERMINAL PADANG BESAR,myBas,,,
HUB PADANG BESAR 2A Bus Stop,HUB PADANG BESAR 2A,TERMINAL PADANG BESAR-KAKI BUKIT-TERMINAL PADANG BESAR,myBas,,,
TAMAN KASTAM 2 Bus Stop,TAMAN KASTAM 2,TERMINAL PADANG BESAR-KAKI BUKIT-TERMINAL PADANG BESAR,myBas,,,
TAMAN KASTAM 3 Bus Stop,TAMAN KASTAM 3,TERMINAL PADANG BESAR-KAKI BUKIT-TERMINAL PADANG BESAR,myBas,,,
KLINIK KK PADANG BESAR Bus Stop,KLINIK KK PADANG BESAR,TERMINAL PADANG BESAR-KAKI BUKIT-TERMINAL PADANG BESAR,myBas,,,
KOK MAK Bus Stop,KOK MAK,TERMINAL PADANG BESAR-KAKI BUKIT-TERMINAL PADANG BESAR,myBas,,,
MASJID OSMANIAH Bus Stop,MASJID OSMANIAH,TERMINAL PADANG BESAR-KAKI BUKIT-TERMINAL PADANG BESAR,myBas,,,
LADANG BURUNG UNTA Bus Stop,LADANG BURUNG UNTA,TERMINAL PADANG BESAR-KAKI BUKIT-TERMINAL PADANG BESAR,myBas,,,
SIMPANG FELDA MATA AIR Bus Stop,SIMPANG FELDA MATA AIR,TERMINAL PADANG BESAR-KAKI BUKIT-TERMINAL PADANG BESAR,myBas,,,
KAMPUNG SENA DALAM Bus Stop,KAMPUNG SENA DALAM,TERMINAL PADANG BESAR-KAKI BUKIT-TERMINAL PADANG BESAR,myBas,,,
PUSAT VETERINAR Bus Stop,PUSAT VETERINAR,TERMINAL PADANG BESAR-KAKI BUKIT-TERMINAL PADANG BESAR,myBas,,,
KAMPUNG KESINAI Bus Stop,KAMPUNG KESINAI,TERMINAL PADANG BESAR-KAKI BUKIT-TERMINAL PADANG BESAR,myBas,,,
KAMPUNG SERI KESINAI Bus Stop,KAMPUNG SERI KESINAI,TERMINAL PADANG BESAR-KAKI BUKIT-TERMINAL PADANG BESAR,myBas,,,
KAMPUNG TITI ULU Bus Stop,KAMPUNG TITI ULU,TERMINAL PADANG BESAR-KAKI BUKIT-TERMINAL PADANG BESAR,myBas,,,
UNICITI Bus Stop,UNICITI,TERMINAL PADANG BESAR-KAKI BUKIT-TERMINAL PADANG BESAR,myBas,,,
KG BARU 1 Bus Stop,KG BARU 1,TERMINAL PADANG BESAR-KAKI BUKIT-TERMINAL PADANG BESAR,myBas,,,
KG BARU 2 Bus Stop,KG BARU 2,TERMINAL PADANG BESAR-KAKI BUKIT-TERMINAL PADANG BESAR,myBas,,,
MASJID AL-NUR / KG BARU 3 Bus Stop,MASJID AL-NUR / KG BARU 3,TERMINAL PADANG BESAR-KAKI BUKIT-TERMINAL PADANG BESAR,myBas,,,
KG SERI AMAN Bus Stop,KG SERI AMAN,TERMINAL PADANG BESAR-KAKI BUKIT-TERMINAL PADANG BESAR,myBas,,,
FELCRA LUBUK SIREH Bus Stop,FELCRA LUBUK SIREH,TERMINAL PADANG BESAR-KAKI BUKIT-TERMINAL PADANG BESAR,myBas,,,
SMK RAJA PUAN MUDA TENGKU FAUZIAH Bus Stop,SMK RAJA PUAN MUDA TENGKU FAUZIAH,TERMINAL PADANG BESAR-KAKI BUKIT-TERMINAL PADANG BESAR,myBas,,,
MASJID JABAL AL- ALA Bus Stop,MASJID JABAL AL- ALA,TERMINAL PADANG BESAR-KAKI BUKIT-TERMINAL PADANG BESAR,myBas,,,
BATU 15A Bus Stop,BATU 15A,TERMINAL PADANG BESAR-KAKI BUKIT-TERMINAL PADANG BESAR,myBas,,,
KLINIK KESIHATAN KAKI BUKIT Bus Stop,KLINIK KESIHATAN KAKI BUKIT,TERMINAL PADANG BESAR-KAKI BUKIT-TERMINAL PADANG BESAR,myBas,,,
BATU 15A OPP Bus Stop,BATU 15A OPP,TERMINAL PADANG BESAR-KAKI BUKIT-TERMINAL PADANG BESAR,myBas,,,
MASJID JABAL AL- ALA OPP Bus Stop,MASJID JABAL AL- ALA OPP,TERMINAL PADANG BESAR-KAKI BUKIT-TERMINAL PADANG BESAR,myBas,,,
SMK RAJA PUAN MUDA TENGKU FAUZIAH OPP Bus Stop,SMK RAJA PUAN MUDA TENGKU FAUZIAH OPP,TERMINAL PADANG BESAR-KAKI BUKIT-TERMINAL PADANG BESAR,myBas,,,
FELCRA LUBUK SIREH OPP Bus Stop,FELCRA LUBUK SIREH OPP,TERMINAL PADANG BESAR-KAKI BUKIT-TERMINAL PADANG BESAR,myBas,,,
KG SERI AMAN OPP Bus Stop,KG SERI AMAN OPP,TERMINAL PADANG BESAR-KAKI BUKIT-TERMINAL PADANG BESAR,myBas,,,
MASJID AL-NUR / KG BARU 3 OPP Bus Stop,MASJID AL-NUR / KG BARU 3 OPP,TERMINAL PADANG BESAR-KAKI BUKIT-TERMINAL PADANG BESAR,myBas,,,
KG BARU 2 OPP Bus Stop,KG BARU 2 OPP,TERMINAL PADANG BESAR-KAKI BUKIT-TERMINAL PADANG BESAR,myBas,,,
KG BARU 1 OPP Bus Stop,KG BARU 1 OPP,TERMINAL PADANG BESAR-KAKI BUKIT-TERMINAL PADANG BESAR,myBas,,,
UNICITI OPP Bus Stop,UNICITI OPP,TERMINAL PADANG BESAR-KAKI BUKIT-TERMINAL PADANG BESAR,myBas,,,
KAMPUNG TITI ULU OPP Bus Stop,KAMPUNG TITI ULU OPP,TERMINAL PADANG BESAR-KAKI BUKIT-TERMINAL PADANG BESAR,myBas,,,
KAMPUNG SERI KESINAI OPP Bus Stop,KAMPUNG SERI KESINAI OPP,TERMINAL PADANG BESAR-KAKI BUKIT-TERMINAL PADANG BESAR,myBas,,,
KAMPUNG KESINAI OPP Bus Stop,KAMPUNG KESINAI OPP,TERMINAL PADANG BESAR-KAKI BUKIT-TERMINAL PADANG BESAR,myBas,,,
PUSAT VETERINAR OPP Bus Stop,PUSAT VETERINAR OPP,TERMINAL PADANG BESAR-KAKI BUKIT-TERMINAL PADANG BESAR,myBas,,,
KAMPUNG SENA DALAM OPP Bus Stop,KAMPUNG SENA DALAM OPP,TERMINAL PADANG BESAR-KAKI BUKIT-TERMINAL PADANG BESAR,myBas,,,
SIMPANG FELDA MATA AIR OPP Bus Stop,SIMPANG FELDA MATA AIR OPP,TERMINAL PADANG BESAR-KAKI BUKIT-TERMINAL PADANG BESAR,myBas,,,
LADANG BURUNG UNTA OPP Bus Stop,LADANG BURUNG UNTA OPP,TERMINAL PADANG BESAR-KAKI BUKIT-TERMINAL PADANG BESAR,myBas,,,
MASJID OSMANIAH OPP Bus Stop,MASJID OSMANIAH OPP,TERMINAL PADANG BESAR-KAKI BUKIT-TERMINAL PADANG BESAR,myBas,,,
KOK MAK OPP Bus Stop,KOK MAK OPP,TERMINAL PADANG BESAR-KAKI BUKIT-TERMINAL PADANG BESAR,myBas,,,
TAMAN KASTAM 3 OPP Bus Stop,TAMAN KASTAM 3 OPP,TERMINAL PADANG BESAR-KAKI BUKIT-TERMINAL PADANG BESAR,myBas,,,
TAMAN KASTAM 2 OPP Bus Stop,TAMAN KASTAM 2 OPP,TERMINAL PADANG BESAR-KAKI BUKIT-TERMINAL PADANG BESAR,myBas,,,
HUB PADANG BESAR 1B Bus Stop,HUB PADANG BESAR 1B,TERMINAL PADANG BESAR-KAKI BUKIT-TERMINAL PADANG BESAR,myBas,,,
HUB PADANG BESAR 2B Bus Stop,HUB PADANG BESAR 2B,TERMINAL PADANG BESAR-KAKI BUKIT-TERMINAL PADANG BESAR,myBas,,,
KTM PADANG BESAR B Bus Stop,KTM PADANG BESAR B,TERMINAL PADANG BESAR-KAKI BUKIT-TERMINAL PADANG BESAR,myBas,,,
STESEN BAS KOTA BHARU Bus Stop,STESEN BAS KOTA BHARU,KOTA BHARU - PENGKALAN CHEPA,myBas,,,
KEDAI UNIFI KELANTAN Bus Stop,KEDAI UNIFI KELANTAN,KOTA BHARU - PENGKALAN CHEPA,myBas,,,
NAGOYA Bus Stop,NAGOYA,KOTA BHARU - PENGKALAN CHEPA,myBas,,,
WISMA KDRM / ROYAL THAI CONSULATE GENERAL Bus Stop,WISMA KDRM / ROYAL THAI CONSULATE GENERAL,KOTA BHARU - PENGKALAN CHEPA,myBas,,,
MAAHAD MUHAMMADI LELAKI Bus Stop,MAAHAD MUHAMMADI LELAKI,KOTA BHARU - PENGKALAN CHEPA,myBas,,,
KLINIK DARULNAIM Bus Stop,KLINIK DARULNAIM,KOTA BHARU - PENGKALAN CHEPA,myBas,,,
TANJUNG MAS Bus Stop,TANJUNG MAS,KOTA BHARU - PENGKALAN CHEPA,myBas,,,
TAMAN UDA MURNI Bus Stop,TAMAN UDA MURNI,KOTA BHARU - PENGKALAN CHEPA,myBas,,,
KG GAYONG PENGKALAN CHEPA Bus Stop,KG GAYONG PENGKALAN CHEPA,KOTA BHARU - PENGKALAN CHEPA,myBas,,,
KFC PENGKALAN CHEPA DRIVE THRU Bus Stop,KFC PENGKALAN CHEPA DRIVE THRU,KOTA BHARU - PENGKALAN CHEPA,myBas,,,
SASABELL BEAUTY HQ Bus Stop,SASABELL BEAUTY HQ,KOTA BHARU - PENGKALAN CHEPA,myBas,,,
FOOD VILLAGE RESTAURANT Bus Stop,FOOD VILLAGE RESTAURANT,KOTA BHARU - PENGKALAN CHEPA,myBas,,,
LORONG MASJID AL KAROMAH Bus Stop,LORONG MASJID AL KAROMAH,KOTA BHARU - PENGKALAN CHEPA,myBas,,,
KG BAUNG Bus Stop,KG BAUNG,KOTA BHARU - PENGKALAN CHEPA,myBas,,,
SHELL KG BAUNG Bus Stop,SHELL KG BAUNG,KOTA BHARU - PENGKALAN CHEPA,myBas,,,
PASAR TOK GURU Bus Stop,PASAR TOK GURU,KOTA BHARU - PENGKALAN CHEPA,myBas,,,
CHABANG TIGA Bus Stop,CHABANG TIGA,KOTA BHARU - PENGKALAN CHEPA,myBas,,,
SMK PENGKALAN CHEPA Bus Stop,SMK PENGKALAN CHEPA,KOTA BHARU - PENGKALAN CHEPA,myBas,,,
IPG KOTA BHARU Bus Stop,IPG KOTA BHARU,KOTA BHARU - PENGKALAN CHEPA,myBas,,,
JALAN PADANG GOLF Bus Stop,JALAN PADANG GOLF,KOTA BHARU - PENGKALAN CHEPA,myBas,,,
TAMAN KURNIA JAYA 1 Bus Stop,TAMAN KURNIA JAYA 1,KOTA BHARU - PENGKALAN CHEPA,myBas,,,
TAMAN KURNIA JAYA 2 Bus Stop,TAMAN KURNIA JAYA 2,KOTA BHARU - PENGKALAN CHEPA,myBas,,,
SMS TENGKU MUHAMMAD FARIS PETRA Bus Stop,SMS TENGKU MUHAMMAD FARIS PETRA,KOTA BHARU - PENGKALAN CHEPA,myBas,,,
SMK PENGKALAN CHEPA 2 Bus Stop,SMK PENGKALAN CHEPA 2,KOTA BHARU - PENGKALAN CHEPA,myBas,,,
MRSM PENGKALAN CHEPA Bus Stop,MRSM PENGKALAN CHEPA,KOTA BHARU - PENGKALAN CHEPA,myBas,,,
IPD KOTA BHARU Bus Stop,IPD KOTA BHARU,KOTA BHARU - PENGKALAN CHEPA,myBas,,,
MASJID TOK HAJI YAHYA Bus Stop,MASJID TOK HAJI YAHYA,KOTA BHARU - PENGKALAN CHEPA,myBas,,,
TAMAN DESA KEMUMIN Bus Stop,TAMAN DESA KEMUMIN,KOTA BHARU - PENGKALAN CHEPA,myBas,,,
TAMAN BINARAYA Bus Stop,TAMAN BINARAYA,KOTA BHARU - PENGKALAN CHEPA,myBas,,,
TAMAN MEMORIAL Bus Stop,TAMAN MEMORIAL,KOTA BHARU - PENGKALAN CHEPA,myBas,,,
KAWASAN PERINDUSTRIAN PENGKALAN CHEPA Bus Stop,KAWASAN PERINDUSTRIAN PENGKALAN CHEPA,KOTA BHARU - PENGKALAN CHEPA,myBas,,,
TAMAN KEMUMIN PENGKALAN CHEPA Bus Stop,TAMAN KEMUMIN PENGKALAN CHEPA,KOTA BHARU - PENGKALAN CHEPA,myBas,,,
PADANG GARONG Bus Stop,PADANG GARONG,KOTA BHARU - PENGKALAN CHEPA,myBas,,,
SK PADANG GARONG Bus Stop,SK PADANG GARONG,KOTA BHARU - PENGKALAN CHEPA,myBas,,,
KELANTAN STATE MUSEUM Bus Stop,KELANTAN STATE MUSEUM,KOTA BHARU - PENGKALAN CHEPA,myBas,,,
STESEN BAS KOTA BHARU Bus Stop,STESEN BAS KOTA BHARU,KOTA BHARU - SABAK VIA KEMUMIN,myBas,,,
KEDAI UNIFI KELANTAN Bus Stop,KEDAI UNIFI KELANTAN,KOTA BHARU - SABAK VIA KEMUMIN,myBas,,,
AMANAH SAHAM NASIONAL BERHAD Bus Stop,AMANAH SAHAM NASIONAL BERHAD,KOTA BHARU - SABAK VIA KEMUMIN,myBas,,,
DATARAN CHENG HO Bus Stop,DATARAN CHENG HO,KOTA BHARU - SABAK VIA KEMUMIN,myBas,,,
SHELL JALAN KEBUN SULTAN Bus Stop,SHELL JALAN KEBUN SULTAN,KOTA BHARU - SABAK VIA KEMUMIN,myBas,,,
SMK KOTA BHARU Bus Stop,SMK KOTA BHARU,KOTA BHARU - SABAK VIA KEMUMIN,myBas,,,
RESTORAN SATAY MALAYSIA Bus Stop,RESTORAN SATAY MALAYSIA,KOTA BHARU - SABAK VIA KEMUMIN,myBas,,,
MAAHAD MUHAMMADI LELAKI Bus Stop,MAAHAD MUHAMMADI LELAKI,KOTA BHARU - SABAK VIA KEMUMIN,myBas,,,
KLINIK DARULNAIM Bus Stop,KLINIK DARULNAIM,KOTA BHARU - SABAK VIA KEMUMIN,myBas,,,
TANJUNG MAS 2 Bus Stop,TANJUNG MAS 2,KOTA BHARU - SABAK VIA KEMUMIN,myBas,,,
SRA TENGKU AMALIN AISHAH PUTRI Bus Stop,SRA TENGKU AMALIN AISHAH PUTRI,KOTA BHARU - SABAK VIA KEMUMIN,myBas,,,
SK SERI CHEMPAKA Bus Stop,SK SERI CHEMPAKA,KOTA BHARU - SABAK VIA KEMUMIN,myBas,,,
KG RAMBUTAN RENDANG Bus Stop,KG RAMBUTAN RENDANG,KOTA BHARU - SABAK VIA KEMUMIN,myBas,,,
KG CHEMPAKA Bus Stop,KG CHEMPAKA,KOTA BHARU - SABAK VIA KEMUMIN,myBas,,,
KG BERIS LANJUT Bus Stop,KG BERIS LANJUT,KOTA BHARU - SABAK VIA KEMUMIN,myBas,,,
WISMA SINAR Bus Stop,WISMA SINAR,KOTA BHARU - SABAK VIA KEMUMIN,myBas,,,
KG BERIS LANJUT 2 Bus Stop,KG BERIS LANJUT 2,KOTA BHARU - SABAK VIA KEMUMIN,myBas,,,
KEBUN NUR IMAN Bus Stop,KEBUN NUR IMAN,KOTA BHARU - SABAK VIA KEMUMIN,myBas,,,
PANJI Bus Stop,PANJI,KOTA BHARU - SABAK VIA KEMUMIN,myBas,,,
KG PANCHOR Bus Stop,KG PANCHOR,KOTA BHARU - SABAK VIA KEMUMIN,myBas,,,
KG KEMUMIN Bus Stop,KG KEMUMIN,KOTA BHARU - SABAK VIA KEMUMIN,myBas,,,
SMK KEMUMIN Bus Stop,SMK KEMUMIN,KOTA BHARU - SABAK VIA KEMUMIN,myBas,,,
KLINIK DESA KEMUMIN Bus Stop,KLINIK DESA KEMUMIN,KOTA BHARU - SABAK VIA KEMUMIN,myBas,,,
RESTORAN DSARI AIRPORT Bus Stop,RESTORAN DSARI AIRPORT,KOTA BHARU - SABAK VIA KEMUMIN,myBas,,,
KELANTAN POLO & RIDING CLUB Bus Stop,KELANTAN POLO & RIDING CLUB,KOTA BHARU - SABAK VIA KEMUMIN,myBas,,,
TEBING TINGGI Bus Stop,TEBING TINGGI,KOTA BHARU - SABAK VIA KEMUMIN,myBas,,,
SABAK COFFEE HOUSE Bus Stop,SABAK COFFEE HOUSE,KOTA BHARU - SABAK VIA KEMUMIN,myBas,,,
KG PENGKALAN TOK KASIM Bus Stop,KG PENGKALAN TOK KASIM,KOTA BHARU - SABAK VIA KEMUMIN,myBas,,,
PADANG GARONG Bus Stop,PADANG GARONG,KOTA BHARU - SABAK VIA KEMUMIN,myBas,,,
SK PADANG GARONG Bus Stop,SK PADANG GARONG,KOTA BHARU - SABAK VIA KEMUMIN,myBas,,,
KELANTAN STATE MUSEUM Bus Stop,KELANTAN STATE MUSEUM,KOTA BHARU - SABAK VIA KEMUMIN,myBas,,,
STESEN BAS KOTA BHARU Bus Stop,STESEN BAS KOTA BHARU,KOTA BHARU - SABAK VIA LAPANGAN TERBANG,myBas,,,
KEDAI UNIFI KELANTAN Bus Stop,KEDAI UNIFI KELANTAN,KOTA BHARU - SABAK VIA LAPANGAN TERBANG,myBas,,,
AMANAH SAHAM NASIONAL BERHAD Bus Stop,AMANAH SAHAM NASIONAL BERHAD,KOTA BHARU - SABAK VIA LAPANGAN TERBANG,myBas,,,
DATARAN CHENG HO Bus Stop,DATARAN CHENG HO,KOTA BHARU - SABAK VIA LAPANGAN TERBANG,myBas,,,
SHELL JALAN KEBUN SULTAN Bus Stop,SHELL JALAN KEBUN SULTAN,KOTA BHARU - SABAK VIA LAPANGAN TERBANG,myBas,,,
PANDAMART KOTA BHARU Bus Stop,PANDAMART KOTA BHARU,KOTA BHARU - SABAK VIA LAPANGAN TERBANG,myBas,,,
MASJID RITHAUDEEN WAKAF MEK ZAINAB Bus Stop,MASJID RITHAUDEEN WAKAF MEK ZAINAB,KOTA BHARU - SABAK VIA LAPANGAN TERBANG,myBas,,,
TAMAN PERBANDARAN TENGKU ANIS Bus Stop,TAMAN PERBANDARAN TENGKU ANIS,KOTA BHARU - SABAK VIA LAPANGAN TERBANG,myBas,,,
SMK TANJUNG MAS Bus Stop,SMK TANJUNG MAS,KOTA BHARU - SABAK VIA LAPANGAN TERBANG,myBas,,,
KOLEJ TEKNOLOGI DARULNAIM Bus Stop,KOLEJ TEKNOLOGI DARULNAIM,KOTA BHARU - SABAK VIA LAPANGAN TERBANG,myBas,,,
TAMAN UDA MURNI Bus Stop,TAMAN UDA MURNI,KOTA BHARU - SABAK VIA LAPANGAN TERBANG,myBas,,,
KG GAYONG PENGKALAN CHEPA Bus Stop,KG GAYONG PENGKALAN CHEPA,KOTA BHARU - SABAK VIA LAPANGAN TERBANG,myBas,,,
KFC PENGKALAN CHEPA DRIVE THRU Bus Stop,KFC PENGKALAN CHEPA DRIVE THRU,KOTA BHARU - SABAK VIA LAPANGAN TERBANG,myBas,,,
SASABELL BEAUTY HQ Bus Stop,SASABELL BEAUTY HQ,KOTA BHARU - SABAK VIA LAPANGAN TERBANG,myBas,,,
FOOD VILLAGE RESTAURANT Bus Stop,FOOD VILLAGE RESTAURANT,KOTA BHARU - SABAK VIA LAPANGAN TERBANG,myBas,,,
LORONG MASJID AL KAROMAH Bus Stop,LORONG MASJID AL KAROMAH,KOTA BHARU - SABAK VIA LAPANGAN TERBANG,myBas,,,
KG BAUNG Bus Stop,KG BAUNG,KOTA BHARU - SABAK VIA LAPANGAN TERBANG,myBas,,,
SHELL KG BAUNG Bus Stop,SHELL KG BAUNG,KOTA BHARU - SABAK VIA LAPANGAN TERBANG,myBas,,,
PASAR TOK GURU Bus Stop,PASAR TOK GURU,KOTA BHARU - SABAK VIA LAPANGAN TERBANG,myBas,,,
CHABANG TIGA Bus Stop,CHABANG TIGA,KOTA BHARU - SABAK VIA LAPANGAN TERBANG,myBas,,,
PERNAMA PENGKALAN CHEPA Bus Stop,PERNAMA PENGKALAN CHEPA,KOTA BHARU - SABAK VIA LAPANGAN TERBANG,myBas,,,
LAPANGAN TERBANG SULTAN ISMAIL PETRA Bus Stop,LAPANGAN TERBANG SULTAN ISMAIL PETRA,KOTA BHARU - SABAK VIA LAPANGAN TERBANG,myBas,,,
TAMAN SERI PENGKALAN CHEPA Bus Stop,TAMAN SERI PENGKALAN CHEPA,KOTA BHARU - SABAK VIA LAPANGAN TERBANG,myBas,,,
CAAM KOTA BHARU Bus Stop,CAAM KOTA BHARU,KOTA BHARU - SABAK VIA LAPANGAN TERBANG,myBas,,,
PEJABAT PENGGAWA DAERAH KEMUMIN Bus Stop,PEJABAT PENGGAWA DAERAH KEMUMIN,KOTA BHARU - SABAK VIA LAPANGAN TERBANG,myBas,,,
KG TOK KAYA Bus Stop,KG TOK KAYA,KOTA BHARU - SABAK VIA LAPANGAN TERBANG,myBas,,,
SK PARANG PUTING Bus Stop,SK PARANG PUTING,KOTA BHARU - SABAK VIA LAPANGAN TERBANG,myBas,,,
TELUK KITANG Bus Stop,TELUK KITANG,KOTA BHARU - SABAK VIA LAPANGAN TERBANG,myBas,,,
AGRO BAZAAR KEDAI RAKYART Bus Stop,AGRO BAZAAR KEDAI RAKYART,KOTA BHARU - SABAK VIA LAPANGAN TERBANG,myBas,,,
TEBING TINGGI 2 Bus Stop,TEBING TINGGI 2,KOTA BHARU - SABAK VIA LAPANGAN TERBANG,myBas,,,
SABAK COFFEE HOUSE Bus Stop,SABAK COFFEE HOUSE,KOTA BHARU - SABAK VIA LAPANGAN TERBANG,myBas,,,
KG PENGKALAN TOK KASIM Bus Stop,KG PENGKALAN TOK KASIM,KOTA BHARU - SABAK VIA LAPANGAN TERBANG,myBas,,,
PADANG GARONG Bus Stop,PADANG GARONG,KOTA BHARU - SABAK VIA LAPANGAN TERBANG,myBas,,,
SK PADANG GARONG Bus Stop,SK PADANG GARONG,KOTA BHARU - SABAK VIA LAPANGAN TERBANG,myBas,,,
KELANTAN STATE MUSEUM Bus Stop,KELANTAN STATE MUSEUM,KOTA BHARU - SABAK VIA LAPANGAN TERBANG,myBas,,,
STESEN BAS KOTA BHARU Bus Stop,STESEN BAS KOTA BHARU,KOTA BHARU - PANTAI CAHAYA BULAN,myBas,,,
KEDAI UNIFI KELANTAN Bus Stop,KEDAI UNIFI KELANTAN,KOTA BHARU - PANTAI CAHAYA BULAN,myBas,,,
AMANAH SAHAM NASIONAL BERHAD Bus Stop,AMANAH SAHAM NASIONAL BERHAD,KOTA BHARU - PANTAI CAHAYA BULAN,myBas,,,
DATARAN CHENG HO Bus Stop,DATARAN CHENG HO,KOTA BHARU - PANTAI CAHAYA BULAN,myBas,,,
MAAHAD MUHAMMADI PEREMPUAN Bus Stop,MAAHAD MUHAMMADI PEREMPUAN,KOTA BHARU - PANTAI CAHAYA BULAN,myBas,,,
MASJID MUHAMMADI Bus Stop,MASJID MUHAMMADI,KOTA BHARU - PANTAI CAHAYA BULAN,myBas,,,
SMJK CHUNG HWA Bus Stop,SMJK CHUNG HWA,KOTA BHARU - PANTAI CAHAYA BULAN,myBas,,,
GOK KAPOR Bus Stop,GOK KAPOR,KOTA BHARU - PANTAI CAHAYA BULAN,myBas,,,
SK PENAMBANG Bus Stop,SK PENAMBANG,KOTA BHARU - PANTAI CAHAYA BULAN,myBas,,,
SMK PENAMBANG Bus Stop,SMK PENAMBANG,KOTA BHARU - PANTAI CAHAYA BULAN,myBas,,,
KG TIKAT Bus Stop,KG TIKAT,KOTA BHARU - PANTAI CAHAYA BULAN,myBas,,,
SULTAN ISMAIL PETRA MOSQUE Bus Stop,SULTAN ISMAIL PETRA MOSQUE,KOTA BHARU - PANTAI CAHAYA BULAN,myBas,,,
AZRA INN Bus Stop,AZRA INN,KOTA BHARU - PANTAI CAHAYA BULAN,myBas,,,
KG KIJANG Bus Stop,KG KIJANG,KOTA BHARU - PANTAI CAHAYA BULAN,myBas,,,
MASJID AL AMIN KG KIJANG Bus Stop,MASJID AL AMIN KG KIJANG,KOTA BHARU - PANTAI CAHAYA BULAN,myBas,,,
KG BADANG Bus Stop,KG BADANG,KOTA BHARU - PANTAI CAHAYA BULAN,myBas,,,
MASJID AL MUNIR KG BADANG Bus Stop,MASJID AL MUNIR KG BADANG,KOTA BHARU - PANTAI CAHAYA BULAN,myBas,,,
SK CIK DERIS Bus Stop,SK CIK DERIS,KOTA BHARU - PANTAI CAHAYA BULAN,myBas,,,
KK BADANG Bus Stop,KK BADANG,KOTA BHARU - PANTAI CAHAYA BULAN,myBas,,,
PANTAI TIMOR PCB Bus Stop,PANTAI TIMOR PCB,KOTA BHARU - PANTAI CAHAYA BULAN,myBas,,,
MARISSA BATIK Bus Stop,MARISSA BATIK,KOTA BHARU - PANTAI CAHAYA BULAN,myBas,,,
SK SEMUT API Bus Stop,SK SEMUT API,KOTA BHARU - PANTAI CAHAYA BULAN,myBas,,,
PANTAI CAHAYA BULAN Bus Stop,PANTAI CAHAYA BULAN,KOTA BHARU - PANTAI CAHAYA BULAN,myBas,,,
STESEN BAS KOTA BHARU Bus Stop,STESEN BAS KOTA BHARU,KOTA BHARU - PENGKALAN KUBOR VIA CHABANG EMPAT,myBas,,,
PADANG GARONG Bus Stop,PADANG GARONG,KOTA BHARU - PENGKALAN KUBOR VIA CHABANG EMPAT,myBas,,,
SK PADANG GARONG Bus Stop,SK PADANG GARONG,KOTA BHARU - PENGKALAN KUBOR VIA CHABANG EMPAT,myBas,,,
KELANTAN STATE MUSEUM Bus Stop,KELANTAN STATE MUSEUM,KOTA BHARU - PENGKALAN KUBOR VIA CHABANG EMPAT,myBas,,,
BAZAR TOK GURU Bus Stop,BAZAR TOK GURU,KOTA BHARU - PENGKALAN KUBOR VIA CHABANG EMPAT,myBas,,,
PEJABAT POS KOTA BHARU Bus Stop,PEJABAT POS KOTA BHARU,KOTA BHARU - PENGKALAN KUBOR VIA CHABANG EMPAT,myBas,,,
RESIDENSI TROIKA Bus Stop,RESIDENSI TROIKA,KOTA BHARU - PENGKALAN KUBOR VIA CHABANG EMPAT,myBas,,,
KB MALL Bus Stop,KB MALL,KOTA BHARU - PENGKALAN KUBOR VIA CHABANG EMPAT,myBas,,,
ONE BUTTON SOLUTION SDN BHD Bus Stop,ONE BUTTON SOLUTION SDN BHD,KOTA BHARU - PENGKALAN KUBOR VIA CHABANG EMPAT,myBas,,,
HOMESTAY KBCC KOTA BHARU Bus Stop,HOMESTAY KBCC KOTA BHARU,KOTA BHARU - PENGKALAN KUBOR VIA CHABANG EMPAT,myBas,,,
PETRONAS PASIR PEKAN Bus Stop,PETRONAS PASIR PEKAN,KOTA BHARU - PENGKALAN KUBOR VIA CHABANG EMPAT,myBas,,,
SK PASIR PEKAN Bus Stop,SK PASIR PEKAN,KOTA BHARU - PENGKALAN KUBOR VIA CHABANG EMPAT,myBas,,,
SMKA FALAHIAN / PASIR PEKAN Bus Stop,SMKA FALAHIAN / PASIR PEKAN,KOTA BHARU - PENGKALAN KUBOR VIA CHABANG EMPAT,myBas,,,
SHELL WAKAF BHARU Bus Stop,SHELL WAKAF BHARU,KOTA BHARU - PENGKALAN KUBOR VIA CHABANG EMPAT,myBas,,,
PEJABAT POS WAKAF BHARU Bus Stop,PEJABAT POS WAKAF BHARU,KOTA BHARU - PENGKALAN KUBOR VIA CHABANG EMPAT,myBas,,,
WAKAF BHARU Bus Stop,WAKAF BHARU,KOTA BHARU - PENGKALAN KUBOR VIA CHABANG EMPAT,myBas,,,
SK WAKAF BHARU Bus Stop,SK WAKAF BHARU,KOTA BHARU - PENGKALAN KUBOR VIA CHABANG EMPAT,myBas,,,
KG BELUKAR WAKAF BHARU Bus Stop,KG BELUKAR WAKAF BHARU,KOTA BHARU - PENGKALAN KUBOR VIA CHABANG EMPAT,myBas,,,
TAMAN KASTURI Bus Stop,TAMAN KASTURI,KOTA BHARU - PENGKALAN KUBOR VIA CHABANG EMPAT,myBas,,,
SK KUBANG BATANG Bus Stop,SK KUBANG BATANG,KOTA BHARU - PENGKALAN KUBOR VIA CHABANG EMPAT,myBas,,,
KG KUBANG BATANG Bus Stop,KG KUBANG BATANG,KOTA BHARU - PENGKALAN KUBOR VIA CHABANG EMPAT,myBas,,,
PETRON CHABANG EMPAT Bus Stop,PETRON CHABANG EMPAT,KOTA BHARU - PENGKALAN KUBOR VIA CHABANG EMPAT,myBas,,,
SK TARBIYAH Bus Stop,SK TARBIYAH,KOTA BHARU - PENGKALAN KUBOR VIA CHABANG EMPAT,myBas,,,
SMK CHABANG EMPAT Bus Stop,SMK CHABANG EMPAT,KOTA BHARU - PENGKALAN KUBOR VIA CHABANG EMPAT,myBas,,,
KG PASIR PUTEH Bus Stop,KG PASIR PUTEH,KOTA BHARU - PENGKALAN KUBOR VIA CHABANG EMPAT,myBas,,,
KG KUBANG PANJANG Bus Stop,KG KUBANG PANJANG,KOTA BHARU - PENGKALAN KUBOR VIA CHABANG EMPAT,myBas,,,
KG TELAGA BATA Bus Stop,KG TELAGA BATA,KOTA BHARU - PENGKALAN KUBOR VIA CHABANG EMPAT,myBas,,,
SK BUNOHAN Bus Stop,SK BUNOHAN,KOTA BHARU - PENGKALAN KUBOR VIA CHABANG EMPAT,myBas,,,
KG JUBAKAR Bus Stop,KG JUBAKAR,KOTA BHARU - PENGKALAN KUBOR VIA CHABANG EMPAT,myBas,,,
KG BAROH KOK PAUH Bus Stop,KG BAROH KOK PAUH,KOTA BHARU - PENGKALAN KUBOR VIA CHABANG EMPAT,myBas,,,
KG PAUH SEBANJAR Bus Stop,KG PAUH SEBANJAR,KOTA BHARU - PENGKALAN KUBOR VIA CHABANG EMPAT,myBas,,,
SK SRI NETING Bus Stop,SK SRI NETING,KOTA BHARU - PENGKALAN KUBOR VIA CHABANG EMPAT,myBas,,,
SHELL NETING Bus Stop,SHELL NETING,KOTA BHARU - PENGKALAN KUBOR VIA CHABANG EMPAT,myBas,,,
MASJID AS-SOMADI Bus Stop,MASJID AS-SOMADI,KOTA BHARU - PENGKALAN KUBOR VIA CHABANG EMPAT,myBas,,,
KG KETIL Bus Stop,KG KETIL,KOTA BHARU - PENGKALAN KUBOR VIA CHABANG EMPAT,myBas,,,
PEJABAT POS PENGKALAN KUBOR Bus Stop,PEJABAT POS PENGKALAN KUBOR,KOTA BHARU - PENGKALAN KUBOR VIA CHABANG EMPAT,myBas,,,
SK PENGKALAN KUBOR Bus Stop,SK PENGKALAN KUBOR,KOTA BHARU - PENGKALAN KUBOR VIA CHABANG EMPAT,myBas,,,
PENGKALAN KUBOR Bus Stop,PENGKALAN KUBOR,KOTA BHARU - PENGKALAN KUBOR VIA CHABANG EMPAT,myBas,,,
STESEN BAS KOTA BHARU Bus Stop,STESEN BAS KOTA BHARU,KOTA BHARU - PENGKALAN KUBOR VIA TUMPAT,myBas,,,
PADANG GARONG Bus Stop,PADANG GARONG,KOTA BHARU - PENGKALAN KUBOR VIA TUMPAT,myBas,,,
SK PADANG GARONG Bus Stop,SK PADANG GARONG,KOTA BHARU - PENGKALAN KUBOR VIA TUMPAT,myBas,,,
KELANTAN STATE MUSEUM Bus Stop,KELANTAN STATE MUSEUM,KOTA BHARU - PENGKALAN KUBOR VIA TUMPAT,myBas,,,
BAZAR TOK GURU Bus Stop,BAZAR TOK GURU,KOTA BHARU - PENGKALAN KUBOR VIA TUMPAT,myBas,,,
PEJABAT POS KOTA BHARU Bus Stop,PEJABAT POS KOTA BHARU,KOTA BHARU - PENGKALAN KUBOR VIA TUMPAT,myBas,,,
RESIDENSI TROIKA Bus Stop,RESIDENSI TROIKA,KOTA BHARU - PENGKALAN KUBOR VIA TUMPAT,myBas,,,
KB MALL Bus Stop,KB MALL,KOTA BHARU - PENGKALAN KUBOR VIA TUMPAT,myBas,,,
ONE BUTTON SOLUTION SDN BHD Bus Stop,ONE BUTTON SOLUTION SDN BHD,KOTA BHARU - PENGKALAN KUBOR VIA TUMPAT,myBas,,,
HOMESTAY KBCC KOTA BHARU Bus Stop,HOMESTAY KBCC KOTA BHARU,KOTA BHARU - PENGKALAN KUBOR VIA TUMPAT,myBas,,,
PETRONAS PASIR PEKAN Bus Stop,PETRONAS PASIR PEKAN,KOTA BHARU - PENGKALAN KUBOR VIA TUMPAT,myBas,,,
SK PASIR PEKAN Bus Stop,SK PASIR PEKAN,KOTA BHARU - PENGKALAN KUBOR VIA TUMPAT,myBas,,,
SMKA FALAHIAN / PASIR PEKAN Bus Stop,SMKA FALAHIAN / PASIR PEKAN,KOTA BHARU - PENGKALAN KUBOR VIA TUMPAT,myBas,,,
SHELL WAKAF BHARU Bus Stop,SHELL WAKAF BHARU,KOTA BHARU - PENGKALAN KUBOR VIA TUMPAT,myBas,,,
MADRASAH KG PALOH LUAR Bus Stop,MADRASAH KG PALOH LUAR,KOTA BHARU - PENGKALAN KUBOR VIA TUMPAT,myBas,,,
MASJID AL AMANIAH Bus Stop,MASJID AL AMANIAH,KOTA BHARU - PENGKALAN KUBOR VIA TUMPAT,myBas,,,
MASJID AZIZ AL HADI Bus Stop,MASJID AZIZ AL HADI,KOTA BHARU - PENGKALAN KUBOR VIA TUMPAT,myBas,,,
SK BERANGAN 1 Bus Stop,SK BERANGAN 1,KOTA BHARU - PENGKALAN KUBOR VIA TUMPAT,myBas,,,
MAAHAD MUHAMMADI TUMPAT Bus Stop,MAAHAD MUHAMMADI TUMPAT,KOTA BHARU - PENGKALAN KUBOR VIA TUMPAT,myBas,,,
WAT PHIKULTHONG Bus Stop,WAT PHIKULTHONG,KOTA BHARU - PENGKALAN KUBOR VIA TUMPAT,myBas,,,
KK TUMPAT Bus Stop,KK TUMPAT,KOTA BHARU - PENGKALAN KUBOR VIA TUMPAT,myBas,,,
KTM TUMPAT Bus Stop,KTM TUMPAT,KOTA BHARU - PENGKALAN KUBOR VIA TUMPAT,myBas,,,
SK SERI TUMPAT 1 Bus Stop,SK SERI TUMPAT 1,KOTA BHARU - PENGKALAN KUBOR VIA TUMPAT,myBas,,,
SK SRI TUMPAT 2 Bus Stop,SK SRI TUMPAT 2,KOTA BHARU - PENGKALAN KUBOR VIA TUMPAT,myBas,,,
KG JUBAKAR PANTAI Bus Stop,KG JUBAKAR PANTAI,KOTA BHARU - PENGKALAN KUBOR VIA TUMPAT,myBas,,,
SK SG TAPANG Bus Stop,SK SG TAPANG,KOTA BHARU - PENGKALAN KUBOR VIA TUMPAT,myBas,,,
SENANGIN RESORT Bus Stop,SENANGIN RESORT,KOTA BHARU - PENGKALAN KUBOR VIA TUMPAT,myBas,,,
GIATMARA TUMPAT Bus Stop,GIATMARA TUMPAT,KOTA BHARU - PENGKALAN KUBOR VIA TUMPAT,myBas,,,
SMK GETING Bus Stop,SMK GETING,KOTA BHARU - PENGKALAN KUBOR VIA TUMPAT,myBas,,,
MASJID AS-SOMADI Bus Stop,MASJID AS-SOMADI,KOTA BHARU - PENGKALAN KUBOR VIA TUMPAT,myBas,,,
KG KETIL Bus Stop,KG KETIL,KOTA BHARU - PENGKALAN KUBOR VIA TUMPAT,myBas,,,
PEJABAT POS PENGKALAN KUBOR Bus Stop,PEJABAT POS PENGKALAN KUBOR,KOTA BHARU - PENGKALAN KUBOR VIA TUMPAT,myBas,,,
SK PENGKALAN KUBOR Bus Stop,SK PENGKALAN KUBOR,KOTA BHARU - PENGKALAN KUBOR VIA TUMPAT,myBas,,,
PENGKALAN KUBOR Bus Stop,PENGKALAN KUBOR,KOTA BHARU - PENGKALAN KUBOR VIA TUMPAT,myBas,,,
STESEN BAS KOTA BHARU Bus Stop,STESEN BAS KOTA BHARU,KOTA BHARU - PASIR MAS VIA SALOR,myBas,,,
PADANG GARONG Bus Stop,PADANG GARONG,KOTA BHARU - PASIR MAS VIA SALOR,myBas,,,
SK PADANG GARONG Bus Stop,SK PADANG GARONG,KOTA BHARU - PASIR MAS VIA SALOR,myBas,,,
KELANTAN STATE MUSEUM Bus Stop,KELANTAN STATE MUSEUM,KOTA BHARU - PASIR MAS VIA SALOR,myBas,,,
BAZAR TOK GURU Bus Stop,BAZAR TOK GURU,KOTA BHARU - PASIR MAS VIA SALOR,myBas,,,
PEJABAT POS KOTA BHARU Bus Stop,PEJABAT POS KOTA BHARU,KOTA BHARU - PASIR MAS VIA SALOR,myBas,,,
RESIDENSI TROIKA Bus Stop,RESIDENSI TROIKA,KOTA BHARU - PASIR MAS VIA SALOR,myBas,,,
KB MALL Bus Stop,KB MALL,KOTA BHARU - PASIR MAS VIA SALOR,myBas,,,
KEDIAMAN IMIGRESEN Bus Stop,KEDIAMAN IMIGRESEN,KOTA BHARU - PASIR MAS VIA SALOR,myBas,,,
PEJABAT PERIKANAN Bus Stop,PEJABAT PERIKANAN,KOTA BHARU - PASIR MAS VIA SALOR,myBas,,,
JKR NEGERI KELANTAN Bus Stop,JKR NEGERI KELANTAN,KOTA BHARU - PASIR MAS VIA SALOR,myBas,,,
PETRONAS JALAN KUALA KRAI Bus Stop,PETRONAS JALAN KUALA KRAI,KOTA BHARU - PASIR MAS VIA SALOR,myBas,,,
BATU 2 Bus Stop,BATU 2,KOTA BHARU - PASIR MAS VIA SALOR,myBas,,,
KG BUNUT PAYONG 1 Bus Stop,KG BUNUT PAYONG 1,KOTA BHARU - PASIR MAS VIA SALOR,myBas,,,
KG BUNUT PAYONG 2 Bus Stop,KG BUNUT PAYONG 2,KOTA BHARU - PASIR MAS VIA SALOR,myBas,,,
BATU 3 Bus Stop,BATU 3,KOTA BHARU - PASIR MAS VIA SALOR,myBas,,,
WISMA SERI NILAM WAKAF CHE YEH Bus Stop,WISMA SERI NILAM WAKAF CHE YEH,KOTA BHARU - PASIR MAS VIA SALOR,myBas,,,
WAKAF CHE YEH Bus Stop,WAKAF CHE YEH,KOTA BHARU - PASIR MAS VIA SALOR,myBas,,,
RTM Bus Stop,RTM,KOTA BHARU - PASIR MAS VIA SALOR,myBas,,,
SK SERI KOTA Bus Stop,SK SERI KOTA,KOTA BHARU - PASIR MAS VIA SALOR,myBas,,,
PANTAI TIMOR SERI KOTA Bus Stop,PANTAI TIMOR SERI KOTA,KOTA BHARU - PASIR MAS VIA SALOR,myBas,,,
KG KOTA 1 Bus Stop,KG KOTA 1,KOTA BHARU - PASIR MAS VIA SALOR,myBas,,,
KG KOTA 2 Bus Stop,KG KOTA 2,KOTA BHARU - PASIR MAS VIA SALOR,myBas,,,
KEDAI RUNCIT MUWARA Bus Stop,KEDAI RUNCIT MUWARA,KOTA BHARU - PASIR MAS VIA SALOR,myBas,,,
KG GAUNG Bus Stop,KG GAUNG,KOTA BHARU - PASIR MAS VIA SALOR,myBas,,,
KG PENDEK Bus Stop,KG PENDEK,KOTA BHARU - PASIR MAS VIA SALOR,myBas,,,
SK PENDEK Bus Stop,SK PENDEK,KOTA BHARU - PASIR MAS VIA SALOR,myBas,,,
MASJID PENDEK Bus Stop,MASJID PENDEK,KOTA BHARU - PASIR MAS VIA SALOR,myBas,,,
KK PENDEK Bus Stop,KK PENDEK,KOTA BHARU - PASIR MAS VIA SALOR,myBas,,,
DARUL NISWAH DUN SALOR Bus Stop,DARUL NISWAH DUN SALOR,KOTA BHARU - PASIR MAS VIA SALOR,myBas,,,
MASJID KAMAL HASSAN Bus Stop,MASJID KAMAL HASSAN,KOTA BHARU - PASIR MAS VIA SALOR,myBas,,,
KG CHABANG TIGA PENDEK Bus Stop,KG CHABANG TIGA PENDEK,KOTA BHARU - PASIR MAS VIA SALOR,myBas,,,
KG TELUK KANDIS Bus Stop,KG TELUK KANDIS,KOTA BHARU - PASIR MAS VIA SALOR,myBas,,,
MASJID NURUL HUDA Bus Stop,MASJID NURUL HUDA,KOTA BHARU - PASIR MAS VIA SALOR,myBas,,,
KG GERTAK LEMBU Bus Stop,KG GERTAK LEMBU,KOTA BHARU - PASIR MAS VIA SALOR,myBas,,,
MADRASAH POHON SAGU Bus Stop,MADRASAH POHON SAGU,KOTA BHARU - PASIR MAS VIA SALOR,myBas,,,
KG JERULONG Bus Stop,KG JERULONG,KOTA BHARU - PASIR MAS VIA SALOR,myBas,,,
SMK SALOR Bus Stop,SMK SALOR,KOTA BHARU - PASIR MAS VIA SALOR,myBas,,,
PONDOK POLIS SALOR Bus Stop,PONDOK POLIS SALOR,KOTA BHARU - PASIR MAS VIA SALOR,myBas,,,
MASJID MAHMUD Bus Stop,MASJID MAHMUD,KOTA BHARU - PASIR MAS VIA SALOR,myBas,,,
KG DATO’ Bus Stop,KG DATO’,KOTA BHARU - PASIR MAS VIA SALOR,myBas,,,
KG PARIT CINA Bus Stop,KG PARIT CINA,KOTA BHARU - PASIR MAS VIA SALOR,myBas,,,
MB GUESTHOUSE Bus Stop,MB GUESTHOUSE,KOTA BHARU - PASIR MAS VIA SALOR,myBas,,,
KG GUA Bus Stop,KG GUA,KOTA BHARU - PASIR MAS VIA SALOR,myBas,,,
KG BARU 1 Bus Stop,KG BARU 1,KOTA BHARU - PASIR MAS VIA SALOR,myBas,,,
KG BARU 2 Bus Stop,KG BARU 2,KOTA BHARU - PASIR MAS VIA SALOR,myBas,,,
MADRASAH AS SAADAH Bus Stop,MADRASAH AS SAADAH,KOTA BHARU - PASIR MAS VIA SALOR,myBas,,,
KG SEBERANG PASIR MAS Bus Stop,KG SEBERANG PASIR MAS,KOTA BHARU - PASIR MAS VIA SALOR,myBas,,,
PETRON SALOR Bus Stop,PETRON SALOR,KOTA BHARU - PASIR MAS VIA SALOR,myBas,,,
PETRONAS PASIR MAS Bus Stop,PETRONAS PASIR MAS,KOTA BHARU - PASIR MAS VIA SALOR,myBas,,,
JPN PASIR MAS Bus Stop,JPN PASIR MAS,KOTA BHARU - PASIR MAS VIA SALOR,myBas,,,
SJKC YOK ENG Bus Stop,SJKC YOK ENG,KOTA BHARU - PASIR MAS VIA SALOR,myBas,,,
PASIR MAS Bus Stop,PASIR MAS,KOTA BHARU - PASIR MAS VIA SALOR,myBas,,,
HENTIAN OPPOSITE SJKC YOK ENG Bus Stop,HENTIAN OPPOSITE SJKC YOK ENG,KOTA BHARU - PASIR MAS VIA SALOR,myBas,,,
HENTIAN OPPOSITE JPN PASIR MAS Bus Stop,HENTIAN OPPOSITE JPN PASIR MAS,KOTA BHARU - PASIR MAS VIA SALOR,myBas,,,
HENTIAN OPPOSITE PETRONAS PASIR MAS Bus Stop,HENTIAN OPPOSITE PETRONAS PASIR MAS,KOTA BHARU - PASIR MAS VIA SALOR,myBas,,,
KOMPLEKS MAHKAMAH PASIR MAS Bus Stop,KOMPLEKS MAHKAMAH PASIR MAS,KOTA BHARU - PASIR MAS VIA SALOR,myBas,,,
TERMINAL BAS TASEK RAJA PASIR MAS Bus Stop,TERMINAL BAS TASEK RAJA PASIR MAS,KOTA BHARU - PASIR MAS VIA SALOR,myBas,,,
STESEN BAS KOTA BHARU Bus Stop,STESEN BAS KOTA BHARU,KOTA BHARU - MERANTI,myBas,,,
PADANG GARONG Bus Stop,PADANG GARONG,KOTA BHARU - MERANTI,myBas,,,
SK PADANG GARONG Bus Stop,SK PADANG GARONG,KOTA BHARU - MERANTI,myBas,,,
KELANTAN STATE MUSEUM Bus Stop,KELANTAN STATE MUSEUM,KOTA BHARU - MERANTI,myBas,,,
BAZAR TOK GURU Bus Stop,BAZAR TOK GURU,KOTA BHARU - MERANTI,myBas,,,
PEJABAT POS KOTA BHARU Bus Stop,PEJABAT POS KOTA BHARU,KOTA BHARU - MERANTI,myBas,,,
RESIDENSI TROIKA Bus Stop,RESIDENSI TROIKA,KOTA BHARU - MERANTI,myBas,,,
KB MALL Bus Stop,KB MALL,KOTA BHARU - MERANTI,myBas,,,
ONE BUTTON SOLUTION SDN BHD Bus Stop,ONE BUTTON SOLUTION SDN BHD,KOTA BHARU - MERANTI,myBas,,,
HOMESTAY KBCC KOTA BHARU Bus Stop,HOMESTAY KBCC KOTA BHARU,KOTA BHARU - MERANTI,myBas,,,
PETRONAS PASIR PEKAN Bus Stop,PETRONAS PASIR PEKAN,KOTA BHARU - MERANTI,myBas,,,
SK PASIR PEKAN Bus Stop,SK PASIR PEKAN,KOTA BHARU - MERANTI,myBas,,,
SMKA FALAHIAN / PASIR PEKAN Bus Stop,SMKA FALAHIAN / PASIR PEKAN,KOTA BHARU - MERANTI,myBas,,,
MAAHAD MUHAMMADI Bus Stop,MAAHAD MUHAMMADI,KOTA BHARU - MERANTI,myBas,,,
SMK MAHMUD MAHYIDIN Bus Stop,SMK MAHMUD MAHYIDIN,KOTA BHARU - MERANTI,myBas,,,
KG BARU LUAR Bus Stop,KG BARU LUAR,KOTA BHARU - MERANTI,myBas,,,
HIOK LEE Bus Stop,HIOK LEE,KOTA BHARU - MERANTI,myBas,,,
LORONG KUBUR Bus Stop,LORONG KUBUR,KOTA BHARU - MERANTI,myBas,,,
SK KUTAN Bus Stop,SK KUTAN,KOTA BHARU - MERANTI,myBas,,,
KG KUTAN 1 Bus Stop,KG KUTAN 1,KOTA BHARU - MERANTI,myBas,,,
KG KUTAN 2 Bus Stop,KG KUTAN 2,KOTA BHARU - MERANTI,myBas,,,
SMUA AL ULUM Bus Stop,SMUA AL ULUM,KOTA BHARU - MERANTI,myBas,,,
KG TENDONG Bus Stop,KG TENDONG,KOTA BHARU - MERANTI,myBas,,,
BALAI POLIS TENDONG Bus Stop,BALAI POLIS TENDONG,KOTA BHARU - MERANTI,myBas,,,
SMK TENDONG Bus Stop,SMK TENDONG,KOTA BHARU - MERANTI,myBas,,,
SK OTHMAN TALIB Bus Stop,SK OTHMAN TALIB,KOTA BHARU - MERANTI,myBas,,,
KG BECHAH / JALAN CHEMPAKA Bus Stop,KG BECHAH / JALAN CHEMPAKA,KOTA BHARU - MERANTI,myBas,,,
KG BECHAH / JALAN MELOR Bus Stop,KG BECHAH / JALAN MELOR,KOTA BHARU - MERANTI,myBas,,,
MASJID HUTAN CHENGAL Bus Stop,MASJID HUTAN CHENGAL,KOTA BHARU - MERANTI,myBas,,,
KOLEJ VOKASIONAL PASIR MAS Bus Stop,KOLEJ VOKASIONAL PASIR MAS,KOTA BHARU - MERANTI,myBas,,,
WISMA BONDA JALAN TENDONG Bus Stop,WISMA BONDA JALAN TENDONG,KOTA BHARU - MERANTI,myBas,,,
KG KAYU TINGGI 2 Bus Stop,KG KAYU TINGGI 2,KOTA BHARU - MERANTI,myBas,,,
KG KAYU TINGGI 1 Bus Stop,KG KAYU TINGGI 1,KOTA BHARU - MERANTI,myBas,,,
MASJID AL-TAQWA BUNUT SUSU Bus Stop,MASJID AL-TAQWA BUNUT SUSU,KOTA BHARU - MERANTI,myBas,,,
KTM BUNUT SUSU Bus Stop,KTM BUNUT SUSU,KOTA BHARU - MERANTI,myBas,,,
KG BUNUT SUSU Bus Stop,KG BUNUT SUSU,KOTA BHARU - MERANTI,myBas,,,
KG BECHAH PALAS Bus Stop,KG BECHAH PALAS,KOTA BHARU - MERANTI,myBas,,,
KG BINJAL Bus Stop,KG BINJAL,KOTA BHARU - MERANTI,myBas,,,
MASJID AS SOLIHIN BECHAH SEMAK Bus Stop,MASJID AS SOLIHIN BECHAH SEMAK,KOTA BHARU - MERANTI,myBas,,,
KUBUR BECHAH SEMAK Bus Stop,KUBUR BECHAH SEMAK,KOTA BHARU - MERANTI,myBas,,,
SK PENGGU Bus Stop,SK PENGGU,KOTA BHARU - MERANTI,myBas,,,
KG TOK LIMIN Bus Stop,KG TOK LIMIN,KOTA BHARU - MERANTI,myBas,,,
KG PAYA ULAR Bus Stop,KG PAYA ULAR,KOTA BHARU - MERANTI,myBas,,,
KG PANGKAL KALA Bus Stop,KG PANGKAL KALA,KOTA BHARU - MERANTI,myBas,,,
SK PANGKAL KALA Bus Stop,SK PANGKAL KALA,KOTA BHARU - MERANTI,myBas,,,
KG APA APA Bus Stop,KG APA APA,KOTA BHARU - MERANTI,myBas,,,
KG ALOR MENGKUANG Bus Stop,KG ALOR MENGKUANG,KOTA BHARU - MERANTI,myBas,,,
KG GELANG MAS 2 Bus Stop,KG GELANG MAS 2,KOTA BHARU - MERANTI,myBas,,,
KG GELANG MAS Bus Stop,KG GELANG MAS,KOTA BHARU - MERANTI,myBas,,,
KG CHAT Bus Stop,KG CHAT,KOTA BHARU - MERANTI,myBas,,,
MERANTI Bus Stop,MERANTI,KOTA BHARU - MERANTI,myBas,,,
SMK MERANTI Bus Stop,SMK MERANTI,KOTA BHARU - MERANTI,myBas,,,
KK MERANTI Bus Stop,KK MERANTI,KOTA BHARU - MERANTI,myBas,,,
TAMAN KEBUN RAJA Bus Stop,TAMAN KEBUN RAJA,KOTA BHARU - MERANTI,myBas,,,
KG BANGGOL PAK MAT 2 Bus Stop,KG BANGGOL PAK MAT 2,KOTA BHARU - MERANTI,myBas,,,
KG BANGGOL PAK MAT 1 Bus Stop,KG BANGGOL PAK MAT 1,KOTA BHARU - MERANTI,myBas,,,
MASJID BAKONG LUAR Bus Stop,MASJID BAKONG LUAR,KOTA BHARU - MERANTI,myBas,,,
KG CHABANG BAKONG Bus Stop,KG CHABANG BAKONG,KOTA BHARU - MERANTI,myBas,,,
KK POHON TANJUNG Bus Stop,KK POHON TANJUNG,KOTA BHARU - MERANTI,myBas,,,
KG LUBUK KAWAH Bus Stop,KG LUBUK KAWAH,KOTA BHARU - MERANTI,myBas,,,
MASJID KG LUBUK KAWAH Bus Stop,MASJID KG LUBUK KAWAH,KOTA BHARU - MERANTI,myBas,,,
KG GEBENG Bus Stop,KG GEBENG,KOTA BHARU - MERANTI,myBas,,,
PAAN SEAFOOD Bus Stop,PAAN SEAFOOD,KOTA BHARU - MERANTI,myBas,,,
KG GAJAH MATI Bus Stop,KG GAJAH MATI,KOTA BHARU - MERANTI,myBas,,,
KG BANGGOL PERDANA Bus Stop,KG BANGGOL PERDANA,KOTA BHARU - MERANTI,myBas,,,
KG BANGGOL ARA Bus Stop,KG BANGGOL ARA,KOTA BHARU - MERANTI,myBas,,,
SK BANGGOL CHICHA Bus Stop,SK BANGGOL CHICHA,KOTA BHARU - MERANTI,myBas,,,
BANGGOL CHICHA Bus Stop,BANGGOL CHICHA,KOTA BHARU - MERANTI,myBas,,,
MAHAAD TAHFIZ AL ASRIAH Bus Stop,MAHAAD TAHFIZ AL ASRIAH,KOTA BHARU - MERANTI,myBas,,,
SRI AL FURQAN Bus Stop,SRI AL FURQAN,KOTA BHARU - MERANTI,myBas,,,
KG KUBANG BADAK Bus Stop,KG KUBANG BADAK,KOTA BHARU - MERANTI,myBas,,,
WISMA KODMAS Bus Stop,WISMA KODMAS,KOTA BHARU - MERANTI,myBas,,,
SMK PASIR MAS Bus Stop,SMK PASIR MAS,KOTA BHARU - MERANTI,myBas,,,
SK SULTAN IBRAHIM 1 Bus Stop,SK SULTAN IBRAHIM 1,KOTA BHARU - MERANTI,myBas,,,
PASIR MAS Bus Stop,PASIR MAS,KOTA BHARU - MERANTI,myBas,,,
SJKC YOK ENG Bus Stop,SJKC YOK ENG,KOTA BHARU - MERANTI,myBas,,,
JPN PASIR MAS Bus Stop,JPN PASIR MAS,KOTA BHARU - MERANTI,myBas,,,
PETRONAS PASIR MAS Bus Stop,PETRONAS PASIR MAS,KOTA BHARU - MERANTI,myBas,,,
KOMPLEKS MAHKAMAH PASIR MAS Bus Stop,KOMPLEKS MAHKAMAH PASIR MAS,KOTA BHARU - MERANTI,myBas,,,
TERMINAL BAS TASEK RAJA PASIR MAS Bus Stop,TERMINAL BAS TASEK RAJA PASIR MAS,KOTA BHARU - MERANTI,myBas,,,
STESEN BAS KOTA BHARU Bus Stop,STESEN BAS KOTA BHARU,KOTA BHARU - RANTAU PANJANG,myBas,,,
PADANG GARONG Bus Stop,PADANG GARONG,KOTA BHARU - RANTAU PANJANG,myBas,,,
SK PADANG GARONG Bus Stop,SK PADANG GARONG,KOTA BHARU - RANTAU PANJANG,myBas,,,
KELANTAN STATE MUSEUM Bus Stop,KELANTAN STATE MUSEUM,KOTA BHARU - RANTAU PANJANG,myBas,,,
BAZAR TOK GURU Bus Stop,BAZAR TOK GURU,KOTA BHARU - RANTAU PANJANG,myBas,,,
PEJABAT POS KOTA BHARU Bus Stop,PEJABAT POS KOTA BHARU,KOTA BHARU - RANTAU PANJANG,myBas,,,
RESIDENSI TROIKA Bus Stop,RESIDENSI TROIKA,KOTA BHARU - RANTAU PANJANG,myBas,,,
KB MALL Bus Stop,KB MALL,KOTA BHARU - RANTAU PANJANG,myBas,,,
ONE BUTTON SOLUTION SDN BHD Bus Stop,ONE BUTTON SOLUTION SDN BHD,KOTA BHARU - RANTAU PANJANG,myBas,,,
HOMESTAY KBCC KOTA BHARU Bus Stop,HOMESTAY KBCC KOTA BHARU,KOTA BHARU - RANTAU PANJANG,myBas,,,
PETRONAS PASIR PEKAN Bus Stop,PETRONAS PASIR PEKAN,KOTA BHARU - RANTAU PANJANG,myBas,,,
SK PASIR PEKAN Bus Stop,SK PASIR PEKAN,KOTA BHARU - RANTAU PANJANG,myBas,,,
SMKA FALAHIAN / PASIR PEKAN Bus Stop,SMKA FALAHIAN / PASIR PEKAN,KOTA BHARU - RANTAU PANJANG,myBas,,,
MAAHAD MUHAMMADI Bus Stop,MAAHAD MUHAMMADI,KOTA BHARU - RANTAU PANJANG,myBas,,,
SMK MAHMUD MAHYIDIN Bus Stop,SMK MAHMUD MAHYIDIN,KOTA BHARU - RANTAU PANJANG,myBas,,,
KG BARU LUAR Bus Stop,KG BARU LUAR,KOTA BHARU - RANTAU PANJANG,myBas,,,
HIOK LEE Bus Stop,HIOK LEE,KOTA BHARU - RANTAU PANJANG,myBas,,,
LORONG KUBUR Bus Stop,LORONG KUBUR,KOTA BHARU - RANTAU PANJANG,myBas,,,
SK KUTAN Bus Stop,SK KUTAN,KOTA BHARU - RANTAU PANJANG,myBas,,,
KG KUTAN 1 Bus Stop,KG KUTAN 1,KOTA BHARU - RANTAU PANJANG,myBas,,,
KG KUTAN 2 Bus Stop,KG KUTAN 2,KOTA BHARU - RANTAU PANJANG,myBas,,,
SMUA AL ULUM Bus Stop,SMUA AL ULUM,KOTA BHARU - RANTAU PANJANG,myBas,,,
KG TENDONG Bus Stop,KG TENDONG,KOTA BHARU - RANTAU PANJANG,myBas,,,
BALAI POLIS TENDONG Bus Stop,BALAI POLIS TENDONG,KOTA BHARU - RANTAU PANJANG,myBas,,,
SMK TENDONG Bus Stop,SMK TENDONG,KOTA BHARU - RANTAU PANJANG,myBas,,,
MASJID TOK IMAM Bus Stop,MASJID TOK IMAM,KOTA BHARU - RANTAU PANJANG,myBas,,,
NIKKEI CYCLE Bus Stop,NIKKEI CYCLE,KOTA BHARU - RANTAU PANJANG,myBas,,,
TABIKA KEMAS SRI BAYU Bus Stop,TABIKA KEMAS SRI BAYU,KOTA BHARU - RANTAU PANJANG,myBas,,,
KG HUTAN PASIR Bus Stop,KG HUTAN PASIR,KOTA BHARU - RANTAU PANJANG,myBas,,,
MASJID MUHAMDIAH KG SAKAR Bus Stop,MASJID MUHAMDIAH KG SAKAR,KOTA BHARU - RANTAU PANJANG,myBas,,,
CITY-LINK EXPRESS PASIR MAS Bus Stop,CITY-LINK EXPRESS PASIR MAS,KOTA BHARU - RANTAU PANJANG,myBas,,,
PUSAT RAWATAN ISLAM WALINUR SYIFA Bus Stop,PUSAT RAWATAN ISLAM WALINUR SYIFA,KOTA BHARU - RANTAU PANJANG,myBas,,,
SK MEKASAR Bus Stop,SK MEKASAR,KOTA BHARU - RANTAU PANJANG,myBas,,,
LEMBAGA KENAF DAN TEMBAKAU Bus Stop,LEMBAGA KENAF DAN TEMBAKAU,KOTA BHARU - RANTAU PANJANG,myBas,,,
MASJID KASAR Bus Stop,MASJID KASAR,KOTA BHARU - RANTAU PANJANG,myBas,,,
SIMPANG SLOW MACHANG Bus Stop,SIMPANG SLOW MACHANG,KOTA BHARU - RANTAU PANJANG,myBas,,,
PETRONAS KASAR Bus Stop,PETRONAS KASAR,KOTA BHARU - RANTAU PANJANG,myBas,,,
PEJABAT RISDA Bus Stop,PEJABAT RISDA,KOTA BHARU - RANTAU PANJANG,myBas,,,
STADIUM MINI PASIR MAS Bus Stop,STADIUM MINI PASIR MAS,KOTA BHARU - RANTAU PANJANG,myBas,,,
PASIR MAS Bus Stop,PASIR MAS,KOTA BHARU - RANTAU PANJANG,myBas,,,
SJKC YOK ENG Bus Stop,SJKC YOK ENG,KOTA BHARU - RANTAU PANJANG,myBas,,,
JPN PASIR MAS Bus Stop,JPN PASIR MAS,KOTA BHARU - RANTAU PANJANG,myBas,,,
PETRONAS PASIR MAS Bus Stop,PETRONAS PASIR MAS,KOTA BHARU - RANTAU PANJANG,myBas,,,
KOMPLEKS MAHKAMAH PASIR MAS Bus Stop,KOMPLEKS MAHKAMAH PASIR MAS,KOTA BHARU - RANTAU PANJANG,myBas,,,
TERMINAL BAS TASEK RAJA  PASIR MAS Bus Stop,TERMINAL BAS TASEK RAJA  PASIR MAS,KOTA BHARU - RANTAU PANJANG,myBas,,,
BANGUNAN KOPERASI SERBAGUNA Bus Stop,BANGUNAN KOPERASI SERBAGUNA,KOTA BHARU - RANTAU PANJANG,myBas,,,
BALAI POLIS PASIR MAS Bus Stop,BALAI POLIS PASIR MAS,KOTA BHARU - RANTAU PANJANG,myBas,,,
KOPERASI PEKEBUN KECIL Bus Stop,KOPERASI PEKEBUN KECIL,KOTA BHARU - RANTAU PANJANG,myBas,,,
KG LUBOK JONG Bus Stop,KG LUBOK JONG,KOTA BHARU - RANTAU PANJANG,myBas,,,
MASJID LUBOK JONG Bus Stop,MASJID LUBOK JONG,KOTA BHARU - RANTAU PANJANG,myBas,,,
PANTAI TIMOR BANDAR BARU PASIR MAS Bus Stop,PANTAI TIMOR BANDAR BARU PASIR MAS,KOTA BHARU - RANTAU PANJANG,myBas,,,
KOLEJ KEMAHIRAN TINGGI MARA PASIR MAS Bus Stop,KOLEJ KEMAHIRAN TINGGI MARA PASIR MAS,KOTA BHARU - RANTAU PANJANG,myBas,,,
TAMAN SERI NAIM Bus Stop,TAMAN SERI NAIM,KOTA BHARU - RANTAU PANJANG,myBas,,,
TAMAN REKREASI TENGKU ANIS Bus Stop,TAMAN REKREASI TENGKU ANIS,KOTA BHARU - RANTAU PANJANG,myBas,,,
RESIDENSI PRIMA LUBOK JONG Bus Stop,RESIDENSI PRIMA LUBOK JONG,KOTA BHARU - RANTAU PANJANG,myBas,,,
PEJABAT PENGGAWA DAEARH GUAL PERIOK Bus Stop,PEJABAT PENGGAWA DAEARH GUAL PERIOK,KOTA BHARU - RANTAU PANJANG,myBas,,,
PUSAT TARBIYAH PAS RANTAU PANJANG Bus Stop,PUSAT TARBIYAH PAS RANTAU PANJANG,KOTA BHARU - RANTAU PANJANG,myBas,,,
TAMAN HALAL PASIR MAS Bus Stop,TAMAN HALAL PASIR MAS,KOTA BHARU - RANTAU PANJANG,myBas,,,
MESA GEMILANG ENTERPRISE Bus Stop,MESA GEMILANG ENTERPRISE,KOTA BHARU - RANTAU PANJANG,myBas,,,
GUAL PERIOK Bus Stop,GUAL PERIOK,KOTA BHARU - RANTAU PANJANG,myBas,,,
KOLEJ KOMUNITI RANTAU PANJANG Bus Stop,KOLEJ KOMUNITI RANTAU PANJANG,KOTA BHARU - RANTAU PANJANG,myBas,,,
CHABANG EMPAT SALAM Bus Stop,CHABANG EMPAT SALAM,KOTA BHARU - RANTAU PANJANG,myBas,,,
TAMAN WAHYU Bus Stop,TAMAN WAHYU,KOTA BHARU - RANTAU PANJANG,myBas,,,
KOMPLEKS PENGUATKUASA KASTAM Bus Stop,KOMPLEKS PENGUATKUASA KASTAM,KOTA BHARU - RANTAU PANJANG,myBas,,,
TAMAN KASTAM GUAL NERING Bus Stop,TAMAN KASTAM GUAL NERING,KOTA BHARU - RANTAU PANJANG,myBas,,,
SK GUAL TINGGI Bus Stop,SK GUAL TINGGI,KOTA BHARU - RANTAU PANJANG,myBas,,,
GUAL NERING Bus Stop,GUAL NERING,KOTA BHARU - RANTAU PANJANG,myBas,,,
BALAI BOMBA RANTAU PANJANG Bus Stop,BALAI BOMBA RANTAU PANJANG,KOTA BHARU - RANTAU PANJANG,myBas,,,
MAAHAD MUHAMMADI RANTAU PANJANG Bus Stop,MAAHAD MUHAMMADI RANTAU PANJANG,KOTA BHARU - RANTAU PANJANG,myBas,,,
BANGGOL KULIM Bus Stop,BANGGOL KULIM,KOTA BHARU - RANTAU PANJANG,myBas,,,
PANTAI TIMOR RANTAU PANJANG Bus Stop,PANTAI TIMOR RANTAU PANJANG,KOTA BHARU - RANTAU PANJANG,myBas,,,
MASJID BEIJING Bus Stop,MASJID BEIJING,KOTA BHARU - RANTAU PANJANG,myBas,,,
CIQ RANTAU PANJANG Bus Stop,CIQ RANTAU PANJANG,KOTA BHARU - RANTAU PANJANG,myBas,,,
STESEN BAS RANTAU PANJANG Bus Stop,STESEN BAS RANTAU PANJANG,KOTA BHARU - RANTAU PANJANG,myBas,,,
STESEN BAS KOTA BHARU Bus Stop,STESEN BAS KOTA BHARU,KOTA BHARU - JELI VIA TANAH MERAH,myBas,,,
PADANG GARONG Bus Stop,PADANG GARONG,KOTA BHARU - JELI VIA TANAH MERAH,myBas,,,
SK PADANG GARONG Bus Stop,SK PADANG GARONG,KOTA BHARU - JELI VIA TANAH MERAH,myBas,,,
KELANTAN STATE MUSEUM Bus Stop,KELANTAN STATE MUSEUM,KOTA BHARU - JELI VIA TANAH MERAH,myBas,,,
BAZAR TOK GURU Bus Stop,BAZAR TOK GURU,KOTA BHARU - JELI VIA TANAH MERAH,myBas,,,
PEJABAT POS KOTA BHARU Bus Stop,PEJABAT POS KOTA BHARU,KOTA BHARU - JELI VIA TANAH MERAH,myBas,,,
RESIDENSI TROIKA Bus Stop,RESIDENSI TROIKA,KOTA BHARU - JELI VIA TANAH MERAH,myBas,,,
KB MALL Bus Stop,KB MALL,KOTA BHARU - JELI VIA TANAH MERAH,myBas,,,
ONE BUTTON SOLUTION SDN BHD Bus Stop,ONE BUTTON SOLUTION SDN BHD,KOTA BHARU - JELI VIA TANAH MERAH,myBas,,,
HOMESTAY KBCC KOTA BHARU Bus Stop,HOMESTAY KBCC KOTA BHARU,KOTA BHARU - JELI VIA TANAH MERAH,myBas,,,
PETRONAS PASIR PEKAN Bus Stop,PETRONAS PASIR PEKAN,KOTA BHARU - JELI VIA TANAH MERAH,myBas,,,
SK PASIR PEKAN Bus Stop,SK PASIR PEKAN,KOTA BHARU - JELI VIA TANAH MERAH,myBas,,,
SMKA FALAHIAN / PASIR PEKAN Bus Stop,SMKA FALAHIAN / PASIR PEKAN,KOTA BHARU - JELI VIA TANAH MERAH,myBas,,,
MAAHAD MUHAMMADI Bus Stop,MAAHAD MUHAMMADI,KOTA BHARU - JELI VIA TANAH MERAH,myBas,,,
SMK MAHMUD MAHYIDIN Bus Stop,SMK MAHMUD MAHYIDIN,KOTA BHARU - JELI VIA TANAH MERAH,myBas,,,
KG BARU LUAR Bus Stop,KG BARU LUAR,KOTA BHARU - JELI VIA TANAH MERAH,myBas,,,
HIOK LEE Bus Stop,HIOK LEE,KOTA BHARU - JELI VIA TANAH MERAH,myBas,,,
LORONG KUBUR Bus Stop,LORONG KUBUR,KOTA BHARU - JELI VIA TANAH MERAH,myBas,,,
SK KUTAN Bus Stop,SK KUTAN,KOTA BHARU - JELI VIA TANAH MERAH,myBas,,,
KG KUTAN 1 Bus Stop,KG KUTAN 1,KOTA BHARU - JELI VIA TANAH MERAH,myBas,,,
KG KUTAN 2 Bus Stop,KG KUTAN 2,KOTA BHARU - JELI VIA TANAH MERAH,myBas,,,
SMUA AL ULUM Bus Stop,SMUA AL ULUM,KOTA BHARU - JELI VIA TANAH MERAH,myBas,,,
KG TENDONG Bus Stop,KG TENDONG,KOTA BHARU - JELI VIA TANAH MERAH,myBas,,,
BALAI POLIS TENDONG Bus Stop,BALAI POLIS TENDONG,KOTA BHARU - JELI VIA TANAH MERAH,myBas,,,
SMK TENDONG Bus Stop,SMK TENDONG,KOTA BHARU - JELI VIA TANAH MERAH,myBas,,,
MASJID TOK IMAM Bus Stop,MASJID TOK IMAM,KOTA BHARU - JELI VIA TANAH MERAH,myBas,,,
NIKKEI CYCLE Bus Stop,NIKKEI CYCLE,KOTA BHARU - JELI VIA TANAH MERAH,myBas,,,
TABIKA KEMAS SRI BAYU Bus Stop,TABIKA KEMAS SRI BAYU,KOTA BHARU - JELI VIA TANAH MERAH,myBas,,,
KG HUTAN PASIR Bus Stop,KG HUTAN PASIR,KOTA BHARU - JELI VIA TANAH MERAH,myBas,,,
MASJID MUHAMDIAH KG SAKAR Bus Stop,MASJID MUHAMDIAH KG SAKAR,KOTA BHARU - JELI VIA TANAH MERAH,myBas,,,
CITY-LINK EXPRESS PASIR MAS Bus Stop,CITY-LINK EXPRESS PASIR MAS,KOTA BHARU - JELI VIA TANAH MERAH,myBas,,,
PUSAT RAWATAN ISLAM WALINUR SYIFA Bus Stop,PUSAT RAWATAN ISLAM WALINUR SYIFA,KOTA BHARU - JELI VIA TANAH MERAH,myBas,,,
SK MEKASAR Bus Stop,SK MEKASAR,KOTA BHARU - JELI VIA TANAH MERAH,myBas,,,
LEMBAGA KENAF DAN TEMBAKAU Bus Stop,LEMBAGA KENAF DAN TEMBAKAU,KOTA BHARU - JELI VIA TANAH MERAH,myBas,,,
MASJID KASAR Bus Stop,MASJID KASAR,KOTA BHARU - JELI VIA TANAH MERAH,myBas,,,
SIMPANG SLOW MACHANG Bus Stop,SIMPANG SLOW MACHANG,KOTA BHARU - JELI VIA TANAH MERAH,myBas,,,
PETRONAS KASAR Bus Stop,PETRONAS KASAR,KOTA BHARU - JELI VIA TANAH MERAH,myBas,,,
PEJABAT RISDA Bus Stop,PEJABAT RISDA,KOTA BHARU - JELI VIA TANAH MERAH,myBas,,,
STADIUM MINI PASIR MAS Bus Stop,STADIUM MINI PASIR MAS,KOTA BHARU - JELI VIA TANAH MERAH,myBas,,,
PASIR MAS Bus Stop,PASIR MAS,KOTA BHARU - JELI VIA TANAH MERAH,myBas,,,
SJKC YOK ENG Bus Stop,SJKC YOK ENG,KOTA BHARU - JELI VIA TANAH MERAH,myBas,,,
JPN PASIR MAS Bus Stop,JPN PASIR MAS,KOTA BHARU - JELI VIA TANAH MERAH,myBas,,,
PETRONAS PASIR MAS Bus Stop,PETRONAS PASIR MAS,KOTA BHARU - JELI VIA TANAH MERAH,myBas,,,
KG LEMAL Bus Stop,KG LEMAL,KOTA BHARU - JELI VIA TANAH MERAH,myBas,,,
SMK TENGKU PANGLIMA RAJA Bus Stop,SMK TENGKU PANGLIMA RAJA,KOTA BHARU - JELI VIA TANAH MERAH,myBas,,,
LOJI RAWATAN AIR KELAR Bus Stop,LOJI RAWATAN AIR KELAR,KOTA BHARU - JELI VIA TANAH MERAH,myBas,,,
MASJID KG KELAR Bus Stop,MASJID KG KELAR,KOTA BHARU - JELI VIA TANAH MERAH,myBas,,,
KENJONG Bus Stop,KENJONG,KOTA BHARU - JELI VIA TANAH MERAH,myBas,,,
KG KANGKONG Bus Stop,KG KANGKONG,KOTA BHARU - JELI VIA TANAH MERAH,myBas,,,
MASJID MAHMUDI KANGKONG Bus Stop,MASJID MAHMUDI KANGKONG,KOTA BHARU - JELI VIA TANAH MERAH,myBas,,,
KK KANGKONG Bus Stop,KK KANGKONG,KOTA BHARU - JELI VIA TANAH MERAH,myBas,,,
KG SEMUBA Bus Stop,KG SEMUBA,KOTA BHARU - JELI VIA TANAH MERAH,myBas,,,
BETING PAUH Bus Stop,BETING PAUH,KOTA BHARU - JELI VIA TANAH MERAH,myBas,,,
MASJID AL HASSANI BETING PAUH Bus Stop,MASJID AL HASSANI BETING PAUH,KOTA BHARU - JELI VIA TANAH MERAH,myBas,,,
CALTEX BETING PAUH Bus Stop,CALTEX BETING PAUH,KOTA BHARU - JELI VIA TANAH MERAH,myBas,,,
KG BENDANG PAUH Bus Stop,KG BENDANG PAUH,KOTA BHARU - JELI VIA TANAH MERAH,myBas,,,
PETRONAS CHETOK Bus Stop,PETRONAS CHETOK,KOTA BHARU - JELI VIA TANAH MERAH,myBas,,,
MASJID AR-RAHMAN HUJUNG GALOK Bus Stop,MASJID AR-RAHMAN HUJUNG GALOK,KOTA BHARU - JELI VIA TANAH MERAH,myBas,,,
KG CHETOK Bus Stop,KG CHETOK,KOTA BHARU - JELI VIA TANAH MERAH,myBas,,,
MAAHAD TAHFIZ DARUL MAWADDAH Bus Stop,MAAHAD TAHFIZ DARUL MAWADDAH,KOTA BHARU - JELI VIA TANAH MERAH,myBas,,,
MASJID KUBUR Bus Stop,MASJID KUBUR,KOTA BHARU - JELI VIA TANAH MERAH,myBas,,,
SK CHETOK Bus Stop,SK CHETOK,KOTA BHARU - JELI VIA TANAH MERAH,myBas,,,
SIMPANG KK CHETOK Bus Stop,SIMPANG KK CHETOK,KOTA BHARU - JELI VIA TANAH MERAH,myBas,,,
SG DULANG Bus Stop,SG DULANG,KOTA BHARU - JELI VIA TANAH MERAH,myBas,,,
KG BUKIT PANAU Bus Stop,KG BUKIT PANAU,KOTA BHARU - JELI VIA TANAH MERAH,myBas,,,
SMUA RAHMANIAH PALOH Bus Stop,SMUA RAHMANIAH PALOH,KOTA BHARU - JELI VIA TANAH MERAH,myBas,,,
MASJID ISMAILI PASIR GENDAL Bus Stop,MASJID ISMAILI PASIR GENDAL,KOTA BHARU - JELI VIA TANAH MERAH,myBas,,,
KG PALOH Bus Stop,KG PALOH,KOTA BHARU - JELI VIA TANAH MERAH,myBas,,,
CALTEX KG PALOH Bus Stop,CALTEX KG PALOH,KOTA BHARU - JELI VIA TANAH MERAH,myBas,,,
KK BELMBING Bus Stop,KK BELMBING,KOTA BHARU - JELI VIA TANAH MERAH,myBas,,,
SMK BELIMBING Bus Stop,SMK BELIMBING,KOTA BHARU - JELI VIA TANAH MERAH,myBas,,,
SK BELIMBING Bus Stop,SK BELIMBING,KOTA BHARU - JELI VIA TANAH MERAH,myBas,,,
KG BELIMBING 1 Bus Stop,KG BELIMBING 1,KOTA BHARU - JELI VIA TANAH MERAH,myBas,,,
KG BELIMBING 2 Bus Stop,KG BELIMBING 2,KOTA BHARU - JELI VIA TANAH MERAH,myBas,,,
KG BUKIT MERAH Bus Stop,KG BUKIT MERAH,KOTA BHARU - JELI VIA TANAH MERAH,myBas,,,
KEDAI PERABUT WEE Bus Stop,KEDAI PERABUT WEE,KOTA BHARU - JELI VIA TANAH MERAH,myBas,,,
PUSAT HEMODIALISIS PADUKA TANAH MERAH Bus Stop,PUSAT HEMODIALISIS PADUKA TANAH MERAH,KOTA BHARU - JELI VIA TANAH MERAH,myBas,,,
HENTIAN BAS EKSPRES TANAH MERAH Bus Stop,HENTIAN BAS EKSPRES TANAH MERAH,KOTA BHARU - JELI VIA TANAH MERAH,myBas,,,
PEJABAT KESIHATAN TANAH MERAH Bus Stop,PEJABAT KESIHATAN TANAH MERAH,KOTA BHARU - JELI VIA TANAH MERAH,myBas,,,
STESEN BAS TANAH MERAH Bus Stop,STESEN BAS TANAH MERAH,KOTA BHARU - JELI VIA TANAH MERAH,myBas,,,
MAJLIS DAERAH TANAH MERAH Bus Stop,MAJLIS DAERAH TANAH MERAH,KOTA BHARU - JELI VIA TANAH MERAH,myBas,,,
KTM TANAH MERAH Bus Stop,KTM TANAH MERAH,KOTA BHARU - JELI VIA TANAH MERAH,myBas,,,
MASJID ISMAIL PETRA Bus Stop,MASJID ISMAIL PETRA,KOTA BHARU - JELI VIA TANAH MERAH,myBas,,,
KLINIK TAWAKKAL Bus Stop,KLINIK TAWAKKAL,KOTA BHARU - JELI VIA TANAH MERAH,myBas,,,
SMK TANAH MERAH 2 Bus Stop,SMK TANAH MERAH 2,KOTA BHARU - JELI VIA TANAH MERAH,myBas,,,
KG CHABANG TOK AJAR Bus Stop,KG CHABANG TOK AJAR,KOTA BHARU - JELI VIA TANAH MERAH,myBas,,,
PANTAI TIMOR TANAH MERAH Bus Stop,PANTAI TIMOR TANAH MERAH,KOTA BHARU - JELI VIA TANAH MERAH,myBas,,,
PENJARA TANAH MERAH Bus Stop,PENJARA TANAH MERAH,KOTA BHARU - JELI VIA TANAH MERAH,myBas,,,
PASAR BORONG TANAH MERAH Bus Stop,PASAR BORONG TANAH MERAH,KOTA BHARU - JELI VIA TANAH MERAH,myBas,,,
KELEWEK Bus Stop,KELEWEK,KOTA BHARU - JELI VIA TANAH MERAH,myBas,,,
BATU 4 Bus Stop,BATU 4,KOTA BHARU - JELI VIA TANAH MERAH,myBas,,,
KAK YAN TOM YAM Bus Stop,KAK YAN TOM YAM,KOTA BHARU - JELI VIA TANAH MERAH,myBas,,,
BATU 5 Bus Stop,BATU 5,KOTA BHARU - JELI VIA TANAH MERAH,myBas,,,
KK BENDANG NYIOR Bus Stop,KK BENDANG NYIOR,KOTA BHARU - JELI VIA TANAH MERAH,myBas,,,
HOMSTAY KAK ANI Bus Stop,HOMSTAY KAK ANI,KOTA BHARU - JELI VIA TANAH MERAH,myBas,,,
MAD MINI MART Bus Stop,MAD MINI MART,KOTA BHARU - JELI VIA TANAH MERAH,myBas,,,
KG BATU ENAM Bus Stop,KG BATU ENAM,KOTA BHARU - JELI VIA TANAH MERAH,myBas,,,
BERASMAS Bus Stop,BERASMAS,KOTA BHARU - JELI VIA TANAH MERAH,myBas,,,
KG BATU 7 Bus Stop,KG BATU 7,KOTA BHARU - JELI VIA TANAH MERAH,myBas,,,
KUIL TEH CHONG ONG Bus Stop,KUIL TEH CHONG ONG,KOTA BHARU - JELI VIA TANAH MERAH,myBas,,,
KK BATANG MERBAU Bus Stop,KK BATANG MERBAU,KOTA BHARU - JELI VIA TANAH MERAH,myBas,,,
MASJID BATANG MERBAU Bus Stop,MASJID BATANG MERBAU,KOTA BHARU - JELI VIA TANAH MERAH,myBas,,,
JALAN MEMBIRU Bus Stop,JALAN MEMBIRU,KOTA BHARU - JELI VIA TANAH MERAH,myBas,,,
BHP BATANG MERBAU Bus Stop,BHP BATANG MERBAU,KOTA BHARU - JELI VIA TANAH MERAH,myBas,,,
BATU 10 Bus Stop,BATU 10,KOTA BHARU - JELI VIA TANAH MERAH,myBas,,,
PPR BATANG MERBAU Bus Stop,PPR BATANG MERBAU,KOTA BHARU - JELI VIA TANAH MERAH,myBas,,,
PETRONAS KEMAHANG Bus Stop,PETRONAS KEMAHANG,KOTA BHARU - JELI VIA TANAH MERAH,myBas,,,
JALAN DARUL FALAH Bus Stop,JALAN DARUL FALAH,KOTA BHARU - JELI VIA TANAH MERAH,myBas,,,
BALAI BOMBA KEMAHANG Bus Stop,BALAI BOMBA KEMAHANG,KOTA BHARU - JELI VIA TANAH MERAH,myBas,,,
BATU 11 Bus Stop,BATU 11,KOTA BHARU - JELI VIA TANAH MERAH,myBas,,,
KK BATU GAJAH Bus Stop,KK BATU GAJAH,KOTA BHARU - JELI VIA TANAH MERAH,myBas,,,
BALAI POLIS BATU GAJAH Bus Stop,BALAI POLIS BATU GAJAH,KOTA BHARU - JELI VIA TANAH MERAH,myBas,,,
KG BATU GAJAH Bus Stop,KG BATU GAJAH,KOTA BHARU - JELI VIA TANAH MERAH,myBas,,,
MASJID PANGLIMA BAYU Bus Stop,MASJID PANGLIMA BAYU,KOTA BHARU - JELI VIA TANAH MERAH,myBas,,,
KG GUAL JEDOK Bus Stop,KG GUAL JEDOK,KOTA BHARU - JELI VIA TANAH MERAH,myBas,,,
SK GUAL JEDOK Bus Stop,SK GUAL JEDOK,KOTA BHARU - JELI VIA TANAH MERAH,myBas,,,
MASJID AS SALAM JEDOK Bus Stop,MASJID AS SALAM JEDOK,KOTA BHARU - JELI VIA TANAH MERAH,myBas,,,
SMUA DARUL ULUM JEDOK Bus Stop,SMUA DARUL ULUM JEDOK,KOTA BHARU - JELI VIA TANAH MERAH,myBas,,,
KG JEDOK Bus Stop,KG JEDOK,KOTA BHARU - JELI VIA TANAH MERAH,myBas,,,
KILANG PAPAN JEDOK Bus Stop,KILANG PAPAN JEDOK,KOTA BHARU - JELI VIA TANAH MERAH,myBas,,,
SEBERANG BINA Bus Stop,SEBERANG BINA,KOTA BHARU - JELI VIA TANAH MERAH,myBas,,,
PUSAT MEMANCING Bus Stop,PUSAT MEMANCING,KOTA BHARU - JELI VIA TANAH MERAH,myBas,,,
BUKIT BUNGA Bus Stop,BUKIT BUNGA,KOTA BHARU - JELI VIA TANAH MERAH,myBas,,,
BALAI POLIS NIBONG Bus Stop,BALAI POLIS NIBONG,KOTA BHARU - JELI VIA TANAH MERAH,myBas,,,
MASJID NUR HIDAYAH BUKIT BUNGA Bus Stop,MASJID NUR HIDAYAH BUKIT BUNGA,KOTA BHARU - JELI VIA TANAH MERAH,myBas,,,
PANTAI TIMOR BUKIT BUNGA Bus Stop,PANTAI TIMOR BUKIT BUNGA,KOTA BHARU - JELI VIA TANAH MERAH,myBas,,,
HENTIAN BUKIT BUNGA Bus Stop,HENTIAN BUKIT BUNGA,KOTA BHARU - JELI VIA TANAH MERAH,myBas,,,
PASAR AWAM BUKIT BUNGA Bus Stop,PASAR AWAM BUKIT BUNGA,KOTA BHARU - JELI VIA TANAH MERAH,myBas,,,
BAZAR BUKIT BUNGA Bus Stop,BAZAR BUKIT BUNGA,KOTA BHARU - JELI VIA TANAH MERAH,myBas,,,
KOLEJ KOMUNITI JELI Bus Stop,KOLEJ KOMUNITI JELI,KOTA BHARU - JELI VIA TANAH MERAH,myBas,,,
STESEN PENGUATKUASA JPJ Bus Stop,STESEN PENGUATKUASA JPJ,KOTA BHARU - JELI VIA TANAH MERAH,myBas,,,
CALTEX BUKIT BUNGA Bus Stop,CALTEX BUKIT BUNGA,KOTA BHARU - JELI VIA TANAH MERAH,myBas,,,
PUSAT RAWATAN TAWASSUL Bus Stop,PUSAT RAWATAN TAWASSUL,KOTA BHARU - JELI VIA TANAH MERAH,myBas,,,
PASAR MINGGU AYER LANAS Bus Stop,PASAR MINGGU AYER LANAS,KOTA BHARU - JELI VIA TANAH MERAH,myBas,,,
SMK AYER LANAS Bus Stop,SMK AYER LANAS,KOTA BHARU - JELI VIA TANAH MERAH,myBas,,,
ALMUIN TRADING Bus Stop,ALMUIN TRADING,KOTA BHARU - JELI VIA TANAH MERAH,myBas,,,
MASJID DARUL SALAM KG WAKAF ZING Bus Stop,MASJID DARUL SALAM KG WAKAF ZING,KOTA BHARU - JELI VIA TANAH MERAH,myBas,,,
GEMANG 1 Bus Stop,GEMANG 1,KOTA BHARU - JELI VIA TANAH MERAH,myBas,,,
KK GEMANG Bus Stop,KK GEMANG,KOTA BHARU - JELI VIA TANAH MERAH,myBas,,,
GEMANG 2 Bus Stop,GEMANG 2,KOTA BHARU - JELI VIA TANAH MERAH,myBas,,,
SK GEMANG Bus Stop,SK GEMANG,KOTA BHARU - JELI VIA TANAH MERAH,myBas,,,
MRSM JELI Bus Stop,MRSM JELI,KOTA BHARU - JELI VIA TANAH MERAH,myBas,,,
UMK JELI Bus Stop,UMK JELI,KOTA BHARU - JELI VIA TANAH MERAH,myBas,,,
NASKEN COFFEE JELI Bus Stop,NASKEN COFFEE JELI,KOTA BHARU - JELI VIA TANAH MERAH,myBas,,,
BUKIT LAKOTA Bus Stop,BUKIT LAKOTA,KOTA BHARU - JELI VIA TANAH MERAH,myBas,,,
SURAU KG LAKOTA Bus Stop,SURAU KG LAKOTA,KOTA BHARU - JELI VIA TANAH MERAH,myBas,,,
SIMPANG JALAN LAKOTA - CHANAL Bus Stop,SIMPANG JALAN LAKOTA - CHANAL,KOTA BHARU - JELI VIA TANAH MERAH,myBas,,,
POLITEKNIK JELI Bus Stop,POLITEKNIK JELI,KOTA BHARU - JELI VIA TANAH MERAH,myBas,,,
SIMPANG JELI Bus Stop,SIMPANG JELI,KOTA BHARU - JELI VIA TANAH MERAH,myBas,,,
SMUA NAHDATUL ULUM Bus Stop,SMUA NAHDATUL ULUM,KOTA BHARU - JELI VIA TANAH MERAH,myBas,,,
JKR JELI Bus Stop,JKR JELI,KOTA BHARU - JELI VIA TANAH MERAH,myBas,,,
PEJABAT PENDIDIKAN DAERAH JELI Bus Stop,PEJABAT PENDIDIKAN DAERAH JELI,KOTA BHARU - JELI VIA TANAH MERAH,myBas,,,
STESEN BAS JELI Bus Stop,STESEN BAS JELI,KOTA BHARU - JELI VIA TANAH MERAH,myBas,,,
STESEN BAS KOTA BHARU Bus Stop,STESEN BAS KOTA BHARU,KOTA BHARU - BACHOK VIA BUKIT MARAK,myBas,,,
KEDAI UNIFI KELANTAN Bus Stop,KEDAI UNIFI KELANTAN,KOTA BHARU - BACHOK VIA BUKIT MARAK,myBas,,,
NAGOYA Bus Stop,NAGOYA,KOTA BHARU - BACHOK VIA BUKIT MARAK,myBas,,,
KOLEJ JURURAWAT JLN DUSUN MUDA Bus Stop,KOLEJ JURURAWAT JLN DUSUN MUDA,KOTA BHARU - BACHOK VIA BUKIT MARAK,myBas,,,
SK LANGGAR Bus Stop,SK LANGGAR,KOTA BHARU - BACHOK VIA BUKIT MARAK,myBas,,,
TAMAN MAJU 1 Bus Stop,TAMAN MAJU 1,KOTA BHARU - BACHOK VIA BUKIT MARAK,myBas,,,
TAMAN MAJU 2 Bus Stop,TAMAN MAJU 2,KOTA BHARU - BACHOK VIA BUKIT MARAK,myBas,,,
TAMAN HUDA Bus Stop,TAMAN HUDA,KOTA BHARU - BACHOK VIA BUKIT MARAK,myBas,,,
KBMC Bus Stop,KBMC,KOTA BHARU - BACHOK VIA BUKIT MARAK,myBas,,,
KLINIK ASSALAM Bus Stop,KLINIK ASSALAM,KOTA BHARU - BACHOK VIA BUKIT MARAK,myBas,,,
BALAI ISLAM Bus Stop,BALAI ISLAM,KOTA BHARU - BACHOK VIA BUKIT MARAK,myBas,,,
LEMBAGA PERTUBUHAN PELADANG Bus Stop,LEMBAGA PERTUBUHAN PELADANG,KOTA BHARU - BACHOK VIA BUKIT MARAK,myBas,,,
HOSPITAL USM Bus Stop,HOSPITAL USM,KOTA BHARU - BACHOK VIA BUKIT MARAK,myBas,,,
SMK KUBANG KERIAN Bus Stop,SMK KUBANG KERIAN,KOTA BHARU - BACHOK VIA BUKIT MARAK,myBas,,,
PASAR SEGAR KK Bus Stop,PASAR SEGAR KK,KOTA BHARU - BACHOK VIA BUKIT MARAK,myBas,,,
ISTANA KELANTAN Bus Stop,ISTANA KELANTAN,KOTA BHARU - BACHOK VIA BUKIT MARAK,myBas,,,
KG CHICHA Bus Stop,KG CHICHA,KOTA BHARU - BACHOK VIA BUKIT MARAK,myBas,,,
KLINIK DR AZIZ Bus Stop,KLINIK DR AZIZ,KOTA BHARU - BACHOK VIA BUKIT MARAK,myBas,,,
PKT PASIR TUMBOH Bus Stop,PKT PASIR TUMBOH,KOTA BHARU - BACHOK VIA BUKIT MARAK,myBas,,,
MAAHAD RAQADDUM MAARIF Bus Stop,MAAHAD RAQADDUM MAARIF,KOTA BHARU - BACHOK VIA BUKIT MARAK,myBas,,,
KG BEREK Bus Stop,KG BEREK,KOTA BHARU - BACHOK VIA BUKIT MARAK,myBas,,,
SK GONG DERMIN Bus Stop,SK GONG DERMIN,KOTA BHARU - BACHOK VIA BUKIT MARAK,myBas,,,
BUKIT MARAK Bus Stop,BUKIT MARAK,KOTA BHARU - BACHOK VIA BUKIT MARAK,myBas,,,
KG CHAP Bus Stop,KG CHAP,KOTA BHARU - BACHOK VIA BUKIT MARAK,myBas,,,
KG LOAK Bus Stop,KG LOAK,KOTA BHARU - BACHOK VIA BUKIT MARAK,myBas,,,
KG BEKELAM Bus Stop,KG BEKELAM,KOTA BHARU - BACHOK VIA BUKIT MARAK,myBas,,,
KG TUALANG SALAK Bus Stop,KG TUALANG SALAK,KOTA BHARU - BACHOK VIA BUKIT MARAK,myBas,,,
PASAR JELAWAT Bus Stop,PASAR JELAWAT,KOTA BHARU - BACHOK VIA BUKIT MARAK,myBas,,,
BANDAR BARU JELAWAT Bus Stop,BANDAR BARU JELAWAT,KOTA BHARU - BACHOK VIA BUKIT MARAK,myBas,,,
KG RUSA Bus Stop,KG RUSA,KOTA BHARU - BACHOK VIA BUKIT MARAK,myBas,,,
SMK DATO PERDANA Bus Stop,SMK DATO PERDANA,KOTA BHARU - BACHOK VIA BUKIT MARAK,myBas,,,
PEJABAT PENDIDIKAN DAERAH BACHOK Bus Stop,PEJABAT PENDIDIKAN DAERAH BACHOK,KOTA BHARU - BACHOK VIA BUKIT MARAK,myBas,,,
PINTU MASUK UMK Bus Stop,PINTU MASUK UMK,KOTA BHARU - BACHOK VIA BUKIT MARAK,myBas,,,
PUSAT MAHASISWA UMK Bus Stop,PUSAT MAHASISWA UMK,KOTA BHARU - BACHOK VIA BUKIT MARAK,myBas,,,
KOLEJ VOKASIONAL BACHOK Bus Stop,KOLEJ VOKASIONAL BACHOK,KOTA BHARU - BACHOK VIA BUKIT MARAK,myBas,,,
SK TANGOK Bus Stop,SK TANGOK,KOTA BHARU - BACHOK VIA BUKIT MARAK,myBas,,,
UMK OUT Bus Stop,UMK OUT,KOTA BHARU - BACHOK VIA BUKIT MARAK,myBas,,,
CHABANG MELAWI Bus Stop,CHABANG MELAWI,KOTA BHARU - BACHOK VIA BUKIT MARAK,myBas,,,
SK BADAK Bus Stop,SK BADAK,KOTA BHARU - BACHOK VIA BUKIT MARAK,myBas,,,
KG BADAK Bus Stop,KG BADAK,KOTA BHARU - BACHOK VIA BUKIT MARAK,myBas,,,
KG KEMUDI Bus Stop,KG KEMUDI,KOTA BHARU - BACHOK VIA BUKIT MARAK,myBas,,,
SMK BACHOK Bus Stop,SMK BACHOK,KOTA BHARU - BACHOK VIA BUKIT MARAK,myBas,,,
DEWAN MAJLIS DAERAH BACHOK Bus Stop,DEWAN MAJLIS DAERAH BACHOK,KOTA BHARU - BACHOK VIA BUKIT MARAK,myBas,,,
KK BACHOK Bus Stop,KK BACHOK,KOTA BHARU - BACHOK VIA BUKIT MARAK,myBas,,,
STESEN BAS BACHOK Bus Stop,STESEN BAS BACHOK,KOTA BHARU - BACHOK VIA BUKIT MARAK,myBas,,,
WAKAF SIKU Bus Stop,WAKAF SIKU,KOTA BHARU - BACHOK VIA BUKIT MARAK,myBas,,,
KB MALL Bus Stop,KB MALL,KOTA BHARU - BACHOK VIA BUKIT MARAK,myBas,,,
RESIDENSI TROIKA Bus Stop,RESIDENSI TROIKA,KOTA BHARU - BACHOK VIA BUKIT MARAK,myBas,,,
PEJABAT POS KOTA BHARU Bus Stop,PEJABAT POS KOTA BHARU,KOTA BHARU - BACHOK VIA BUKIT MARAK,myBas,,,
BAZAR TOK GURU Bus Stop,BAZAR TOK GURU,KOTA BHARU - BACHOK VIA BUKIT MARAK,myBas,,,
STESEN BAS KOTA BHARU Bus Stop,STESEN BAS KOTA BHARU,KOTA BHARU - JERTEH VIA PASIR PUTEH,myBas,,,
PADANG GARONG Bus Stop,PADANG GARONG,KOTA BHARU - JERTEH VIA PASIR PUTEH,myBas,,,
SK PADANG GARONG Bus Stop,SK PADANG GARONG,KOTA BHARU - JERTEH VIA PASIR PUTEH,myBas,,,
KELANTAN STATE MUSEUM Bus Stop,KELANTAN STATE MUSEUM,KOTA BHARU - JERTEH VIA PASIR PUTEH,myBas,,,
BAZAR TOK GURU Bus Stop,BAZAR TOK GURU,KOTA BHARU - JERTEH VIA PASIR PUTEH,myBas,,,
PEJABAT POS KOTA BHARU Bus Stop,PEJABAT POS KOTA BHARU,KOTA BHARU - JERTEH VIA PASIR PUTEH,myBas,,,
RESIDENSI TROIKA Bus Stop,RESIDENSI TROIKA,KOTA BHARU - JERTEH VIA PASIR PUTEH,myBas,,,
KB MALL Bus Stop,KB MALL,KOTA BHARU - JERTEH VIA PASIR PUTEH,myBas,,,
WAKAF SIKU Bus Stop,WAKAF SIKU,KOTA BHARU - JERTEH VIA PASIR PUTEH,myBas,,,
SK LANGGAR Bus Stop,SK LANGGAR,KOTA BHARU - JERTEH VIA PASIR PUTEH,myBas,,,
TAMAN MAJU 1 Bus Stop,TAMAN MAJU 1,KOTA BHARU - JERTEH VIA PASIR PUTEH,myBas,,,
TAMAN MAJU 2 Bus Stop,TAMAN MAJU 2,KOTA BHARU - JERTEH VIA PASIR PUTEH,myBas,,,
TAMAN HUDA Bus Stop,TAMAN HUDA,KOTA BHARU - JERTEH VIA PASIR PUTEH,myBas,,,
KBMC Bus Stop,KBMC,KOTA BHARU - JERTEH VIA PASIR PUTEH,myBas,,,
KLINIK ASSALAM Bus Stop,KLINIK ASSALAM,KOTA BHARU - JERTEH VIA PASIR PUTEH,myBas,,,
BALAI ISLAM Bus Stop,BALAI ISLAM,KOTA BHARU - JERTEH VIA PASIR PUTEH,myBas,,,
LEMBAGA PERTUBUHAN PELADANG Bus Stop,LEMBAGA PERTUBUHAN PELADANG,KOTA BHARU - JERTEH VIA PASIR PUTEH,myBas,,,
CABANG PASIR HOR Bus Stop,CABANG PASIR HOR,KOTA BHARU - JERTEH VIA PASIR PUTEH,myBas,,,
MASJID SULTAN ISMAIL PETRA Bus Stop,MASJID SULTAN ISMAIL PETRA,KOTA BHARU - JERTEH VIA PASIR PUTEH,myBas,,,
PASAR SEGAR KK Bus Stop,PASAR SEGAR KK,KOTA BHARU - JERTEH VIA PASIR PUTEH,myBas,,,
ISTANA KELANTAN Bus Stop,ISTANA KELANTAN,KOTA BHARU - JERTEH VIA PASIR PUTEH,myBas,,,
KG CHICHA Bus Stop,KG CHICHA,KOTA BHARU - JERTEH VIA PASIR PUTEH,myBas,,,
KLINIK DR AZIZ Bus Stop,KLINIK DR AZIZ,KOTA BHARU - JERTEH VIA PASIR PUTEH,myBas,,,
PKT PASIR TUMBOH Bus Stop,PKT PASIR TUMBOH,KOTA BHARU - JERTEH VIA PASIR PUTEH,myBas,,,
KFC PASIR TUMBOH Bus Stop,KFC PASIR TUMBOH,KOTA BHARU - JERTEH VIA PASIR PUTEH,myBas,,,
SMK LONG GAFFAR Bus Stop,SMK LONG GAFFAR,KOTA BHARU - JERTEH VIA PASIR PUTEH,myBas,,,
SMK LONG GAFFAR 2 Bus Stop,SMK LONG GAFFAR 2,KOTA BHARU - JERTEH VIA PASIR PUTEH,myBas,,,
LIMBAT Bus Stop,LIMBAT,KOTA BHARU - JERTEH VIA PASIR PUTEH,myBas,,,
MASJID AR RAHMAN Bus Stop,MASJID AR RAHMAN,KOTA BHARU - JERTEH VIA PASIR PUTEH,myBas,,,
YOUNG HARDWARE Bus Stop,YOUNG HARDWARE,KOTA BHARU - JERTEH VIA PASIR PUTEH,myBas,,,
SK PERINGAT Bus Stop,SK PERINGAT,KOTA BHARU - JERTEH VIA PASIR PUTEH,myBas,,,
MASJID AT TAUHID PERINGAT Bus Stop,MASJID AT TAUHID PERINGAT,KOTA BHARU - JERTEH VIA PASIR PUTEH,myBas,,,
PERINGAT Bus Stop,PERINGAT,KOTA BHARU - JERTEH VIA PASIR PUTEH,myBas,,,
TAMAN DESA PERINGAT Bus Stop,TAMAN DESA PERINGAT,KOTA BHARU - JERTEH VIA PASIR PUTEH,myBas,,,
KG BECHAH KURA Bus Stop,KG BECHAH KURA,KOTA BHARU - JERTEH VIA PASIR PUTEH,myBas,,,
KG MACHANG BUBUK Bus Stop,KG MACHANG BUBUK,KOTA BHARU - JERTEH VIA PASIR PUTEH,myBas,,,
KG WAKAF TOK WALI Bus Stop,KG WAKAF TOK WALI,KOTA BHARU - JERTEH VIA PASIR PUTEH,myBas,,,
SK PADANG KALA Bus Stop,SK PADANG KALA,KOTA BHARU - JERTEH VIA PASIR PUTEH,myBas,,,
KG PADANG KALA Bus Stop,KG PADANG KALA,KOTA BHARU - JERTEH VIA PASIR PUTEH,myBas,,,
MASJID IMANUL FAIZIN Bus Stop,MASJID IMANUL FAIZIN,KOTA BHARU - JERTEH VIA PASIR PUTEH,myBas,,,
KG KUBANG TIN Bus Stop,KG KUBANG TIN,KOTA BHARU - JERTEH VIA PASIR PUTEH,myBas,,,
MASJID AL MAGHFIRAH Bus Stop,MASJID AL MAGHFIRAH,KOTA BHARU - JERTEH VIA PASIR PUTEH,myBas,,,
SMK MELOR Bus Stop,SMK MELOR,KOTA BHARU - JERTEH VIA PASIR PUTEH,myBas,,,
MELOR 1 Bus Stop,MELOR 1,KOTA BHARU - JERTEH VIA PASIR PUTEH,myBas,,,
SMUA AZHARIAH Bus Stop,SMUA AZHARIAH,KOTA BHARU - JERTEH VIA PASIR PUTEH,myBas,,,
KK MAHLIGAI Bus Stop,KK MAHLIGAI,KOTA BHARU - JERTEH VIA PASIR PUTEH,myBas,,,
MASJID MAHLIGAI Bus Stop,MASJID MAHLIGAI,KOTA BHARU - JERTEH VIA PASIR PUTEH,myBas,,,
MASJID KG PAK BADOL Bus Stop,MASJID KG PAK BADOL,KOTA BHARU - JERTEH VIA PASIR PUTEH,myBas,,,
SMK PAK BADOL Bus Stop,SMK PAK BADOL,KOTA BHARU - JERTEH VIA PASIR PUTEH,myBas,,,
KG TENGAH Bus Stop,KG TENGAH,KOTA BHARU - JERTEH VIA PASIR PUTEH,myBas,,,
KG JERUS Bus Stop,KG JERUS,KOTA BHARU - JERTEH VIA PASIR PUTEH,myBas,,,
KG DANAN Bus Stop,KG DANAN,KOTA BHARU - JERTEH VIA PASIR PUTEH,myBas,,,
KG BUKIT TANAH Bus Stop,KG BUKIT TANAH,KOTA BHARU - JERTEH VIA PASIR PUTEH,myBas,,,
MASJID BUKIT TANAH Bus Stop,MASJID BUKIT TANAH,KOTA BHARU - JERTEH VIA PASIR PUTEH,myBas,,,
TAMAN DESA ATIRA Bus Stop,TAMAN DESA ATIRA,KOTA BHARU - JERTEH VIA PASIR PUTEH,myBas,,,
BALAI POLIS SELISING Bus Stop,BALAI POLIS SELISING,KOTA BHARU - JERTEH VIA PASIR PUTEH,myBas,,,
KG SELISING Bus Stop,KG SELISING,KOTA BHARU - JERTEH VIA PASIR PUTEH,myBas,,,
PASAR SITI SARAH Bus Stop,PASAR SITI SARAH,KOTA BHARU - JERTEH VIA PASIR PUTEH,myBas,,,
KG BANIR BELIKONG Bus Stop,KG BANIR BELIKONG,KOTA BHARU - JERTEH VIA PASIR PUTEH,myBas,,,
KK BUKIT ABAL Bus Stop,KK BUKIT ABAL,KOTA BHARU - JERTEH VIA PASIR PUTEH,myBas,,,
SK BUKIT ABAL Bus Stop,SK BUKIT ABAL,KOTA BHARU - JERTEH VIA PASIR PUTEH,myBas,,,
KG SG KELONG Bus Stop,KG SG KELONG,KOTA BHARU - JERTEH VIA PASIR PUTEH,myBas,,,
KK PADANG PAK MAT Bus Stop,KK PADANG PAK MAT,KOTA BHARU - JERTEH VIA PASIR PUTEH,myBas,,,
MASJID PADANG PAK AMAT Bus Stop,MASJID PADANG PAK AMAT,KOTA BHARU - JERTEH VIA PASIR PUTEH,myBas,,,
SK PADANG PAKMAT Bus Stop,SK PADANG PAKMAT,KOTA BHARU - JERTEH VIA PASIR PUTEH,myBas,,,
PASARAYA PKT PASIR PUTEH Bus Stop,PASARAYA PKT PASIR PUTEH,KOTA BHARU - JERTEH VIA PASIR PUTEH,myBas,,,
SRI AMAN DALAM Bus Stop,SRI AMAN DALAM,KOTA BHARU - JERTEH VIA PASIR PUTEH,myBas,,,
MASJID AL MAJIDIAH Bus Stop,MASJID AL MAJIDIAH,KOTA BHARU - JERTEH VIA PASIR PUTEH,myBas,,,
SMK TOK JANGGUT Bus Stop,SMK TOK JANGGUT,KOTA BHARU - JERTEH VIA PASIR PUTEH,myBas,,,
BALAI BOMBA PASIR PUTEH Bus Stop,BALAI BOMBA PASIR PUTEH,KOTA BHARU - JERTEH VIA PASIR PUTEH,myBas,,,
MARA PASIR PUTEH Bus Stop,MARA PASIR PUTEH,KOTA BHARU - JERTEH VIA PASIR PUTEH,myBas,,,
PEJABAT TANAH DAN GALIAN PASIR PUTEH Bus Stop,PEJABAT TANAH DAN GALIAN PASIR PUTEH,KOTA BHARU - JERTEH VIA PASIR PUTEH,myBas,,,
SK PASIR PUTEH Bus Stop,SK PASIR PUTEH,KOTA BHARU - JERTEH VIA PASIR PUTEH,myBas,,,
PEKAN PASIR PUTEH Bus Stop,PEKAN PASIR PUTEH,KOTA BHARU - JERTEH VIA PASIR PUTEH,myBas,,,
JALAN NARA PASIR PUTEH Bus Stop,JALAN NARA PASIR PUTEH,KOTA BHARU - JERTEH VIA PASIR PUTEH,myBas,,,
PASIR PUTEH SENTRAL Bus Stop,PASIR PUTEH SENTRAL,KOTA BHARU - JERTEH VIA PASIR PUTEH,myBas,,,
MAAHAD SANIAH Bus Stop,MAAHAD SANIAH,KOTA BHARU - JERTEH VIA PASIR PUTEH,myBas,,,
MASJID AL BALAGHUL MUBIN Bus Stop,MASJID AL BALAGHUL MUBIN,KOTA BHARU - JERTEH VIA PASIR PUTEH,myBas,,,
SK SERI AMAN PASIR PUTEH Bus Stop,SK SERI AMAN PASIR PUTEH,KOTA BHARU - JERTEH VIA PASIR PUTEH,myBas,,,
WAKAF BUNUT Bus Stop,WAKAF BUNUT,KOTA BHARU - JERTEH VIA PASIR PUTEH,myBas,,,
SK GAAL Bus Stop,SK GAAL,KOTA BHARU - JERTEH VIA PASIR PUTEH,myBas,,,
KG GAAL 1 Bus Stop,KG GAAL 1,KOTA BHARU - JERTEH VIA PASIR PUTEH,myBas,,,
KG GAAL 2 Bus Stop,KG GAAL 2,KOTA BHARU - JERTEH VIA PASIR PUTEH,myBas,,,
KK GAAL Bus Stop,KK GAAL,KOTA BHARU - JERTEH VIA PASIR PUTEH,myBas,,,
KG BUKIT BELAH Bus Stop,KG BUKIT BELAH,KOTA BHARU - JERTEH VIA PASIR PUTEH,myBas,,,
MASJID WAKAF LICHONG Bus Stop,MASJID WAKAF LICHONG,KOTA BHARU - JERTEH VIA PASIR PUTEH,myBas,,,
WAKAF LICHONG Bus Stop,WAKAF LICHONG,KOTA BHARU - JERTEH VIA PASIR PUTEH,myBas,,,
MASJID HAJI CHIK Bus Stop,MASJID HAJI CHIK,KOTA BHARU - JERTEH VIA PASIR PUTEH,myBas,,,
KG WAKAF RAJA Bus Stop,KG WAKAF RAJA,KOTA BHARU - JERTEH VIA PASIR PUTEH,myBas,,,
MASJID IBRAHIM WAKAF RAJA Bus Stop,MASJID IBRAHIM WAKAF RAJA,KOTA BHARU - JERTEH VIA PASIR PUTEH,myBas,,,
SMUA NURUL HUDA Bus Stop,SMUA NURUL HUDA,KOTA BHARU - JERTEH VIA PASIR PUTEH,myBas,,,
KG LAK LOK Bus Stop,KG LAK LOK,KOTA BHARU - JERTEH VIA PASIR PUTEH,myBas,,,
MASJID KG LAK LOK Bus Stop,MASJID KG LAK LOK,KOTA BHARU - JERTEH VIA PASIR PUTEH,myBas,,,
KLINIK DESA PADANG LANDAK Bus Stop,KLINIK DESA PADANG LANDAK,KOTA BHARU - JERTEH VIA PASIR PUTEH,myBas,,,
KG PADANG LANDAK Bus Stop,KG PADANG LANDAK,KOTA BHARU - JERTEH VIA PASIR PUTEH,myBas,,,
SK PADANG LUAS Bus Stop,SK PADANG LUAS,KOTA BHARU - JERTEH VIA PASIR PUTEH,myBas,,,
MASJID AS SOLIHIN Bus Stop,MASJID AS SOLIHIN,KOTA BHARU - JERTEH VIA PASIR PUTEH,myBas,,,
KK PADANG LUAS Bus Stop,KK PADANG LUAS,KOTA BHARU - JERTEH VIA PASIR PUTEH,myBas,,,
KG PADANG LUAS Bus Stop,KG PADANG LUAS,KOTA BHARU - JERTEH VIA PASIR PUTEH,myBas,,,
MASJID ULUL ALBAB SEBERANG JERTEH Bus Stop,MASJID ULUL ALBAB SEBERANG JERTEH,KOTA BHARU - JERTEH VIA PASIR PUTEH,myBas,,,
JERTEH Bus Stop,JERTEH,KOTA BHARU - JERTEH VIA PASIR PUTEH,myBas,,,
MASJID IBRAHIMI PASIR PUTEH Bus Stop,MASJID IBRAHIMI PASIR PUTEH,KOTA BHARU - JERTEH VIA PASIR PUTEH,myBas,,,
STESEN BAS KOTA BHARU Bus Stop,STESEN BAS KOTA BHARU,KOTA BHARU - KAMPUNG RAJA VIA TOK BALI,myBas,,,
KEDAI UNIFI KELANTAN Bus Stop,KEDAI UNIFI KELANTAN,KOTA BHARU - KAMPUNG RAJA VIA TOK BALI,myBas,,,
NAGOYA Bus Stop,NAGOYA,KOTA BHARU - KAMPUNG RAJA VIA TOK BALI,myBas,,,
KOLEJ JURURAWAT JLN DUSUN MUDA Bus Stop,KOLEJ JURURAWAT JLN DUSUN MUDA,KOTA BHARU - KAMPUNG RAJA VIA TOK BALI,myBas,,,
JALAN BAYAM 2 Bus Stop,JALAN BAYAM 2,KOTA BHARU - KAMPUNG RAJA VIA TOK BALI,myBas,,,
SK SULTAN ISMAIL 2 Bus Stop,SK SULTAN ISMAIL 2,KOTA BHARU - KAMPUNG RAJA VIA TOK BALI,myBas,,,
TAMAN MAJU Bus Stop,TAMAN MAJU,KOTA BHARU - KAMPUNG RAJA VIA TOK BALI,myBas,,,
TAMAN HUDA Bus Stop,TAMAN HUDA,KOTA BHARU - KAMPUNG RAJA VIA TOK BALI,myBas,,,
KBMC Bus Stop,KBMC,KOTA BHARU - KAMPUNG RAJA VIA TOK BALI,myBas,,,
KLINIK ASSALAM Bus Stop,KLINIK ASSALAM,KOTA BHARU - KAMPUNG RAJA VIA TOK BALI,myBas,,,
BALAI ISLAM Bus Stop,BALAI ISLAM,KOTA BHARU - KAMPUNG RAJA VIA TOK BALI,myBas,,,
LEMBAGA PERTUBUHAN PELADANG Bus Stop,LEMBAGA PERTUBUHAN PELADANG,KOTA BHARU - KAMPUNG RAJA VIA TOK BALI,myBas,,,
CABANG PASIR HOR Bus Stop,CABANG PASIR HOR,KOTA BHARU - KAMPUNG RAJA VIA TOK BALI,myBas,,,
MASJID SULTAN ISMAIL PETRA Bus Stop,MASJID SULTAN ISMAIL PETRA,KOTA BHARU - KAMPUNG RAJA VIA TOK BALI,myBas,,,
PASAR SEGAR KK Bus Stop,PASAR SEGAR KK,KOTA BHARU - KAMPUNG RAJA VIA TOK BALI,myBas,,,
ISTANA KELANTAN Bus Stop,ISTANA KELANTAN,KOTA BHARU - KAMPUNG RAJA VIA TOK BALI,myBas,,,
KG CHICHA Bus Stop,KG CHICHA,KOTA BHARU - KAMPUNG RAJA VIA TOK BALI,myBas,,,
KLINIK DR AZIZ Bus Stop,KLINIK DR AZIZ,KOTA BHARU - KAMPUNG RAJA VIA TOK BALI,myBas,,,
PKT PASIR TUMBOH Bus Stop,PKT PASIR TUMBOH,KOTA BHARU - KAMPUNG RAJA VIA TOK BALI,myBas,,,
KFC PASIR TUMBOH Bus Stop,KFC PASIR TUMBOH,KOTA BHARU - KAMPUNG RAJA VIA TOK BALI,myBas,,,
SMK LONG GAFFAR Bus Stop,SMK LONG GAFFAR,KOTA BHARU - KAMPUNG RAJA VIA TOK BALI,myBas,,,
SMK LONG GAFFAR 2 Bus Stop,SMK LONG GAFFAR 2,KOTA BHARU - KAMPUNG RAJA VIA TOK BALI,myBas,,,
LIMBAT Bus Stop,LIMBAT,KOTA BHARU - KAMPUNG RAJA VIA TOK BALI,myBas,,,
MASJID AR RAHMAN Bus Stop,MASJID AR RAHMAN,KOTA BHARU - KAMPUNG RAJA VIA TOK BALI,myBas,,,
YOUNG HARDWARE Bus Stop,YOUNG HARDWARE,KOTA BHARU - KAMPUNG RAJA VIA TOK BALI,myBas,,,
SIMPANG PERINGAT - BACHOK Bus Stop,SIMPANG PERINGAT - BACHOK,KOTA BHARU - KAMPUNG RAJA VIA TOK BALI,myBas,,,
KG PADANG MOKKAN Bus Stop,KG PADANG MOKKAN,KOTA BHARU - KAMPUNG RAJA VIA TOK BALI,myBas,,,
SK PADANG MOKKAN Bus Stop,SK PADANG MOKKAN,KOTA BHARU - KAMPUNG RAJA VIA TOK BALI,myBas,,,
GIAT MARA PRIMA MELOR Bus Stop,GIAT MARA PRIMA MELOR,KOTA BHARU - KAMPUNG RAJA VIA TOK BALI,myBas,,,
KG BADAK MATI Bus Stop,KG BADAK MATI,KOTA BHARU - KAMPUNG RAJA VIA TOK BALI,myBas,,,
MASJID PAUH LIMA Bus Stop,MASJID PAUH LIMA,KOTA BHARU - KAMPUNG RAJA VIA TOK BALI,myBas,,,
KEDAI PAUH LIMA Bus Stop,KEDAI PAUH LIMA,KOTA BHARU - KAMPUNG RAJA VIA TOK BALI,myBas,,,
KG TEPUS Bus Stop,KG TEPUS,KOTA BHARU - KAMPUNG RAJA VIA TOK BALI,myBas,,,
MASJID TEPUS Bus Stop,MASJID TEPUS,KOTA BHARU - KAMPUNG RAJA VIA TOK BALI,myBas,,,
BALAI POLIS GUNONG Bus Stop,BALAI POLIS GUNONG,KOTA BHARU - KAMPUNG RAJA VIA TOK BALI,myBas,,,
KK GUNONG Bus Stop,KK GUNONG,KOTA BHARU - KAMPUNG RAJA VIA TOK BALI,myBas,,,
SMK SRI GUNUNG Bus Stop,SMK SRI GUNUNG,KOTA BHARU - KAMPUNG RAJA VIA TOK BALI,myBas,,,
BUKIT BATOR Bus Stop,BUKIT BATOR,KOTA BHARU - KAMPUNG RAJA VIA TOK BALI,myBas,,,
HOSPITAL BACHOK Bus Stop,HOSPITAL BACHOK,KOTA BHARU - KAMPUNG RAJA VIA TOK BALI,myBas,,,
BATOR Bus Stop,BATOR,KOTA BHARU - KAMPUNG RAJA VIA TOK BALI,myBas,,,
SMK JELAWAT Bus Stop,SMK JELAWAT,KOTA BHARU - KAMPUNG RAJA VIA TOK BALI,myBas,,,
PASAR JELAWAT Bus Stop,PASAR JELAWAT,KOTA BHARU - KAMPUNG RAJA VIA TOK BALI,myBas,,,
BANDAR BARU JELAWAT Bus Stop,BANDAR BARU JELAWAT,KOTA BHARU - KAMPUNG RAJA VIA TOK BALI,myBas,,,
KG RUSA Bus Stop,KG RUSA,KOTA BHARU - KAMPUNG RAJA VIA TOK BALI,myBas,,,
SMK DATO PERDANA Bus Stop,SMK DATO PERDANA,KOTA BHARU - KAMPUNG RAJA VIA TOK BALI,myBas,,,
PEJABAT PENDIDIKAN DAERAH BACHOK Bus Stop,PEJABAT PENDIDIKAN DAERAH BACHOK,KOTA BHARU - KAMPUNG RAJA VIA TOK BALI,myBas,,,
CHABANG MELAWI Bus Stop,CHABANG MELAWI,KOTA BHARU - KAMPUNG RAJA VIA TOK BALI,myBas,,,
MASJID AR RAHMAN REPEK Bus Stop,MASJID AR RAHMAN REPEK,KOTA BHARU - KAMPUNG RAJA VIA TOK BALI,myBas,,,
KG REPEK Bus Stop,KG REPEK,KOTA BHARU - KAMPUNG RAJA VIA TOK BALI,myBas,,,
PUSAT PEMULIHAN OKU TELONG Bus Stop,PUSAT PEMULIHAN OKU TELONG,KOTA BHARU - KAMPUNG RAJA VIA TOK BALI,myBas,,,
KG TELONG Bus Stop,KG TELONG,KOTA BHARU - KAMPUNG RAJA VIA TOK BALI,myBas,,,
PUSAT PENGAJIAN PONDOK KANDIS Bus Stop,PUSAT PENGAJIAN PONDOK KANDIS,KOTA BHARU - KAMPUNG RAJA VIA TOK BALI,myBas,,,
SIMPANG KK KANDIS Bus Stop,SIMPANG KK KANDIS,KOTA BHARU - KAMPUNG RAJA VIA TOK BALI,myBas,,,
PERTUBUHAN PELADANG KANDIS Bus Stop,PERTUBUHAN PELADANG KANDIS,KOTA BHARU - KAMPUNG RAJA VIA TOK BALI,myBas,,,
KG KANDIS Bus Stop,KG KANDIS,KOTA BHARU - KAMPUNG RAJA VIA TOK BALI,myBas,,,
KG AIR TAWAR Bus Stop,KG AIR TAWAR,KOTA BHARU - KAMPUNG RAJA VIA TOK BALI,myBas,,,
SHELL TOK BALI Bus Stop,SHELL TOK BALI,KOTA BHARU - KAMPUNG RAJA VIA TOK BALI,myBas,,,
CHERANG RUKU Bus Stop,CHERANG RUKU,KOTA BHARU - KAMPUNG RAJA VIA TOK BALI,myBas,,,
KG DALAM RHU Bus Stop,KG DALAM RHU,KOTA BHARU - KAMPUNG RAJA VIA TOK BALI,myBas,,,
KLINIK DESA DALAM RHU Bus Stop,KLINIK DESA DALAM RHU,KOTA BHARU - KAMPUNG RAJA VIA TOK BALI,myBas,,,
SK DALAM RHU Bus Stop,SK DALAM RHU,KOTA BHARU - KAMPUNG RAJA VIA TOK BALI,myBas,,,
KG PACHAKAN Bus Stop,KG PACHAKAN,KOTA BHARU - KAMPUNG RAJA VIA TOK BALI,myBas,,,
BHP KUALA BESUT Bus Stop,BHP KUALA BESUT,KOTA BHARU - KAMPUNG RAJA VIA TOK BALI,myBas,,,
KK KUALA BESUT Bus Stop,KK KUALA BESUT,KOTA BHARU - KAMPUNG RAJA VIA TOK BALI,myBas,,,
KG GERTAK SERATUS Bus Stop,KG GERTAK SERATUS,KOTA BHARU - KAMPUNG RAJA VIA TOK BALI,myBas,,,
SMK KUALA BESUT Bus Stop,SMK KUALA BESUT,KOTA BHARU - KAMPUNG RAJA VIA TOK BALI,myBas,,,
SK KUALA BESUT Bus Stop,SK KUALA BESUT,KOTA BHARU - KAMPUNG RAJA VIA TOK BALI,myBas,,,
TERMINAL BAS KUALA BESUT Bus Stop,TERMINAL BAS KUALA BESUT,KOTA BHARU - KAMPUNG RAJA VIA TOK BALI,myBas,,,
PASAR NELAYAN SEBERANG KASTAM Bus Stop,PASAR NELAYAN SEBERANG KASTAM,KOTA BHARU - KAMPUNG RAJA VIA TOK BALI,myBas,,,
KG AIR TAWAR BESUT Bus Stop,KG AIR TAWAR BESUT,KOTA BHARU - KAMPUNG RAJA VIA TOK BALI,myBas,,,
JPJ BESUT Bus Stop,JPJ BESUT,KOTA BHARU - KAMPUNG RAJA VIA TOK BALI,myBas,,,
KG PENGKALAN NYIREH Bus Stop,KG PENGKALAN NYIREH,KOTA BHARU - KAMPUNG RAJA VIA TOK BALI,myBas,,,
MASJID IBNU ABBAS PENGKALAN NYIREH Bus Stop,MASJID IBNU ABBAS PENGKALAN NYIREH,KOTA BHARU - KAMPUNG RAJA VIA TOK BALI,myBas,,,
PETRON KG RAJA Bus Stop,PETRON KG RAJA,KOTA BHARU - KAMPUNG RAJA VIA TOK BALI,myBas,,,
KK KG RAJA Bus Stop,KK KG RAJA,KOTA BHARU - KAMPUNG RAJA VIA TOK BALI,myBas,,,
PEJABAT TANAH DAN DAERAH BESUT Bus Stop,PEJABAT TANAH DAN DAERAH BESUT,KOTA BHARU - KAMPUNG RAJA VIA TOK BALI,myBas,,,
MASJID NASIRUDDIN SHAH KG RAJA Bus Stop,MASJID NASIRUDDIN SHAH KG RAJA,KOTA BHARU - KAMPUNG RAJA VIA TOK BALI,myBas,,,
INSTITUTE MEMANDU BESUT Bus Stop,INSTITUTE MEMANDU BESUT,KOTA BHARU - KAMPUNG RAJA VIA TOK BALI,myBas,,,
SMK PEMAISURI NUR ZAHIRAH Bus Stop,SMK PEMAISURI NUR ZAHIRAH,KOTA BHARU - KAMPUNG RAJA VIA TOK BALI,myBas,,,
MRSM KOTA PUTERA Bus Stop,MRSM KOTA PUTERA,KOTA BHARU - KAMPUNG RAJA VIA TOK BALI,myBas,,,
IPG SULTAN MIZAN Bus Stop,IPG SULTAN MIZAN,KOTA BHARU - KAMPUNG RAJA VIA TOK BALI,myBas,,,
PINTU MASUK POLITEKNIK BESUT Bus Stop,PINTU MASUK POLITEKNIK BESUT,KOTA BHARU - KAMPUNG RAJA VIA TOK BALI,myBas,,,
ASRAMA Bus Stop,ASRAMA,KOTA BHARU - KAMPUNG RAJA VIA TOK BALI,myBas,,,
POLITEKNIK BESUT Bus Stop,POLITEKNIK BESUT,KOTA BHARU - KAMPUNG RAJA VIA TOK BALI,myBas,,,
WISMA PERSEKUTUAN Bus Stop,WISMA PERSEKUTUAN,KOTA BHARU - KAMPUNG RAJA VIA TOK BALI,myBas,,,
JALAN BAYAM 1 / KPJ PERDANA Bus Stop,JALAN BAYAM 1 / KPJ PERDANA,KOTA BHARU - KAMPUNG RAJA VIA TOK BALI,myBas,,,
STADIUM SULTAN MUHAMMAD IV Bus Stop,STADIUM SULTAN MUHAMMAD IV,KOTA BHARU - KAMPUNG RAJA VIA TOK BALI,myBas,,,
SK PADANG GARONG Bus Stop,SK PADANG GARONG,KOTA BHARU - KAMPUNG RAJA VIA TOK BALI,myBas,,,
KELANTAN STATE MUSEUM Bus Stop,KELANTAN STATE MUSEUM,KOTA BHARU - KAMPUNG RAJA VIA TOK BALI,myBas,,,
STESEN BAS KOTA BHARU Bus Stop,STESEN BAS KOTA BHARU,KOTA BHARU - KUALA KRAI VIA MACHANG,myBas,,,
PADANG GARONG Bus Stop,PADANG GARONG,KOTA BHARU - KUALA KRAI VIA MACHANG,myBas,,,
SK PADANG GARONG Bus Stop,SK PADANG GARONG,KOTA BHARU - KUALA KRAI VIA MACHANG,myBas,,,
KELANTAN STATE MUSEUM Bus Stop,KELANTAN STATE MUSEUM,KOTA BHARU - KUALA KRAI VIA MACHANG,myBas,,,
BAZAR TOK GURU Bus Stop,BAZAR TOK GURU,KOTA BHARU - KUALA KRAI VIA MACHANG,myBas,,,
PEJABAT POS KOTA BHARU Bus Stop,PEJABAT POS KOTA BHARU,KOTA BHARU - KUALA KRAI VIA MACHANG,myBas,,,
RESIDENSI TROIKA Bus Stop,RESIDENSI TROIKA,KOTA BHARU - KUALA KRAI VIA MACHANG,myBas,,,
KB MALL Bus Stop,KB MALL,KOTA BHARU - KUALA KRAI VIA MACHANG,myBas,,,
KEDIAMAN IMIGRESEN Bus Stop,KEDIAMAN IMIGRESEN,KOTA BHARU - KUALA KRAI VIA MACHANG,myBas,,,
PEJABAT PERIKANAN Bus Stop,PEJABAT PERIKANAN,KOTA BHARU - KUALA KRAI VIA MACHANG,myBas,,,
JKR NEGERI KELANTAN Bus Stop,JKR NEGERI KELANTAN,KOTA BHARU - KUALA KRAI VIA MACHANG,myBas,,,
PETRONAS JALAN KUALA KRAI Bus Stop,PETRONAS JALAN KUALA KRAI,KOTA BHARU - KUALA KRAI VIA MACHANG,myBas,,,
BATU 2 Bus Stop,BATU 2,KOTA BHARU - KUALA KRAI VIA MACHANG,myBas,,,
KG BUNUT PAYONG 1 Bus Stop,KG BUNUT PAYONG 1,KOTA BHARU - KUALA KRAI VIA MACHANG,myBas,,,
KG BUNUT PAYONG 2 Bus Stop,KG BUNUT PAYONG 2,KOTA BHARU - KUALA KRAI VIA MACHANG,myBas,,,
BATU 3 Bus Stop,BATU 3,KOTA BHARU - KUALA KRAI VIA MACHANG,myBas,,,
WISMA SERI NILAM WAKAF CHE YEH Bus Stop,WISMA SERI NILAM WAKAF CHE YEH,KOTA BHARU - KUALA KRAI VIA MACHANG,myBas,,,
WAKAF CHE YEH Bus Stop,WAKAF CHE YEH,KOTA BHARU - KUALA KRAI VIA MACHANG,myBas,,,
MASJID AL TARBIYAH AL ISLAMIYAH Bus Stop,MASJID AL TARBIYAH AL ISLAMIYAH,KOTA BHARU - KUALA KRAI VIA MACHANG,myBas,,,
BATU 4 TUNJUNG Bus Stop,BATU 4 TUNJUNG,KOTA BHARU - KUALA KRAI VIA MACHANG,myBas,,,
MYDIN TUNJUNG Bus Stop,MYDIN TUNJUNG,KOTA BHARU - KUALA KRAI VIA MACHANG,myBas,,,
G ORANGE MALL Bus Stop,G ORANGE MALL,KOTA BHARU - KUALA KRAI VIA MACHANG,myBas,,,
JABATAN PENDIDIKAN NEGERI KELANTAN Bus Stop,JABATAN PENDIDIKAN NEGERI KELANTAN,KOTA BHARU - KUALA KRAI VIA MACHANG,myBas,,,
TUNJUNG Bus Stop,TUNJUNG,KOTA BHARU - KUALA KRAI VIA MACHANG,myBas,,,
MASJID MUKIM TUNJUNG Bus Stop,MASJID MUKIM TUNJUNG,KOTA BHARU - KUALA KRAI VIA MACHANG,myBas,,,
PASARAYA PKT TUNJUNG Bus Stop,PASARAYA PKT TUNJUNG,KOTA BHARU - KUALA KRAI VIA MACHANG,myBas,,,
KEDAI MULONG 1 Bus Stop,KEDAI MULONG 1,KOTA BHARU - KUALA KRAI VIA MACHANG,myBas,,,
KEDAI MULONG 2 Bus Stop,KEDAI MULONG 2,KOTA BHARU - KUALA KRAI VIA MACHANG,myBas,,,
MASJID AL FALAH Bus Stop,MASJID AL FALAH,KOTA BHARU - KUALA KRAI VIA MACHANG,myBas,,,
NILAM PURI Bus Stop,NILAM PURI,KOTA BHARU - KUALA KRAI VIA MACHANG,myBas,,,
MASJID BATU 8 Bus Stop,MASJID BATU 8,KOTA BHARU - KUALA KRAI VIA MACHANG,myBas,,,
KG BERANGAN Bus Stop,KG BERANGAN,KOTA BHARU - KUALA KRAI VIA MACHANG,myBas,,,
KADA KADOK Bus Stop,KADA KADOK,KOTA BHARU - KUALA KRAI VIA MACHANG,myBas,,,
MASJID KADOK Bus Stop,MASJID KADOK,KOTA BHARU - KUALA KRAI VIA MACHANG,myBas,,,
PUSAT KHIDMAT DUN KADOK Bus Stop,PUSAT KHIDMAT DUN KADOK,KOTA BHARU - KUALA KRAI VIA MACHANG,myBas,,,
SMK KADOK Bus Stop,SMK KADOK,KOTA BHARU - KUALA KRAI VIA MACHANG,myBas,,,
KG KADOK Bus Stop,KG KADOK,KOTA BHARU - KUALA KRAI VIA MACHANG,myBas,,,
BATU 10 LORONG HJ MUSTAFAR Bus Stop,BATU 10 LORONG HJ MUSTAFAR,KOTA BHARU - KUALA KRAI VIA MACHANG,myBas,,,
BATU 11 JLN PENGKALAN BUT Bus Stop,BATU 11 JLN PENGKALAN BUT,KOTA BHARU - KUALA KRAI VIA MACHANG,myBas,,,
MASJID BATU 11 Bus Stop,MASJID BATU 11,KOTA BHARU - KUALA KRAI VIA MACHANG,myBas,,,
TALI AIR BATU 11 Bus Stop,TALI AIR BATU 11,KOTA BHARU - KUALA KRAI VIA MACHANG,myBas,,,
BOMBA KETEREH Bus Stop,BOMBA KETEREH,KOTA BHARU - KUALA KRAI VIA MACHANG,myBas,,,
PEJABAT POS KETEREH Bus Stop,PEJABAT POS KETEREH,KOTA BHARU - KUALA KRAI VIA MACHANG,myBas,,,
KEDAI KETEREH Bus Stop,KEDAI KETEREH,KOTA BHARU - KUALA KRAI VIA MACHANG,myBas,,,
STESEN BAS KETEREH Bus Stop,STESEN BAS KETEREH,KOTA BHARU - KUALA KRAI VIA MACHANG,myBas,,,
CABANG TOK AKIL Bus Stop,CABANG TOK AKIL,KOTA BHARU - KUALA KRAI VIA MACHANG,myBas,,,
SMK KETEREH Bus Stop,SMK KETEREH,KOTA BHARU - KUALA KRAI VIA MACHANG,myBas,,,
KG DENDANG Bus Stop,KG DENDANG,KOTA BHARU - KUALA KRAI VIA MACHANG,myBas,,,
TERMINAL BAS EKSPRES KOK LANAS Bus Stop,TERMINAL BAS EKSPRES KOK LANAS,KOTA BHARU - KUALA KRAI VIA MACHANG,myBas,,,
KOK LANAS Bus Stop,KOK LANAS,KOTA BHARU - KUALA KRAI VIA MACHANG,myBas,,,
KK KOK LANAS Bus Stop,KK KOK LANAS,KOTA BHARU - KUALA KRAI VIA MACHANG,myBas,,,
ECONJAYA KOK LANAS Bus Stop,ECONJAYA KOK LANAS,KOTA BHARU - KUALA KRAI VIA MACHANG,myBas,,,
MASJID KOK LANAS Bus Stop,MASJID KOK LANAS,KOTA BHARU - KUALA KRAI VIA MACHANG,myBas,,,
KFC KOK LANAS Bus Stop,KFC KOK LANAS,KOTA BHARU - KUALA KRAI VIA MACHANG,myBas,,,
SK KOK LANAS Bus Stop,SK KOK LANAS,KOTA BHARU - KUALA KRAI VIA MACHANG,myBas,,,
PETRONAS KOK LANAS Bus Stop,PETRONAS KOK LANAS,KOTA BHARU - KUALA KRAI VIA MACHANG,myBas,,,
ARKED MARA KOK LANAS Bus Stop,ARKED MARA KOK LANAS,KOTA BHARU - KUALA KRAI VIA MACHANG,myBas,,,
KEM DESA KOK LANAS Bus Stop,KEM DESA KOK LANAS,KOTA BHARU - KUALA KRAI VIA MACHANG,myBas,,,
BUKIT CINA Bus Stop,BUKIT CINA,KOTA BHARU - KUALA KRAI VIA MACHANG,myBas,,,
MERBAU CHONDONG Bus Stop,MERBAU CHONDONG,KOTA BHARU - KUALA KRAI VIA MACHANG,myBas,,,
MASJID PULAI CHONDONG Bus Stop,MASJID PULAI CHONDONG,KOTA BHARU - KUALA KRAI VIA MACHANG,myBas,,,
KK PULAI CHONDONG Bus Stop,KK PULAI CHONDONG,KOTA BHARU - KUALA KRAI VIA MACHANG,myBas,,,
PASAR PULAI CHONDONG Bus Stop,PASAR PULAI CHONDONG,KOTA BHARU - KUALA KRAI VIA MACHANG,myBas,,,
PULAI CHONDONG Bus Stop,PULAI CHONDONG,KOTA BHARU - KUALA KRAI VIA MACHANG,myBas,,,
PANGKAL GONG Bus Stop,PANGKAL GONG,KOTA BHARU - KUALA KRAI VIA MACHANG,myBas,,,
SMK ABDUL SAMAD Bus Stop,SMK ABDUL SAMAD,KOTA BHARU - KUALA KRAI VIA MACHANG,myBas,,,
MASJID TOK BOK Bus Stop,MASJID TOK BOK,KOTA BHARU - KUALA KRAI VIA MACHANG,myBas,,,
JPJ LABOK Bus Stop,JPJ LABOK,KOTA BHARU - KUALA KRAI VIA MACHANG,myBas,,,
KLINIK KESIHATAN LABOK Bus Stop,KLINIK KESIHATAN LABOK,KOTA BHARU - KUALA KRAI VIA MACHANG,myBas,,,
SMK SAINS LABOK Bus Stop,SMK SAINS LABOK,KOTA BHARU - KUALA KRAI VIA MACHANG,myBas,,,
MASJID UBUDIAH BATU 23 Bus Stop,MASJID UBUDIAH BATU 23,KOTA BHARU - KUALA KRAI VIA MACHANG,myBas,,,
BUKIT BELAH 1 Bus Stop,BUKIT BELAH 1,KOTA BHARU - KUALA KRAI VIA MACHANG,myBas,,,
BUKIT BELAH 2 Bus Stop,BUKIT BELAH 2,KOTA BHARU - KUALA KRAI VIA MACHANG,myBas,,,
BUKIT BELAH 3 Bus Stop,BUKIT BELAH 3,KOTA BHARU - KUALA KRAI VIA MACHANG,myBas,,,
JPJ BATU 25 Bus Stop,JPJ BATU 25,KOTA BHARU - KUALA KRAI VIA MACHANG,myBas,,,
TERMINAL BAS EKSPRES MACHANG Bus Stop,TERMINAL BAS EKSPRES MACHANG,KOTA BHARU - KUALA KRAI VIA MACHANG,myBas,,,
SMK MACHANG Bus Stop,SMK MACHANG,KOTA BHARU - KUALA KRAI VIA MACHANG,myBas,,,
STESEN BAS MACHANG Bus Stop,STESEN BAS MACHANG,KOTA BHARU - KUALA KRAI VIA MACHANG,myBas,,,
BOMBA MACHANG Bus Stop,BOMBA MACHANG,KOTA BHARU - KUALA KRAI VIA MACHANG,myBas,,,
KEMUNING Bus Stop,KEMUNING,KOTA BHARU - KUALA KRAI VIA MACHANG,myBas,,,
PANGKAL PETAI Bus Stop,PANGKAL PETAI,KOTA BHARU - KUALA KRAI VIA MACHANG,myBas,,,
AIR HIJAU Bus Stop,AIR HIJAU,KOTA BHARU - KUALA KRAI VIA MACHANG,myBas,,,
BATU 30 Bus Stop,BATU 30,KOTA BHARU - KUALA KRAI VIA MACHANG,myBas,,,
KK BATU 30 Bus Stop,KK BATU 30,KOTA BHARU - KUALA KRAI VIA MACHANG,myBas,,,
BATU 31 Bus Stop,BATU 31,KOTA BHARU - KUALA KRAI VIA MACHANG,myBas,,,
SMK SERI INTAN KAMPUNG PEK Bus Stop,SMK SERI INTAN KAMPUNG PEK,KOTA BHARU - KUALA KRAI VIA MACHANG,myBas,,,
SK KAMPUNG PEK Bus Stop,SK KAMPUNG PEK,KOTA BHARU - KUALA KRAI VIA MACHANG,myBas,,,
LALOK Bus Stop,LALOK,KOTA BHARU - KUALA KRAI VIA MACHANG,myBas,,,
BANGGOL KULIM BALAISAH Bus Stop,BANGGOL KULIM BALAISAH,KOTA BHARU - KUALA KRAI VIA MACHANG,myBas,,,
KG TELEKONG Bus Stop,KG TELEKONG,KOTA BHARU - KUALA KRAI VIA MACHANG,myBas,,,
KK KEROH Bus Stop,KK KEROH,KOTA BHARU - KUALA KRAI VIA MACHANG,myBas,,,
SMK KEROH Bus Stop,SMK KEROH,KOTA BHARU - KUALA KRAI VIA MACHANG,myBas,,,
SIMPANG PASIR GAJAH Bus Stop,SIMPANG PASIR GAJAH,KOTA BHARU - KUALA KRAI VIA MACHANG,myBas,,,
MASJID LAMA KG KEROH Bus Stop,MASJID LAMA KG KEROH,KOTA BHARU - KUALA KRAI VIA MACHANG,myBas,,,
BUKIT SIREH 1 Bus Stop,BUKIT SIREH 1,KOTA BHARU - KUALA KRAI VIA MACHANG,myBas,,,
BUKIT SIREH 2 Bus Stop,BUKIT SIREH 2,KOTA BHARU - KUALA KRAI VIA MACHANG,myBas,,,
BATU JONG Bus Stop,BATU JONG,KOTA BHARU - KUALA KRAI VIA MACHANG,myBas,,,
SUNGAI DURIAN 1 Bus Stop,SUNGAI DURIAN 1,KOTA BHARU - KUALA KRAI VIA MACHANG,myBas,,,
SUNGAI DURIAN 2 Bus Stop,SUNGAI DURIAN 2,KOTA BHARU - KUALA KRAI VIA MACHANG,myBas,,,
SMK KUALA KRAI Bus Stop,SMK KUALA KRAI,KOTA BHARU - KUALA KRAI VIA MACHANG,myBas,,,
GUCHIL 1 Bus Stop,GUCHIL 1,KOTA BHARU - KUALA KRAI VIA MACHANG,myBas,,,
GUCHIL 2 Bus Stop,GUCHIL 2,KOTA BHARU - KUALA KRAI VIA MACHANG,myBas,,,
ZOO KUALA KRAI Bus Stop,ZOO KUALA KRAI,KOTA BHARU - KUALA KRAI VIA MACHANG,myBas,,,
PASAR KUALA KRAI Bus Stop,PASAR KUALA KRAI,KOTA BHARU - KUALA KRAI VIA MACHANG,myBas,,,
KTM KUALA KRAI Bus Stop,KTM KUALA KRAI,KOTA BHARU - KUALA KRAI VIA MACHANG,myBas,,,
STESEN BAS KUALA KRAI Bus Stop,STESEN BAS KUALA KRAI,KOTA BHARU - KUALA KRAI VIA MACHANG,myBas,,,
STESEN BAS KOTA BHARU Bus Stop,STESEN BAS KOTA BHARU,KOTA BHARU - UITM MACHANG,myBas,,,
PADANG GARONG Bus Stop,PADANG GARONG,KOTA BHARU - UITM MACHANG,myBas,,,
SK PADANG GARONG Bus Stop,SK PADANG GARONG,KOTA BHARU - UITM MACHANG,myBas,,,
KELANTAN STATE MUSEUM Bus Stop,KELANTAN STATE MUSEUM,KOTA BHARU - UITM MACHANG,myBas,,,
BAZAR TOK GURU Bus Stop,BAZAR TOK GURU,KOTA BHARU - UITM MACHANG,myBas,,,
PEJABAT POS KOTA BHARU Bus Stop,PEJABAT POS KOTA BHARU,KOTA BHARU - UITM MACHANG,myBas,,,
RESIDENSI TROIKA Bus Stop,RESIDENSI TROIKA,KOTA BHARU - UITM MACHANG,myBas,,,
KB MALL Bus Stop,KB MALL,KOTA BHARU - UITM MACHANG,myBas,,,
KEDIAMAN IMIGRESEN Bus Stop,KEDIAMAN IMIGRESEN,KOTA BHARU - UITM MACHANG,myBas,,,
PEJABAT PERIKANAN Bus Stop,PEJABAT PERIKANAN,KOTA BHARU - UITM MACHANG,myBas,,,
JKR NEGERI KELANTAN Bus Stop,JKR NEGERI KELANTAN,KOTA BHARU - UITM MACHANG,myBas,,,
PETRONAS JALAN KUALA KRAI Bus Stop,PETRONAS JALAN KUALA KRAI,KOTA BHARU - UITM MACHANG,myBas,,,
BATU 2 Bus Stop,BATU 2,KOTA BHARU - UITM MACHANG,myBas,,,
KG BUNUT PAYONG 1 Bus Stop,KG BUNUT PAYONG 1,KOTA BHARU - UITM MACHANG,myBas,,,
KG BUNUT PAYONG 2 Bus Stop,KG BUNUT PAYONG 2,KOTA BHARU - UITM MACHANG,myBas,,,
BATU 3 Bus Stop,BATU 3,KOTA BHARU - UITM MACHANG,myBas,,,
WISMA SERI NILAM WAKAF CHE YEH Bus Stop,WISMA SERI NILAM WAKAF CHE YEH,KOTA BHARU - UITM MACHANG,myBas,,,
WAKAF CHE YEH Bus Stop,WAKAF CHE YEH,KOTA BHARU - UITM MACHANG,myBas,,,
MASJID AL TARBIYAH AL ISLAMIYAH Bus Stop,MASJID AL TARBIYAH AL ISLAMIYAH,KOTA BHARU - UITM MACHANG,myBas,,,
BATU 4 TUNJUNG Bus Stop,BATU 4 TUNJUNG,KOTA BHARU - UITM MACHANG,myBas,,,
MYDIN TUNJUNG Bus Stop,MYDIN TUNJUNG,KOTA BHARU - UITM MACHANG,myBas,,,
G ORANGE MALL Bus Stop,G ORANGE MALL,KOTA BHARU - UITM MACHANG,myBas,,,
JABATAN PENDIDIKAN NEGERI KELANTAN Bus Stop,JABATAN PENDIDIKAN NEGERI KELANTAN,KOTA BHARU - UITM MACHANG,myBas,,,
TUNJUNG Bus Stop,TUNJUNG,KOTA BHARU - UITM MACHANG,myBas,,,
MASJID MUKIM TUNJUNG Bus Stop,MASJID MUKIM TUNJUNG,KOTA BHARU - UITM MACHANG,myBas,,,
PASARAYA PKT TUNJUNG Bus Stop,PASARAYA PKT TUNJUNG,KOTA BHARU - UITM MACHANG,myBas,,,
KEDAI MULONG 1 Bus Stop,KEDAI MULONG 1,KOTA BHARU - UITM MACHANG,myBas,,,
KEDAI MULONG 2 Bus Stop,KEDAI MULONG 2,KOTA BHARU - UITM MACHANG,myBas,,,
MASJID AL FALAH Bus Stop,MASJID AL FALAH,KOTA BHARU - UITM MACHANG,myBas,,,
NILAM PURI Bus Stop,NILAM PURI,KOTA BHARU - UITM MACHANG,myBas,,,
KG BIAH Bus Stop,KG BIAH,KOTA BHARU - UITM MACHANG,myBas,,,
KG KUKANG Bus Stop,KG KUKANG,KOTA BHARU - UITM MACHANG,myBas,,,
SK PEROL Bus Stop,SK PEROL,KOTA BHARU - UITM MACHANG,myBas,,,
KG PEROL Bus Stop,KG PEROL,KOTA BHARU - UITM MACHANG,myBas,,,
KG PADANG TAMAN Bus Stop,KG PADANG TAMAN,KOTA BHARU - UITM MACHANG,myBas,,,
KG PADANG MURAH Bus Stop,KG PADANG MURAH,KOTA BHARU - UITM MACHANG,myBas,,,
CHABANG KG PANGKAL PISANG Bus Stop,CHABANG KG PANGKAL PISANG,KOTA BHARU - UITM MACHANG,myBas,,,
KG PADANG MENGKALI Bus Stop,KG PADANG MENGKALI,KOTA BHARU - UITM MACHANG,myBas,,,
TAMAN DESA PERINGAT Bus Stop,TAMAN DESA PERINGAT,KOTA BHARU - UITM MACHANG,myBas,,,
KG BECHAH KURA Bus Stop,KG BECHAH KURA,KOTA BHARU - UITM MACHANG,myBas,,,
KG MACHANG BUBUK Bus Stop,KG MACHANG BUBUK,KOTA BHARU - UITM MACHANG,myBas,,,
KG WAKAF TOK WALI Bus Stop,KG WAKAF TOK WALI,KOTA BHARU - UITM MACHANG,myBas,,,
SK PADANG KALA Bus Stop,SK PADANG KALA,KOTA BHARU - UITM MACHANG,myBas,,,
KG PADANG KALA Bus Stop,KG PADANG KALA,KOTA BHARU - UITM MACHANG,myBas,,,
MASJID IMANUL FAIZIN Bus Stop,MASJID IMANUL FAIZIN,KOTA BHARU - UITM MACHANG,myBas,,,
KG KUBANG TIN Bus Stop,KG KUBANG TIN,KOTA BHARU - UITM MACHANG,myBas,,,
MASJID AL MAGHFIRAH Bus Stop,MASJID AL MAGHFIRAH,KOTA BHARU - UITM MACHANG,myBas,,,
SMK MELOR Bus Stop,SMK MELOR,KOTA BHARU - UITM MACHANG,myBas,,,
MELOR 2 Bus Stop,MELOR 2,KOTA BHARU - UITM MACHANG,myBas,,,
KLINIK DESA MELOR Bus Stop,KLINIK DESA MELOR,KOTA BHARU - UITM MACHANG,myBas,,,
SK MELOR KG PADANG RAJA Bus Stop,SK MELOR KG PADANG RAJA,KOTA BHARU - UITM MACHANG,myBas,,,
SK BULOH POH Bus Stop,SK BULOH POH,KOTA BHARU - UITM MACHANG,myBas,,,
KG BULOH POH Bus Stop,KG BULOH POH,KOTA BHARU - UITM MACHANG,myBas,,,
KK KETEREH Bus Stop,KK KETEREH,KOTA BHARU - UITM MACHANG,myBas,,,
SK SERI KETEREH Bus Stop,SK SERI KETEREH,KOTA BHARU - UITM MACHANG,myBas,,,
KEDAI KETEREH Bus Stop,KEDAI KETEREH,KOTA BHARU - UITM MACHANG,myBas,,,
STESEN BAS KETEREH Bus Stop,STESEN BAS KETEREH,KOTA BHARU - UITM MACHANG,myBas,,,
CABANG TOK AKIL Bus Stop,CABANG TOK AKIL,KOTA BHARU - UITM MACHANG,myBas,,,
SMK KETEREH Bus Stop,SMK KETEREH,KOTA BHARU - UITM MACHANG,myBas,,,
KG DENDANG Bus Stop,KG DENDANG,KOTA BHARU - UITM MACHANG,myBas,,,
TERMINAL BAS EKSPRES KOK LANAS Bus Stop,TERMINAL BAS EKSPRES KOK LANAS,KOTA BHARU - UITM MACHANG,myBas,,,
KOK LANAS Bus Stop,KOK LANAS,KOTA BHARU - UITM MACHANG,myBas,,,
KK KOK LANAS Bus Stop,KK KOK LANAS,KOTA BHARU - UITM MACHANG,myBas,,,
ECONJAYA KOK LANAS Bus Stop,ECONJAYA KOK LANAS,KOTA BHARU - UITM MACHANG,myBas,,,
KG SETEK Bus Stop,KG SETEK,KOTA BHARU - UITM MACHANG,myBas,,,
KLINIK DESA BATU TINGGI Bus Stop,KLINIK DESA BATU TINGGI,KOTA BHARU - UITM MACHANG,myBas,,,
TAMAN MERBAU UTAMA Bus Stop,TAMAN MERBAU UTAMA,KOTA BHARU - UITM MACHANG,myBas,,,
KOLEJ MATRIKULASI KELANTAN Bus Stop,KOLEJ MATRIKULASI KELANTAN,KOTA BHARU - UITM MACHANG,myBas,,,
ECONJAYA KOK LANAS 2 Bus Stop,ECONJAYA KOK LANAS 2,KOTA BHARU - UITM MACHANG,myBas,,,
7-ELEVEN KOK LANAS Bus Stop,7-ELEVEN KOK LANAS,KOTA BHARU - UITM MACHANG,myBas,,,
MASJID AR-RAHMAN Bus Stop,MASJID AR-RAHMAN,KOTA BHARU - UITM MACHANG,myBas,,,
SMK KOK LANAS Bus Stop,SMK KOK LANAS,KOTA BHARU - UITM MACHANG,myBas,,,
POLITEKNIK KOTA BHARU Bus Stop,POLITEKNIK KOTA BHARU,KOTA BHARU - UITM MACHANG,myBas,,,
ECONJAYA KOK LANAS 3 Bus Stop,ECONJAYA KOK LANAS 3,KOTA BHARU - UITM MACHANG,myBas,,,
MASJID KOK LANAS Bus Stop,MASJID KOK LANAS,KOTA BHARU - UITM MACHANG,myBas,,,
KFC KOK LANAS Bus Stop,KFC KOK LANAS,KOTA BHARU - UITM MACHANG,myBas,,,
SK KOK LANAS Bus Stop,SK KOK LANAS,KOTA BHARU - UITM MACHANG,myBas,,,
PETRONAS KOK LANAS Bus Stop,PETRONAS KOK LANAS,KOTA BHARU - UITM MACHANG,myBas,,,
ARKED MARA KOK LANAS Bus Stop,ARKED MARA KOK LANAS,KOTA BHARU - UITM MACHANG,myBas,,,
KEM DESA KOK LANAS Bus Stop,KEM DESA KOK LANAS,KOTA BHARU - UITM MACHANG,myBas,,,
BUKIT CINA Bus Stop,BUKIT CINA,KOTA BHARU - UITM MACHANG,myBas,,,
MERBAU CHONDONG Bus Stop,MERBAU CHONDONG,KOTA BHARU - UITM MACHANG,myBas,,,
MASJID PULAI CHONDONG Bus Stop,MASJID PULAI CHONDONG,KOTA BHARU - UITM MACHANG,myBas,,,
KK PULAI CHONDONG Bus Stop,KK PULAI CHONDONG,KOTA BHARU - UITM MACHANG,myBas,,,
PASAR PULAI CHONDONG Bus Stop,PASAR PULAI CHONDONG,KOTA BHARU - UITM MACHANG,myBas,,,
PULAI CHONDONG Bus Stop,PULAI CHONDONG,KOTA BHARU - UITM MACHANG,myBas,,,
PANGKAL GONG Bus Stop,PANGKAL GONG,KOTA BHARU - UITM MACHANG,myBas,,,
SMK ABDUL SAMAD Bus Stop,SMK ABDUL SAMAD,KOTA BHARU - UITM MACHANG,myBas,,,
MASJID TOK BOK Bus Stop,MASJID TOK BOK,KOTA BHARU - UITM MACHANG,myBas,,,
JPJ LABOK Bus Stop,JPJ LABOK,KOTA BHARU - UITM MACHANG,myBas,,,
KLINIK KESIHATAN LABOK Bus Stop,KLINIK KESIHATAN LABOK,KOTA BHARU - UITM MACHANG,myBas,,,
SMK SAINS LABOK Bus Stop,SMK SAINS LABOK,KOTA BHARU - UITM MACHANG,myBas,,,
MASJID UBUDIAH BATU 23 Bus Stop,MASJID UBUDIAH BATU 23,KOTA BHARU - UITM MACHANG,myBas,,,
BUKIT BELAH 1 Bus Stop,BUKIT BELAH 1,KOTA BHARU - UITM MACHANG,myBas,,,
BUKIT BELAH 2 Bus Stop,BUKIT BELAH 2,KOTA BHARU - UITM MACHANG,myBas,,,
BUKIT BELAH 3 Bus Stop,BUKIT BELAH 3,KOTA BHARU - UITM MACHANG,myBas,,,
JPJ BATU 25 Bus Stop,JPJ BATU 25,KOTA BHARU - UITM MACHANG,myBas,,,
TERMINAL BAS EKSPRES MACHANG Bus Stop,TERMINAL BAS EKSPRES MACHANG,KOTA BHARU - UITM MACHANG,myBas,,,
SMK MACHANG Bus Stop,SMK MACHANG,KOTA BHARU - UITM MACHANG,myBas,,,
STESEN BAS MACHANG Bus Stop,STESEN BAS MACHANG,KOTA BHARU - UITM MACHANG,myBas,,,
HOSPITAL MACHANG Bus Stop,HOSPITAL MACHANG,KOTA BHARU - UITM MACHANG,myBas,,,
PADANG SELISING Bus Stop,PADANG SELISING,KOTA BHARU - UITM MACHANG,myBas,,,
SK BUKIT TIU 1 Bus Stop,SK BUKIT TIU 1,KOTA BHARU - UITM MACHANG,myBas,,,
SK BUKIT TIU 2 Bus Stop,SK BUKIT TIU 2,KOTA BHARU - UITM MACHANG,myBas,,,
SIMPANG BUKIT BAKAR Bus Stop,SIMPANG BUKIT BAKAR,KOTA BHARU - UITM MACHANG,myBas,,,
UITM MACHANG Bus Stop,UITM MACHANG,KOTA BHARU - UITM MACHANG,myBas,,,
BAHAGIAN FASILITI Bus Stop,BAHAGIAN FASILITI,KOTA BHARU - UITM MACHANG,myBas,,,
FAKULTI PERAKUANAN Bus Stop,FAKULTI PERAKUANAN,KOTA BHARU - UITM MACHANG,myBas,,,
HENTIAN BAS 1 Bus Stop,HENTIAN BAS 1,KOTA BHARU - UITM MACHANG,myBas,,,
KOMPLEKS SUKAN Bus Stop,KOMPLEKS SUKAN,KOTA BHARU - UITM MACHANG,myBas,,,
HENTIAN BAS 2 Bus Stop,HENTIAN BAS 2,KOTA BHARU - UITM MACHANG,myBas,,,
HENTIAN BAS 3 Bus Stop,HENTIAN BAS 3,KOTA BHARU - UITM MACHANG,myBas,,,
HENTIAN BAS 4 Bus Stop,HENTIAN BAS 4,KOTA BHARU - UITM MACHANG,myBas,,,
DEWAN PROFESIONAL Bus Stop,DEWAN PROFESIONAL,KOTA BHARU - UITM MACHANG,myBas,,,
HENTIAN BAS 5 Bus Stop,HENTIAN BAS 5,KOTA BHARU - UITM MACHANG,myBas,,,
KOLEJ TUNKU ABDUL RAHMAN Bus Stop,KOLEJ TUNKU ABDUL RAHMAN,KOTA BHARU - UITM MACHANG,myBas,,,
PUSAT ISLAM UITM MACHANG Bus Stop,PUSAT ISLAM UITM MACHANG,KOTA BHARU - UITM MACHANG,myBas,,,
STESEN BAS KOTA BHARU Bus Stop,STESEN BAS KOTA BHARU,KOTA BHARU - GUA MUSANG,myBas,,,
PADANG GARONG Bus Stop,PADANG GARONG,KOTA BHARU - GUA MUSANG,myBas,,,
SK PADANG GARONG Bus Stop,SK PADANG GARONG,KOTA BHARU - GUA MUSANG,myBas,,,
KELANTAN STATE MUSEUM Bus Stop,KELANTAN STATE MUSEUM,KOTA BHARU - GUA MUSANG,myBas,,,
BAZAR TOK GURU Bus Stop,BAZAR TOK GURU,KOTA BHARU - GUA MUSANG,myBas,,,
PEJABAT POS KOTA BHARU Bus Stop,PEJABAT POS KOTA BHARU,KOTA BHARU - GUA MUSANG,myBas,,,
RESIDENSI TROIKA Bus Stop,RESIDENSI TROIKA,KOTA BHARU - GUA MUSANG,myBas,,,
KB MALL Bus Stop,KB MALL,KOTA BHARU - GUA MUSANG,myBas,,,
KEDIAMAN IMIGRESEN Bus Stop,KEDIAMAN IMIGRESEN,KOTA BHARU - GUA MUSANG,myBas,,,
PEJABAT PERIKANAN Bus Stop,PEJABAT PERIKANAN,KOTA BHARU - GUA MUSANG,myBas,,,
JKR NEGERI KELANTAN Bus Stop,JKR NEGERI KELANTAN,KOTA BHARU - GUA MUSANG,myBas,,,
PETRONAS JALAN KUALA KRAI Bus Stop,PETRONAS JALAN KUALA KRAI,KOTA BHARU - GUA MUSANG,myBas,,,
BATU 2 Bus Stop,BATU 2,KOTA BHARU - GUA MUSANG,myBas,,,
KG BUNUT PAYONG 1 Bus Stop,KG BUNUT PAYONG 1,KOTA BHARU - GUA MUSANG,myBas,,,
KG BUNUT PAYONG 2 Bus Stop,KG BUNUT PAYONG 2,KOTA BHARU - GUA MUSANG,myBas,,,
BATU 3 Bus Stop,BATU 3,KOTA BHARU - GUA MUSANG,myBas,,,
WISMA SERI NILAM WAKAF CHE YEH Bus Stop,WISMA SERI NILAM WAKAF CHE YEH,KOTA BHARU - GUA MUSANG,myBas,,,
WAKAF CHE YEH Bus Stop,WAKAF CHE YEH,KOTA BHARU - GUA MUSANG,myBas,,,
MASJID AL TARBIYAH AL ISLAMIYAH Bus Stop,MASJID AL TARBIYAH AL ISLAMIYAH,KOTA BHARU - GUA MUSANG,myBas,,,
BATU 4 TUNJUNG Bus Stop,BATU 4 TUNJUNG,KOTA BHARU - GUA MUSANG,myBas,,,
MYDIN TUNJUNG Bus Stop,MYDIN TUNJUNG,KOTA BHARU - GUA MUSANG,myBas,,,
G ORANGE MALL Bus Stop,G ORANGE MALL,KOTA BHARU - GUA MUSANG,myBas,,,
JABATAN PENDIDIKAN NEGERI KELANTAN Bus Stop,JABATAN PENDIDIKAN NEGERI KELANTAN,KOTA BHARU - GUA MUSANG,myBas,,,
TUNJUNG Bus Stop,TUNJUNG,KOTA BHARU - GUA MUSANG,myBas,,,
MASJID MUKIM TUNJUNG Bus Stop,MASJID MUKIM TUNJUNG,KOTA BHARU - GUA MUSANG,myBas,,,
PASARAYA PKT TUNJUNG Bus Stop,PASARAYA PKT TUNJUNG,KOTA BHARU - GUA MUSANG,myBas,,,
KEDAI MULONG 1 Bus Stop,KEDAI MULONG 1,KOTA BHARU - GUA MUSANG,myBas,,,
KEDAI MULONG 2 Bus Stop,KEDAI MULONG 2,KOTA BHARU - GUA MUSANG,myBas,,,
MASJID AL FALAH Bus Stop,MASJID AL FALAH,KOTA BHARU - GUA MUSANG,myBas,,,
NILAM PURI Bus Stop,NILAM PURI,KOTA BHARU - GUA MUSANG,myBas,,,
MASJID BATU 8 Bus Stop,MASJID BATU 8,KOTA BHARU - GUA MUSANG,myBas,,,
KG BERANGAN Bus Stop,KG BERANGAN,KOTA BHARU - GUA MUSANG,myBas,,,
KADA KADOK Bus Stop,KADA KADOK,KOTA BHARU - GUA MUSANG,myBas,,,
MASJID KADOK Bus Stop,MASJID KADOK,KOTA BHARU - GUA MUSANG,myBas,,,
PUSAT KHIDMAT DUN KADOK Bus Stop,PUSAT KHIDMAT DUN KADOK,KOTA BHARU - GUA MUSANG,myBas,,,
SMK KADOK Bus Stop,SMK KADOK,KOTA BHARU - GUA MUSANG,myBas,,,
KG KADOK Bus Stop,KG KADOK,KOTA BHARU - GUA MUSANG,myBas,,,
BATU 10 LORONG HJ MUSTAFAR Bus Stop,BATU 10 LORONG HJ MUSTAFAR,KOTA BHARU - GUA MUSANG,myBas,,,
BATU 11 JLN PENGKALAN BUT Bus Stop,BATU 11 JLN PENGKALAN BUT,KOTA BHARU - GUA MUSANG,myBas,,,
MASJID BATU 11 Bus Stop,MASJID BATU 11,KOTA BHARU - GUA MUSANG,myBas,,,
TALI AIR BATU 11 Bus Stop,TALI AIR BATU 11,KOTA BHARU - GUA MUSANG,myBas,,,
BOMBA KETEREH Bus Stop,BOMBA KETEREH,KOTA BHARU - GUA MUSANG,myBas,,,
PEJABAT POS KETEREH Bus Stop,PEJABAT POS KETEREH,KOTA BHARU - GUA MUSANG,myBas,,,
KEDAI KETEREH Bus Stop,KEDAI KETEREH,KOTA BHARU - GUA MUSANG,myBas,,,
STESEN BAS KETEREH Bus Stop,STESEN BAS KETEREH,KOTA BHARU - GUA MUSANG,myBas,,,
CABANG TOK AKIL Bus Stop,CABANG TOK AKIL,KOTA BHARU - GUA MUSANG,myBas,,,
SMK KETEREH Bus Stop,SMK KETEREH,KOTA BHARU - GUA MUSANG,myBas,,,
KG DENDANG Bus Stop,KG DENDANG,KOTA BHARU - GUA MUSANG,myBas,,,
TERMINAL BAS EKSPRES KOK LANAS Bus Stop,TERMINAL BAS EKSPRES KOK LANAS,KOTA BHARU - GUA MUSANG,myBas,,,
KOK LANAS Bus Stop,KOK LANAS,KOTA BHARU - GUA MUSANG,myBas,,,
KK KOK LANAS Bus Stop,KK KOK LANAS,KOTA BHARU - GUA MUSANG,myBas,,,
ECONJAYA KOK LANAS Bus Stop,ECONJAYA KOK LANAS,KOTA BHARU - GUA MUSANG,myBas,,,
MASJID KOK LANAS Bus Stop,MASJID KOK LANAS,KOTA BHARU - GUA MUSANG,myBas,,,
KFC KOK LANAS Bus Stop,KFC KOK LANAS,KOTA BHARU - GUA MUSANG,myBas,,,
SK KOK LANAS Bus Stop,SK KOK LANAS,KOTA BHARU - GUA MUSANG,myBas,,,
PETRONAS KOK LANAS Bus Stop,PETRONAS KOK LANAS,KOTA BHARU - GUA MUSANG,myBas,,,
ARKED MARA KOK LANAS Bus Stop,ARKED MARA KOK LANAS,KOTA BHARU - GUA MUSANG,myBas,,,
KEM DESA KOK LANAS Bus Stop,KEM DESA KOK LANAS,KOTA BHARU - GUA MUSANG,myBas,,,
BUKIT CINA Bus Stop,BUKIT CINA,KOTA BHARU - GUA MUSANG,myBas,,,
MERBAU CHONDONG Bus Stop,MERBAU CHONDONG,KOTA BHARU - GUA MUSANG,myBas,,,
MASJID PULAI CHONDONG Bus Stop,MASJID PULAI CHONDONG,KOTA BHARU - GUA MUSANG,myBas,,,
KK PULAI CHONDONG Bus Stop,KK PULAI CHONDONG,KOTA BHARU - GUA MUSANG,myBas,,,
PASAR PULAI CHONDONG Bus Stop,PASAR PULAI CHONDONG,KOTA BHARU - GUA MUSANG,myBas,,,
PULAI CHONDONG Bus Stop,PULAI CHONDONG,KOTA BHARU - GUA MUSANG,myBas,,,
PANGKAL GONG Bus Stop,PANGKAL GONG,KOTA BHARU - GUA MUSANG,myBas,,,
SMK ABDUL SAMAD Bus Stop,SMK ABDUL SAMAD,KOTA BHARU - GUA MUSANG,myBas,,,
MASJID TOK BOK Bus Stop,MASJID TOK BOK,KOTA BHARU - GUA MUSANG,myBas,,,
JPJ LABOK Bus Stop,JPJ LABOK,KOTA BHARU - GUA MUSANG,myBas,,,
KLINIK KESIHATAN LABOK Bus Stop,KLINIK KESIHATAN LABOK,KOTA BHARU - GUA MUSANG,myBas,,,
SMK SAINS LABOK Bus Stop,SMK SAINS LABOK,KOTA BHARU - GUA MUSANG,myBas,,,
MASJID UBUDIAH BATU 23 Bus Stop,MASJID UBUDIAH BATU 23,KOTA BHARU - GUA MUSANG,myBas,,,
BUKIT BELAH 1 Bus Stop,BUKIT BELAH 1,KOTA BHARU - GUA MUSANG,myBas,,,
BUKIT BELAH 2 Bus Stop,BUKIT BELAH 2,KOTA BHARU - GUA MUSANG,myBas,,,
BUKIT BELAH 3 Bus Stop,BUKIT BELAH 3,KOTA BHARU - GUA MUSANG,myBas,,,
JPJ BATU 25 Bus Stop,JPJ BATU 25,KOTA BHARU - GUA MUSANG,myBas,,,
TERMINAL BAS EKSPRES MACHANG Bus Stop,TERMINAL BAS EKSPRES MACHANG,KOTA BHARU - GUA MUSANG,myBas,,,
SMK MACHANG Bus Stop,SMK MACHANG,KOTA BHARU - GUA MUSANG,myBas,,,
STESEN BAS MACHANG Bus Stop,STESEN BAS MACHANG,KOTA BHARU - GUA MUSANG,myBas,,,
BOMBA MACHANG Bus Stop,BOMBA MACHANG,KOTA BHARU - GUA MUSANG,myBas,,,
KEMUNING Bus Stop,KEMUNING,KOTA BHARU - GUA MUSANG,myBas,,,
PANGKAL PETAI Bus Stop,PANGKAL PETAI,KOTA BHARU - GUA MUSANG,myBas,,,
AIR HIJAU Bus Stop,AIR HIJAU,KOTA BHARU - GUA MUSANG,myBas,,,
BATU 30 Bus Stop,BATU 30,KOTA BHARU - GUA MUSANG,myBas,,,
KK BATU 30 Bus Stop,KK BATU 30,KOTA BHARU - GUA MUSANG,myBas,,,
BATU 31 Bus Stop,BATU 31,KOTA BHARU - GUA MUSANG,myBas,,,
SMK SERI INTAN KAMPUNG PEK Bus Stop,SMK SERI INTAN KAMPUNG PEK,KOTA BHARU - GUA MUSANG,myBas,,,
SK KAMPUNG PEK Bus Stop,SK KAMPUNG PEK,KOTA BHARU - GUA MUSANG,myBas,,,
LALOK Bus Stop,LALOK,KOTA BHARU - GUA MUSANG,myBas,,,
BANGGOL KULIM BALAISAH Bus Stop,BANGGOL KULIM BALAISAH,KOTA BHARU - GUA MUSANG,myBas,,,
KG TELEKONG Bus Stop,KG TELEKONG,KOTA BHARU - GUA MUSANG,myBas,,,
KK KEROH Bus Stop,KK KEROH,KOTA BHARU - GUA MUSANG,myBas,,,
SMK KEROH Bus Stop,SMK KEROH,KOTA BHARU - GUA MUSANG,myBas,,,
SIMPANG PASIR GAJAH Bus Stop,SIMPANG PASIR GAJAH,KOTA BHARU - GUA MUSANG,myBas,,,
MASJID LAMA KG KEROH Bus Stop,MASJID LAMA KG KEROH,KOTA BHARU - GUA MUSANG,myBas,,,
BUKIT SIREH 1 Bus Stop,BUKIT SIREH 1,KOTA BHARU - GUA MUSANG,myBas,,,
BUKIT SIREH 2 Bus Stop,BUKIT SIREH 2,KOTA BHARU - GUA MUSANG,myBas,,,
BATU JONG Bus Stop,BATU JONG,KOTA BHARU - GUA MUSANG,myBas,,,
SUNGAI DURIAN 1 Bus Stop,SUNGAI DURIAN 1,KOTA BHARU - GUA MUSANG,myBas,,,
SUNGAI DURIAN 2 Bus Stop,SUNGAI DURIAN 2,KOTA BHARU - GUA MUSANG,myBas,,,
SMK KUALA KRAI Bus Stop,SMK KUALA KRAI,KOTA BHARU - GUA MUSANG,myBas,,,
GUCHIL 1 Bus Stop,GUCHIL 1,KOTA BHARU - GUA MUSANG,myBas,,,
GUCHIL 2 Bus Stop,GUCHIL 2,KOTA BHARU - GUA MUSANG,myBas,,,
ZOO KUALA KRAI Bus Stop,ZOO KUALA KRAI,KOTA BHARU - GUA MUSANG,myBas,,,
PASAR KUALA KRAI Bus Stop,PASAR KUALA KRAI,KOTA BHARU - GUA MUSANG,myBas,,,
KTM KUALA KRAI Bus Stop,KTM KUALA KRAI,KOTA BHARU - GUA MUSANG,myBas,,,
HENTIAN STESEN BAS KUALA KRAI Bus Stop,HENTIAN STESEN BAS KUALA KRAI,KOTA BHARU - GUA MUSANG,myBas,,,
HENTIAN BAS EKSPRES KUALA KRAI Bus Stop,HENTIAN BAS EKSPRES KUALA KRAI,KOTA BHARU - GUA MUSANG,myBas,,,
DESKOH Bus Stop,DESKOH,KOTA BHARU - GUA MUSANG,myBas,,,
KOLEJ VOKASIONAL KUALA KERAI Bus Stop,KOLEJ VOKASIONAL KUALA KERAI,KOTA BHARU - GUA MUSANG,myBas,,,
DAMAR Bus Stop,DAMAR,KOTA BHARU - GUA MUSANG,myBas,,,
MRSM Kuala Krai Bus Stop,MRSM Kuala Krai,KOTA BHARU - GUA MUSANG,myBas,,,
HOSPITAL SULTAN ISMAIL PETRA KUALA KRAI Bus Stop,HOSPITAL SULTAN ISMAIL PETRA KUALA KRAI,KOTA BHARU - GUA MUSANG,myBas,,,
KK PAHI Bus Stop,KK PAHI,KOTA BHARU - GUA MUSANG,myBas,,,
SMK PAHI Bus Stop,SMK PAHI,KOTA BHARU - GUA MUSANG,myBas,,,
MASJID MUKIM PAHI Bus Stop,MASJID MUKIM PAHI,KOTA BHARU - GUA MUSANG,myBas,,,
SK PERIA Bus Stop,SK PERIA,KOTA BHARU - GUA MUSANG,myBas,,,
SIMPANG PERIA Bus Stop,SIMPANG PERIA,KOTA BHARU - GUA MUSANG,myBas,,,
KK PERIA / CHUCOH PUTERI Bus Stop,KK PERIA / CHUCOH PUTERI,KOTA BHARU - GUA MUSANG,myBas,,,
SIMPANG CHUCOH PUTERI Bus Stop,SIMPANG CHUCOH PUTERI,KOTA BHARU - GUA MUSANG,myBas,,,
MASJID LEPAN JENUT Bus Stop,MASJID LEPAN JENUT,KOTA BHARU - GUA MUSANG,myBas,,,
KG TANJUNG BATU MANIK URAI Bus Stop,KG TANJUNG BATU MANIK URAI,KOTA BHARU - GUA MUSANG,myBas,,,
MANIK URAI LAMA 2 Bus Stop,MANIK URAI LAMA 2,KOTA BHARU - GUA MUSANG,myBas,,,
MANIK URAI BARU Bus Stop,MANIK URAI BARU,KOTA BHARU - GUA MUSANG,myBas,,,
PASAR MANIK URAI BARU Bus Stop,PASAR MANIK URAI BARU,KOTA BHARU - GUA MUSANG,myBas,,,
LALOH Bus Stop,LALOH,KOTA BHARU - GUA MUSANG,myBas,,,
SK LELA JASA Bus Stop,SK LELA JASA,KOTA BHARU - GUA MUSANG,myBas,,,
SIMPANG SG SAM Bus Stop,SIMPANG SG SAM,KOTA BHARU - GUA MUSANG,myBas,,,
SG BAYU Bus Stop,SG BAYU,KOTA BHARU - GUA MUSANG,myBas,,,
PONDOK SG BAYU Bus Stop,PONDOK SG BAYU,KOTA BHARU - GUA MUSANG,myBas,,,
LADANG SERASA Bus Stop,LADANG SERASA,KOTA BHARU - GUA MUSANG,myBas,,,
PEJABAT OPERASI KESEDAR PALOH Bus Stop,PEJABAT OPERASI KESEDAR PALOH,KOTA BHARU - GUA MUSANG,myBas,,,
PALOH Bus Stop,PALOH,KOTA BHARU - GUA MUSANG,myBas,,,
CHIKU 3 Bus Stop,CHIKU 3,KOTA BHARU - GUA MUSANG,myBas,,,
CHIKU 2 Bus Stop,CHIKU 2,KOTA BHARU - GUA MUSANG,myBas,,,
CHIKU 1 Bus Stop,CHIKU 1,KOTA BHARU - GUA MUSANG,myBas,,,
SUNGAI ASAP Bus Stop,SUNGAI ASAP,KOTA BHARU - GUA MUSANG,myBas,,,
RENOK BARU Bus Stop,RENOK BARU,KOTA BHARU - GUA MUSANG,myBas,,,
KTM GUA MUSANG Bus Stop,KTM GUA MUSANG,KOTA BHARU - GUA MUSANG,myBas,,,
STESEN BAS GUA MUSANG Bus Stop,STESEN BAS GUA MUSANG,KOTA BHARU - GUA MUSANG,myBas,,,
HOSPITAL GUA MUSANG Bus Stop,HOSPITAL GUA MUSANG,KOTA BHARU - GUA MUSANG,myBas,,,
HENTIAN GUA MUSANG Bus Stop,HENTIAN GUA MUSANG,KOTA BHARU - GUA MUSANG,myBas,,,
HENTIAN BAS MAJLIS PERBANDARAN KUALA TERENGGANU 1 Bus Stop,HENTIAN BAS MAJLIS PERBANDARAN KUALA TERENGGANU 1,KUALA TERENGGANU - CITY FEEDER,myBas,,,
FLAT SRI KOLAM Bus Stop,FLAT SRI KOLAM,KUALA TERENGGANU - CITY FEEDER,myBas,,,
KOLEJ KOMUNITI KUALA TERENGGANU Bus Stop,KOLEJ KOMUNITI KUALA TERENGGANU,KUALA TERENGGANU - CITY FEEDER,myBas,,,
WISMA DARUL IMAN Bus Stop,WISMA DARUL IMAN,KUALA TERENGGANU - CITY FEEDER,myBas,,,
JALAN PEJABAT Bus Stop,JALAN PEJABAT,KUALA TERENGGANU - CITY FEEDER,myBas,,,
SK LADANG Bus Stop,SK LADANG,KUALA TERENGGANU - CITY FEEDER,myBas,,,
HOTEL TANJONG VISTA Bus Stop,HOTEL TANJONG VISTA,KUALA TERENGGANU - CITY FEEDER,myBas,,,
HOTEL GRAND CONTINENTAL Bus Stop,HOTEL GRAND CONTINENTAL,KUALA TERENGGANU - CITY FEEDER,myBas,,,
EMPORIUM HOCK KEE SENG BARU Bus Stop,EMPORIUM HOCK KEE SENG BARU,KUALA TERENGGANU - CITY FEEDER,myBas,,,
DATARAN SHAHBANDAR Bus Stop,DATARAN SHAHBANDAR,KUALA TERENGGANU - CITY FEEDER,myBas,,,
PASAR BESAR KEDAI PAYANG Bus Stop,PASAR BESAR KEDAI PAYANG,KUALA TERENGGANU - CITY FEEDER,myBas,,,
JALAN BANGGUL Bus Stop,JALAN BANGGUL,KUALA TERENGGANU - CITY FEEDER,myBas,,,
JALAN KAMPUNG TIONG Bus Stop,JALAN KAMPUNG TIONG,KUALA TERENGGANU - CITY FEEDER,myBas,,,
HOTEL SERI MALAYSIA Bus Stop,HOTEL SERI MALAYSIA,KUALA TERENGGANU - CITY FEEDER,myBas,,,
POLITEKNIK KUALA TERENGGANU Bus Stop,POLITEKNIK KUALA TERENGGANU,KUALA TERENGGANU - CITY FEEDER,myBas,,,
YAYASAN TERENGGANU Bus Stop,YAYASAN TERENGGANU,KUALA TERENGGANU - CITY FEEDER,myBas,,,
STADIUM SULTAN ISMAIL NASSIRUDIN SHAH Bus Stop,STADIUM SULTAN ISMAIL NASSIRUDIN SHAH,KUALA TERENGGANU - CITY FEEDER,myBas,,,
JABATAN PESAKIT LUAR Bus Stop,JABATAN PESAKIT LUAR,KUALA TERENGGANU - CITY FEEDER,myBas,,,
STADIUM NEGERI Bus Stop,STADIUM NEGERI,KUALA TERENGGANU - CITY FEEDER,myBas,,,
HOSPITAL SULTANAH NUR ZAHIRAH Bus Stop,HOSPITAL SULTANAH NUR ZAHIRAH,KUALA TERENGGANU - CITY FEEDER,myBas,,,
PUSAT RAWATAN IBU DAN BAYI Bus Stop,PUSAT RAWATAN IBU DAN BAYI,KUALA TERENGGANU - CITY FEEDER,myBas,,,
PANTAI BATU BUROK Bus Stop,PANTAI BATU BUROK,KUALA TERENGGANU - CITY FEEDER,myBas,,,
DATARAN PANTAI BATU BUROK Bus Stop,DATARAN PANTAI BATU BUROK,KUALA TERENGGANU - CITY FEEDER,myBas,,,
MEDAN SELERA BATU BUROK Bus Stop,MEDAN SELERA BATU BUROK,KUALA TERENGGANU - CITY FEEDER,myBas,,,
KUALA TERENGGANU SPECIALIST HOSPITAL Bus Stop,KUALA TERENGGANU SPECIALIST HOSPITAL,KUALA TERENGGANU - CITY FEEDER,myBas,,,
SMA KHAIRIAH JALAN SULTAN MOHAMAD Bus Stop,SMA KHAIRIAH JALAN SULTAN MOHAMAD,KUALA TERENGGANU - CITY FEEDER,myBas,,,
KLINIK KESIHATAN HILIRAN Bus Stop,KLINIK KESIHATAN HILIRAN,KUALA TERENGGANU - CITY FEEDER,myBas,,,
JABATAN PEN NEGERI TERENGGANU Bus Stop,JABATAN PEN NEGERI TERENGGANU,KUALA TERENGGANU - CITY FEEDER,myBas,,,
SABASUN 1 Bus Stop,SABASUN 1,KUALA TERENGGANU - CITY FEEDER,myBas,,,
JPJ KUALA TERENGGANU Bus Stop,JPJ KUALA TERENGGANU,KUALA TERENGGANU - CITY FEEDER,myBas,,,
KWSP KUALA TERENGGANU Bus Stop,KWSP KUALA TERENGGANU,KUALA TERENGGANU - CITY FEEDER,myBas,,,
GIANT KUALA TERENNGANU Bus Stop,GIANT KUALA TERENNGANU,KUALA TERENGGANU - CITY FEEDER,myBas,,,
WISMA PELADANG KUALA TERENGGANU Bus Stop,WISMA PELADANG KUALA TERENGGANU,KUALA TERENGGANU - CITY FEEDER,myBas,,,
MYDIN KUALA TERENGGANU Bus Stop,MYDIN KUALA TERENGGANU,KUALA TERENGGANU - CITY FEEDER,myBas,,,
SMKJC CHONG HWA WEI SENG Bus Stop,SMKJC CHONG HWA WEI SENG,KUALA TERENGGANU - CITY FEEDER,myBas,,,
KKIA JALAN AIR JERNIH Bus Stop,KKIA JALAN AIR JERNIH,KUALA TERENGGANU - CITY FEEDER,myBas,,,
HENTIAN BAS MAJLIS PERBANDARAN KUALA TERENGGANU 2 Bus Stop,HENTIAN BAS MAJLIS PERBANDARAN KUALA TERENGGANU 2,KUALA TERENGGANU - CITY FEEDER,myBas,,,
HENTIAN BAS MAJLIS PERBANDARAN KUALA TERENGGANU 1 Bus Stop,HENTIAN BAS MAJLIS PERBANDARAN KUALA TERENGGANU 1,KUALA TERENGGANU - JETI MERANG,myBas,,,
COSMOPOINT Bus Stop,COSMOPOINT,KUALA TERENGGANU - JETI MERANG,myBas,,,
SMKJC CHONG HWA WEI SENG Bus Stop,SMKJC CHONG HWA WEI SENG,KUALA TERENGGANU - JETI MERANG,myBas,,,
JPJ KUALA TERENGGANU Bus Stop,JPJ KUALA TERENGGANU,KUALA TERENGGANU - JETI MERANG,myBas,,,
KLINIK DESA PULAU DUYONG Bus Stop,KLINIK DESA PULAU DUYONG,KUALA TERENGGANU - JETI MERANG,myBas,,,
KAMPUNG BUKIT TUMBUH Bus Stop,KAMPUNG BUKIT TUMBUH,KUALA TERENGGANU - JETI MERANG,myBas,,,
KAMPUNG BANGGUL PAUH Bus Stop,KAMPUNG BANGGUL PAUH,KUALA TERENGGANU - JETI MERANG,myBas,,,
KAMPUNG BUKIT TOK BENG Bus Stop,KAMPUNG BUKIT TOK BENG,KUALA TERENGGANU - JETI MERANG,myBas,,,
SRK BUKIT TOK BENG Bus Stop,SRK BUKIT TOK BENG,KUALA TERENGGANU - JETI MERANG,myBas,,,
SMK IBRAHIM FIKRI Bus Stop,SMK IBRAHIM FIKRI,KUALA TERENGGANU - JETI MERANG,myBas,,,
TAMAN SAMUDERA Bus Stop,TAMAN SAMUDERA,KUALA TERENGGANU - JETI MERANG,myBas,,,
KAMPUNG DUYUNG Bus Stop,KAMPUNG DUYUNG,KUALA TERENGGANU - JETI MERANG,myBas,,,
RESTORAN SRI AMAN SEAFOOD Bus Stop,RESTORAN SRI AMAN SEAFOOD,KUALA TERENGGANU - JETI MERANG,myBas,,,
KLINIK KESIHATAN SEBERANG TAKIR Bus Stop,KLINIK KESIHATAN SEBERANG TAKIR,KUALA TERENGGANU - JETI MERANG,myBas,,,
KEM ASKAR SEBERANG TAKIR Bus Stop,KEM ASKAR SEBERANG TAKIR,KUALA TERENGGANU - JETI MERANG,myBas,,,
LAPANGAN TERBANG SULTAN MAHMUD Bus Stop,LAPANGAN TERBANG SULTAN MAHMUD,KUALA TERENGGANU - JETI MERANG,myBas,,,
HOTEL TABUNG HAJI Bus Stop,HOTEL TABUNG HAJI,KUALA TERENGGANU - JETI MERANG,myBas,,,
KOMPLEKS SUKAN NEGERI TERENGGANU Bus Stop,KOMPLEKS SUKAN NEGERI TERENGGANU,KUALA TERENGGANU - JETI MERANG,myBas,,,
SEKOLAH SUKAN MALAYSIA TERENGGANU Bus Stop,SEKOLAH SUKAN MALAYSIA TERENGGANU,KUALA TERENGGANU - JETI MERANG,myBas,,,
SABASUN 2 Bus Stop,SABASUN 2,KUALA TERENGGANU - JETI MERANG,myBas,,,
KOLEJ VOKASIONAL WAKAF TEMBESU Bus Stop,KOLEJ VOKASIONAL WAKAF TEMBESU,KUALA TERENGGANU - JETI MERANG,myBas,,,
TAMAN SRI TEMUSU Bus Stop,TAMAN SRI TEMUSU,KUALA TERENGGANU - JETI MERANG,myBas,,,
SM SAINS SULTAN MAHMUD Bus Stop,SM SAINS SULTAN MAHMUD,KUALA TERENGGANU - JETI MERANG,myBas,,,
SMK TEKNIK KUALA TERENGGANU Bus Stop,SMK TEKNIK KUALA TERENGGANU,KUALA TERENGGANU - JETI MERANG,myBas,,,
PETRONAS WAKAF BARU Bus Stop,PETRONAS WAKAF BARU,KUALA TERENGGANU - JETI MERANG,myBas,,,
TAMAN SRI JAYA Bus Stop,TAMAN SRI JAYA,KUALA TERENGGANU - JETI MERANG,myBas,,,
TAMAN SETIA JAYA Bus Stop,TAMAN SETIA JAYA,KUALA TERENGGANU - JETI MERANG,myBas,,,
KAMPUNG BARU GONG BADAK Bus Stop,KAMPUNG BARU GONG BADAK,KUALA TERENGGANU - JETI MERANG,myBas,,,
EMPORIUM HOCK KEE SENG LAMA Bus Stop,EMPORIUM HOCK KEE SENG LAMA,KUALA TERENGGANU - JETI MERANG,myBas,,,
PERODUA GONG BADAK Bus Stop,PERODUA GONG BADAK,KUALA TERENGGANU - JETI MERANG,myBas,,,
BALAI POLIS GONG BADAK Bus Stop,BALAI POLIS GONG BADAK,KUALA TERENGGANU - JETI MERANG,myBas,,,
TAMAN PERUMAHAN GONG BADAK 2 Bus Stop,TAMAN PERUMAHAN GONG BADAK 2,KUALA TERENGGANU - JETI MERANG,myBas,,,
TAMAN PERUMAHAN GONG BADAK 1 Bus Stop,TAMAN PERUMAHAN GONG BADAK 1,KUALA TERENGGANU - JETI MERANG,myBas,,,
UNISZA PINTU A Bus Stop,UNISZA PINTU A,KUALA TERENGGANU - JETI MERANG,myBas,,,
MASJID UNISZA / McDonalds Bus Stop,MASJID UNISZA / McDonalds,KUALA TERENGGANU - JETI MERANG,myBas,,,
KLINIK PAKAR UNISZA Bus Stop,KLINIK PAKAR UNISZA,KUALA TERENGGANU - JETI MERANG,myBas,,,
KUARTERS POLIS GONG BADAK Bus Stop,KUARTERS POLIS GONG BADAK,KUALA TERENGGANU - JETI MERANG,myBas,,,
BULATAN KAMPUNG PAK TUYU Bus Stop,BULATAN KAMPUNG PAK TUYU,KUALA TERENGGANU - JETI MERANG,myBas,,,
UNISZA PINTU B Bus Stop,UNISZA PINTU B,KUALA TERENGGANU - JETI MERANG,myBas,,,
KAMPUNG GONG DATUK Bus Stop,KAMPUNG GONG DATUK,KUALA TERENGGANU - JETI MERANG,myBas,,,
KAMPUNG GONG PAK JIN Bus Stop,KAMPUNG GONG PAK JIN,KUALA TERENGGANU - JETI MERANG,myBas,,,
KAMPUNG PADANG NENAS Bus Stop,KAMPUNG PADANG NENAS,KUALA TERENGGANU - JETI MERANG,myBas,,,
MASJID PADANG NENAS Bus Stop,MASJID PADANG NENAS,KUALA TERENGGANU - JETI MERANG,myBas,,,
BALAI POLIS MENGABANG TELIPOT Bus Stop,BALAI POLIS MENGABANG TELIPOT,KUALA TERENGGANU - JETI MERANG,myBas,,,
MRSM KUALA TERENGGANU / IPG BATU RAKIT Bus Stop,MRSM KUALA TERENGGANU / IPG BATU RAKIT,KUALA TERENGGANU - JETI MERANG,myBas,,,
SK KOMPLEKS MENGABANG TELIPOT Bus Stop,SK KOMPLEKS MENGABANG TELIPOT,KUALA TERENGGANU - JETI MERANG,myBas,,,
KLINIK KESIHATAN BATU RAKIT Bus Stop,KLINIK KESIHATAN BATU RAKIT,KUALA TERENGGANU - JETI MERANG,myBas,,,
TAMAN PERUMAHAN WAKAF TENGAH Bus Stop,TAMAN PERUMAHAN WAKAF TENGAH,KUALA TERENGGANU - JETI MERANG,myBas,,,
KAMPUNG MENGABANG TELONG 1 Bus Stop,KAMPUNG MENGABANG TELONG 1,KUALA TERENGGANU - JETI MERANG,myBas,,,
KAMPUNG MENGABANG TELONG 2 Bus Stop,KAMPUNG MENGABANG TELONG 2,KUALA TERENGGANU - JETI MERANG,myBas,,,
KAMPUNG TANJUNG BATU RAKIT Bus Stop,KAMPUNG TANJUNG BATU RAKIT,KUALA TERENGGANU - JETI MERANG,myBas,,,
TAMAN NIRWANA Bus Stop,TAMAN NIRWANA,KUALA TERENGGANU - JETI MERANG,myBas,,,
TAMAN DESA KAYANGAN Bus Stop,TAMAN DESA KAYANGAN,KUALA TERENGGANU - JETI MERANG,myBas,,,
KAMPUNG BATU RAKIT Bus Stop,KAMPUNG BATU RAKIT,KUALA TERENGGANU - JETI MERANG,myBas,,,
SK BATU RAKIT Bus Stop,SK BATU RAKIT,KUALA TERENGGANU - JETI MERANG,myBas,,,
HUB BATU RAKIT Bus Stop,HUB BATU RAKIT,KUALA TERENGGANU - JETI MERANG,myBas,,,
BALAI POLIS BATU RAKIT Bus Stop,BALAI POLIS BATU RAKIT,KUALA TERENGGANU - JETI MERANG,myBas,,,
KLINIK DESA PANTAI KUALA NERUS Bus Stop,KLINIK DESA PANTAI KUALA NERUS,KUALA TERENGGANU - JETI MERANG,myBas,,,
KAMPUNG PENGKALAN ATAP 1 Bus Stop,KAMPUNG PENGKALAN ATAP 1,KUALA TERENGGANU - JETI MERANG,myBas,,,
SURAU PENGKALAN ATAP Bus Stop,SURAU PENGKALAN ATAP,KUALA TERENGGANU - JETI MERANG,myBas,,,
KAMPUNG PENGKALAN ATAP 2 Bus Stop,KAMPUNG PENGKALAN ATAP 2,KUALA TERENGGANU - JETI MERANG,myBas,,,
KAMPUNG PENGKALAN ATAP 3 Bus Stop,KAMPUNG PENGKALAN ATAP 3,KUALA TERENGGANU - JETI MERANG,myBas,,,
KAMPUNG PENGKALAN ATAP 4 Bus Stop,KAMPUNG PENGKALAN ATAP 4,KUALA TERENGGANU - JETI MERANG,myBas,,,
KAMPUNG MENGABANG LEKOR Bus Stop,KAMPUNG MENGABANG LEKOR,KUALA TERENGGANU - JETI MERANG,myBas,,,
SMK BATU RAKIT Bus Stop,SMK BATU RAKIT,KUALA TERENGGANU - JETI MERANG,myBas,,,
SK PAGAR BESI Bus Stop,SK PAGAR BESI,KUALA TERENGGANU - JETI MERANG,myBas,,,
SBP INTEGRASI BATU RAKIT Bus Stop,SBP INTEGRASI BATU RAKIT,KUALA TERENGGANU - JETI MERANG,myBas,,,
INSTEP Bus Stop,INSTEP,KUALA TERENGGANU - JETI MERANG,myBas,,,
AKADEMI KEPIMPINAN GPMS Bus Stop,AKADEMI KEPIMPINAN GPMS,KUALA TERENGGANU - JETI MERANG,myBas,,,
KAMPUNG MENGABANG PANJANG Bus Stop,KAMPUNG MENGABANG PANJANG,KUALA TERENGGANU - JETI MERANG,myBas,,,
SEMPADAN SETIU Bus Stop,SEMPADAN SETIU,KUALA TERENGGANU - JETI MERANG,myBas,,,
TERENGGANU ENDURANCE PARK Bus Stop,TERENGGANU ENDURANCE PARK,KUALA TERENGGANU - JETI MERANG,myBas,,,
SMK LEMBAH BIDONG Bus Stop,SMK LEMBAH BIDONG,KUALA TERENGGANU - JETI MERANG,myBas,,,
SK LEMBAH BIDONG Bus Stop,SK LEMBAH BIDONG,KUALA TERENGGANU - JETI MERANG,myBas,,,
KAMPUNG RHU TAPAI Bus Stop,KAMPUNG RHU TAPAI,KUALA TERENGGANU - JETI MERANG,myBas,,,
RHU TAPAI Bus Stop,RHU TAPAI,KUALA TERENGGANU - JETI MERANG,myBas,,,
KAMPUNG LEMBAH BIDONG Bus Stop,KAMPUNG LEMBAH BIDONG,KUALA TERENGGANU - JETI MERANG,myBas,,,
KAMPUNG MERANG 1 Bus Stop,KAMPUNG MERANG 1,KUALA TERENGGANU - JETI MERANG,myBas,,,
KAMPUNG MERANG 2 Bus Stop,KAMPUNG MERANG 2,KUALA TERENGGANU - JETI MERANG,myBas,,,
LEMBAGA KENAF DAN TEMBAKAU NEGARA Bus Stop,LEMBAGA KENAF DAN TEMBAKAU NEGARA,KUALA TERENGGANU - JETI MERANG,myBas,,,
SK MERANG Bus Stop,SK MERANG,KUALA TERENGGANU - JETI MERANG,myBas,,,
HENTIAN BAS JETI MERANG Bus Stop,HENTIAN BAS JETI MERANG,KUALA TERENGGANU - JETI MERANG,myBas,,,
KKIA JALAN AIR JERNIH Bus Stop,KKIA JALAN AIR JERNIH,KUALA TERENGGANU - JETI MERANG,myBas,,,
HENTIAN BAS MAJLIS PERBANDARAN KUALA TERENGGANU 1 Bus Stop,HENTIAN BAS MAJLIS PERBANDARAN KUALA TERENGGANU 1,KUALA TERENGGANU - PASIR PANJANG - KG. LAUT - BUKIT PAYUNG,myBas,,,
HENTIAN COSMOPOINT Bus Stop,HENTIAN COSMOPOINT,KUALA TERENGGANU - PASIR PANJANG - KG. LAUT - BUKIT PAYUNG,myBas,,,
HENTIAN JABATAN KIMIA Bus Stop,HENTIAN JABATAN KIMIA,KUALA TERENGGANU - PASIR PANJANG - KG. LAUT - BUKIT PAYUNG,myBas,,,
HENTIAN YAYASAN PEMBANGUNAN KELUARGA Bus Stop,HENTIAN YAYASAN PEMBANGUNAN KELUARGA,KUALA TERENGGANU - PASIR PANJANG - KG. LAUT - BUKIT PAYUNG,myBas,,,
HENTIAN SMA KHAIRIAH JALAN SULTAN OMAR Bus Stop,HENTIAN SMA KHAIRIAH JALAN SULTAN OMAR,KUALA TERENGGANU - PASIR PANJANG - KG. LAUT - BUKIT PAYUNG,myBas,,,
HENTIAN SMA KHAIRIAH JALAN SULTAN MOHAMAD Bus Stop,HENTIAN SMA KHAIRIAH JALAN SULTAN MOHAMAD,KUALA TERENGGANU - PASIR PANJANG - KG. LAUT - BUKIT PAYUNG,myBas,,,
HENTIAN SK GONG KAPAS (OPPOSITE) Bus Stop,HENTIAN SK GONG KAPAS (OPPOSITE),KUALA TERENGGANU - PASIR PANJANG - KG. LAUT - BUKIT PAYUNG,myBas,,,
HENTIAN KOMPLEKS BELIA DAN SUKAN Bus Stop,HENTIAN KOMPLEKS BELIA DAN SUKAN,KUALA TERENGGANU - PASIR PANJANG - KG. LAUT - BUKIT PAYUNG,myBas,,,
HENTIAN SK PUSAT BUKIT BESAR (OPPOSITE) Bus Stop,HENTIAN SK PUSAT BUKIT BESAR (OPPOSITE),KUALA TERENGGANU - PASIR PANJANG - KG. LAUT - BUKIT PAYUNG,myBas,,,
HENTIAN PASAR BUKIT BESAR Bus Stop,HENTIAN PASAR BUKIT BESAR,KUALA TERENGGANU - PASIR PANJANG - KG. LAUT - BUKIT PAYUNG,myBas,,,
HENTIAN SK TENGKU BARIAH (OPPOSITE) Bus Stop,HENTIAN SK TENGKU BARIAH (OPPOSITE),KUALA TERENGGANU - PASIR PANJANG - KG. LAUT - BUKIT PAYUNG,myBas,,,
HENTIAN SMK TENGKU BADARIAH (OPPOSITE) Bus Stop,HENTIAN SMK TENGKU BADARIAH (OPPOSITE),KUALA TERENGGANU - PASIR PANJANG - KG. LAUT - BUKIT PAYUNG,myBas,,,
HENTIAN FLAT GELONG BILAL Bus Stop,HENTIAN FLAT GELONG BILAL,KUALA TERENGGANU - PASIR PANJANG - KG. LAUT - BUKIT PAYUNG,myBas,,,
HENTIAN PERTUBUHAN PELADANG KUALA TERENGGANU Bus Stop,HENTIAN PERTUBUHAN PELADANG KUALA TERENGGANU,KUALA TERENGGANU - PASIR PANJANG - KG. LAUT - BUKIT PAYUNG,myBas,,,
HENTIAN PASAR KAMPUNG LAUT Bus Stop,HENTIAN PASAR KAMPUNG LAUT,KUALA TERENGGANU - PASIR PANJANG - KG. LAUT - BUKIT PAYUNG,myBas,,,
HENTIAN KAMPUNG BELUKAR JAMBU Bus Stop,HENTIAN KAMPUNG BELUKAR JAMBU,KUALA TERENGGANU - PASIR PANJANG - KG. LAUT - BUKIT PAYUNG,myBas,,,
SEKOLAH KEBANGSAAN KAMPUNG BUKIT CHENDERING Bus Stop,SEKOLAH KEBANGSAAN KAMPUNG BUKIT CHENDERING,KUALA TERENGGANU - PASIR PANJANG - KG. LAUT - BUKIT PAYUNG,myBas,,,
HENTIAN KAMPUNG TITIAN BARU Bus Stop,HENTIAN KAMPUNG TITIAN BARU,KUALA TERENGGANU - PASIR PANJANG - KG. LAUT - BUKIT PAYUNG,myBas,,,
HENTIAN SMK SERI PAYONG Bus Stop,HENTIAN SMK SERI PAYONG,KUALA TERENGGANU - PASIR PANJANG - KG. LAUT - BUKIT PAYUNG,myBas,,,
COSMOPOINT Bus Stop,COSMOPOINT,KUALA TERENGGANU - PASIR PANJANG - KG. LAUT - BUKIT PAYUNG,myBas,,,
Jabatan Kimia Bus Stop,Jabatan Kimia,KUALA TERENGGANU - PASIR PANJANG - KG. LAUT - BUKIT PAYUNG,myBas,,,
Yayasan Pembangunan Keluarga Bus Stop,Yayasan Pembangunan Keluarga,KUALA TERENGGANU - PASIR PANJANG - KG. LAUT - BUKIT PAYUNG,myBas,,,
SMA KHAIRIAH JALAN SULTAN OMAR Bus Stop,SMA KHAIRIAH JALAN SULTAN OMAR,KUALA TERENGGANU - PASIR PANJANG - KG. LAUT - BUKIT PAYUNG,myBas,,,
SMA KHAIRIAH JALAN SULTAN MOHAMAD Bus Stop,SMA KHAIRIAH JALAN SULTAN MOHAMAD,KUALA TERENGGANU - PASIR PANJANG - KG. LAUT - BUKIT PAYUNG,myBas,,,
SK Gong Kapas Bus Stop,SK Gong Kapas,KUALA TERENGGANU - PASIR PANJANG - KG. LAUT - BUKIT PAYUNG,myBas,,,
Kompleks Belia Dan Sukan Bus Stop,Kompleks Belia Dan Sukan,KUALA TERENGGANU - PASIR PANJANG - KG. LAUT - BUKIT PAYUNG,myBas,,,
SK Pusat Bukit Besar Bus Stop,SK Pusat Bukit Besar,KUALA TERENGGANU - PASIR PANJANG - KG. LAUT - BUKIT PAYUNG,myBas,,,
Pasar Bukit Besar Bus Stop,Pasar Bukit Besar,KUALA TERENGGANU - PASIR PANJANG - KG. LAUT - BUKIT PAYUNG,myBas,,,
SK Tengku Bariah Bus Stop,SK Tengku Bariah,KUALA TERENGGANU - PASIR PANJANG - KG. LAUT - BUKIT PAYUNG,myBas,,,
SMK Tengku Bariah Bus Stop,SMK Tengku Bariah,KUALA TERENGGANU - PASIR PANJANG - KG. LAUT - BUKIT PAYUNG,myBas,,,
Flat Gelong Bilal Bus Stop,Flat Gelong Bilal,KUALA TERENGGANU - PASIR PANJANG - KG. LAUT - BUKIT PAYUNG,myBas,,,
Pertubuhan Peladang Kuala Terengganu Bus Stop,Pertubuhan Peladang Kuala Terengganu,KUALA TERENGGANU - PASIR PANJANG - KG. LAUT - BUKIT PAYUNG,myBas,,,
PASAR KAMPUNG LAUT 1 Bus Stop,PASAR KAMPUNG LAUT 1,KUALA TERENGGANU - PASIR PANJANG - KG. LAUT - BUKIT PAYUNG,myBas,,,
Kampung Belukar Jambu / Klinik Desa Kg Laut Bus Stop,Kampung Belukar Jambu / Klinik Desa Kg Laut,KUALA TERENGGANU - PASIR PANJANG - KG. LAUT - BUKIT PAYUNG,myBas,,,
SK Kampung Bukit Chendering Bus Stop,SK Kampung Bukit Chendering,KUALA TERENGGANU - PASIR PANJANG - KG. LAUT - BUKIT PAYUNG,myBas,,,
MASJID KAMPUNG SURAU PANJANG Bus Stop,MASJID KAMPUNG SURAU PANJANG,KUALA TERENGGANU - PASIR PANJANG - KG. LAUT - BUKIT PAYUNG,myBas,,,
PASAR PEKAN KEDAI BULUH / SMK SULTAN MANSOR Bus Stop,PASAR PEKAN KEDAI BULUH / SMK SULTAN MANSOR,KUALA TERENGGANU - PASIR PANJANG - KG. LAUT - BUKIT PAYUNG,myBas,,,
Kampung Titian Baru Bus Stop,Kampung Titian Baru,KUALA TERENGGANU - PASIR PANJANG - KG. LAUT - BUKIT PAYUNG,myBas,,,
Kampung Berangan Pak Ayu Bus Stop,Kampung Berangan Pak Ayu,KUALA TERENGGANU - PASIR PANJANG - KG. LAUT - BUKIT PAYUNG,myBas,,,
SK Bukit Payong Bus Stop,SK Bukit Payong,KUALA TERENGGANU - PASIR PANJANG - KG. LAUT - BUKIT PAYUNG,myBas,,,
SMK Seri Payong Bus Stop,SMK Seri Payong,KUALA TERENGGANU - PASIR PANJANG - KG. LAUT - BUKIT PAYUNG,myBas,,,
HENTIAN PEKAN BUKIT PAYUNG Bus Stop,HENTIAN PEKAN BUKIT PAYUNG,KUALA TERENGGANU - PASIR PANJANG - KG. LAUT - BUKIT PAYUNG,myBas,,,
HENTIAN SMK SERI PAYONG -1 Bus Stop,HENTIAN SMK SERI PAYONG -1,KUALA TERENGGANU - PASIR PANJANG - KG. LAUT - BUKIT PAYUNG,myBas,,,
HENTIAN SK BUKIT PAYONG -1 Bus Stop,HENTIAN SK BUKIT PAYONG -1,KUALA TERENGGANU - PASIR PANJANG - KG. LAUT - BUKIT PAYUNG,myBas,,,
HENTIAN KAMPUNG BERANGAN PAK AYU -1 Bus Stop,HENTIAN KAMPUNG BERANGAN PAK AYU -1,KUALA TERENGGANU - PASIR PANJANG - KG. LAUT - BUKIT PAYUNG,myBas,,,
HENTIAN KAMPUNG TITIAN BARU -1 Bus Stop,HENTIAN KAMPUNG TITIAN BARU -1,KUALA TERENGGANU - PASIR PANJANG - KG. LAUT - BUKIT PAYUNG,myBas,,,
HENTIAN MASJID KAMNPUNG SURAU PANJANG Bus Stop,HENTIAN MASJID KAMNPUNG SURAU PANJANG,KUALA TERENGGANU - PASIR PANJANG - KG. LAUT - BUKIT PAYUNG,myBas,,,
HENTIAN SK KAMPUNG BUKIT CHENDERING Bus Stop,HENTIAN SK KAMPUNG BUKIT CHENDERING,KUALA TERENGGANU - PASIR PANJANG - KG. LAUT - BUKIT PAYUNG,myBas,,,
HENTIAN KAMPUNG BELUKAR JAMBU -1 Bus Stop,HENTIAN KAMPUNG BELUKAR JAMBU -1,KUALA TERENGGANU - PASIR PANJANG - KG. LAUT - BUKIT PAYUNG,myBas,,,
HENTIAN PASAR KAMPUNG LAUT -1 Bus Stop,HENTIAN PASAR KAMPUNG LAUT -1,KUALA TERENGGANU - PASIR PANJANG - KG. LAUT - BUKIT PAYUNG,myBas,,,
HENTIAN PELADANG KUALA TERENGGANU -1 Bus Stop,HENTIAN PELADANG KUALA TERENGGANU -1,KUALA TERENGGANU - PASIR PANJANG - KG. LAUT - BUKIT PAYUNG,myBas,,,
HENTIAN FLAT GELONG BILAL -1 Bus Stop,HENTIAN FLAT GELONG BILAL -1,KUALA TERENGGANU - PASIR PANJANG - KG. LAUT - BUKIT PAYUNG,myBas,,,
HENTIAN SMK TENGKU BARIAH Bus Stop,HENTIAN SMK TENGKU BARIAH,KUALA TERENGGANU - PASIR PANJANG - KG. LAUT - BUKIT PAYUNG,myBas,,,
HENTIAN PASAR BUKT BESAR Bus Stop,HENTIAN PASAR BUKT BESAR,KUALA TERENGGANU - PASIR PANJANG - KG. LAUT - BUKIT PAYUNG,myBas,,,
HENTIAN SK PUSAT BUKIT BESAR Bus Stop,HENTIAN SK PUSAT BUKIT BESAR,KUALA TERENGGANU - PASIR PANJANG - KG. LAUT - BUKIT PAYUNG,myBas,,,
HENTIAN KOMPLEKS BELIA DAN SUKAN -1 Bus Stop,HENTIAN KOMPLEKS BELIA DAN SUKAN -1,KUALA TERENGGANU - PASIR PANJANG - KG. LAUT - BUKIT PAYUNG,myBas,,,
HENTIAN SK GONG KAPAS Bus Stop,HENTIAN SK GONG KAPAS,KUALA TERENGGANU - PASIR PANJANG - KG. LAUT - BUKIT PAYUNG,myBas,,,
HENTIAN SMA KHAIRIAH JALAN SULTAN MOHAMAD -1 Bus Stop,HENTIAN SMA KHAIRIAH JALAN SULTAN MOHAMAD -1,KUALA TERENGGANU - PASIR PANJANG - KG. LAUT - BUKIT PAYUNG,myBas,,,
HENTIAN SMA KHAIRIAH JALAN SULTAN OMAR -1 Bus Stop,HENTIAN SMA KHAIRIAH JALAN SULTAN OMAR -1,KUALA TERENGGANU - PASIR PANJANG - KG. LAUT - BUKIT PAYUNG,myBas,,,
HENTIAN YAYASAN PEMBANGUNAN KELUARGA -1 Bus Stop,HENTIAN YAYASAN PEMBANGUNAN KELUARGA -1,KUALA TERENGGANU - PASIR PANJANG - KG. LAUT - BUKIT PAYUNG,myBas,,,
KKIA JALAN AIR JERNIH Bus Stop,KKIA JALAN AIR JERNIH,KUALA TERENGGANU - PASIR PANJANG - KG. LAUT - BUKIT PAYUNG,myBas,,,
HENTIAN BAS MAJLIS PERBANDARAN KUALA TERENGGANU 1 Bus Stop,HENTIAN BAS MAJLIS PERBANDARAN KUALA TERENGGANU 1,KUALA TERENGGANU - CHENDERING(UiTM) - MARANG,myBas,,,
YAYASAN TERENGGANU Bus Stop,YAYASAN TERENGGANU,KUALA TERENGGANU - CHENDERING(UiTM) - MARANG,myBas,,,
STADIUM SULTAN ISMAIL NASSIRUDIN SHAH Bus Stop,STADIUM SULTAN ISMAIL NASSIRUDIN SHAH,KUALA TERENGGANU - CHENDERING(UiTM) - MARANG,myBas,,,
JALAN PEJABAT Bus Stop,JALAN PEJABAT,KUALA TERENGGANU - CHENDERING(UiTM) - MARANG,myBas,,,
STADIUM NEGERI Bus Stop,STADIUM NEGERI,KUALA TERENGGANU - CHENDERING(UiTM) - MARANG,myBas,,,
SIMPANG PANTAI BATU BUROK Bus Stop,SIMPANG PANTAI BATU BUROK,KUALA TERENGGANU - CHENDERING(UiTM) - MARANG,myBas,,,
HOTEL PERMAI Bus Stop,HOTEL PERMAI,KUALA TERENGGANU - CHENDERING(UiTM) - MARANG,myBas,,,
KUALA TERENGGANU SPEC HOSPITAL BARU Bus Stop,KUALA TERENGGANU SPEC HOSPITAL BARU,KUALA TERENGGANU - CHENDERING(UiTM) - MARANG,myBas,,,
SMA SULTAN ZAINAL ABIDIN Bus Stop,SMA SULTAN ZAINAL ABIDIN,KUALA TERENGGANU - CHENDERING(UiTM) - MARANG,myBas,,,
SMK SULTAN SULAIMAN Bus Stop,SMK SULTAN SULAIMAN,KUALA TERENGGANU - CHENDERING(UiTM) - MARANG,myBas,,,
PUSAT PERABOT TM JATI GROUP Bus Stop,PUSAT PERABOT TM JATI GROUP,KUALA TERENGGANU - CHENDERING(UiTM) - MARANG,myBas,,,
KAMPUNG KUALA IBAI Bus Stop,KAMPUNG KUALA IBAI,KUALA TERENGGANU - CHENDERING(UiTM) - MARANG,myBas,,,
MASJID TERAPUNG KUALA IBAI Bus Stop,MASJID TERAPUNG KUALA IBAI,KUALA TERENGGANU - CHENDERING(UiTM) - MARANG,myBas,,,
SIMPANG TIGA CHENDERING Bus Stop,SIMPANG TIGA CHENDERING,KUALA TERENGGANU - CHENDERING(UiTM) - MARANG,myBas,,,
NOOR ARFA BATIK Bus Stop,NOOR ARFA BATIK,KUALA TERENGGANU - CHENDERING(UiTM) - MARANG,myBas,,,
KRAFTANGAN MALAYSIA Bus Stop,KRAFTANGAN MALAYSIA,KUALA TERENGGANU - CHENDERING(UiTM) - MARANG,myBas,,,
KILANG APTIV Bus Stop,KILANG APTIV,KUALA TERENGGANU - CHENDERING(UiTM) - MARANG,myBas,,,
WISMA TI / KOLEJ KOMUNITI Bus Stop,WISMA TI / KOLEJ KOMUNITI,KUALA TERENGGANU - CHENDERING(UiTM) - MARANG,myBas,,,
UITM KUALA TERENGGANU Bus Stop,UITM KUALA TERENGGANU,KUALA TERENGGANU - CHENDERING(UiTM) - MARANG,myBas,,,
PEJABAT PENGURUSAN KOLEJ KERAWANG Bus Stop,PEJABAT PENGURUSAN KOLEJ KERAWANG,KUALA TERENGGANU - CHENDERING(UiTM) - MARANG,myBas,,,
SEK PEND KHAS CHENDERING Bus Stop,SEK PEND KHAS CHENDERING,KUALA TERENGGANU - CHENDERING(UiTM) - MARANG,myBas,,,
FLAT DESA KELUARGA KUALA TERENGGANU Bus Stop,FLAT DESA KELUARGA KUALA TERENGGANU,KUALA TERENGGANU - CHENDERING(UiTM) - MARANG,myBas,,,
SIMPANG EMPAT CHENDERING Bus Stop,SIMPANG EMPAT CHENDERING,KUALA TERENGGANU - CHENDERING(UiTM) - MARANG,myBas,,,
BALAI POLIS CHENDERING Bus Stop,BALAI POLIS CHENDERING,KUALA TERENGGANU - CHENDERING(UiTM) - MARANG,myBas,,,
WISMA GEOSOIL Bus Stop,WISMA GEOSOIL,KUALA TERENGGANU - CHENDERING(UiTM) - MARANG,myBas,,,
MASJID RUSILA Bus Stop,MASJID RUSILA,KUALA TERENGGANU - CHENDERING(UiTM) - MARANG,myBas,,,
SIMPANG TIGA RUSILA Bus Stop,SIMPANG TIGA RUSILA,KUALA TERENGGANU - CHENDERING(UiTM) - MARANG,myBas,,,
KAMPUNG RHU RENDANG Bus Stop,KAMPUNG RHU RENDANG,KUALA TERENGGANU - CHENDERING(UiTM) - MARANG,myBas,,,
SHELL RHU RENDANG Bus Stop,SHELL RHU RENDANG,KUALA TERENGGANU - CHENDERING(UiTM) - MARANG,myBas,,,
IPD MARANG Bus Stop,IPD MARANG,KUALA TERENGGANU - CHENDERING(UiTM) - MARANG,myBas,,,
HENTIAN BAS MARANG Bus Stop,HENTIAN BAS MARANG,KUALA TERENGGANU - CHENDERING(UiTM) - MARANG,myBas,,,
TERMINAL MBKT Bus Stop,TERMINAL MBKT,TERMINAL MBKT - BATU RAKIT (PAGI),myBas,,,
YAYASAN TERENGGANU Bus Stop,YAYASAN TERENGGANU,TERMINAL MBKT - BATU RAKIT (PAGI),myBas,,,
STADIUM SULTAN ISMAIL NASSIRUDDIN SHAH Bus Stop,STADIUM SULTAN ISMAIL NASSIRUDDIN SHAH,TERMINAL MBKT - BATU RAKIT (PAGI),myBas,,,
MSU COLLEGE Bus Stop,MSU COLLEGE,TERMINAL MBKT - BATU RAKIT (PAGI),myBas,,,
Yayasan Pembangunan Keluarga Bus Stop,Yayasan Pembangunan Keluarga,TERMINAL MBKT - BATU RAKIT (PAGI),myBas,,,
OPPOSITE SMA KHAIRIAH JALAN SULTAN OMAR Bus Stop,OPPOSITE SMA KHAIRIAH JALAN SULTAN OMAR,TERMINAL MBKT - BATU RAKIT (PAGI),myBas,,,
SMK KHAIRIAH JALAN SULTAN MOHAMAD Bus Stop,SMK KHAIRIAH JALAN SULTAN MOHAMAD,TERMINAL MBKT - BATU RAKIT (PAGI),myBas,,,
SK Gong Kapas Bus Stop,SK Gong Kapas,TERMINAL MBKT - BATU RAKIT (PAGI),myBas,,,
KOMPLEKS MAHKAMAH KUALA TERENGGANU Bus Stop,KOMPLEKS MAHKAMAH KUALA TERENGGANU,TERMINAL MBKT - BATU RAKIT (PAGI),myBas,,,
MYDIN MALL KUALA TERENGGANU Bus Stop,MYDIN MALL KUALA TERENGGANU,TERMINAL MBKT - BATU RAKIT (PAGI),myBas,,,
WISMA PELADANG KUALA TERENGGANU Bus Stop,WISMA PELADANG KUALA TERENGGANU,TERMINAL MBKT - BATU RAKIT (PAGI),myBas,,,
PERUMAHAN POLIS PADANG HILIRAN Bus Stop,PERUMAHAN POLIS PADANG HILIRAN,TERMINAL MBKT - BATU RAKIT (PAGI),myBas,,,
SK PUSAT CHABANG TIGA Bus Stop,SK PUSAT CHABANG TIGA,TERMINAL MBKT - BATU RAKIT (PAGI),myBas,,,
MASJID LAMA DURIAN BURUNG Bus Stop,MASJID LAMA DURIAN BURUNG,TERMINAL MBKT - BATU RAKIT (PAGI),myBas,,,
MASJID AT TAQWA Bus Stop,MASJID AT TAQWA,TERMINAL MBKT - BATU RAKIT (PAGI),myBas,,,
MAT LEH IKAN SEGAR/PULAU RUSA Bus Stop,MAT LEH IKAN SEGAR/PULAU RUSA,TERMINAL MBKT - BATU RAKIT (PAGI),myBas,,,
JALAN BALAI POLIS MANIR Bus Stop,JALAN BALAI POLIS MANIR,TERMINAL MBKT - BATU RAKIT (PAGI),myBas,,,
SIMPANG SK MANIR Bus Stop,SIMPANG SK MANIR,TERMINAL MBKT - BATU RAKIT (PAGI),myBas,,,
PEJABAT POS MALAYSIA MANIR Bus Stop,PEJABAT POS MALAYSIA MANIR,TERMINAL MBKT - BATU RAKIT (PAGI),myBas,,,
MARDI MANIR Bus Stop,MARDI MANIR,TERMINAL MBKT - BATU RAKIT (PAGI),myBas,,,
SMK HJ ABDUL RAHMAN LIMBONG Bus Stop,SMK HJ ABDUL RAHMAN LIMBONG,TERMINAL MBKT - BATU RAKIT (PAGI),myBas,,,
KG KUBANG JELA Bus Stop,KG KUBANG JELA,TERMINAL MBKT - BATU RAKIT (PAGI),myBas,,,
BANGGOL TUAN MUDA Bus Stop,BANGGOL TUAN MUDA,TERMINAL MBKT - BATU RAKIT (PAGI),myBas,,,
ECO SHOP MANIR Bus Stop,ECO SHOP MANIR,TERMINAL MBKT - BATU RAKIT (PAGI),myBas,,,
PEJABAT HUTAN DAERAH KUALA TERENGGANU Bus Stop,PEJABAT HUTAN DAERAH KUALA TERENGGANU,TERMINAL MBKT - BATU RAKIT (PAGI),myBas,,,
PASAR BATU ENAM Bus Stop,PASAR BATU ENAM,TERMINAL MBKT - BATU RAKIT (PAGI),myBas,,,
SURAU BATU ENAM Bus Stop,SURAU BATU ENAM,TERMINAL MBKT - BATU RAKIT (PAGI),myBas,,,
BANGGOL AYER LILIN Bus Stop,BANGGOL AYER LILIN,TERMINAL MBKT - BATU RAKIT (PAGI),myBas,,,
MYDIN GONG BADAK Bus Stop,MYDIN GONG BADAK,TERMINAL MBKT - BATU RAKIT (PAGI),myBas,,,
KOLEJ VOKASIONAL WAKAF TEMBESU Bus Stop,KOLEJ VOKASIONAL WAKAF TEMBESU,TERMINAL MBKT - BATU RAKIT (PAGI),myBas,,,
SM SAINS SULTAN MAHMUD Bus Stop,SM SAINS SULTAN MAHMUD,TERMINAL MBKT - BATU RAKIT (PAGI),myBas,,,
SM TEKNIK KUALA TERENGGANU Bus Stop,SM TEKNIK KUALA TERENGGANU,TERMINAL MBKT - BATU RAKIT (PAGI),myBas,,,
PETRONAS WAKAF BARU Bus Stop,PETRONAS WAKAF BARU,TERMINAL MBKT - BATU RAKIT (PAGI),myBas,,,
TAMAN SRI JAYA Bus Stop,TAMAN SRI JAYA,TERMINAL MBKT - BATU RAKIT (PAGI),myBas,,,
TAMAN SETIA JAYA Bus Stop,TAMAN SETIA JAYA,TERMINAL MBKT - BATU RAKIT (PAGI),myBas,,,
KAMPUNG BARU GONG BADAK Bus Stop,KAMPUNG BARU GONG BADAK,TERMINAL MBKT - BATU RAKIT (PAGI),myBas,,,
HADAMI REST HOUSE Bus Stop,HADAMI REST HOUSE,TERMINAL MBKT - BATU RAKIT (PAGI),myBas,,,
SIMPANG JALAN DAMAI Bus Stop,SIMPANG JALAN DAMAI,TERMINAL MBKT - BATU RAKIT (PAGI),myBas,,,
SIMPANG PADANG GOLF Bus Stop,SIMPANG PADANG GOLF,TERMINAL MBKT - BATU RAKIT (PAGI),myBas,,,
QUINARA Bus Stop,QUINARA,TERMINAL MBKT - BATU RAKIT (PAGI),myBas,,,
BALAI RAYA KG PAK TIJAH Bus Stop,BALAI RAYA KG PAK TIJAH,TERMINAL MBKT - BATU RAKIT (PAGI),myBas,,,
DEWAN SERBAGUNA KG PAK TIJAH Bus Stop,DEWAN SERBAGUNA KG PAK TIJAH,TERMINAL MBKT - BATU RAKIT (PAGI),myBas,,,
TAMAN MURNI PERMAI Bus Stop,TAMAN MURNI PERMAI,TERMINAL MBKT - BATU RAKIT (PAGI),myBas,,,
SK TOK JEMBAL Bus Stop,SK TOK JEMBAL,TERMINAL MBKT - BATU RAKIT (PAGI),myBas,,,
TAMAN DESA PERWIRA Bus Stop,TAMAN DESA PERWIRA,TERMINAL MBKT - BATU RAKIT (PAGI),myBas,,,
TAMAN DESA WIRA Bus Stop,TAMAN DESA WIRA,TERMINAL MBKT - BATU RAKIT (PAGI),myBas,,,
KEM PGA GONG BADAK Bus Stop,KEM PGA GONG BADAK,TERMINAL MBKT - BATU RAKIT (PAGI),myBas,,,
UNIVERSITI MALAYSIA TERENGGANU 1 Bus Stop,UNIVERSITI MALAYSIA TERENGGANU 1,TERMINAL MBKT - BATU RAKIT (PAGI),myBas,,,
BULATAN KG TAK TUYU Bus Stop,BULATAN KG TAK TUYU,TERMINAL MBKT - BATU RAKIT (PAGI),myBas,,,
UNISZA A (MASUK) Bus Stop,UNISZA A (MASUK),TERMINAL MBKT - BATU RAKIT (PAGI),myBas,,,
UNISZA B (KELUAR) Bus Stop,UNISZA B (KELUAR),TERMINAL MBKT - BATU RAKIT (PAGI),myBas,,,
UNISZA PINTU B Bus Stop,UNISZA PINTU B,TERMINAL MBKT - BATU RAKIT (PAGI),myBas,,,
KAMPUNG GONG DATUK Bus Stop,KAMPUNG GONG DATUK,TERMINAL MBKT - BATU RAKIT (PAGI),myBas,,,
KAMPUNG GONG PAK JIN Bus Stop,KAMPUNG GONG PAK JIN,TERMINAL MBKT - BATU RAKIT (PAGI),myBas,,,
KAMPUNG PADANG NENAS Bus Stop,KAMPUNG PADANG NENAS,TERMINAL MBKT - BATU RAKIT (PAGI),myBas,,,
MASJID PADANG NENAS Bus Stop,MASJID PADANG NENAS,TERMINAL MBKT - BATU RAKIT (PAGI),myBas,,,
BALAI POLIS MENGABANG TELIPOT Bus Stop,BALAI POLIS MENGABANG TELIPOT,TERMINAL MBKT - BATU RAKIT (PAGI),myBas,,,
MRSM KUALA TERENGGANU / IPG BATU RAKIT Bus Stop,MRSM KUALA TERENGGANU / IPG BATU RAKIT,TERMINAL MBKT - BATU RAKIT (PAGI),myBas,,,
SK KOMPLEKS MENGABANG TELIPOT Bus Stop,SK KOMPLEKS MENGABANG TELIPOT,TERMINAL MBKT - BATU RAKIT (PAGI),myBas,,,
KLINIK KESIHATAN BATU RAKIT Bus Stop,KLINIK KESIHATAN BATU RAKIT,TERMINAL MBKT - BATU RAKIT (PAGI),myBas,,,
TAMAN PERUMAHAN WAKAF TENGAH Bus Stop,TAMAN PERUMAHAN WAKAF TENGAH,TERMINAL MBKT - BATU RAKIT (PAGI),myBas,,,
KAMPUNG MENGABANG TELONG 1 Bus Stop,KAMPUNG MENGABANG TELONG 1,TERMINAL MBKT - BATU RAKIT (PAGI),myBas,,,
KAMPUNG MENGABANG TELONG 2 Bus Stop,KAMPUNG MENGABANG TELONG 2,TERMINAL MBKT - BATU RAKIT (PAGI),myBas,,,
KAMPUNG MENGKABANG KAPAL Bus Stop,KAMPUNG MENGKABANG KAPAL,TERMINAL MBKT - BATU RAKIT (PAGI),myBas,,,
TAMAN NIRWANA Bus Stop,TAMAN NIRWANA,TERMINAL MBKT - BATU RAKIT (PAGI),myBas,,,
DESA KAYANGAN Bus Stop,DESA KAYANGAN,TERMINAL MBKT - BATU RAKIT (PAGI),myBas,,,
TAMAN DESA KAYANGAN Bus Stop,TAMAN DESA KAYANGAN,TERMINAL MBKT - BATU RAKIT (PAGI),myBas,,,
KAMPUNG BATU RAKIT Bus Stop,KAMPUNG BATU RAKIT,TERMINAL MBKT - BATU RAKIT (PAGI),myBas,,,
SK BATU RAKIT Bus Stop,SK BATU RAKIT,TERMINAL MBKT - BATU RAKIT (PAGI),myBas,,,
PUSAT KHIDMAT MASYARAKAT ADUN BATU RAKIT Bus Stop,PUSAT KHIDMAT MASYARAKAT ADUN BATU RAKIT,TERMINAL MBKT - BATU RAKIT (PAGI),myBas,,,
HENTIAN BATU RAKIT Bus Stop,HENTIAN BATU RAKIT,TERMINAL MBKT - BATU RAKIT (PAGI),myBas,,,
TERMINAL MBKT Bus Stop,TERMINAL MBKT,TERMINAL MBKT - BATU RAKIT (PETANG),myBas,,,
YAYASAN TERENGGANU Bus Stop,YAYASAN TERENGGANU,TERMINAL MBKT - BATU RAKIT (PETANG),myBas,,,
STADIUM SULTAN ISMAIL NASSIRUDDIN SHAH Bus Stop,STADIUM SULTAN ISMAIL NASSIRUDDIN SHAH,TERMINAL MBKT - BATU RAKIT (PETANG),myBas,,,
MSU COLLEGE Bus Stop,MSU COLLEGE,TERMINAL MBKT - BATU RAKIT (PETANG),myBas,,,
Yayasan Pembangunan Keluarga Bus Stop,Yayasan Pembangunan Keluarga,TERMINAL MBKT - BATU RAKIT (PETANG),myBas,,,
OPPOSITE SMA KHAIRIAH JALAN SULTAN OMAR Bus Stop,OPPOSITE SMA KHAIRIAH JALAN SULTAN OMAR,TERMINAL MBKT - BATU RAKIT (PETANG),myBas,,,
SMK KHAIRIAH JALAN SULTAN MOHAMAD Bus Stop,SMK KHAIRIAH JALAN SULTAN MOHAMAD,TERMINAL MBKT - BATU RAKIT (PETANG),myBas,,,
SK Gong Kapas Bus Stop,SK Gong Kapas,TERMINAL MBKT - BATU RAKIT (PETANG),myBas,,,
KOMPLEKS MAHKAMAH KUALA TERENGGANU Bus Stop,KOMPLEKS MAHKAMAH KUALA TERENGGANU,TERMINAL MBKT - BATU RAKIT (PETANG),myBas,,,
MYDIN MALL KUALA TERENGGANU Bus Stop,MYDIN MALL KUALA TERENGGANU,TERMINAL MBKT - BATU RAKIT (PETANG),myBas,,,
WISMA PELADANG KUALA TERENGGANU Bus Stop,WISMA PELADANG KUALA TERENGGANU,TERMINAL MBKT - BATU RAKIT (PETANG),myBas,,,
PERUMAHAN POLIS PADANG HILIRAN Bus Stop,PERUMAHAN POLIS PADANG HILIRAN,TERMINAL MBKT - BATU RAKIT (PETANG),myBas,,,
SK PUSAT CHABANG TIGA Bus Stop,SK PUSAT CHABANG TIGA,TERMINAL MBKT - BATU RAKIT (PETANG),myBas,,,
MASJID LAMA DURIAN BURUNG Bus Stop,MASJID LAMA DURIAN BURUNG,TERMINAL MBKT - BATU RAKIT (PETANG),myBas,,,
MASJID AT TAQWA Bus Stop,MASJID AT TAQWA,TERMINAL MBKT - BATU RAKIT (PETANG),myBas,,,
MAT LEH IKAN SEGAR/PULAU RUSA Bus Stop,MAT LEH IKAN SEGAR/PULAU RUSA,TERMINAL MBKT - BATU RAKIT (PETANG),myBas,,,
JALAN BALAI POLIS MANIR Bus Stop,JALAN BALAI POLIS MANIR,TERMINAL MBKT - BATU RAKIT (PETANG),myBas,,,
SK MANIR Bus Stop,SK MANIR,TERMINAL MBKT - BATU RAKIT (PETANG),myBas,,,
KG MANIR 1/KG BALOH Bus Stop,KG MANIR 1/KG BALOH,TERMINAL MBKT - BATU RAKIT (PETANG),myBas,,,
KG BALOH 2 Bus Stop,KG BALOH 2,TERMINAL MBKT - BATU RAKIT (PETANG),myBas,,,
SK KEBOR AYER Bus Stop,SK KEBOR AYER,TERMINAL MBKT - BATU RAKIT (PETANG),myBas,,,
KEBOR AYER 1 Bus Stop,KEBOR AYER 1,TERMINAL MBKT - BATU RAKIT (PETANG),myBas,,,
MASJID BANGGOL PERADONG Bus Stop,MASJID BANGGOL PERADONG,TERMINAL MBKT - BATU RAKIT (PETANG),myBas,,,
SURAU JERAM Bus Stop,SURAU JERAM,TERMINAL MBKT - BATU RAKIT (PETANG),myBas,,,
MASJID JERAM Bus Stop,MASJID JERAM,TERMINAL MBKT - BATU RAKIT (PETANG),myBas,,,
TANJUNG SABTU 1 Bus Stop,TANJUNG SABTU 1,TERMINAL MBKT - BATU RAKIT (PETANG),myBas,,,
MASJID KG TANJUNG SABTU Bus Stop,MASJID KG TANJUNG SABTU,TERMINAL MBKT - BATU RAKIT (PETANG),myBas,,,
JALAN KUBUR BINJAI Bus Stop,JALAN KUBUR BINJAI,TERMINAL MBKT - BATU RAKIT (PETANG),myBas,,,
MASJID TOK KU PETAI BUBUS Bus Stop,MASJID TOK KU PETAI BUBUS,TERMINAL MBKT - BATU RAKIT (PETANG),myBas,,,
KLINIK KESIHATAN PAYA DATU Bus Stop,KLINIK KESIHATAN PAYA DATU,TERMINAL MBKT - BATU RAKIT (PETANG),myBas,,,
DEWAN SIVIK BULUH GADING Bus Stop,DEWAN SIVIK BULUH GADING,TERMINAL MBKT - BATU RAKIT (PETANG),myBas,,,
PEJABAT HUTAN DAERAH KUALA TERENGGANU Bus Stop,PEJABAT HUTAN DAERAH KUALA TERENGGANU,TERMINAL MBKT - BATU RAKIT (PETANG),myBas,,,
PASAR BATU ENAM Bus Stop,PASAR BATU ENAM,TERMINAL MBKT - BATU RAKIT (PETANG),myBas,,,
SURAU BATU ENAM Bus Stop,SURAU BATU ENAM,TERMINAL MBKT - BATU RAKIT (PETANG),myBas,,,
BANGGOL AYER LILIN Bus Stop,BANGGOL AYER LILIN,TERMINAL MBKT - BATU RAKIT (PETANG),myBas,,,
MYDIN GONG BADAK Bus Stop,MYDIN GONG BADAK,TERMINAL MBKT - BATU RAKIT (PETANG),myBas,,,
KOLEJ VOKASIONAL WAKAF TEMBESU Bus Stop,KOLEJ VOKASIONAL WAKAF TEMBESU,TERMINAL MBKT - BATU RAKIT (PETANG),myBas,,,
SM SAINS SULTAN MAHMUD Bus Stop,SM SAINS SULTAN MAHMUD,TERMINAL MBKT - BATU RAKIT (PETANG),myBas,,,
SM TEKNIK KUALA TERENGGANU Bus Stop,SM TEKNIK KUALA TERENGGANU,TERMINAL MBKT - BATU RAKIT (PETANG),myBas,,,
PETRONAS WAKAF BARU Bus Stop,PETRONAS WAKAF BARU,TERMINAL MBKT - BATU RAKIT (PETANG),myBas,,,
TAMAN SRI JAYA Bus Stop,TAMAN SRI JAYA,TERMINAL MBKT - BATU RAKIT (PETANG),myBas,,,
TAMAN SETIA JAYA Bus Stop,TAMAN SETIA JAYA,TERMINAL MBKT - BATU RAKIT (PETANG),myBas,,,
KAMPUNG BARU GONG BADAK Bus Stop,KAMPUNG BARU GONG BADAK,TERMINAL MBKT - BATU RAKIT (PETANG),myBas,,,
HADAMI REST HOUSE Bus Stop,HADAMI REST HOUSE,TERMINAL MBKT - BATU RAKIT (PETANG),myBas,,,
SIMPANG JALAN DAMAI Bus Stop,SIMPANG JALAN DAMAI,TERMINAL MBKT - BATU RAKIT (PETANG),myBas,,,
SIMPANG PADANG GOLF Bus Stop,SIMPANG PADANG GOLF,TERMINAL MBKT - BATU RAKIT (PETANG),myBas,,,
QUINARA Bus Stop,QUINARA,TERMINAL MBKT - BATU RAKIT (PETANG),myBas,,,
BALAI RAYA KG PAK TIJAH Bus Stop,BALAI RAYA KG PAK TIJAH,TERMINAL MBKT - BATU RAKIT (PETANG),myBas,,,
DEWAN SERBAGUNA KG PAK TIJAH Bus Stop,DEWAN SERBAGUNA KG PAK TIJAH,TERMINAL MBKT - BATU RAKIT (PETANG),myBas,,,
TAMAN MURNI PERMAI Bus Stop,TAMAN MURNI PERMAI,TERMINAL MBKT - BATU RAKIT (PETANG),myBas,,,
SK TOK JEMBAL Bus Stop,SK TOK JEMBAL,TERMINAL MBKT - BATU RAKIT (PETANG),myBas,,,
TAMAN DESA PERWIRA Bus Stop,TAMAN DESA PERWIRA,TERMINAL MBKT - BATU RAKIT (PETANG),myBas,,,
TAMAN DESA WIRA Bus Stop,TAMAN DESA WIRA,TERMINAL MBKT - BATU RAKIT (PETANG),myBas,,,
KEM PGA GONG BADAK Bus Stop,KEM PGA GONG BADAK,TERMINAL MBKT - BATU RAKIT (PETANG),myBas,,,
UNIVERSITI MALAYSIA TERENGGANU 1 Bus Stop,UNIVERSITI MALAYSIA TERENGGANU 1,TERMINAL MBKT - BATU RAKIT (PETANG),myBas,,,
BULATAN KG TAK TUYU Bus Stop,BULATAN KG TAK TUYU,TERMINAL MBKT - BATU RAKIT (PETANG),myBas,,,
UNISZA A (MASUK) Bus Stop,UNISZA A (MASUK),TERMINAL MBKT - BATU RAKIT (PETANG),myBas,,,
UNISZA B (KELUAR) Bus Stop,UNISZA B (KELUAR),TERMINAL MBKT - BATU RAKIT (PETANG),myBas,,,
UNISZA PINTU B Bus Stop,UNISZA PINTU B,TERMINAL MBKT - BATU RAKIT (PETANG),myBas,,,
KAMPUNG GONG DATUK Bus Stop,KAMPUNG GONG DATUK,TERMINAL MBKT - BATU RAKIT (PETANG),myBas,,,
KAMPUNG GONG PAK JIN Bus Stop,KAMPUNG GONG PAK JIN,TERMINAL MBKT - BATU RAKIT (PETANG),myBas,,,
KAMPUNG PADANG NENAS Bus Stop,KAMPUNG PADANG NENAS,TERMINAL MBKT - BATU RAKIT (PETANG),myBas,,,
MASJID PADANG NENAS Bus Stop,MASJID PADANG NENAS,TERMINAL MBKT - BATU RAKIT (PETANG),myBas,,,
BALAI POLIS MENGABANG TELIPOT Bus Stop,BALAI POLIS MENGABANG TELIPOT,TERMINAL MBKT - BATU RAKIT (PETANG),myBas,,,
MRSM KUALA TERENGGANU / IPG BATU RAKIT Bus Stop,MRSM KUALA TERENGGANU / IPG BATU RAKIT,TERMINAL MBKT - BATU RAKIT (PETANG),myBas,,,
SK KOMPLEKS MENGABANG TELIPOT Bus Stop,SK KOMPLEKS MENGABANG TELIPOT,TERMINAL MBKT - BATU RAKIT (PETANG),myBas,,,
KLINIK KESIHATAN BATU RAKIT Bus Stop,KLINIK KESIHATAN BATU RAKIT,TERMINAL MBKT - BATU RAKIT (PETANG),myBas,,,
TAMAN PERUMAHAN WAKAF TENGAH Bus Stop,TAMAN PERUMAHAN WAKAF TENGAH,TERMINAL MBKT - BATU RAKIT (PETANG),myBas,,,
KAMPUNG MENGABANG TELONG 1 Bus Stop,KAMPUNG MENGABANG TELONG 1,TERMINAL MBKT - BATU RAKIT (PETANG),myBas,,,
KAMPUNG MENGABANG TELONG 2 Bus Stop,KAMPUNG MENGABANG TELONG 2,TERMINAL MBKT - BATU RAKIT (PETANG),myBas,,,
KAMPUNG MENGKABANG KAPAL Bus Stop,KAMPUNG MENGKABANG KAPAL,TERMINAL MBKT - BATU RAKIT (PETANG),myBas,,,
TAMAN NIRWANA Bus Stop,TAMAN NIRWANA,TERMINAL MBKT - BATU RAKIT (PETANG),myBas,,,
DESA KAYANGAN Bus Stop,DESA KAYANGAN,TERMINAL MBKT - BATU RAKIT (PETANG),myBas,,,
TAMAN DESA KAYANGAN Bus Stop,TAMAN DESA KAYANGAN,TERMINAL MBKT - BATU RAKIT (PETANG),myBas,,,
KAMPUNG BATU RAKIT Bus Stop,KAMPUNG BATU RAKIT,TERMINAL MBKT - BATU RAKIT (PETANG),myBas,,,
SK BATU RAKIT Bus Stop,SK BATU RAKIT,TERMINAL MBKT - BATU RAKIT (PETANG),myBas,,,
PUSAT KHIDMAT MASYARAKAT ADUN BATU RAKIT Bus Stop,PUSAT KHIDMAT MASYARAKAT ADUN BATU RAKIT,TERMINAL MBKT - BATU RAKIT (PETANG),myBas,,,
HENTIAN BATU RAKIT Bus Stop,HENTIAN BATU RAKIT,TERMINAL MBKT - BATU RAKIT (PETANG),myBas,,,
TERMINAL MBKT Bus Stop,TERMINAL MBKT,TERMINAL MBKT - KUALA BERANG,myBas,,,
YAYASAN TERENGGANU Bus Stop,YAYASAN TERENGGANU,TERMINAL MBKT - KUALA BERANG,myBas,,,
STADIUM SULTAN ISMAIL NASSIRUDIN SHAH Bus Stop,STADIUM SULTAN ISMAIL NASSIRUDIN SHAH,TERMINAL MBKT - KUALA BERANG,myBas,,,
JALAN PEJABAT Bus Stop,JALAN PEJABAT,TERMINAL MBKT - KUALA BERANG,myBas,,,
MASJID AL-MEKHTAFI BILLAH SHAH Bus Stop,MASJID AL-MEKHTAFI BILLAH SHAH,TERMINAL MBKT - KUALA BERANG,myBas,,,
HOSPITAL SULTANAH NUR ZAHIRAH Bus Stop,HOSPITAL SULTANAH NUR ZAHIRAH,TERMINAL MBKT - KUALA BERANG,myBas,,,
SIMPANG PANTAI BATU BUROK Bus Stop,SIMPANG PANTAI BATU BUROK,TERMINAL MBKT - KUALA BERANG,myBas,,,
KUALA TERENGGANU SPECIALIST HOSPITAL Bus Stop,KUALA TERENGGANU SPECIALIST HOSPITAL,TERMINAL MBKT - KUALA BERANG,myBas,,,
SMA KHAIRIAH JALAN SULTAN MOHAMAD Bus Stop,SMA KHAIRIAH JALAN SULTAN MOHAMAD,TERMINAL MBKT - KUALA BERANG,myBas,,,
SK Gong Kapas Bus Stop,SK Gong Kapas,TERMINAL MBKT - KUALA BERANG,myBas,,,
KOMPLEKS MAHKAMAH KUALA TERENGGANU Bus Stop,KOMPLEKS MAHKAMAH KUALA TERENGGANU,TERMINAL MBKT - KUALA BERANG,myBas,,,
MYDIN KUALA TERENGGANU Bus Stop,MYDIN KUALA TERENGGANU,TERMINAL MBKT - KUALA BERANG,myBas,,,
WISMA PELADANG KUALA TERENGGANU Bus Stop,WISMA PELADANG KUALA TERENGGANU,TERMINAL MBKT - KUALA BERANG,myBas,,,
PERUMAHAN POLIS PADANG HILIRAN Bus Stop,PERUMAHAN POLIS PADANG HILIRAN,TERMINAL MBKT - KUALA BERANG,myBas,,,
WAKAF BERUAS/RESTORAN DAPUR ARANG Bus Stop,WAKAF BERUAS/RESTORAN DAPUR ARANG,TERMINAL MBKT - KUALA BERANG,myBas,,,
KLINIK ANDA Bus Stop,KLINIK ANDA,TERMINAL MBKT - KUALA BERANG,myBas,,,
BANGGOL PAUH Bus Stop,BANGGOL PAUH,TERMINAL MBKT - KUALA BERANG,myBas,,,
KLINIK DESA GONG PAUH/PEJABAT PERTANIAN KUALA TERENGGANU Bus Stop,KLINIK DESA GONG PAUH/PEJABAT PERTANIAN KUALA TERENGGANU,TERMINAL MBKT - KUALA BERANG,myBas,,,
KAMPUNG KUBANG TANGGA Bus Stop,KAMPUNG KUBANG TANGGA,TERMINAL MBKT - KUALA BERANG,myBas,,,
WAKAF MEMPELAM Bus Stop,WAKAF MEMPELAM,TERMINAL MBKT - KUALA BERANG,myBas,,,
GONG KIAT Bus Stop,GONG KIAT,TERMINAL MBKT - KUALA BERANG,myBas,,,
SMK PADANG MIDIN Bus Stop,SMK PADANG MIDIN,TERMINAL MBKT - KUALA BERANG,myBas,,,
SMK TUN TELANAI Bus Stop,SMK TUN TELANAI,TERMINAL MBKT - KUALA BERANG,myBas,,,
WAKAF DUA Bus Stop,WAKAF DUA,TERMINAL MBKT - KUALA BERANG,myBas,,,
KLINIK KESIHATAN BUKIT PAYONG Bus Stop,KLINIK KESIHATAN BUKIT PAYONG,TERMINAL MBKT - KUALA BERANG,myBas,,,
PEKAN BUKIT PAYONG Bus Stop,PEKAN BUKIT PAYONG,TERMINAL MBKT - KUALA BERANG,myBas,,,
DATARAN BUKIT PAYONG Bus Stop,DATARAN BUKIT PAYONG,TERMINAL MBKT - KUALA BERANG,myBas,,,
TAMAN AL AMIN/JABATAN PERTANIAN Bus Stop,TAMAN AL AMIN/JABATAN PERTANIAN,TERMINAL MBKT - KUALA BERANG,myBas,,,
KAMPUNG BATU 9 Bus Stop,KAMPUNG BATU 9,TERMINAL MBKT - KUALA BERANG,myBas,,,
MASJID PADANG MENGKUANG Bus Stop,MASJID PADANG MENGKUANG,TERMINAL MBKT - KUALA BERANG,myBas,,,
TAMAN SAFIAH MURNI Bus Stop,TAMAN SAFIAH MURNI,TERMINAL MBKT - KUALA BERANG,myBas,,,
PETRONAS BATU 10 BUKIT PAYONG Bus Stop,PETRONAS BATU 10 BUKIT PAYONG,TERMINAL MBKT - KUALA BERANG,myBas,,,
BINJAI RENDAH Bus Stop,BINJAI RENDAH,TERMINAL MBKT - KUALA BERANG,myBas,,,
KLINIK KESIHATAN BINJAI RENDAH Bus Stop,KLINIK KESIHATAN BINJAI RENDAH,TERMINAL MBKT - KUALA BERANG,myBas,,,
SK BUKIT SAWA Bus Stop,SK BUKIT SAWA,TERMINAL MBKT - KUALA BERANG,myBas,,,
SMK BUKIT SAWA Bus Stop,SMK BUKIT SAWA,TERMINAL MBKT - KUALA BERANG,myBas,,,
SIMPANG KAMPUNG BELUKAR GOREK Bus Stop,SIMPANG KAMPUNG BELUKAR GOREK,TERMINAL MBKT - KUALA BERANG,myBas,,,
SMKA DURIAN GULING Bus Stop,SMKA DURIAN GULING,TERMINAL MBKT - KUALA BERANG,myBas,,,
TAMAN CERANG PERDANA Bus Stop,TAMAN CERANG PERDANA,TERMINAL MBKT - KUALA BERANG,myBas,,,
MASJID AL BAROKAH Bus Stop,MASJID AL BAROKAH,TERMINAL MBKT - KUALA BERANG,myBas,,,
PETRON KAMPUNG WAKAF TAPAI Bus Stop,PETRON KAMPUNG WAKAF TAPAI,TERMINAL MBKT - KUALA BERANG,myBas,,,
BALAI BOMBA DAN PENYELAMAT WAKAF TAPAI Bus Stop,BALAI BOMBA DAN PENYELAMAT WAKAF TAPAI,TERMINAL MBKT - KUALA BERANG,myBas,,,
WAKAF TAPAI Bus Stop,WAKAF TAPAI,TERMINAL MBKT - KUALA BERANG,myBas,,,
PASAR WAKAF TAPAI Bus Stop,PASAR WAKAF TAPAI,TERMINAL MBKT - KUALA BERANG,myBas,,,
SJKC CHONG HWA Bus Stop,SJKC CHONG HWA,TERMINAL MBKT - KUALA BERANG,myBas,,,
TAMAN ISTIWA Bus Stop,TAMAN ISTIWA,TERMINAL MBKT - KUALA BERANG,myBas,,,
OPPOSITE KAMPUNG BATU 18 Bus Stop,OPPOSITE KAMPUNG BATU 18,TERMINAL MBKT - KUALA BERANG,myBas,,,
BUKIT PERAPAT Bus Stop,BUKIT PERAPAT,TERMINAL MBKT - KUALA BERANG,myBas,,,
PULAI API BATU 18 Bus Stop,PULAI API BATU 18,TERMINAL MBKT - KUALA BERANG,myBas,,,
SK BUKIT PERAH Bus Stop,SK BUKIT PERAH,TERMINAL MBKT - KUALA BERANG,myBas,,,
PEKAN AJIL Bus Stop,PEKAN AJIL,TERMINAL MBKT - KUALA BERANG,myBas,,,
KLINIK KESIHATAN AJIL Bus Stop,KLINIK KESIHATAN AJIL,TERMINAL MBKT - KUALA BERANG,myBas,,,
PEDOUA AJIL Bus Stop,PEDOUA AJIL,TERMINAL MBKT - KUALA BERANG,myBas,,,
NSTP AJIL Bus Stop,NSTP AJIL,TERMINAL MBKT - KUALA BERANG,myBas,,,
PIMA ACADEMY Bus Stop,PIMA ACADEMY,TERMINAL MBKT - KUALA BERANG,myBas,,,
PMU KUALA BERANG Bus Stop,PMU KUALA BERANG,TERMINAL MBKT - KUALA BERANG,myBas,,,
HOSPITAL HULU TERENGGANU Bus Stop,HOSPITAL HULU TERENGGANU,TERMINAL MBKT - KUALA BERANG,myBas,,,
JKR DAERAH HULU TERENGGANU Bus Stop,JKR DAERAH HULU TERENGGANU,TERMINAL MBKT - KUALA BERANG,myBas,,,
PEJABAT AGAMA DAERAH HULU TERENGGANU Bus Stop,PEJABAT AGAMA DAERAH HULU TERENGGANU,TERMINAL MBKT - KUALA BERANG,myBas,,,
KBRANG MALL Bus Stop,KBRANG MALL,TERMINAL MBKT - KUALA BERANG,myBas,,,
WISMA HAIDA 2 Bus Stop,WISMA HAIDA 2,TERMINAL MBKT - KUALA BERANG,myBas,,,
PEJABAT PENDIDIKAN DAERAH HULU TERENGGANU Bus Stop,PEJABAT PENDIDIKAN DAERAH HULU TERENGGANU,TERMINAL MBKT - KUALA BERANG,myBas,,,
IPD KUALA BERANG/RISDA KUALA BERANG Bus Stop,IPD KUALA BERANG/RISDA KUALA BERANG,TERMINAL MBKT - KUALA BERANG,myBas,,,
MASJID KUALA BERANG Bus Stop,MASJID KUALA BERANG,TERMINAL MBKT - KUALA BERANG,myBas,,,
TERMINAL BAS KUALA BERANG Bus Stop,TERMINAL BAS KUALA BERANG,TERMINAL MBKT - KUALA BERANG,myBas,,,
TERMINAL MBKT Bus Stop,TERMINAL MBKT,TERMINAL MBKT - BUKIT PAYONG,myBas,,,
COSMOPOINT TERENGGANU Bus Stop,COSMOPOINT TERENGGANU,TERMINAL MBKT - BUKIT PAYONG,myBas,,,
WISMA MBKT Bus Stop,WISMA MBKT,TERMINAL MBKT - BUKIT PAYONG,myBas,,,
MASJID HILIRAN Bus Stop,MASJID HILIRAN,TERMINAL MBKT - BUKIT PAYONG,myBas,,,
SHELL HILIRAN Bus Stop,SHELL HILIRAN,TERMINAL MBKT - BUKIT PAYONG,myBas,,,
SIMPANG KUBANG BUYONG Bus Stop,SIMPANG KUBANG BUYONG,TERMINAL MBKT - BUKIT PAYONG,myBas,,,
KLINIK DESA LOSONG Bus Stop,KLINIK DESA LOSONG,TERMINAL MBKT - BUKIT PAYONG,myBas,,,
KG LOSONG ATAP ZINK Bus Stop,KG LOSONG ATAP ZINK,TERMINAL MBKT - BUKIT PAYONG,myBas,,,
MUZIUM NEGER TERENGGANU Bus Stop,MUZIUM NEGER TERENGGANU,TERMINAL MBKT - BUKIT PAYONG,myBas,,,
RESTORAN BETENG Bus Stop,RESTORAN BETENG,TERMINAL MBKT - BUKIT PAYONG,myBas,,,
PUSAT KONVENSYEN Bus Stop,PUSAT KONVENSYEN,TERMINAL MBKT - BUKIT PAYONG,myBas,,,
MASJID KRISTAL Bus Stop,MASJID KRISTAL,TERMINAL MBKT - BUKIT PAYONG,myBas,,,
OPPOSITE MUZIUM WARISAN Bus Stop,OPPOSITE MUZIUM WARISAN,TERMINAL MBKT - BUKIT PAYONG,myBas,,,
KG LOSONG LEBAI SALLEH Bus Stop,KG LOSONG LEBAI SALLEH,TERMINAL MBKT - BUKIT PAYONG,myBas,,,
HENTIAN KAMPUNG LOSONG ATAP ZINK Bus Stop,HENTIAN KAMPUNG LOSONG ATAP ZINK,TERMINAL MBKT - BUKIT PAYONG,myBas,,,
OPPOSITE SMK SULTAN AHMAD Bus Stop,OPPOSITE SMK SULTAN AHMAD,TERMINAL MBKT - BUKIT PAYONG,myBas,,,
KAMPUNG PULAU MUSANG Bus Stop,KAMPUNG PULAU MUSANG,TERMINAL MBKT - BUKIT PAYONG,myBas,,,
KAMPUNG KUALA BEKAH Bus Stop,KAMPUNG KUALA BEKAH,TERMINAL MBKT - BUKIT PAYONG,myBas,,,
SELEKOH TUNGGAL PULAU MUSANG Bus Stop,SELEKOH TUNGGAL PULAU MUSANG,TERMINAL MBKT - BUKIT PAYONG,myBas,,,
SK RENGAS BEKAH Bus Stop,SK RENGAS BEKAH,TERMINAL MBKT - BUKIT PAYONG,myBas,,,
MASJID AL-MUTTAQIN Bus Stop,MASJID AL-MUTTAQIN,TERMINAL MBKT - BUKIT PAYONG,myBas,,,
SEK KEB KEPONG Bus Stop,SEK KEB KEPONG,TERMINAL MBKT - BUKIT PAYONG,myBas,,,
MASJID KAMPUNG BELADAU SELAT Bus Stop,MASJID KAMPUNG BELADAU SELAT,TERMINAL MBKT - BUKIT PAYONG,myBas,,,
SMK SERADA Bus Stop,SMK SERADA,TERMINAL MBKT - BUKIT PAYONG,myBas,,,
KAMPUNG SERADA Bus Stop,KAMPUNG SERADA,TERMINAL MBKT - BUKIT PAYONG,myBas,,,
SK KG BAHARU SERADA Bus Stop,SK KG BAHARU SERADA,TERMINAL MBKT - BUKIT PAYONG,myBas,,,
SIMPANG SK SERADA Bus Stop,SIMPANG SK SERADA,TERMINAL MBKT - BUKIT PAYONG,myBas,,,
KG BANGGOL KEMANG Bus Stop,KG BANGGOL KEMANG,TERMINAL MBKT - BUKIT PAYONG,myBas,,,
KG TIRUK Bus Stop,KG TIRUK,TERMINAL MBKT - BUKIT PAYONG,myBas,,,
SK PASIR TINGGI Bus Stop,SK PASIR TINGGI,TERMINAL MBKT - BUKIT PAYONG,myBas,,,
KLINIK DESA PASIR TINGGI Bus Stop,KLINIK DESA PASIR TINGGI,TERMINAL MBKT - BUKIT PAYONG,myBas,,,
PADANG BOLA PASIR TINGGI Bus Stop,PADANG BOLA PASIR TINGGI,TERMINAL MBKT - BUKIT PAYONG,myBas,,,
KG PASIR TINGGI Bus Stop,KG PASIR TINGGI,TERMINAL MBKT - BUKIT PAYONG,myBas,,,
KG PADANG LIMAU NIPIS Bus Stop,KG PADANG LIMAU NIPIS,TERMINAL MBKT - BUKIT PAYONG,myBas,,,
MASJID KAMPUNG PADANG LIMAU NIPIS Bus Stop,MASJID KAMPUNG PADANG LIMAU NIPIS,TERMINAL MBKT - BUKIT PAYONG,myBas,,,
PASTI KAMPUNG PADANG LIMAU NIPIS Bus Stop,PASTI KAMPUNG PADANG LIMAU NIPIS,TERMINAL MBKT - BUKIT PAYONG,myBas,,,
JALAN KAMPUNG PADANG LIMAU NIPIS 2 Bus Stop,JALAN KAMPUNG PADANG LIMAU NIPIS 2,TERMINAL MBKT - BUKIT PAYONG,myBas,,,
TAMAN DESA PADANG PAK WAN Bus Stop,TAMAN DESA PADANG PAK WAN,TERMINAL MBKT - BUKIT PAYONG,myBas,,,
JALAN MASJID PAK MADAH Bus Stop,JALAN MASJID PAK MADAH,TERMINAL MBKT - BUKIT PAYONG,myBas,,,
SK SIMPANG RAWAI Bus Stop,SK SIMPANG RAWAI,TERMINAL MBKT - BUKIT PAYONG,myBas,,,
SIMPANG 4 RAWAI Bus Stop,SIMPANG 4 RAWAI,TERMINAL MBKT - BUKIT PAYONG,myBas,,,
TASKA PERMATA KELUARGA Bus Stop,TASKA PERMATA KELUARGA,TERMINAL MBKT - BUKIT PAYONG,myBas,,,
JALAN KUBANG CIK MAN Bus Stop,JALAN KUBANG CIK MAN,TERMINAL MBKT - BUKIT PAYONG,myBas,,,
JALAN TAMBAK TOK SHEIKH Bus Stop,JALAN TAMBAK TOK SHEIKH,TERMINAL MBKT - BUKIT PAYONG,myBas,,,
SURAU PADANG RAJA Bus Stop,SURAU PADANG RAJA,TERMINAL MBKT - BUKIT PAYONG,myBas,,,
KG BINJAI BONGKOK Bus Stop,KG BINJAI BONGKOK,TERMINAL MBKT - BUKIT PAYONG,myBas,,,
MASJID BINJAI BONGKOK Bus Stop,MASJID BINJAI BONGKOK,TERMINAL MBKT - BUKIT PAYONG,myBas,,,
DEWAN BINJAI BONGKOK Bus Stop,DEWAN BINJAI BONGKOK,TERMINAL MBKT - BUKIT PAYONG,myBas,,,
MAKSU HOMESTAY / LORONG PADANG AIR DERAS Bus Stop,MAKSU HOMESTAY / LORONG PADANG AIR DERAS,TERMINAL MBKT - BUKIT PAYONG,myBas,,,
PULAU TINGGI BUKIT PAYUNG Bus Stop,PULAU TINGGI BUKIT PAYUNG,TERMINAL MBKT - BUKIT PAYONG,myBas,,,
MASJID BUKIT PAYUNG Bus Stop,MASJID BUKIT PAYUNG,TERMINAL MBKT - BUKIT PAYONG,myBas,,,
HENTIAN BUKIT PAYONG Bus Stop,HENTIAN BUKIT PAYONG,TERMINAL MBKT - BUKIT PAYONG,myBas,,,
KKIA JALAN AIR JERNIH Bus Stop,KKIA JALAN AIR JERNIH,TERMINAL MBKT - BUKIT PAYONG,myBas,,,
TERMINAL MBKT Bus Stop,TERMINAL MBKT,TERMINAL MBKT - MARANG via KEDAI BULUH,myBas,,,
YAYASAN TERENGGANU Bus Stop,YAYASAN TERENGGANU,TERMINAL MBKT - MARANG via KEDAI BULUH,myBas,,,
STADIUM SULTAN ISMAIL NASSIRUDIN SHAH Bus Stop,STADIUM SULTAN ISMAIL NASSIRUDIN SHAH,TERMINAL MBKT - MARANG via KEDAI BULUH,myBas,,,
MSU COLLEGE Bus Stop,MSU COLLEGE,TERMINAL MBKT - MARANG via KEDAI BULUH,myBas,,,
Yayasan Pembangunan Keluarga Bus Stop,Yayasan Pembangunan Keluarga,TERMINAL MBKT - MARANG via KEDAI BULUH,myBas,,,
SMK KHAIRIAH JALAN SULTAN OMAR Bus Stop,SMK KHAIRIAH JALAN SULTAN OMAR,TERMINAL MBKT - MARANG via KEDAI BULUH,myBas,,,
KUATERS JKR Bus Stop,KUATERS JKR,TERMINAL MBKT - MARANG via KEDAI BULUH,myBas,,,
KG GEMIA Bus Stop,KG GEMIA,TERMINAL MBKT - MARANG via KEDAI BULUH,myBas,,,
SMK MEGAT PANJI ALAM Bus Stop,SMK MEGAT PANJI ALAM,TERMINAL MBKT - MARANG via KEDAI BULUH,myBas,,,
TANAH KUBUR ISLAM KG NIBONG ATAS Bus Stop,TANAH KUBUR ISLAM KG NIBONG ATAS,TERMINAL MBKT - MARANG via KEDAI BULUH,myBas,,,
LORONG PARMY Bus Stop,LORONG PARMY,TERMINAL MBKT - MARANG via KEDAI BULUH,myBas,,,
KLINIK DESA GONG TOK NASEK Bus Stop,KLINIK DESA GONG TOK NASEK,TERMINAL MBKT - MARANG via KEDAI BULUH,myBas,,,
ARKED MAIDAM Bus Stop,ARKED MAIDAM,TERMINAL MBKT - MARANG via KEDAI BULUH,myBas,,,
SK GONG TONG NASEK Bus Stop,SK GONG TONG NASEK,TERMINAL MBKT - MARANG via KEDAI BULUH,myBas,,,
LORONG HJ MAT AMIN Bus Stop,LORONG HJ MAT AMIN,TERMINAL MBKT - MARANG via KEDAI BULUH,myBas,,,
LORONG POK HIM Bus Stop,LORONG POK HIM,TERMINAL MBKT - MARANG via KEDAI BULUH,myBas,,,
PASTI IBNU SINAR Bus Stop,PASTI IBNU SINAR,TERMINAL MBKT - MARANG via KEDAI BULUH,myBas,,,
ALAM MUTIARA 1 & 2 Bus Stop,ALAM MUTIARA 1 & 2,TERMINAL MBKT - MARANG via KEDAI BULUH,myBas,,,
PASAR KAMPUNG LAUT 1 Bus Stop,PASAR KAMPUNG LAUT 1,TERMINAL MBKT - MARANG via KEDAI BULUH,myBas,,,
PASAR KAMPUNG LAUT 2 Bus Stop,PASAR KAMPUNG LAUT 2,TERMINAL MBKT - MARANG via KEDAI BULUH,myBas,,,
Kampung Belukar Jambu / Klinik Desa Kg Laut Bus Stop,Kampung Belukar Jambu / Klinik Desa Kg Laut,TERMINAL MBKT - MARANG via KEDAI BULUH,myBas,,,
LORONG TOK KHATIB ALI Bus Stop,LORONG TOK KHATIB ALI,TERMINAL MBKT - MARANG via KEDAI BULUH,myBas,,,
MASJID BELUKAR JAMBU Bus Stop,MASJID BELUKAR JAMBU,TERMINAL MBKT - MARANG via KEDAI BULUH,myBas,,,
SK Kampung Bukit Chendering Bus Stop,SK Kampung Bukit Chendering,TERMINAL MBKT - MARANG via KEDAI BULUH,myBas,,,
MASJID KAMPUNG SURAU PANJANG Bus Stop,MASJID KAMPUNG SURAU PANJANG,TERMINAL MBKT - MARANG via KEDAI BULUH,myBas,,,
PASAR PEKAN KEDAI BULUH / SMK SULTAN MANSOR Bus Stop,PASAR PEKAN KEDAI BULUH / SMK SULTAN MANSOR,TERMINAL MBKT - MARANG via KEDAI BULUH,myBas,,,
SURAU KAMPUNG TONG PONG Bus Stop,SURAU KAMPUNG TONG PONG,TERMINAL MBKT - MARANG via KEDAI BULUH,myBas,,,
SK TOK DIR Bus Stop,SK TOK DIR,TERMINAL MBKT - MARANG via KEDAI BULUH,myBas,,,
MASJID TOK DIR Bus Stop,MASJID TOK DIR,TERMINAL MBKT - MARANG via KEDAI BULUH,myBas,,,
JALAN BAROH PINANG Bus Stop,JALAN BAROH PINANG,TERMINAL MBKT - MARANG via KEDAI BULUH,myBas,,,
KAMPUNG ALUR PARIT Bus Stop,KAMPUNG ALUR PARIT,TERMINAL MBKT - MARANG via KEDAI BULUH,myBas,,,
JALAN PADANG KOLAH Bus Stop,JALAN PADANG KOLAH,TERMINAL MBKT - MARANG via KEDAI BULUH,myBas,,,
MASJID KAMPUNG UDANG Bus Stop,MASJID KAMPUNG UDANG,TERMINAL MBKT - MARANG via KEDAI BULUH,myBas,,,
ENTERPRENUE PARK BUKIT KOR Bus Stop,ENTERPRENUE PARK BUKIT KOR,TERMINAL MBKT - MARANG via KEDAI BULUH,myBas,,,
KOLEJ TASDEC Bus Stop,KOLEJ TASDEC,TERMINAL MBKT - MARANG via KEDAI BULUH,myBas,,,
UCSI UNIVERSITY Bus Stop,UCSI UNIVERSITY,TERMINAL MBKT - MARANG via KEDAI BULUH,myBas,,,
KILANG PADI / PRM FOOD & MARKETING Bus Stop,KILANG PADI / PRM FOOD & MARKETING,TERMINAL MBKT - MARANG via KEDAI BULUH,myBas,,,
BUKIT RHU RENDANG Bus Stop,BUKIT RHU RENDANG,TERMINAL MBKT - MARANG via KEDAI BULUH,myBas,,,
SK RHU RENDANG Bus Stop,SK RHU RENDANG,TERMINAL MBKT - MARANG via KEDAI BULUH,myBas,,,
SIMPANG RHU RENDANG Bus Stop,SIMPANG RHU RENDANG,TERMINAL MBKT - MARANG via KEDAI BULUH,myBas,,,
SHELL RHU RENDANG Bus Stop,SHELL RHU RENDANG,TERMINAL MBKT - MARANG via KEDAI BULUH,myBas,,,
IPD MARANG Bus Stop,IPD MARANG,TERMINAL MBKT - MARANG via KEDAI BULUH,myBas,,,
KAMPUNG PAYA Bus Stop,KAMPUNG PAYA,TERMINAL MBKT - MARANG via KEDAI BULUH,myBas,,,
PASAR MARANG Bus Stop,PASAR MARANG,TERMINAL MBKT - MARANG via KEDAI BULUH,myBas,,,
JETI MARANG Bus Stop,JETI MARANG,TERMINAL MBKT - MARANG via KEDAI BULUH,myBas,,,
HENTIAN BAS MARANG Bus Stop,HENTIAN BAS MARANG,TERMINAL MBKT - MARANG via KEDAI BULUH,myBas,,,
Melaka Sentral Bus Stop,Melaka Sentral,Bandaraya Melaka Feeder,myBas,,,
Petron Jalan Taming Sari Bus Stop,Petron Jalan Taming Sari,Bandaraya Melaka Feeder,myBas,,,
RTM Melaka Bus Stop,RTM Melaka,Bandaraya Melaka Feeder,myBas,,,
Hotel Orkid Bus Stop,Hotel Orkid,Bandaraya Melaka Feeder,myBas,,,
Hotel Ibis Bus Stop,Hotel Ibis,Bandaraya Melaka Feeder,myBas,,,
Pejabat Pos Jalan Laksamana Bus Stop,Pejabat Pos Jalan Laksamana,Bandaraya Melaka Feeder,myBas,,,
Jongker Walk/Stadhuys Bus Stop,Jongker Walk/Stadhuys,Bandaraya Melaka Feeder,myBas,,,
Muzium Samudera Bus Stop,Muzium Samudera,Bandaraya Melaka Feeder,myBas,,,
Menara Tamingsari Bus Stop,Menara Tamingsari,Bandaraya Melaka Feeder,myBas,,,
Dataran Pahlawan Bus Stop,Dataran Pahlawan,Bandaraya Melaka Feeder,myBas,,,
SMK Convent Melaka Bus Stop,SMK Convent Melaka,Bandaraya Melaka Feeder,myBas,,,
Kampung Bandar Hilir/Jalan Imam Jh Mohd  Bus Stop,Kampung Bandar Hilir/Jalan Imam Jh Mohd ,Bandaraya Melaka Feeder,myBas,,,
Pangsapuri Seri Bukit Bus Stop,Pangsapuri Seri Bukit,Bandaraya Melaka Feeder,myBas,,,
Kampung Ujong Pasir Bus Stop,Kampung Ujong Pasir,Bandaraya Melaka Feeder,myBas,,,
Pangsapuri Pasir Mutiara Bus Stop,Pangsapuri Pasir Mutiara,Bandaraya Melaka Feeder,myBas,,,
Taman Jaya Padang Temu Bus Stop,Taman Jaya Padang Temu,Bandaraya Melaka Feeder,myBas,,,
Padang Temu Bus Stop,Padang Temu,Bandaraya Melaka Feeder,myBas,,,
Hotel Coastal Park Bus Stop,Hotel Coastal Park,Bandaraya Melaka Feeder,myBas,,,
Taman Kampong Atap Bus Stop,Taman Kampong Atap,Bandaraya Melaka Feeder,myBas,,,
Rumah Pangsa Hilir Kota Bus Stop,Rumah Pangsa Hilir Kota,Bandaraya Melaka Feeder,myBas,,,
Opp Mahkota Medical Centre Bus Stop,Opp Mahkota Medical Centre,Bandaraya Melaka Feeder,myBas,,,
CIMB Taman Kota Laksamana Bus Stop,CIMB Taman Kota Laksamana,Bandaraya Melaka Feeder,myBas,,,
Persatuan Low Melaka Bus Stop,Persatuan Low Melaka,Bandaraya Melaka Feeder,myBas,,,
Melaka International School Bus Stop,Melaka International School,Bandaraya Melaka Feeder,myBas,,,
SJK (C) Yok Bin Bus Stop,SJK (C) Yok Bin,Bandaraya Melaka Feeder,myBas,,,
Plaza Hang Tuah 1 Bus Stop,Plaza Hang Tuah 1,Bandaraya Melaka Feeder,myBas,,,
Wisma Air Bus Stop,Wisma Air,Bandaraya Melaka Feeder,myBas,,,
Aeon Bandaraya Melaka Bus Stop,Aeon Bandaraya Melaka,Bandaraya Melaka Feeder,myBas,,,
Lotus Melaka Bus Stop,Lotus Melaka,Bandaraya Melaka Feeder,myBas,,,
Melaka Sentral 2 Bus Stop,Melaka Sentral 2,Bandaraya Melaka Feeder,myBas,,,
Melaka Sentral Bus Stop,Melaka Sentral,Pasar Melaka Feeder,myBas,,,
Opp Hospital Melaka Bus Stop,Opp Hospital Melaka,Pasar Melaka Feeder,myBas,,,
Pasar Besar Mbsb Bus Stop,Pasar Besar Mbsb,Pasar Melaka Feeder,myBas,,,
Opp Petronas Bachang Bus Stop,Opp Petronas Bachang,Pasar Melaka Feeder,myBas,,,
Security Force Bachang Bus Stop,Security Force Bachang,Pasar Melaka Feeder,myBas,,,
Kampung Bachang Barat Bus Stop,Kampung Bachang Barat,Pasar Melaka Feeder,myBas,,,
Taman Pasir Puteh/Lorong Haji Salleh Bus Stop,Taman Pasir Puteh/Lorong Haji Salleh,Pasar Melaka Feeder,myBas,,,
Jalan Salmah Baba Bus Stop,Jalan Salmah Baba,Pasar Melaka Feeder,myBas,,,
Masjid Ar-Razzaq Bus Stop,Masjid Ar-Razzaq,Pasar Melaka Feeder,myBas,,,
Taman Widuri Bus Stop,Taman Widuri,Pasar Melaka Feeder,myBas,,,
Kampung Baroh Bus Stop,Kampung Baroh,Pasar Melaka Feeder,myBas,,,
Kampung Bakar Batu Bus Stop,Kampung Bakar Batu,Pasar Melaka Feeder,myBas,,,
Melaka Sentral 2 Bus Stop,Melaka Sentral 2,Pasar Melaka Feeder,myBas,,,
Melaka Sentral Bus Stop,Melaka Sentral,Melaka Sentral - MITC,myBas,,,
Opp Hospital Melaka Bus Stop,Opp Hospital Melaka,Melaka Sentral - MITC,myBas,,,
Opp Sirim Melaka Bus Stop,Opp Sirim Melaka,Melaka Sentral - MITC,myBas,,,
Opp Texas Instrument Bus Stop,Opp Texas Instrument,Melaka Sentral - MITC,myBas,,,
Opp Kiara Apartment Taman Mutiara Bus Stop,Opp Kiara Apartment Taman Mutiara,Melaka Sentral - MITC,myBas,,,
Opp Taman Mutiara Melaka Bus Stop,Opp Taman Mutiara Melaka,Melaka Sentral - MITC,myBas,,,
Opp SK Batu Berendam 2 Bus Stop,Opp SK Batu Berendam 2,Melaka Sentral - MITC,myBas,,,
Opp Taman Ara Bus Stop,Opp Taman Ara,Melaka Sentral - MITC,myBas,,,
SK Batu Berendam 1 Bus Stop,SK Batu Berendam 1,Melaka Sentral - MITC,myBas,,,
Coconut Shake Batu Berendam Bus Stop,Coconut Shake Batu Berendam,Melaka Sentral - MITC,myBas,,,
Opp SMK Tun Mahathir Bus Stop,Opp SMK Tun Mahathir,Melaka Sentral - MITC,myBas,,,
Opp Taman Beringin Melaka Bus Stop,Opp Taman Beringin Melaka,Melaka Sentral - MITC,myBas,,,
Opp Mango Float Royale Bus Stop,Opp Mango Float Royale,Melaka Sentral - MITC,myBas,,,
Opp Taman Putat Indah Bus Stop,Opp Taman Putat Indah,Melaka Sentral - MITC,myBas,,,
Opp Tokong Yui Yang Keong Bus Stop,Opp Tokong Yui Yang Keong,Melaka Sentral - MITC,myBas,,,
Opp Mydin MITC Bus Stop,Opp Mydin MITC,Melaka Sentral - MITC,myBas,,,
Wisma Negeri Bus Stop,Wisma Negeri,Melaka Sentral - MITC,myBas,,,
MITC Bus Stop,MITC,Melaka Sentral - MITC,myBas,,,
Opp Zoo Melaka Bus Stop,Opp Zoo Melaka,Melaka Sentral - MITC,myBas,,,
Opp Mini Malaysia Bus Stop,Opp Mini Malaysia,Melaka Sentral - MITC,myBas,,,
UTEM Bus Stop,UTEM,Melaka Sentral - MITC,myBas,,,
Mini Malaysia Bus Stop,Mini Malaysia,Melaka Sentral - MITC,myBas,,,
Zoo Melaka Bus Stop,Zoo Melaka,Melaka Sentral - MITC,myBas,,,
Opp Wisma Negeri Bus Stop,Opp Wisma Negeri,Melaka Sentral - MITC,myBas,,,
Mydin MITC Bus Stop,Mydin MITC,Melaka Sentral - MITC,myBas,,,
Klinik Kesihatan Air Keroh Bus Stop,Klinik Kesihatan Air Keroh,Melaka Sentral - MITC,myBas,,,
Kampung Baru Ayer Keroh Bus Stop,Kampung Baru Ayer Keroh,Melaka Sentral - MITC,myBas,,,
Tokong Yui Yang Keong Bus Stop,Tokong Yui Yang Keong,Melaka Sentral - MITC,myBas,,,
Taman Putat Indah Bus Stop,Taman Putat Indah,Melaka Sentral - MITC,myBas,,,
Mango Float Royale Bus Stop,Mango Float Royale,Melaka Sentral - MITC,myBas,,,
Taman Beringin Melaka Bus Stop,Taman Beringin Melaka,Melaka Sentral - MITC,myBas,,,
SMK Tun Mahathir Bus Stop,SMK Tun Mahathir,Melaka Sentral - MITC,myBas,,,
Medan Selera batu Berendam Bus Stop,Medan Selera batu Berendam,Melaka Sentral - MITC,myBas,,,
Opp SK Batu Berendam 1 Bus Stop,Opp SK Batu Berendam 1,Melaka Sentral - MITC,myBas,,,
Taman Ara Bus Stop,Taman Ara,Melaka Sentral - MITC,myBas,,,
SK Batu Berendam 2 Bus Stop,SK Batu Berendam 2,Melaka Sentral - MITC,myBas,,,
Taman Mutiara Melaka Bus Stop,Taman Mutiara Melaka,Melaka Sentral - MITC,myBas,,,
Kiara Apartment Taman Mutiara Bus Stop,Kiara Apartment Taman Mutiara,Melaka Sentral - MITC,myBas,,,
Texas Instrument Bus Stop,Texas Instrument,Melaka Sentral - MITC,myBas,,,
Sirim Melaka Bus Stop,Sirim Melaka,Melaka Sentral - MITC,myBas,,,
Hospital Melaka Bus Stop,Hospital Melaka,Melaka Sentral - MITC,myBas,,,
Melaka Sentral Bus Stop,Melaka Sentral,Melaka Sentral - MITC - Via Jalan Pengkalan Batu & AEON Melaka,myBas,,,
Opp Hospital Melaka Bus Stop,Opp Hospital Melaka,Melaka Sentral - MITC - Via Jalan Pengkalan Batu & AEON Melaka,myBas,,,
Opp Sirim Melaka Bus Stop,Opp Sirim Melaka,Melaka Sentral - MITC - Via Jalan Pengkalan Batu & AEON Melaka,myBas,,,
Opp Texas Instrument Bus Stop,Opp Texas Instrument,Melaka Sentral - MITC - Via Jalan Pengkalan Batu & AEON Melaka,myBas,,,
SMKA Sultan Muhammad Bus Stop,SMKA Sultan Muhammad,Melaka Sentral - MITC - Via Jalan Pengkalan Batu & AEON Melaka,myBas,,,
Kampung Pengkalan Batu Bus Stop,Kampung Pengkalan Batu,Melaka Sentral - MITC - Via Jalan Pengkalan Batu & AEON Melaka,myBas,,,
Putra Height Melaka Bus Stop,Putra Height Melaka,Melaka Sentral - MITC - Via Jalan Pengkalan Batu & AEON Melaka,myBas,,,
Taman Sentosa Melaka Bus Stop,Taman Sentosa Melaka,Melaka Sentral - MITC - Via Jalan Pengkalan Batu & AEON Melaka,myBas,,,
Aeon Ayer Keroh Bus Stop,Aeon Ayer Keroh,Melaka Sentral - MITC - Via Jalan Pengkalan Batu & AEON Melaka,myBas,,,
Kompleks Mahkamah Melaka Bus Stop,Kompleks Mahkamah Melaka,Melaka Sentral - MITC - Via Jalan Pengkalan Batu & AEON Melaka,myBas,,,
Pantai Hospital Meaka Bus Stop,Pantai Hospital Meaka,Melaka Sentral - MITC - Via Jalan Pengkalan Batu & AEON Melaka,myBas,,,
Pantai Hospital Melaka 2 Bus Stop,Pantai Hospital Melaka 2,Melaka Sentral - MITC - Via Jalan Pengkalan Batu & AEON Melaka,myBas,,,
Opp SK Bukit Beruang Bus Stop,Opp SK Bukit Beruang,Melaka Sentral - MITC - Via Jalan Pengkalan Batu & AEON Melaka,myBas,,,
Opp SJK C Bukit Beruang Bus Stop,Opp SJK C Bukit Beruang,Melaka Sentral - MITC - Via Jalan Pengkalan Batu & AEON Melaka,myBas,,,
Opp Taman Faridah Bus Stop,Opp Taman Faridah,Melaka Sentral - MITC - Via Jalan Pengkalan Batu & AEON Melaka,myBas,,,
Taman Kerjasama Bus Stop,Taman Kerjasama,Melaka Sentral - MITC - Via Jalan Pengkalan Batu & AEON Melaka,myBas,,,
Opp Regal Park Bus Stop,Opp Regal Park,Melaka Sentral - MITC - Via Jalan Pengkalan Batu & AEON Melaka,myBas,,,
Opp MMU Melaka Bus Stop,Opp MMU Melaka,Melaka Sentral - MITC - Via Jalan Pengkalan Batu & AEON Melaka,myBas,,,
Opp Kolej Komuniti Bukit Berung Bus Stop,Opp Kolej Komuniti Bukit Berung,Melaka Sentral - MITC - Via Jalan Pengkalan Batu & AEON Melaka,myBas,,,
Opp Tokong Yui Yang Keong Bus Stop,Opp Tokong Yui Yang Keong,Melaka Sentral - MITC - Via Jalan Pengkalan Batu & AEON Melaka,myBas,,,
Opp Mydin MITC Bus Stop,Opp Mydin MITC,Melaka Sentral - MITC - Via Jalan Pengkalan Batu & AEON Melaka,myBas,,,
Wisma Negeri Bus Stop,Wisma Negeri,Melaka Sentral - MITC - Via Jalan Pengkalan Batu & AEON Melaka,myBas,,,
MITC Bus Stop,MITC,Melaka Sentral - MITC - Via Jalan Pengkalan Batu & AEON Melaka,myBas,,,
Opp Wisma Negeri Bus Stop,Opp Wisma Negeri,Melaka Sentral - MITC - Via Jalan Pengkalan Batu & AEON Melaka,myBas,,,
Mydin MITC Bus Stop,Mydin MITC,Melaka Sentral - MITC - Via Jalan Pengkalan Batu & AEON Melaka,myBas,,,
Klinik Kesihatan Air Keroh Bus Stop,Klinik Kesihatan Air Keroh,Melaka Sentral - MITC - Via Jalan Pengkalan Batu & AEON Melaka,myBas,,,
Kampung Baru Ayer Keroh Bus Stop,Kampung Baru Ayer Keroh,Melaka Sentral - MITC - Via Jalan Pengkalan Batu & AEON Melaka,myBas,,,
Tokong Yui Yang Keong Bus Stop,Tokong Yui Yang Keong,Melaka Sentral - MITC - Via Jalan Pengkalan Batu & AEON Melaka,myBas,,,
Kolej Komuniti Bukit Berung Bus Stop,Kolej Komuniti Bukit Berung,Melaka Sentral - MITC - Via Jalan Pengkalan Batu & AEON Melaka,myBas,,,
MMU Melaka Bus Stop,MMU Melaka,Melaka Sentral - MITC - Via Jalan Pengkalan Batu & AEON Melaka,myBas,,,
Regal Park Bus Stop,Regal Park,Melaka Sentral - MITC - Via Jalan Pengkalan Batu & AEON Melaka,myBas,,,
Taman Faridah Bus Stop,Taman Faridah,Melaka Sentral - MITC - Via Jalan Pengkalan Batu & AEON Melaka,myBas,,,
SJK C Bukit Beruang Bus Stop,SJK C Bukit Beruang,Melaka Sentral - MITC - Via Jalan Pengkalan Batu & AEON Melaka,myBas,,,
SK Bukit Beruang Bus Stop,SK Bukit Beruang,Melaka Sentral - MITC - Via Jalan Pengkalan Batu & AEON Melaka,myBas,,,
Opp Pantai Hospital Melaka 2 Bus Stop,Opp Pantai Hospital Melaka 2,Melaka Sentral - MITC - Via Jalan Pengkalan Batu & AEON Melaka,myBas,,,
Opp Pantai Hospital Melaka Bus Stop,Opp Pantai Hospital Melaka,Melaka Sentral - MITC - Via Jalan Pengkalan Batu & AEON Melaka,myBas,,,
Opp Kompleks Mahkamah Melaka Bus Stop,Opp Kompleks Mahkamah Melaka,Melaka Sentral - MITC - Via Jalan Pengkalan Batu & AEON Melaka,myBas,,,
Opp Aeon Ayer Keroh Bus Stop,Opp Aeon Ayer Keroh,Melaka Sentral - MITC - Via Jalan Pengkalan Batu & AEON Melaka,myBas,,,
Opp Taman Sentosa Melaka Bus Stop,Opp Taman Sentosa Melaka,Melaka Sentral - MITC - Via Jalan Pengkalan Batu & AEON Melaka,myBas,,,
Texas Instrument Bus Stop,Texas Instrument,Melaka Sentral - MITC - Via Jalan Pengkalan Batu & AEON Melaka,myBas,,,
Sirim Melaka Bus Stop,Sirim Melaka,Melaka Sentral - MITC - Via Jalan Pengkalan Batu & AEON Melaka,myBas,,,
Hospital Melaka Bus Stop,Hospital Melaka,Melaka Sentral - MITC - Via Jalan Pengkalan Batu & AEON Melaka,myBas,,,
Melaka Sentral Bus Stop,Melaka Sentral,Melaka Sentral - Bukit Katil / Taman Saujana Permai,myBas,,,
Taman Sin Hoe Bus Stop,Taman Sin Hoe,Melaka Sentral - Bukit Katil / Taman Saujana Permai,myBas,,,
Taman Goodwood Bus Stop,Taman Goodwood,Melaka Sentral - Bukit Katil / Taman Saujana Permai,myBas,,,
Perbadanan Perpustakaan Awam Melaka Bus Stop,Perbadanan Perpustakaan Awam Melaka,Melaka Sentral - Bukit Katil / Taman Saujana Permai,myBas,,,
Taman Bahagia Bus Stop,Taman Bahagia,Melaka Sentral - Bukit Katil / Taman Saujana Permai,myBas,,,
Pangsapuri Seri Siantan Bus Stop,Pangsapuri Seri Siantan,Melaka Sentral - Bukit Katil / Taman Saujana Permai,myBas,,,
Kampung Bukit Baru Dalam Bus Stop,Kampung Bukit Baru Dalam,Melaka Sentral - Bukit Katil / Taman Saujana Permai,myBas,,,
Sekolah Tinggi St David Bus Stop,Sekolah Tinggi St David,Melaka Sentral - Bukit Katil / Taman Saujana Permai,myBas,,,
Balai Polis Bukit Baru Bus Stop,Balai Polis Bukit Baru,Melaka Sentral - Bukit Katil / Taman Saujana Permai,myBas,,,
Jabatan Pendidikan Melaka Bukit Baru Bus Stop,Jabatan Pendidikan Melaka Bukit Baru,Melaka Sentral - Bukit Katil / Taman Saujana Permai,myBas,,,
Aeon Ayer Keroh Bus Stop,Aeon Ayer Keroh,Melaka Sentral - Bukit Katil / Taman Saujana Permai,myBas,,,
Kompleks Mahkamah Melaka Bus Stop,Kompleks Mahkamah Melaka,Melaka Sentral - Bukit Katil / Taman Saujana Permai,myBas,,,
Pantai Hospital Meaka Bus Stop,Pantai Hospital Meaka,Melaka Sentral - Bukit Katil / Taman Saujana Permai,myBas,,,
Opp Taman Baru Bukit Katil Bus Stop,Opp Taman Baru Bukit Katil,Melaka Sentral - Bukit Katil / Taman Saujana Permai,myBas,,,
Masjid Sayyidina Ali Bus Stop,Masjid Sayyidina Ali,Melaka Sentral - Bukit Katil / Taman Saujana Permai,myBas,,,
Opp Taman Merak Bus Stop,Opp Taman Merak,Melaka Sentral - Bukit Katil / Taman Saujana Permai,myBas,,,
JPJ Melaka Bus Stop,JPJ Melaka,Melaka Sentral - Bukit Katil / Taman Saujana Permai,myBas,,,
Kolej Vokasional Melaka Tengah Bus Stop,Kolej Vokasional Melaka Tengah,Melaka Sentral - Bukit Katil / Taman Saujana Permai,myBas,,,
Taman Puncak Bukit Katil Bus Stop,Taman Puncak Bukit Katil,Melaka Sentral - Bukit Katil / Taman Saujana Permai,myBas,,,
Ins. Lat. Perindustrian Bukit Katil Bus Stop,Ins. Lat. Perindustrian Bukit Katil,Melaka Sentral - Bukit Katil / Taman Saujana Permai,myBas,,,
Kampung Desa Tersusun Bus Stop,Kampung Desa Tersusun,Melaka Sentral - Bukit Katil / Taman Saujana Permai,myBas,,,
SK Kg Tun Razak Bus Stop,SK Kg Tun Razak,Melaka Sentral - Bukit Katil / Taman Saujana Permai,myBas,,,
Taman Bukit Katil Damai 2 Bus Stop,Taman Bukit Katil Damai 2,Melaka Sentral - Bukit Katil / Taman Saujana Permai,myBas,,,
Opp SK Kg Tun Razakk Bus Stop,Opp SK Kg Tun Razakk,Melaka Sentral - Bukit Katil / Taman Saujana Permai,myBas,,,
Taman Saujana Seksyen 2 Bus Stop,Taman Saujana Seksyen 2,Melaka Sentral - Bukit Katil / Taman Saujana Permai,myBas,,,
Taman Saujana Puri Bus Stop,Taman Saujana Puri,Melaka Sentral - Bukit Katil / Taman Saujana Permai,myBas,,,
Opp JPJ Melaka Bus Stop,Opp JPJ Melaka,Melaka Sentral - Bukit Katil / Taman Saujana Permai,myBas,,,
Taman Merak Bus Stop,Taman Merak,Melaka Sentral - Bukit Katil / Taman Saujana Permai,myBas,,,
Opp Masjid Sayyidina Ali Bus Stop,Opp Masjid Sayyidina Ali,Melaka Sentral - Bukit Katil / Taman Saujana Permai,myBas,,,
Taman Baru Bukit Katil Bus Stop,Taman Baru Bukit Katil,Melaka Sentral - Bukit Katil / Taman Saujana Permai,myBas,,,
Opp Pantai Hospital Melaka Bus Stop,Opp Pantai Hospital Melaka,Melaka Sentral - Bukit Katil / Taman Saujana Permai,myBas,,,
Opp Kompleks Mahkamah Melaka Bus Stop,Opp Kompleks Mahkamah Melaka,Melaka Sentral - Bukit Katil / Taman Saujana Permai,myBas,,,
Opp Aeon Ayer Keroh Bus Stop,Opp Aeon Ayer Keroh,Melaka Sentral - Bukit Katil / Taman Saujana Permai,myBas,,,
Melaka Sentral Bus Stop,Melaka Sentral,Melaka Sentral - Airport Batu Berendam / Angkasa Nuri,myBas,,,
Opp Lotus Melaka Bus Stop,Opp Lotus Melaka,Melaka Sentral - Airport Batu Berendam / Angkasa Nuri,myBas,,,
Opp Aeon Bandaraya Melaka Bus Stop,Opp Aeon Bandaraya Melaka,Melaka Sentral - Airport Batu Berendam / Angkasa Nuri,myBas,,,
Medan Selera Tun Ali Bus Stop,Medan Selera Tun Ali,Melaka Sentral - Airport Batu Berendam / Angkasa Nuri,myBas,,,
Plaza Hang Tuah 2 Bus Stop,Plaza Hang Tuah 2,Melaka Sentral - Airport Batu Berendam / Angkasa Nuri,myBas,,,
Wisma Air Bus Stop,Wisma Air,Melaka Sentral - Airport Batu Berendam / Angkasa Nuri,myBas,,,
Kampung Lapang Bachang Bus Stop,Kampung Lapang Bachang,Melaka Sentral - Airport Batu Berendam / Angkasa Nuri,myBas,,,
Kampung Bakar Batu Bus Stop,Kampung Bakar Batu,Melaka Sentral - Airport Batu Berendam / Angkasa Nuri,myBas,,,
Kampung Baroh Bus Stop,Kampung Baroh,Melaka Sentral - Airport Batu Berendam / Angkasa Nuri,myBas,,,
Taman Widuri Bus Stop,Taman Widuri,Melaka Sentral - Airport Batu Berendam / Angkasa Nuri,myBas,,,
Masjid Ar-Razzaq Bus Stop,Masjid Ar-Razzaq,Melaka Sentral - Airport Batu Berendam / Angkasa Nuri,myBas,,,
Jalan Salmah Baba Bus Stop,Jalan Salmah Baba,Melaka Sentral - Airport Batu Berendam / Angkasa Nuri,myBas,,,
Taman Pasir Puteh Bus Stop,Taman Pasir Puteh,Melaka Sentral - Airport Batu Berendam / Angkasa Nuri,myBas,,,
Kampung Bachang Barat Bus Stop,Kampung Bachang Barat,Melaka Sentral - Airport Batu Berendam / Angkasa Nuri,myBas,,,
Security Force Bus Stop,Security Force,Melaka Sentral - Airport Batu Berendam / Angkasa Nuri,myBas,,,
Taman Bachang Baru 1 Bus Stop,Taman Bachang Baru 1,Melaka Sentral - Airport Batu Berendam / Angkasa Nuri,myBas,,,
Taman Bachang Baru 2 Bus Stop,Taman Bachang Baru 2,Melaka Sentral - Airport Batu Berendam / Angkasa Nuri,myBas,,,
Kampung Tengah 1 Bus Stop,Kampung Tengah 1,Melaka Sentral - Airport Batu Berendam / Angkasa Nuri,myBas,,,
Kampung Tengah 2 Bus Stop,Kampung Tengah 2,Melaka Sentral - Airport Batu Berendam / Angkasa Nuri,myBas,,,
Klinik Desa Batu Beremdam Bus Stop,Klinik Desa Batu Beremdam,Melaka Sentral - Airport Batu Berendam / Angkasa Nuri,myBas,,,
Taman Datuk Tamby Chik Karim Bus Stop,Taman Datuk Tamby Chik Karim,Melaka Sentral - Airport Batu Berendam / Angkasa Nuri,myBas,,,
Opp Taman Merdeka Bus Stop,Opp Taman Merdeka,Melaka Sentral - Airport Batu Berendam / Angkasa Nuri,myBas,,,
Taman Merdeka Jaya Bus Stop,Taman Merdeka Jaya,Melaka Sentral - Airport Batu Berendam / Angkasa Nuri,myBas,,,
Taman Angkasa Nuri Bus Stop,Taman Angkasa Nuri,Melaka Sentral - Airport Batu Berendam / Angkasa Nuri,myBas,,,
Opp Taman Angkasa Nuri 2 Bus Stop,Opp Taman Angkasa Nuri 2,Melaka Sentral - Airport Batu Berendam / Angkasa Nuri,myBas,,,
Taman Mekar Bus Stop,Taman Mekar,Melaka Sentral - Airport Batu Berendam / Angkasa Nuri,myBas,,,
Taman Mas Merah Bus Stop,Taman Mas Merah,Melaka Sentral - Airport Batu Berendam / Angkasa Nuri,myBas,,,
Opp Airport Fire And Rescue Bus Stop,Opp Airport Fire And Rescue,Melaka Sentral - Airport Batu Berendam / Angkasa Nuri,myBas,,,
Taman Seri Songket Bus Stop,Taman Seri Songket,Melaka Sentral - Airport Batu Berendam / Angkasa Nuri,myBas,,,
Lapangan Terbang Antarabangsa Melaka Bus Stop,Lapangan Terbang Antarabangsa Melaka,Melaka Sentral - Airport Batu Berendam / Angkasa Nuri,myBas,,,
Opp Taman Seri Songket Bus Stop,Opp Taman Seri Songket,Melaka Sentral - Airport Batu Berendam / Angkasa Nuri,myBas,,,
Airport Fire And Rescue Bus Stop,Airport Fire And Rescue,Melaka Sentral - Airport Batu Berendam / Angkasa Nuri,myBas,,,
Opp Taman Mas Merah Bus Stop,Opp Taman Mas Merah,Melaka Sentral - Airport Batu Berendam / Angkasa Nuri,myBas,,,
Opp Taman Mekar Bus Stop,Opp Taman Mekar,Melaka Sentral - Airport Batu Berendam / Angkasa Nuri,myBas,,,
Opp Taman Angkasa Nuri Bus Stop,Opp Taman Angkasa Nuri,Melaka Sentral - Airport Batu Berendam / Angkasa Nuri,myBas,,,
Opp Taman Merdeka Jaya Bus Stop,Opp Taman Merdeka Jaya,Melaka Sentral - Airport Batu Berendam / Angkasa Nuri,myBas,,,
Taman Merdeka Bus Stop,Taman Merdeka,Melaka Sentral - Airport Batu Berendam / Angkasa Nuri,myBas,,,
Opp Taman Datuk Tamby Chik Karim Bus Stop,Opp Taman Datuk Tamby Chik Karim,Melaka Sentral - Airport Batu Berendam / Angkasa Nuri,myBas,,,
Aeon Bandaraya Melaka Bus Stop,Aeon Bandaraya Melaka,Melaka Sentral - Airport Batu Berendam / Angkasa Nuri,myBas,,,
Lotus Melaka Bus Stop,Lotus Melaka,Melaka Sentral - Airport Batu Berendam / Angkasa Nuri,myBas,,,
Melaka Sentral Bus Stop,Melaka Sentral,Melaka Sentral - Taman Inang Sari,myBas,,,
Opp Lotus Melaka Bus Stop,Opp Lotus Melaka,Melaka Sentral - Taman Inang Sari,myBas,,,
Opp Aeon Bandaraya Melaka Bus Stop,Opp Aeon Bandaraya Melaka,Melaka Sentral - Taman Inang Sari,myBas,,,
Medan Selera Tun Ali Bus Stop,Medan Selera Tun Ali,Melaka Sentral - Taman Inang Sari,myBas,,,
Plaza Hang Tuah 2 Bus Stop,Plaza Hang Tuah 2,Melaka Sentral - Taman Inang Sari,myBas,,,
Wisma Air Bus Stop,Wisma Air,Melaka Sentral - Taman Inang Sari,myBas,,,
Kampung Lapang Bachang Bus Stop,Kampung Lapang Bachang,Melaka Sentral - Taman Inang Sari,myBas,,,
Smjk Tinggi Cina Melaka Bus Stop,Smjk Tinggi Cina Melaka,Melaka Sentral - Taman Inang Sari,myBas,,,
Opp Taman Malim Indah Bus Stop,Opp Taman Malim Indah,Melaka Sentral - Taman Inang Sari,myBas,,,
Opp Balai Panjang Bus Stop,Opp Balai Panjang,Melaka Sentral - Taman Inang Sari,myBas,,,
Malim Jaya Bus Stop,Malim Jaya,Melaka Sentral - Taman Inang Sari,myBas,,,
Pasar Malim Jaya Bus Stop,Pasar Malim Jaya,Melaka Sentral - Taman Inang Sari,myBas,,,
Opp Perindustrian Malim Jaya Bus Stop,Opp Perindustrian Malim Jaya,Melaka Sentral - Taman Inang Sari,myBas,,,
Taman Bertam Mutiara Bus Stop,Taman Bertam Mutiara,Melaka Sentral - Taman Inang Sari,myBas,,,
Pos Logistic Bus Stop,Pos Logistic,Melaka Sentral - Taman Inang Sari,myBas,,,
Xepa - Soul Pattinson Bus Stop,Xepa - Soul Pattinson,Melaka Sentral - Taman Inang Sari,myBas,,,
Aik Cheong Beverage Bus Stop,Aik Cheong Beverage,Melaka Sentral - Taman Inang Sari,myBas,,,
Taman Teknologi Cheng Bus Stop,Taman Teknologi Cheng,Melaka Sentral - Taman Inang Sari,myBas,,,
Nsk Trade City (Melaka) Bus Stop,Nsk Trade City (Melaka),Melaka Sentral - Taman Inang Sari,myBas,,,
Taman Sri Krubong/Goldsta Bus Stop,Taman Sri Krubong/Goldsta,Melaka Sentral - Taman Inang Sari,myBas,,,
Umw Toyota Bus Stop,Umw Toyota,Melaka Sentral - Taman Inang Sari,myBas,,,
Taman Sri Krubong 2 Bus Stop,Taman Sri Krubong 2,Melaka Sentral - Taman Inang Sari,myBas,,,
Masjid As Salam Bus Stop,Masjid As Salam,Melaka Sentral - Taman Inang Sari,myBas,,,
Kampung Tampoi Bus Stop,Kampung Tampoi,Melaka Sentral - Taman Inang Sari,myBas,,,
Taman Perindustrian Krubong Bus Stop,Taman Perindustrian Krubong,Melaka Sentral - Taman Inang Sari,myBas,,,
Opp Lt Hardware Bus Stop,Opp Lt Hardware,Melaka Sentral - Taman Inang Sari,myBas,,,
Kampung Ladang Melaka Bus Stop,Kampung Ladang Melaka,Melaka Sentral - Taman Inang Sari,myBas,,,
Taman Krubong Indah Bus Stop,Taman Krubong Indah,Melaka Sentral - Taman Inang Sari,myBas,,,
Taman 1 Krubong Bus Stop,Taman 1 Krubong,Melaka Sentral - Taman Inang Sari,myBas,,,
Jalan 1 Krubong Gate 2 Bus Stop,Jalan 1 Krubong Gate 2,Melaka Sentral - Taman Inang Sari,myBas,,,
Taman Krubong Perdana Bus Stop,Taman Krubong Perdana,Melaka Sentral - Taman Inang Sari,myBas,,,
Kedai Nasi Ayam Jalan Pantai Bus Stop,Kedai Nasi Ayam Jalan Pantai,Melaka Sentral - Taman Inang Sari,myBas,,,
Taman Inang Sari Bus Stop,Taman Inang Sari,Melaka Sentral - Taman Inang Sari,myBas,,,
Opp Taman Krubong Perdana Bus Stop,Opp Taman Krubong Perdana,Melaka Sentral - Taman Inang Sari,myBas,,,
Opp Jalan 1 Krubong Gate 2 Bus Stop,Opp Jalan 1 Krubong Gate 2,Melaka Sentral - Taman Inang Sari,myBas,,,
Opp Taman 1 Krubong Bus Stop,Opp Taman 1 Krubong,Melaka Sentral - Taman Inang Sari,myBas,,,
Opp Taman Krubong Indah Bus Stop,Opp Taman Krubong Indah,Melaka Sentral - Taman Inang Sari,myBas,,,
Lt Hardware Bus Stop,Lt Hardware,Melaka Sentral - Taman Inang Sari,myBas,,,
Opp Taman Sri Krubong/Goldsta Bus Stop,Opp Taman Sri Krubong/Goldsta,Melaka Sentral - Taman Inang Sari,myBas,,,
Opp Nsk Trade City (Melaka) Bus Stop,Opp Nsk Trade City (Melaka),Melaka Sentral - Taman Inang Sari,myBas,,,
Opp Taman Teknologi Cheng Bus Stop,Opp Taman Teknologi Cheng,Melaka Sentral - Taman Inang Sari,myBas,,,
Opp Taman Bertam Mutiara Bus Stop,Opp Taman Bertam Mutiara,Melaka Sentral - Taman Inang Sari,myBas,,,
Perindustrian Malim Jaya Bus Stop,Perindustrian Malim Jaya,Melaka Sentral - Taman Inang Sari,myBas,,,
Opp Pasar Malim Jaya Bus Stop,Opp Pasar Malim Jaya,Melaka Sentral - Taman Inang Sari,myBas,,,
Opp Malim Jaya Bus Stop,Opp Malim Jaya,Melaka Sentral - Taman Inang Sari,myBas,,,
Balai Panjang Bus Stop,Balai Panjang,Melaka Sentral - Taman Inang Sari,myBas,,,
Taman Malim Indah Bus Stop,Taman Malim Indah,Melaka Sentral - Taman Inang Sari,myBas,,,
Opp Smjk Tinggi Cina Melaka Bus Stop,Opp Smjk Tinggi Cina Melaka,Melaka Sentral - Taman Inang Sari,myBas,,,
Aeon Bandaraya Melaka Bus Stop,Aeon Bandaraya Melaka,Melaka Sentral - Taman Inang Sari,myBas,,,
Lotus Melaka Bus Stop,Lotus Melaka,Melaka Sentral - Taman Inang Sari,myBas,,,
Melaka Sentral Bus Stop,Melaka Sentral,Melaka Sentral - Bertam Ulu / Tanjung Minyak Perdana,myBas,,,
Opp Lotus Melaka Bus Stop,Opp Lotus Melaka,Melaka Sentral - Bertam Ulu / Tanjung Minyak Perdana,myBas,,,
Opp Aeon Bandaraya Melaka Bus Stop,Opp Aeon Bandaraya Melaka,Melaka Sentral - Bertam Ulu / Tanjung Minyak Perdana,myBas,,,
Medan Selera Tun Ali Bus Stop,Medan Selera Tun Ali,Melaka Sentral - Bertam Ulu / Tanjung Minyak Perdana,myBas,,,
Plaza Hang Tuah 2 Bus Stop,Plaza Hang Tuah 2,Melaka Sentral - Bertam Ulu / Tanjung Minyak Perdana,myBas,,,
Wisma Air Bus Stop,Wisma Air,Melaka Sentral - Bertam Ulu / Tanjung Minyak Perdana,myBas,,,
Kampung Lapang Bachang Bus Stop,Kampung Lapang Bachang,Melaka Sentral - Bertam Ulu / Tanjung Minyak Perdana,myBas,,,
Smjk Tinggi Cina Melaka Bus Stop,Smjk Tinggi Cina Melaka,Melaka Sentral - Bertam Ulu / Tanjung Minyak Perdana,myBas,,,
Opp Taman Malim Indah Bus Stop,Opp Taman Malim Indah,Melaka Sentral - Bertam Ulu / Tanjung Minyak Perdana,myBas,,,
Opp Balai Panjang Bus Stop,Opp Balai Panjang,Melaka Sentral - Bertam Ulu / Tanjung Minyak Perdana,myBas,,,
Malim Jaya Bus Stop,Malim Jaya,Melaka Sentral - Bertam Ulu / Tanjung Minyak Perdana,myBas,,,
Pasar Malim Jaya Bus Stop,Pasar Malim Jaya,Melaka Sentral - Bertam Ulu / Tanjung Minyak Perdana,myBas,,,
Opp Perindustrian Malim Jaya Bus Stop,Opp Perindustrian Malim Jaya,Melaka Sentral - Bertam Ulu / Tanjung Minyak Perdana,myBas,,,
Taman Bertam Mutiara Bus Stop,Taman Bertam Mutiara,Melaka Sentral - Bertam Ulu / Tanjung Minyak Perdana,myBas,,,
Taman Bertam Malim Bus Stop,Taman Bertam Malim,Melaka Sentral - Bertam Ulu / Tanjung Minyak Perdana,myBas,,,
Opp SK Malim Bus Stop,Opp SK Malim,Melaka Sentral - Bertam Ulu / Tanjung Minyak Perdana,myBas,,,
Opp SMK Malim Bus Stop,Opp SMK Malim,Melaka Sentral - Bertam Ulu / Tanjung Minyak Perdana,myBas,,,
Opp Taman Cheng Utama Bus Stop,Opp Taman Cheng Utama,Melaka Sentral - Bertam Ulu / Tanjung Minyak Perdana,myBas,,,
Kampung Cheng Bus Stop,Kampung Cheng,Melaka Sentral - Bertam Ulu / Tanjung Minyak Perdana,myBas,,,
Taman Cheng Permai Bus Stop,Taman Cheng Permai,Melaka Sentral - Bertam Ulu / Tanjung Minyak Perdana,myBas,,,
Gerai MBMB Taman Cheng Baru Bus Stop,Gerai MBMB Taman Cheng Baru,Melaka Sentral - Bertam Ulu / Tanjung Minyak Perdana,myBas,,,
Opp Taman Cheng Perdana Bus Stop,Opp Taman Cheng Perdana,Melaka Sentral - Bertam Ulu / Tanjung Minyak Perdana,myBas,,,
Rumah Seri Kenangan Taman Cheng Bus Stop,Rumah Seri Kenangan Taman Cheng,Melaka Sentral - Bertam Ulu / Tanjung Minyak Perdana,myBas,,,
Balai Raya Kampung Cheng Bus Stop,Balai Raya Kampung Cheng,Melaka Sentral - Bertam Ulu / Tanjung Minyak Perdana,myBas,,,
Taman Bertam Indah Bus Stop,Taman Bertam Indah,Melaka Sentral - Bertam Ulu / Tanjung Minyak Perdana,myBas,,,
Bertam Ulu Batu 10 Bus Stop,Bertam Ulu Batu 10,Melaka Sentral - Bertam Ulu / Tanjung Minyak Perdana,myBas,,,
Tanjung Minyak Perdana Bus Stop,Tanjung Minyak Perdana,Melaka Sentral - Bertam Ulu / Tanjung Minyak Perdana,myBas,,,
Opp Bertam Ulu Batu 10 Bus Stop,Opp Bertam Ulu Batu 10,Melaka Sentral - Bertam Ulu / Tanjung Minyak Perdana,myBas,,,
Opp Taman Bertam Indah Bus Stop,Opp Taman Bertam Indah,Melaka Sentral - Bertam Ulu / Tanjung Minyak Perdana,myBas,,,
Opp Balai Raya Kampung Cheng Bus Stop,Opp Balai Raya Kampung Cheng,Melaka Sentral - Bertam Ulu / Tanjung Minyak Perdana,myBas,,,
Opp Rumah Seri Kenangan Taman Cheng Bus Stop,Opp Rumah Seri Kenangan Taman Cheng,Melaka Sentral - Bertam Ulu / Tanjung Minyak Perdana,myBas,,,
Taman Cheng Perdana Bus Stop,Taman Cheng Perdana,Melaka Sentral - Bertam Ulu / Tanjung Minyak Perdana,myBas,,,
Opp Gerai MBMB Taman Cheng Baru Bus Stop,Opp Gerai MBMB Taman Cheng Baru,Melaka Sentral - Bertam Ulu / Tanjung Minyak Perdana,myBas,,,
Opp Taman Cheng Permai Bus Stop,Opp Taman Cheng Permai,Melaka Sentral - Bertam Ulu / Tanjung Minyak Perdana,myBas,,,
Opp Kampung Cheng Bus Stop,Opp Kampung Cheng,Melaka Sentral - Bertam Ulu / Tanjung Minyak Perdana,myBas,,,
Taman Cheng Utama Bus Stop,Taman Cheng Utama,Melaka Sentral - Bertam Ulu / Tanjung Minyak Perdana,myBas,,,
SMK Malim Bus Stop,SMK Malim,Melaka Sentral - Bertam Ulu / Tanjung Minyak Perdana,myBas,,,
SK Malim Bus Stop,SK Malim,Melaka Sentral - Bertam Ulu / Tanjung Minyak Perdana,myBas,,,
Opp Taman Bertam Malim Bus Stop,Opp Taman Bertam Malim,Melaka Sentral - Bertam Ulu / Tanjung Minyak Perdana,myBas,,,
Opp Taman Bertam Mutiara Bus Stop,Opp Taman Bertam Mutiara,Melaka Sentral - Bertam Ulu / Tanjung Minyak Perdana,myBas,,,
Perindustrian Malim Jaya Bus Stop,Perindustrian Malim Jaya,Melaka Sentral - Bertam Ulu / Tanjung Minyak Perdana,myBas,,,
Opp Pasar Malim Jaya Bus Stop,Opp Pasar Malim Jaya,Melaka Sentral - Bertam Ulu / Tanjung Minyak Perdana,myBas,,,
Opp Malim Jaya Bus Stop,Opp Malim Jaya,Melaka Sentral - Bertam Ulu / Tanjung Minyak Perdana,myBas,,,
Balai Panjang Bus Stop,Balai Panjang,Melaka Sentral - Bertam Ulu / Tanjung Minyak Perdana,myBas,,,
Taman Malim Indah Bus Stop,Taman Malim Indah,Melaka Sentral - Bertam Ulu / Tanjung Minyak Perdana,myBas,,,
Opp Smjk Tinggi Cina Melaka Bus Stop,Opp Smjk Tinggi Cina Melaka,Melaka Sentral - Bertam Ulu / Tanjung Minyak Perdana,myBas,,,
Aeon Bandaraya Melaka Bus Stop,Aeon Bandaraya Melaka,Melaka Sentral - Bertam Ulu / Tanjung Minyak Perdana,myBas,,,
Lotus Melaka Bus Stop,Lotus Melaka,Melaka Sentral - Bertam Ulu / Tanjung Minyak Perdana,myBas,,,
Melaka Sentral Bus Stop,Melaka Sentral,Melaka Sentral - Pulau Gadong,myBas,,,
Opp Lotus Melaka Bus Stop,Opp Lotus Melaka,Melaka Sentral - Pulau Gadong,myBas,,,
Opp Aeon Bandaraya Melaka Bus Stop,Opp Aeon Bandaraya Melaka,Melaka Sentral - Pulau Gadong,myBas,,,
Medan Selera Tun Ali Bus Stop,Medan Selera Tun Ali,Melaka Sentral - Pulau Gadong,myBas,,,
Plaza Hang Tuah 2 Bus Stop,Plaza Hang Tuah 2,Melaka Sentral - Pulau Gadong,myBas,,,
Wisma Air Bus Stop,Wisma Air,Melaka Sentral - Pulau Gadong,myBas,,,
SJK(T) Melaka (Kubu) Bus Stop,SJK(T) Melaka (Kubu),Melaka Sentral - Pulau Gadong,myBas,,,
Jalan Ong Kim Wee Bus Stop,Jalan Ong Kim Wee,Melaka Sentral - Pulau Gadong,myBas,,,
Balai Polis Tengkera Bus Stop,Balai Polis Tengkera,Melaka Sentral - Pulau Gadong,myBas,,,
Persatuan Badminton Melaka Bus Stop,Persatuan Badminton Melaka,Melaka Sentral - Pulau Gadong,myBas,,,
SMK (P) Methodist Bus Stop,SMK (P) Methodist,Melaka Sentral - Pulau Gadong,myBas,,,
Taman Siantan / Masjid Tengkera Bus Stop,Taman Siantan / Masjid Tengkera,Melaka Sentral - Pulau Gadong,myBas,,,
Kampong Sembilan Bus Stop,Kampong Sembilan,Melaka Sentral - Pulau Gadong,myBas,,,
SK Tengkera 1 & 2 Bus Stop,SK Tengkera 1 & 2,Melaka Sentral - Pulau Gadong,myBas,,,
Warung Hajjah Robiah Bus Stop,Warung Hajjah Robiah,Melaka Sentral - Pulau Gadong,myBas,,,
Kuih Keria Haji Jalil Bus Stop,Kuih Keria Haji Jalil,Melaka Sentral - Pulau Gadong,myBas,,,
Kuih Keria Hajah Rahmah Bus Stop,Kuih Keria Hajah Rahmah,Melaka Sentral - Pulau Gadong,myBas,,,
Oriental Melaka Straits Medical Centre Bus Stop,Oriental Melaka Straits Medical Centre,Melaka Sentral - Pulau Gadong,myBas,,,
Taman Melati Bus Stop,Taman Melati,Melaka Sentral - Pulau Gadong,myBas,,,
Lagenda Condo Bus Stop,Lagenda Condo,Melaka Sentral - Pulau Gadong,myBas,,,
Masjid Saad Ibni Abi Waqqas Bus Stop,Masjid Saad Ibni Abi Waqqas,Melaka Sentral - Pulau Gadong,myBas,,,
Kampung Tengah Melaka Bus Stop,Kampung Tengah Melaka,Melaka Sentral - Pulau Gadong,myBas,,,
Taman Sri Gadong Bus Stop,Taman Sri Gadong,Melaka Sentral - Pulau Gadong,myBas,,,
SK Klebang Besar Bus Stop,SK Klebang Besar,Melaka Sentral - Pulau Gadong,myBas,,,
Simpang Lorong Pokok Manggis Bus Stop,Simpang Lorong Pokok Manggis,Melaka Sentral - Pulau Gadong,myBas,,,
Taman Pulau Gadong Jaya Bus Stop,Taman Pulau Gadong Jaya,Melaka Sentral - Pulau Gadong,myBas,,,
Rumah Awam 2 Pulau Gadong Bus Stop,Rumah Awam 2 Pulau Gadong,Melaka Sentral - Pulau Gadong,myBas,,,
Taman Gadong Bahagia Bus Stop,Taman Gadong Bahagia,Melaka Sentral - Pulau Gadong,myBas,,,
Kompleks Pertanian Pulau Gadong Bus Stop,Kompleks Pertanian Pulau Gadong,Melaka Sentral - Pulau Gadong,myBas,,,
Taman Bertam Perdana 1 Bus Stop,Taman Bertam Perdana 1,Melaka Sentral - Pulau Gadong,myBas,,,
Taman Bertam Perdana 2 Bus Stop,Taman Bertam Perdana 2,Melaka Sentral - Pulau Gadong,myBas,,,
SMK Gajah Berang Bus Stop,SMK Gajah Berang,Melaka Sentral - Pulau Gadong,myBas,,,
Persatuan Low Melaka Bus Stop,Persatuan Low Melaka,Melaka Sentral - Pulau Gadong,myBas,,,
Melaka International School Bus Stop,Melaka International School,Melaka Sentral - Pulau Gadong,myBas,,,
SJK (C) Yok Bin Bus Stop,SJK (C) Yok Bin,Melaka Sentral - Pulau Gadong,myBas,,,
Plaza Hang Tuah 1 Bus Stop,Plaza Hang Tuah 1,Melaka Sentral - Pulau Gadong,myBas,,,
Aeon Bandaraya Melaka Bus Stop,Aeon Bandaraya Melaka,Melaka Sentral - Pulau Gadong,myBas,,,
Lotus Melaka Bus Stop,Lotus Melaka,Melaka Sentral - Pulau Gadong,myBas,,,
Melaka Sentral Bus Stop,Melaka Sentral,Melaka Sentral - Paya Luboh,myBas,,,
Opp Lotus Melaka Bus Stop,Opp Lotus Melaka,Melaka Sentral - Paya Luboh,myBas,,,
Opp Aeon Bandaraya Melaka Bus Stop,Opp Aeon Bandaraya Melaka,Melaka Sentral - Paya Luboh,myBas,,,
Medan Selera Tun Ali Bus Stop,Medan Selera Tun Ali,Melaka Sentral - Paya Luboh,myBas,,,
Plaza Hang Tuah 2 Bus Stop,Plaza Hang Tuah 2,Melaka Sentral - Paya Luboh,myBas,,,
Wisma Air Bus Stop,Wisma Air,Melaka Sentral - Paya Luboh,myBas,,,
SJK(T) Melaka (Kubu) Bus Stop,SJK(T) Melaka (Kubu),Melaka Sentral - Paya Luboh,myBas,,,
Jalan Ong Kim Wee Bus Stop,Jalan Ong Kim Wee,Melaka Sentral - Paya Luboh,myBas,,,
Balai Polis Tengkera Bus Stop,Balai Polis Tengkera,Melaka Sentral - Paya Luboh,myBas,,,
Persatuan Badminton Melaka Bus Stop,Persatuan Badminton Melaka,Melaka Sentral - Paya Luboh,myBas,,,
SMK (P) Methodist Bus Stop,SMK (P) Methodist,Melaka Sentral - Paya Luboh,myBas,,,
Taman Siantan / Masjid Tengkera Bus Stop,Taman Siantan / Masjid Tengkera,Melaka Sentral - Paya Luboh,myBas,,,
Kampong Sembilan Bus Stop,Kampong Sembilan,Melaka Sentral - Paya Luboh,myBas,,,
SK Tengkera 1 & 2 Bus Stop,SK Tengkera 1 & 2,Melaka Sentral - Paya Luboh,myBas,,,
Warung Hajjah Robiah Bus Stop,Warung Hajjah Robiah,Melaka Sentral - Paya Luboh,myBas,,,
Kuih Keria Haji Jalil Bus Stop,Kuih Keria Haji Jalil,Melaka Sentral - Paya Luboh,myBas,,,
Kuih Keria Hajah Rahmah Bus Stop,Kuih Keria Hajah Rahmah,Melaka Sentral - Paya Luboh,myBas,,,
Oriental Melaka Straits Medical Centre Bus Stop,Oriental Melaka Straits Medical Centre,Melaka Sentral - Paya Luboh,myBas,,,
Taman Melati Bus Stop,Taman Melati,Melaka Sentral - Paya Luboh,myBas,,,
Lagenda Condo Bus Stop,Lagenda Condo,Melaka Sentral - Paya Luboh,myBas,,,
Masjid Saad Ibni Abi Waqqas Bus Stop,Masjid Saad Ibni Abi Waqqas,Melaka Sentral - Paya Luboh,myBas,,,
Taman Kenanga Bus Stop,Taman Kenanga,Melaka Sentral - Paya Luboh,myBas,,,
Taman Mayfair Bus Stop,Taman Mayfair,Melaka Sentral - Paya Luboh,myBas,,,
Kampung Pesaran Balik Buluk Klebang Bus Stop,Kampung Pesaran Balik Buluk Klebang,Melaka Sentral - Paya Luboh,myBas,,,
Pantai Klebang Bus Stop,Pantai Klebang,Melaka Sentral - Paya Luboh,myBas,,,
Taman Muhibbah Bus Stop,Taman Muhibbah,Melaka Sentral - Paya Luboh,myBas,,,
Balai Polis Batang Tiga Bus Stop,Balai Polis Batang Tiga,Melaka Sentral - Paya Luboh,myBas,,,
Smk Klebang Bus Stop,Smk Klebang,Melaka Sentral - Paya Luboh,myBas,,,
Dhammacakka Buddist Vihara Bus Stop,Dhammacakka Buddist Vihara,Melaka Sentral - Paya Luboh,myBas,,,
Kampung Rambai Tengah Bus Stop,Kampung Rambai Tengah,Melaka Sentral - Paya Luboh,myBas,,,
Taman Rambai Tengah Bus Stop,Taman Rambai Tengah,Melaka Sentral - Paya Luboh,myBas,,,
Masjid Al Falah Bus Stop,Masjid Al Falah,Melaka Sentral - Paya Luboh,myBas,,,
Kampung Setulang Daing Bus Stop,Kampung Setulang Daing,Melaka Sentral - Paya Luboh,myBas,,,
Rumah Awam Bukit Rambai Bus Stop,Rumah Awam Bukit Rambai,Melaka Sentral - Paya Luboh,myBas,,,
Kampung Bukit Rambai Bus Stop,Kampung Bukit Rambai,Melaka Sentral - Paya Luboh,myBas,,,
Taman Rambai Mutiara Bus Stop,Taman Rambai Mutiara,Melaka Sentral - Paya Luboh,myBas,,,
Maahad Tahfiz Kasyfu Al Ulum Bus Stop,Maahad Tahfiz Kasyfu Al Ulum,Melaka Sentral - Paya Luboh,myBas,,,
Taman Rambai Mesra Bus Stop,Taman Rambai Mesra,Melaka Sentral - Paya Luboh,myBas,,,
Kampung Paya Mengkuang Melaka Bus Stop,Kampung Paya Mengkuang Melaka,Melaka Sentral - Paya Luboh,myBas,,,
MPKK Bukit Rambai Bus Stop,MPKK Bukit Rambai,Melaka Sentral - Paya Luboh,myBas,,,
Kampung Daya Wawasan Bus Stop,Kampung Daya Wawasan,Melaka Sentral - Paya Luboh,myBas,,,
Klinik Kesihatan Bukit Rambai Bus Stop,Klinik Kesihatan Bukit Rambai,Melaka Sentral - Paya Luboh,myBas,,,
Pejabat Mca Bukit Rambai Bus Stop,Pejabat Mca Bukit Rambai,Melaka Sentral - Paya Luboh,myBas,,,
MJ Construction Bus Stop,MJ Construction,Melaka Sentral - Paya Luboh,myBas,,,
SMK Bukit Rambai Bus Stop,SMK Bukit Rambai,Melaka Sentral - Paya Luboh,myBas,,,
Taman Pizza Idaman Bus Stop,Taman Pizza Idaman,Melaka Sentral - Paya Luboh,myBas,,,
Paya Luboh 1 Bus Stop,Paya Luboh 1,Melaka Sentral - Paya Luboh,myBas,,,
Paya Luboh 2 Bus Stop,Paya Luboh 2,Melaka Sentral - Paya Luboh,myBas,,,
Paya Luboh 3 Bus Stop,Paya Luboh 3,Melaka Sentral - Paya Luboh,myBas,,,
PPR Tangga Batu Bus Stop,PPR Tangga Batu,Melaka Sentral - Paya Luboh,myBas,,,
Opp Pantai Klebang Bus Stop,Opp Pantai Klebang,Melaka Sentral - Paya Luboh,myBas,,,
SMK Gajah Berang Bus Stop,SMK Gajah Berang,Melaka Sentral - Paya Luboh,myBas,,,
Persatuan Low Melaka Bus Stop,Persatuan Low Melaka,Melaka Sentral - Paya Luboh,myBas,,,
Melaka International School Bus Stop,Melaka International School,Melaka Sentral - Paya Luboh,myBas,,,
SJK (C) Yok Bin Bus Stop,SJK (C) Yok Bin,Melaka Sentral - Paya Luboh,myBas,,,
Plaza Hang Tuah 1 Bus Stop,Plaza Hang Tuah 1,Melaka Sentral - Paya Luboh,myBas,,,
Aeon Bandaraya Melaka Bus Stop,Aeon Bandaraya Melaka,Melaka Sentral - Paya Luboh,myBas,,,
Lotus Melaka Bus Stop,Lotus Melaka,Melaka Sentral - Paya Luboh,myBas,,,
Melaka Sentral Bus Stop,Melaka Sentral,Melaka Sentral - Tangga Batu,myBas,,,
Opp Lotus Melaka Bus Stop,Opp Lotus Melaka,Melaka Sentral - Tangga Batu,myBas,,,
Opp Aeon Bandaraya Melaka Bus Stop,Opp Aeon Bandaraya Melaka,Melaka Sentral - Tangga Batu,myBas,,,
Medan Selera Tun Ali Bus Stop,Medan Selera Tun Ali,Melaka Sentral - Tangga Batu,myBas,,,
Plaza Hang Tuah 2 Bus Stop,Plaza Hang Tuah 2,Melaka Sentral - Tangga Batu,myBas,,,
Wisma Air Bus Stop,Wisma Air,Melaka Sentral - Tangga Batu,myBas,,,
SJK(T) Melaka (Kubu) Bus Stop,SJK(T) Melaka (Kubu),Melaka Sentral - Tangga Batu,myBas,,,
Jalan Ong Kim Wee Bus Stop,Jalan Ong Kim Wee,Melaka Sentral - Tangga Batu,myBas,,,
Balai Polis Tengkera Bus Stop,Balai Polis Tengkera,Melaka Sentral - Tangga Batu,myBas,,,
Persatuan Badminton Melaka Bus Stop,Persatuan Badminton Melaka,Melaka Sentral - Tangga Batu,myBas,,,
SMK (P) Methodist Bus Stop,SMK (P) Methodist,Melaka Sentral - Tangga Batu,myBas,,,
Taman Siantan / Masjid Tengkera Bus Stop,Taman Siantan / Masjid Tengkera,Melaka Sentral - Tangga Batu,myBas,,,
Kampong Sembilan Bus Stop,Kampong Sembilan,Melaka Sentral - Tangga Batu,myBas,,,
SK Tengkera 1 & 2 Bus Stop,SK Tengkera 1 & 2,Melaka Sentral - Tangga Batu,myBas,,,
Warung Hajjah Robiah Bus Stop,Warung Hajjah Robiah,Melaka Sentral - Tangga Batu,myBas,,,
Kuih Keria Haji Jalil Bus Stop,Kuih Keria Haji Jalil,Melaka Sentral - Tangga Batu,myBas,,,
Kuih Keria Hajah Rahmah Bus Stop,Kuih Keria Hajah Rahmah,Melaka Sentral - Tangga Batu,myBas,,,
Oriental Melaka Straits Medical Centre Bus Stop,Oriental Melaka Straits Medical Centre,Melaka Sentral - Tangga Batu,myBas,,,
Taman Melati Bus Stop,Taman Melati,Melaka Sentral - Tangga Batu,myBas,,,
Lagenda Condo Bus Stop,Lagenda Condo,Melaka Sentral - Tangga Batu,myBas,,,
Masjid Saad Ibni Abi Waqqas Bus Stop,Masjid Saad Ibni Abi Waqqas,Melaka Sentral - Tangga Batu,myBas,,,
Taman Kenanga Bus Stop,Taman Kenanga,Melaka Sentral - Tangga Batu,myBas,,,
Taman Mayfair Bus Stop,Taman Mayfair,Melaka Sentral - Tangga Batu,myBas,,,
Kampung Pesaran Balik Buluk Klebang Bus Stop,Kampung Pesaran Balik Buluk Klebang,Melaka Sentral - Tangga Batu,myBas,,,
Pantai Klebang Bus Stop,Pantai Klebang,Melaka Sentral - Tangga Batu,myBas,,,
Taman Muhibbah Bus Stop,Taman Muhibbah,Melaka Sentral - Tangga Batu,myBas,,,
Opp Balai Polis Batang Tiga Bus Stop,Opp Balai Polis Batang Tiga,Melaka Sentral - Tangga Batu,myBas,,,
Marina Point Bus Stop,Marina Point,Melaka Sentral - Tangga Batu,myBas,,,
Seri Bayan Condominium Bus Stop,Seri Bayan Condominium,Melaka Sentral - Tangga Batu,myBas,,,
Taman Panjang Impian Bus Stop,Taman Panjang Impian,Melaka Sentral - Tangga Batu,myBas,,,
Zill Golden Village Bus Stop,Zill Golden Village,Melaka Sentral - Tangga Batu,myBas,,,
Sekolah Tunas Bakti / Ocean Palm Condo Bus Stop,Sekolah Tunas Bakti / Ocean Palm Condo,Melaka Sentral - Tangga Batu,myBas,,,
SJK(C) Ek Te Bus Stop,SJK(C) Ek Te,Melaka Sentral - Tangga Batu,myBas,,,
Taman Spring Garden Bus Stop,Taman Spring Garden,Melaka Sentral - Tangga Batu,myBas,,,
SK Lereh Bus Stop,SK Lereh,Melaka Sentral - Tangga Batu,myBas,,,
Surau Tengah Bus Stop,Surau Tengah,Melaka Sentral - Tangga Batu,myBas,,,
Kampung Tanjung Kling Bus Stop,Kampung Tanjung Kling,Melaka Sentral - Tangga Batu,myBas,,,
Tanjung Kling Bus Stop,Tanjung Kling,Melaka Sentral - Tangga Batu,myBas,,,
Masjid Bilal Bin Rabah Tanjong Kling Bus Stop,Masjid Bilal Bin Rabah Tanjong Kling,Melaka Sentral - Tangga Batu,myBas,,,
Kampung Kelongkong Bus Stop,Kampung Kelongkong,Melaka Sentral - Tangga Batu,myBas,,,
Kampung Hailam Bus Stop,Kampung Hailam,Melaka Sentral - Tangga Batu,myBas,,,
Kampung Balik Bukit 1 Bus Stop,Kampung Balik Bukit 1,Melaka Sentral - Tangga Batu,myBas,,,
Kampung Balik Bukit 2 Bus Stop,Kampung Balik Bukit 2,Melaka Sentral - Tangga Batu,myBas,,,
Kampung Lereh Bus Stop,Kampung Lereh,Melaka Sentral - Tangga Batu,myBas,,,
Kampung Pengkalan Perigi  Bus Stop,Kampung Pengkalan Perigi ,Melaka Sentral - Tangga Batu,myBas,,,
Tanjung Samudera Bus Stop,Tanjung Samudera,Melaka Sentral - Tangga Batu,myBas,,,
Medan Selera Pantai Rombang Bus Stop,Medan Selera Pantai Rombang,Melaka Sentral - Tangga Batu,myBas,,,
Taman Pantai Puteri Bus Stop,Taman Pantai Puteri,Melaka Sentral - Tangga Batu,myBas,,,
Puteri Qashrina Chalet Bus Stop,Puteri Qashrina Chalet,Melaka Sentral - Tangga Batu,myBas,,,
Masjid Km13 Bus Stop,Masjid Km13,Melaka Sentral - Tangga Batu,myBas,,,
Medan Selera Pantai Puteri Bus Stop,Medan Selera Pantai Puteri,Melaka Sentral - Tangga Batu,myBas,,,
Pantai Kundor Bus Stop,Pantai Kundor,Melaka Sentral - Tangga Batu,myBas,,,
Kampung Pantai Kundor Bus Stop,Kampung Pantai Kundor,Melaka Sentral - Tangga Batu,myBas,,,
Rumah Anak-Anak Yatim Sultan Salahuddin Bus Stop,Rumah Anak-Anak Yatim Sultan Salahuddin,Melaka Sentral - Tangga Batu,myBas,,,
SK Pantai Kundor Bus Stop,SK Pantai Kundor,Melaka Sentral - Tangga Batu,myBas,,,
Jalan Solok Haji Othman Bus Stop,Jalan Solok Haji Othman,Melaka Sentral - Tangga Batu,myBas,,,
Kawasan Perindustrian Tangga Batu Bus Stop,Kawasan Perindustrian Tangga Batu,Melaka Sentral - Tangga Batu,myBas,,,
Taman Tangga Batu Bus Stop,Taman Tangga Batu,Melaka Sentral - Tangga Batu,myBas,,,
Klinik Kesihatan Tangga Batu Bus Stop,Klinik Kesihatan Tangga Batu,Melaka Sentral - Tangga Batu,myBas,,,
Opp Pantai Klebang Bus Stop,Opp Pantai Klebang,Melaka Sentral - Tangga Batu,myBas,,,
SMK Gajah Berang Bus Stop,SMK Gajah Berang,Melaka Sentral - Tangga Batu,myBas,,,
Persatuan Low Melaka Bus Stop,Persatuan Low Melaka,Melaka Sentral - Tangga Batu,myBas,,,
Melaka International School Bus Stop,Melaka International School,Melaka Sentral - Tangga Batu,myBas,,,
SJK (C) Yok Bin Bus Stop,SJK (C) Yok Bin,Melaka Sentral - Tangga Batu,myBas,,,
Plaza Hang Tuah 1 Bus Stop,Plaza Hang Tuah 1,Melaka Sentral - Tangga Batu,myBas,,,
Aeon Bandaraya Melaka Bus Stop,Aeon Bandaraya Melaka,Melaka Sentral - Tangga Batu,myBas,,,
Lotus Melaka Bus Stop,Lotus Melaka,Melaka Sentral - Tangga Batu,myBas,,,
Melaka Sentral Bus Stop,Melaka Sentral,Melaka Sentral - Tampin via Alor Gajah,myBas,,,
Opp Lotus Melaka Bus Stop,Opp Lotus Melaka,Melaka Sentral - Tampin via Alor Gajah,myBas,,,
Opp Aeon Bandaraya Melaka Bus Stop,Opp Aeon Bandaraya Melaka,Melaka Sentral - Tampin via Alor Gajah,myBas,,,
Medan Selera Tun Ali Bus Stop,Medan Selera Tun Ali,Melaka Sentral - Tampin via Alor Gajah,myBas,,,
Plaza Hang Tuah 2 Bus Stop,Plaza Hang Tuah 2,Melaka Sentral - Tampin via Alor Gajah,myBas,,,
Wisma Air Bus Stop,Wisma Air,Melaka Sentral - Tampin via Alor Gajah,myBas,,,
Kampung Lapang Bachang Bus Stop,Kampung Lapang Bachang,Melaka Sentral - Tampin via Alor Gajah,myBas,,,
Smjk Tinggi Cina Melaka Bus Stop,Smjk Tinggi Cina Melaka,Melaka Sentral - Tampin via Alor Gajah,myBas,,,
Opp Taman Malim Indah Bus Stop,Opp Taman Malim Indah,Melaka Sentral - Tampin via Alor Gajah,myBas,,,
Opp Balai Panjang Bus Stop,Opp Balai Panjang,Melaka Sentral - Tampin via Alor Gajah,myBas,,,
Taman Balai Panjang Bus Stop,Taman Balai Panjang,Melaka Sentral - Tampin via Alor Gajah,myBas,,,
Opp SJK (C) Malim Melaka Bus Stop,Opp SJK (C) Malim Melaka,Melaka Sentral - Tampin via Alor Gajah,myBas,,,
Rumah Awam Bertam Malim Bus Stop,Rumah Awam Bertam Malim,Melaka Sentral - Tampin via Alor Gajah,myBas,,,
Taman Bertam Malim Bus Stop,Taman Bertam Malim,Melaka Sentral - Tampin via Alor Gajah,myBas,,,
Opp SK Malim Bus Stop,Opp SK Malim,Melaka Sentral - Tampin via Alor Gajah,myBas,,,
Opp SMK Malim Bus Stop,Opp SMK Malim,Melaka Sentral - Tampin via Alor Gajah,myBas,,,
Opp Taman Cheng Utama Bus Stop,Opp Taman Cheng Utama,Melaka Sentral - Tampin via Alor Gajah,myBas,,,
Kampung Cheng Bus Stop,Kampung Cheng,Melaka Sentral - Tampin via Alor Gajah,myBas,,,
Taman Cheng Permai Bus Stop,Taman Cheng Permai,Melaka Sentral - Tampin via Alor Gajah,myBas,,,
Gerai MBMB Taman Cheng Baru Bus Stop,Gerai MBMB Taman Cheng Baru,Melaka Sentral - Tampin via Alor Gajah,myBas,,,
Opp Taman Cheng Perdana Bus Stop,Opp Taman Cheng Perdana,Melaka Sentral - Tampin via Alor Gajah,myBas,,,
Rumah Seri Kenangan Taman Cheng Bus Stop,Rumah Seri Kenangan Taman Cheng,Melaka Sentral - Tampin via Alor Gajah,myBas,,,
Balai Raya Kampung Cheng Bus Stop,Balai Raya Kampung Cheng,Melaka Sentral - Tampin via Alor Gajah,myBas,,,
Opp Taman Paya Rumput Bistari Bus Stop,Opp Taman Paya Rumput Bistari,Melaka Sentral - Tampin via Alor Gajah,myBas,,,
Rumah Panjang Paya Rumput Bus Stop,Rumah Panjang Paya Rumput,Melaka Sentral - Tampin via Alor Gajah,myBas,,,
Opp Taman Seri Paya Rumput Bus Stop,Opp Taman Seri Paya Rumput,Melaka Sentral - Tampin via Alor Gajah,myBas,,,
Opp Rumah Awam Paya Rumput Bus Stop,Opp Rumah Awam Paya Rumput,Melaka Sentral - Tampin via Alor Gajah,myBas,,,
Opp Taman Paya Rumput Indah Bus Stop,Opp Taman Paya Rumput Indah,Melaka Sentral - Tampin via Alor Gajah,myBas,,,
Paya Rumput Bus Stop,Paya Rumput,Melaka Sentral - Tampin via Alor Gajah,myBas,,,
Taman Permai Bus Stop,Taman Permai,Melaka Sentral - Tampin via Alor Gajah,myBas,,,
SK Rumbia Bus Stop,SK Rumbia,Melaka Sentral - Tampin via Alor Gajah,myBas,,,
Opp Taman Rembia Perkasa Bus Stop,Opp Taman Rembia Perkasa,Melaka Sentral - Tampin via Alor Gajah,myBas,,,
Taman Rembia Cemerlang Bus Stop,Taman Rembia Cemerlang,Melaka Sentral - Tampin via Alor Gajah,myBas,,,
Taman Rembia Jaya Bus Stop,Taman Rembia Jaya,Melaka Sentral - Tampin via Alor Gajah,myBas,,,
Taman Bukit Rumbia Bus Stop,Taman Bukit Rumbia,Melaka Sentral - Tampin via Alor Gajah,myBas,,,
Taman Sungai Petai Bahagia Bus Stop,Taman Sungai Petai Bahagia,Melaka Sentral - Tampin via Alor Gajah,myBas,,,
Opp Rumah Awam Sungai Petai Bus Stop,Opp Rumah Awam Sungai Petai,Melaka Sentral - Tampin via Alor Gajah,myBas,,,
Gajah Mati Sungai Petai Bus Stop,Gajah Mati Sungai Petai,Melaka Sentral - Tampin via Alor Gajah,myBas,,,
Sk Sungai Petai Bus Stop,Sk Sungai Petai,Melaka Sentral - Tampin via Alor Gajah,myBas,,,
Taman Perindustrian Kelemak Bus Stop,Taman Perindustrian Kelemak,Melaka Sentral - Tampin via Alor Gajah,myBas,,,
Taman Sri Kelemak Bus Stop,Taman Sri Kelemak,Melaka Sentral - Tampin via Alor Gajah,myBas,,,
Balai Raya Jkkk Kelemak Jaya Bus Stop,Balai Raya Jkkk Kelemak Jaya,Melaka Sentral - Tampin via Alor Gajah,myBas,,,
SMK Dato Dol Said Bus Stop,SMK Dato Dol Said,Melaka Sentral - Tampin via Alor Gajah,myBas,,,
Kampung Kelemak Bus Stop,Kampung Kelemak,Melaka Sentral - Tampin via Alor Gajah,myBas,,,
Terminal Alor Gajah Sentral Bus Stop,Terminal Alor Gajah Sentral,Melaka Sentral - Tampin via Alor Gajah,myBas,,,
Taman Seri Bayu Bus Stop,Taman Seri Bayu,Melaka Sentral - Tampin via Alor Gajah,myBas,,,
Klinik Desa Pegoh Bus Stop,Klinik Desa Pegoh,Melaka Sentral - Tampin via Alor Gajah,myBas,,,
Kampung Jelatang Bus Stop,Kampung Jelatang,Melaka Sentral - Tampin via Alor Gajah,myBas,,,
Kampung Buloh Cina Bus Stop,Kampung Buloh Cina,Melaka Sentral - Tampin via Alor Gajah,myBas,,,
Jalan Haji Mat Top Bus Stop,Jalan Haji Mat Top,Melaka Sentral - Tampin via Alor Gajah,myBas,,,
Balai Raya Kampung Gadek Bus Stop,Balai Raya Kampung Gadek,Melaka Sentral - Tampin via Alor Gajah,myBas,,,
Ayer Panas Gadek Bus Stop,Ayer Panas Gadek,Melaka Sentral - Tampin via Alor Gajah,myBas,,,
SK Ganun Bus Stop,SK Ganun,Melaka Sentral - Tampin via Alor Gajah,myBas,,,
Ladang Kemuning Bus Stop,Ladang Kemuning,Melaka Sentral - Tampin via Alor Gajah,myBas,,,
Kampung Bukit Nangka Bus Stop,Kampung Bukit Nangka,Melaka Sentral - Tampin via Alor Gajah,myBas,,,
Taman Bukit Nangka Bus Stop,Taman Bukit Nangka,Melaka Sentral - Tampin via Alor Gajah,myBas,,,
Taman Sebang Mutiara Bus Stop,Taman Sebang Mutiara,Melaka Sentral - Tampin via Alor Gajah,myBas,,,
Taman Sebang Gemilang Bus Stop,Taman Sebang Gemilang,Melaka Sentral - Tampin via Alor Gajah,myBas,,,
Masjid Al-Najihin Padang Sebang Bus Stop,Masjid Al-Najihin Padang Sebang,Melaka Sentral - Tampin via Alor Gajah,myBas,,,
Kampung Padang Sebang Bus Stop,Kampung Padang Sebang,Melaka Sentral - Tampin via Alor Gajah,myBas,,,
Sk Padang Sebang Bus Stop,Sk Padang Sebang,Melaka Sentral - Tampin via Alor Gajah,myBas,,,
Kampung Tanjong Rimau Luar Bus Stop,Kampung Tanjong Rimau Luar,Melaka Sentral - Tampin via Alor Gajah,myBas,,,
Masjid Al Qaniteen Bus Stop,Masjid Al Qaniteen,Melaka Sentral - Tampin via Alor Gajah,myBas,,,
SM Arab Al Asyraf Bus Stop,SM Arab Al Asyraf,Melaka Sentral - Tampin via Alor Gajah,myBas,,,
Kampung Tanjung Rimau Bus Stop,Kampung Tanjung Rimau,Melaka Sentral - Tampin via Alor Gajah,myBas,,,
Kampung Pulau Sebang Selatan 1 Bus Stop,Kampung Pulau Sebang Selatan 1,Melaka Sentral - Tampin via Alor Gajah,myBas,,,
Kampung Pulau Sebang Selatan 2 Bus Stop,Kampung Pulau Sebang Selatan 2,Melaka Sentral - Tampin via Alor Gajah,myBas,,,
Kampung Pulau Sebang Selatan 3 Bus Stop,Kampung Pulau Sebang Selatan 3,Melaka Sentral - Tampin via Alor Gajah,myBas,,,
Kampung Pulau Sebang Bus Stop,Kampung Pulau Sebang,Melaka Sentral - Tampin via Alor Gajah,myBas,,,
Kampung Pulau Sebang Utara Bus Stop,Kampung Pulau Sebang Utara,Melaka Sentral - Tampin via Alor Gajah,myBas,,,
Taman Mahsuri Bus Stop,Taman Mahsuri,Melaka Sentral - Tampin via Alor Gajah,myBas,,,
Desa Pulau Sebang Bus Stop,Desa Pulau Sebang,Melaka Sentral - Tampin via Alor Gajah,myBas,,,
Opp Mydin Pulau Sebang Bus Stop,Opp Mydin Pulau Sebang,Melaka Sentral - Tampin via Alor Gajah,myBas,,,
Stesen Keretapi Pulau Sebang Bus Stop,Stesen Keretapi Pulau Sebang,Melaka Sentral - Tampin via Alor Gajah,myBas,,,
Pekan Tampin Bus Stop,Pekan Tampin,Melaka Sentral - Tampin via Alor Gajah,myBas,,,
Terminal Bas Tampin Bus Stop,Terminal Bas Tampin,Melaka Sentral - Tampin via Alor Gajah,myBas,,,
Mydin Pulau Sebang Bus Stop,Mydin Pulau Sebang,Melaka Sentral - Tampin via Alor Gajah,myBas,,,
Opp Desa Pulau Sebang Bus Stop,Opp Desa Pulau Sebang,Melaka Sentral - Tampin via Alor Gajah,myBas,,,
Opp Sk Sungai Petai Bus Stop,Opp Sk Sungai Petai,Melaka Sentral - Tampin via Alor Gajah,myBas,,,
Opp Gajah Mati Sungai Petai Bus Stop,Opp Gajah Mati Sungai Petai,Melaka Sentral - Tampin via Alor Gajah,myBas,,,
Rumah Awam Sungai Petai Bus Stop,Rumah Awam Sungai Petai,Melaka Sentral - Tampin via Alor Gajah,myBas,,,
Opp Taman Sungai Petai Bahagia Bus Stop,Opp Taman Sungai Petai Bahagia,Melaka Sentral - Tampin via Alor Gajah,myBas,,,
Opp Taman Bukit Rumbia Bus Stop,Opp Taman Bukit Rumbia,Melaka Sentral - Tampin via Alor Gajah,myBas,,,
Opp Taman Rembia Jaya Bus Stop,Opp Taman Rembia Jaya,Melaka Sentral - Tampin via Alor Gajah,myBas,,,
Opp Taman Rembia Cemerlang Bus Stop,Opp Taman Rembia Cemerlang,Melaka Sentral - Tampin via Alor Gajah,myBas,,,
Taman Rembia Perkasa Bus Stop,Taman Rembia Perkasa,Melaka Sentral - Tampin via Alor Gajah,myBas,,,
Opp SK Rumbia Bus Stop,Opp SK Rumbia,Melaka Sentral - Tampin via Alor Gajah,myBas,,,
Opp Taman Permai Bus Stop,Opp Taman Permai,Melaka Sentral - Tampin via Alor Gajah,myBas,,,
Opp Paya Rumput Bus Stop,Opp Paya Rumput,Melaka Sentral - Tampin via Alor Gajah,myBas,,,
Taman Paya Rumput Indah Bus Stop,Taman Paya Rumput Indah,Melaka Sentral - Tampin via Alor Gajah,myBas,,,
Rumah Awam Paya Rumput Bus Stop,Rumah Awam Paya Rumput,Melaka Sentral - Tampin via Alor Gajah,myBas,,,
Taman Seri Paya Rumput Bus Stop,Taman Seri Paya Rumput,Melaka Sentral - Tampin via Alor Gajah,myBas,,,
Opp Rumah Panjang Paya Rumput Bus Stop,Opp Rumah Panjang Paya Rumput,Melaka Sentral - Tampin via Alor Gajah,myBas,,,
Taman Paya Rumput Bistari Bus Stop,Taman Paya Rumput Bistari,Melaka Sentral - Tampin via Alor Gajah,myBas,,,
Opp Balai Raya Kampung Cheng Bus Stop,Opp Balai Raya Kampung Cheng,Melaka Sentral - Tampin via Alor Gajah,myBas,,,
Opp Rumah Seri Kenangan Taman Cheng Bus Stop,Opp Rumah Seri Kenangan Taman Cheng,Melaka Sentral - Tampin via Alor Gajah,myBas,,,
Taman Cheng Perdana Bus Stop,Taman Cheng Perdana,Melaka Sentral - Tampin via Alor Gajah,myBas,,,
Opp Gerai MBMB Taman Cheng Baru Bus Stop,Opp Gerai MBMB Taman Cheng Baru,Melaka Sentral - Tampin via Alor Gajah,myBas,,,
Opp Taman Cheng Permai Bus Stop,Opp Taman Cheng Permai,Melaka Sentral - Tampin via Alor Gajah,myBas,,,
Opp Kampung Cheng Bus Stop,Opp Kampung Cheng,Melaka Sentral - Tampin via Alor Gajah,myBas,,,
Taman Cheng Utama Bus Stop,Taman Cheng Utama,Melaka Sentral - Tampin via Alor Gajah,myBas,,,
SMK Malim Bus Stop,SMK Malim,Melaka Sentral - Tampin via Alor Gajah,myBas,,,
SK Malim Bus Stop,SK Malim,Melaka Sentral - Tampin via Alor Gajah,myBas,,,
Opp Taman Bertam Malim Bus Stop,Opp Taman Bertam Malim,Melaka Sentral - Tampin via Alor Gajah,myBas,,,
Opp Rumah Awam Bertam Malim Bus Stop,Opp Rumah Awam Bertam Malim,Melaka Sentral - Tampin via Alor Gajah,myBas,,,
SJK (C) Malim Melaka Bus Stop,SJK (C) Malim Melaka,Melaka Sentral - Tampin via Alor Gajah,myBas,,,
Opp Taman Balai Panjang Bus Stop,Opp Taman Balai Panjang,Melaka Sentral - Tampin via Alor Gajah,myBas,,,
Balai Panjang Bus Stop,Balai Panjang,Melaka Sentral - Tampin via Alor Gajah,myBas,,,
Taman Malim Indah Bus Stop,Taman Malim Indah,Melaka Sentral - Tampin via Alor Gajah,myBas,,,
Opp Smjk Tinggi Cina Melaka Bus Stop,Opp Smjk Tinggi Cina Melaka,Melaka Sentral - Tampin via Alor Gajah,myBas,,,
Aeon Bandaraya Melaka Bus Stop,Aeon Bandaraya Melaka,Melaka Sentral - Tampin via Alor Gajah,myBas,,,
Lotus Melaka Bus Stop,Lotus Melaka,Melaka Sentral - Tampin via Alor Gajah,myBas,,,
Terminal Alor Gajah Sentral Bus Stop,Terminal Alor Gajah Sentral,Terminal Alor Gajah Sentral - Melaka Sentral,myBas,,,
Kampung Kelemak Bus Stop,Kampung Kelemak,Terminal Alor Gajah Sentral - Melaka Sentral,myBas,,,
SMK Dato Dol Said Bus Stop,SMK Dato Dol Said,Terminal Alor Gajah Sentral - Melaka Sentral,myBas,,,
Balai Raya Jkkk Kelemak Jaya Bus Stop,Balai Raya Jkkk Kelemak Jaya,Terminal Alor Gajah Sentral - Melaka Sentral,myBas,,,
Taman Sri Kelemak Bus Stop,Taman Sri Kelemak,Terminal Alor Gajah Sentral - Melaka Sentral,myBas,,,
Taman Perindustrian Kelemak Bus Stop,Taman Perindustrian Kelemak,Terminal Alor Gajah Sentral - Melaka Sentral,myBas,,,
Opp Sk Sungai Petai Bus Stop,Opp Sk Sungai Petai,Terminal Alor Gajah Sentral - Melaka Sentral,myBas,,,
Opp Gajah Mati Sungai Petai Bus Stop,Opp Gajah Mati Sungai Petai,Terminal Alor Gajah Sentral - Melaka Sentral,myBas,,,
Rumah Awam Sungai Petai Bus Stop,Rumah Awam Sungai Petai,Terminal Alor Gajah Sentral - Melaka Sentral,myBas,,,
Opp Taman Sungai Petai Bahagia Bus Stop,Opp Taman Sungai Petai Bahagia,Terminal Alor Gajah Sentral - Melaka Sentral,myBas,,,
Opp Taman Bukit Rumbia Bus Stop,Opp Taman Bukit Rumbia,Terminal Alor Gajah Sentral - Melaka Sentral,myBas,,,
Opp Taman Rembia Jaya Bus Stop,Opp Taman Rembia Jaya,Terminal Alor Gajah Sentral - Melaka Sentral,myBas,,,
Opp Taman Rembia Cemerlang Bus Stop,Opp Taman Rembia Cemerlang,Terminal Alor Gajah Sentral - Melaka Sentral,myBas,,,
Taman Rembia Perkasa Bus Stop,Taman Rembia Perkasa,Terminal Alor Gajah Sentral - Melaka Sentral,myBas,,,
Opp SK Rumbia Bus Stop,Opp SK Rumbia,Terminal Alor Gajah Sentral - Melaka Sentral,myBas,,,
Opp Taman Permai Bus Stop,Opp Taman Permai,Terminal Alor Gajah Sentral - Melaka Sentral,myBas,,,
Opp Paya Rumput Bus Stop,Opp Paya Rumput,Terminal Alor Gajah Sentral - Melaka Sentral,myBas,,,
Taman Paya Rumput Indah Bus Stop,Taman Paya Rumput Indah,Terminal Alor Gajah Sentral - Melaka Sentral,myBas,,,
Rumah Awam Paya Rumput Bus Stop,Rumah Awam Paya Rumput,Terminal Alor Gajah Sentral - Melaka Sentral,myBas,,,
Taman Seri Paya Rumput Bus Stop,Taman Seri Paya Rumput,Terminal Alor Gajah Sentral - Melaka Sentral,myBas,,,
Opp Rumah Panjang Paya Rumput Bus Stop,Opp Rumah Panjang Paya Rumput,Terminal Alor Gajah Sentral - Melaka Sentral,myBas,,,
Taman Paya Rumput Bistari Bus Stop,Taman Paya Rumput Bistari,Terminal Alor Gajah Sentral - Melaka Sentral,myBas,,,
Opp Balai Raya Kampung Cheng Bus Stop,Opp Balai Raya Kampung Cheng,Terminal Alor Gajah Sentral - Melaka Sentral,myBas,,,
Opp Rumah Seri Kenangan Taman Cheng Bus Stop,Opp Rumah Seri Kenangan Taman Cheng,Terminal Alor Gajah Sentral - Melaka Sentral,myBas,,,
Taman Cheng Perdana Bus Stop,Taman Cheng Perdana,Terminal Alor Gajah Sentral - Melaka Sentral,myBas,,,
Opp Gerai MBMB Taman Cheng Baru Bus Stop,Opp Gerai MBMB Taman Cheng Baru,Terminal Alor Gajah Sentral - Melaka Sentral,myBas,,,
Opp Taman Cheng Permai Bus Stop,Opp Taman Cheng Permai,Terminal Alor Gajah Sentral - Melaka Sentral,myBas,,,
Opp Kampung Cheng Bus Stop,Opp Kampung Cheng,Terminal Alor Gajah Sentral - Melaka Sentral,myBas,,,
Taman Cheng Utama Bus Stop,Taman Cheng Utama,Terminal Alor Gajah Sentral - Melaka Sentral,myBas,,,
SMK Malim Bus Stop,SMK Malim,Terminal Alor Gajah Sentral - Melaka Sentral,myBas,,,
SK Malim Bus Stop,SK Malim,Terminal Alor Gajah Sentral - Melaka Sentral,myBas,,,
Opp Taman Bertam Malim Bus Stop,Opp Taman Bertam Malim,Terminal Alor Gajah Sentral - Melaka Sentral,myBas,,,
Opp Rumah Awam Bertam Malim Bus Stop,Opp Rumah Awam Bertam Malim,Terminal Alor Gajah Sentral - Melaka Sentral,myBas,,,
SJK (C) Malim Melaka Bus Stop,SJK (C) Malim Melaka,Terminal Alor Gajah Sentral - Melaka Sentral,myBas,,,
Opp Taman Balai Panjang Bus Stop,Opp Taman Balai Panjang,Terminal Alor Gajah Sentral - Melaka Sentral,myBas,,,
Balai Panjang Bus Stop,Balai Panjang,Terminal Alor Gajah Sentral - Melaka Sentral,myBas,,,
Taman Malim Indah Bus Stop,Taman Malim Indah,Terminal Alor Gajah Sentral - Melaka Sentral,myBas,,,
Opp Smjk Tinggi Cina Melaka Bus Stop,Opp Smjk Tinggi Cina Melaka,Terminal Alor Gajah Sentral - Melaka Sentral,myBas,,,
Kampung Lapang Bachang Bus Stop,Kampung Lapang Bachang,Terminal Alor Gajah Sentral - Melaka Sentral,myBas,,,
Aeon Bandaraya Melaka Bus Stop,Aeon Bandaraya Melaka,Terminal Alor Gajah Sentral - Melaka Sentral,myBas,,,
Lotus Melaka Bus Stop,Lotus Melaka,Terminal Alor Gajah Sentral - Melaka Sentral,myBas,,,
Melaka Sentral Bus Stop,Melaka Sentral,Terminal Alor Gajah Sentral - Melaka Sentral,myBas,,,
Melaka Sentral Bus Stop,Melaka Sentral,Melaka Sentral - Tampin via Alor Gajah Durian Tunggal,myBas,,,
Opp Hospital Melaka Bus Stop,Opp Hospital Melaka,Melaka Sentral - Tampin via Alor Gajah Durian Tunggal,myBas,,,
Opp Kampung Batu Hampar Bus Stop,Opp Kampung Batu Hampar,Melaka Sentral - Tampin via Alor Gajah Durian Tunggal,myBas,,,
International College Of Yayasan Melaka/ Bus Stop,International College Of Yayasan Melaka/,Melaka Sentral - Tampin via Alor Gajah Durian Tunggal,myBas,,,
Taman Sentosa Melaka Bus Stop,Taman Sentosa Melaka,Melaka Sentral - Tampin via Alor Gajah Durian Tunggal,myBas,,,
Aeon Ayer Keroh Bus Stop,Aeon Ayer Keroh,Melaka Sentral - Tampin via Alor Gajah Durian Tunggal,myBas,,,
Kompleks Mahkamah Melaka Bus Stop,Kompleks Mahkamah Melaka,Melaka Sentral - Tampin via Alor Gajah Durian Tunggal,myBas,,,
Pantai Hospital Meaka Bus Stop,Pantai Hospital Meaka,Melaka Sentral - Tampin via Alor Gajah Durian Tunggal,myBas,,,
Makmal Perubatan Pantai Bus Stop,Makmal Perubatan Pantai,Melaka Sentral - Tampin via Alor Gajah Durian Tunggal,myBas,,,
SMS Muzaffar Shah Bus Stop,SMS Muzaffar Shah,Melaka Sentral - Tampin via Alor Gajah Durian Tunggal,myBas,,,
Mamee Ayer Keroh Bus Stop,Mamee Ayer Keroh,Melaka Sentral - Tampin via Alor Gajah Durian Tunggal,myBas,,,
Rumah Pangsa Murni Bus Stop,Rumah Pangsa Murni,Melaka Sentral - Tampin via Alor Gajah Durian Tunggal,myBas,,,
Ayer Keroh Heights Bus Stop,Ayer Keroh Heights,Melaka Sentral - Tampin via Alor Gajah Durian Tunggal,myBas,,,
Opp Ampang Steel Bus Stop,Opp Ampang Steel,Melaka Sentral - Tampin via Alor Gajah Durian Tunggal,myBas,,,
Dewan Kasturi Ayer Keroh Bus Stop,Dewan Kasturi Ayer Keroh,Melaka Sentral - Tampin via Alor Gajah Durian Tunggal,myBas,,,
Mydin Ayer Keroh Bus Stop,Mydin Ayer Keroh,Melaka Sentral - Tampin via Alor Gajah Durian Tunggal,myBas,,,
Opp Zoo Melaka Bus Stop,Opp Zoo Melaka,Melaka Sentral - Tampin via Alor Gajah Durian Tunggal,myBas,,,
Galeri Lebah Melaka Bus Stop,Galeri Lebah Melaka,Melaka Sentral - Tampin via Alor Gajah Durian Tunggal,myBas,,,
Opp Mini Malaysia Bus Stop,Opp Mini Malaysia,Melaka Sentral - Tampin via Alor Gajah Durian Tunggal,myBas,,,
Pintu Gerbang Melaka Bus Stop,Pintu Gerbang Melaka,Melaka Sentral - Tampin via Alor Gajah Durian Tunggal,myBas,,,
Taman Cempaka Heights Bus Stop,Taman Cempaka Heights,Melaka Sentral - Tampin via Alor Gajah Durian Tunggal,myBas,,,
Serama Camps & Resort Bus Stop,Serama Camps & Resort,Melaka Sentral - Tampin via Alor Gajah Durian Tunggal,myBas,,,
Jalan Durian Tunggal Bus Stop,Jalan Durian Tunggal,Melaka Sentral - Tampin via Alor Gajah Durian Tunggal,myBas,,,
Taman Kenari Jaya Bus Stop,Taman Kenari Jaya,Melaka Sentral - Tampin via Alor Gajah Durian Tunggal,myBas,,,
Madrasah Nahdatul Hasanah Bus Stop,Madrasah Nahdatul Hasanah,Melaka Sentral - Tampin via Alor Gajah Durian Tunggal,myBas,,,
Poliklinik Durian Tunggal Bus Stop,Poliklinik Durian Tunggal,Melaka Sentral - Tampin via Alor Gajah Durian Tunggal,myBas,,,
Balai Polis Durian Tunggal Bus Stop,Balai Polis Durian Tunggal,Melaka Sentral - Tampin via Alor Gajah Durian Tunggal,myBas,,,
Medan Selera Durian Tunggal Bus Stop,Medan Selera Durian Tunggal,Melaka Sentral - Tampin via Alor Gajah Durian Tunggal,myBas,,,
Pekan Durian Tunggal Bus Stop,Pekan Durian Tunggal,Melaka Sentral - Tampin via Alor Gajah Durian Tunggal,myBas,,,
Taman Cempaka 2 Bus Stop,Taman Cempaka 2,Melaka Sentral - Tampin via Alor Gajah Durian Tunggal,myBas,,,
Taman Cempaka 3 Bus Stop,Taman Cempaka 3,Melaka Sentral - Tampin via Alor Gajah Durian Tunggal,myBas,,,
Kampung Pulau  Bus Stop,Kampung Pulau ,Melaka Sentral - Tampin via Alor Gajah Durian Tunggal,myBas,,,
Jalan Pulau Melaka Bus Stop,Jalan Pulau Melaka,Melaka Sentral - Tampin via Alor Gajah Durian Tunggal,myBas,,,
Kampung Tengah Durian Tunggal Bus Stop,Kampung Tengah Durian Tunggal,Melaka Sentral - Tampin via Alor Gajah Durian Tunggal,myBas,,,
Tadika Jaim Kampung Pulau Bus Stop,Tadika Jaim Kampung Pulau,Melaka Sentral - Tampin via Alor Gajah Durian Tunggal,myBas,,,
Kampung Harmoni Bus Stop,Kampung Harmoni,Melaka Sentral - Tampin via Alor Gajah Durian Tunggal,myBas,,,
Kampung Bunga Kertas Bus Stop,Kampung Bunga Kertas,Melaka Sentral - Tampin via Alor Gajah Durian Tunggal,myBas,,,
Simpang Jalan Bunga Ros Bus Stop,Simpang Jalan Bunga Ros,Melaka Sentral - Tampin via Alor Gajah Durian Tunggal,myBas,,,
Klinik Desa Belimbing Bus Stop,Klinik Desa Belimbing,Melaka Sentral - Tampin via Alor Gajah Durian Tunggal,myBas,,,
SK Belimbing Dalam Bus Stop,SK Belimbing Dalam,Melaka Sentral - Tampin via Alor Gajah Durian Tunggal,myBas,,,
Taman Belimbing Indah Bus Stop,Taman Belimbing Indah,Melaka Sentral - Tampin via Alor Gajah Durian Tunggal,myBas,,,
Jalan Bunga Anggerik Bus Stop,Jalan Bunga Anggerik,Melaka Sentral - Tampin via Alor Gajah Durian Tunggal,myBas,,,
Kampung Bunga Mawar Bus Stop,Kampung Bunga Mawar,Melaka Sentral - Tampin via Alor Gajah Durian Tunggal,myBas,,,
Jalan Bunga Kesuang Bus Stop,Jalan Bunga Kesuang,Melaka Sentral - Tampin via Alor Gajah Durian Tunggal,myBas,,,
Kampung Harmony Belimbing Dalam 1 Bus Stop,Kampung Harmony Belimbing Dalam 1,Melaka Sentral - Tampin via Alor Gajah Durian Tunggal,myBas,,,
Kampung Harmony Belimbing Dalam 2 Bus Stop,Kampung Harmony Belimbing Dalam 2,Melaka Sentral - Tampin via Alor Gajah Durian Tunggal,myBas,,,
Kampung Harmony Belimbing Dalam 3 Bus Stop,Kampung Harmony Belimbing Dalam 3,Melaka Sentral - Tampin via Alor Gajah Durian Tunggal,myBas,,,
Kampung Parit Melaka Bus Stop,Kampung Parit Melaka,Melaka Sentral - Tampin via Alor Gajah Durian Tunggal,myBas,,,
Kampung Beringin Bus Stop,Kampung Beringin,Melaka Sentral - Tampin via Alor Gajah Durian Tunggal,myBas,,,
Masjid Ar Rahman Bus Stop,Masjid Ar Rahman,Melaka Sentral - Tampin via Alor Gajah Durian Tunggal,myBas,,,
Pekan Pantai Belimbing Bus Stop,Pekan Pantai Belimbing,Melaka Sentral - Tampin via Alor Gajah Durian Tunggal,myBas,,,
Jalan Imam Abu Bus Stop,Jalan Imam Abu,Melaka Sentral - Tampin via Alor Gajah Durian Tunggal,myBas,,,
Taman Sri Tuah Bus Stop,Taman Sri Tuah,Melaka Sentral - Tampin via Alor Gajah Durian Tunggal,myBas,,,
Kampung Pachor Bus Stop,Kampung Pachor,Melaka Sentral - Tampin via Alor Gajah Durian Tunggal,myBas,,,
Simpang Jalan Makmur Bus Stop,Simpang Jalan Makmur,Melaka Sentral - Tampin via Alor Gajah Durian Tunggal,myBas,,,
Simpang Jalan Wajib Bus Stop,Simpang Jalan Wajib,Melaka Sentral - Tampin via Alor Gajah Durian Tunggal,myBas,,,
Klinik Desa Melaka Pindah Bus Stop,Klinik Desa Melaka Pindah,Melaka Sentral - Tampin via Alor Gajah Durian Tunggal,myBas,,,
SK Melaka Pindah Bus Stop,SK Melaka Pindah,Melaka Sentral - Tampin via Alor Gajah Durian Tunggal,myBas,,,
Opp Masjid Ubaidah Melaka Bus Stop,Opp Masjid Ubaidah Melaka,Melaka Sentral - Tampin via Alor Gajah Durian Tunggal,myBas,,,
Simpang Jalan Ujong Padang 2 Bus Stop,Simpang Jalan Ujong Padang 2,Melaka Sentral - Tampin via Alor Gajah Durian Tunggal,myBas,,,
Kampung Balai Bus Stop,Kampung Balai,Melaka Sentral - Tampin via Alor Gajah Durian Tunggal,myBas,,,
Taman Melaka Pindah Bus Stop,Taman Melaka Pindah,Melaka Sentral - Tampin via Alor Gajah Durian Tunggal,myBas,,,
Rumah Awam Seri Pengkalan Bus Stop,Rumah Awam Seri Pengkalan,Melaka Sentral - Tampin via Alor Gajah Durian Tunggal,myBas,,,
Kuil Sri Sithi Vinayagar Sri Bala Subram Bus Stop,Kuil Sri Sithi Vinayagar Sri Bala Subram,Melaka Sentral - Tampin via Alor Gajah Durian Tunggal,myBas,,,
Pejabat Perikanan Daerah Alor Gajah Bus Stop,Pejabat Perikanan Daerah Alor Gajah,Melaka Sentral - Tampin via Alor Gajah Durian Tunggal,myBas,,,
Pusat Perniagaan Jelatang Bus Stop,Pusat Perniagaan Jelatang,Melaka Sentral - Tampin via Alor Gajah Durian Tunggal,myBas,,,
Taman Seri Bayu Bus Stop,Taman Seri Bayu,Melaka Sentral - Tampin via Alor Gajah Durian Tunggal,myBas,,,
Terminal Alor Gajah Sentral Bus Stop,Terminal Alor Gajah Sentral,Melaka Sentral - Tampin via Alor Gajah Durian Tunggal,myBas,,,
Opp Taman Seri Bayu Bus Stop,Opp Taman Seri Bayu,Melaka Sentral - Tampin via Alor Gajah Durian Tunggal,myBas,,,
Klinik Desa Pegoh Bus Stop,Klinik Desa Pegoh,Melaka Sentral - Tampin via Alor Gajah Durian Tunggal,myBas,,,
Kampung Jelatang Bus Stop,Kampung Jelatang,Melaka Sentral - Tampin via Alor Gajah Durian Tunggal,myBas,,,
Kampung Buloh Cina Bus Stop,Kampung Buloh Cina,Melaka Sentral - Tampin via Alor Gajah Durian Tunggal,myBas,,,
Jalan Haji Mat Top Bus Stop,Jalan Haji Mat Top,Melaka Sentral - Tampin via Alor Gajah Durian Tunggal,myBas,,,
Balai Raya Kampung Gadek Bus Stop,Balai Raya Kampung Gadek,Melaka Sentral - Tampin via Alor Gajah Durian Tunggal,myBas,,,
Ayer Panas Gadek Bus Stop,Ayer Panas Gadek,Melaka Sentral - Tampin via Alor Gajah Durian Tunggal,myBas,,,
SK Ganun Bus Stop,SK Ganun,Melaka Sentral - Tampin via Alor Gajah Durian Tunggal,myBas,,,
Ladang Kemuning Bus Stop,Ladang Kemuning,Melaka Sentral - Tampin via Alor Gajah Durian Tunggal,myBas,,,
Kampung Bukit Nangka Bus Stop,Kampung Bukit Nangka,Melaka Sentral - Tampin via Alor Gajah Durian Tunggal,myBas,,,
Taman Bukit Nangka Bus Stop,Taman Bukit Nangka,Melaka Sentral - Tampin via Alor Gajah Durian Tunggal,myBas,,,
Taman Sebang Mutiara Bus Stop,Taman Sebang Mutiara,Melaka Sentral - Tampin via Alor Gajah Durian Tunggal,myBas,,,
Taman Sebang Gemilang Bus Stop,Taman Sebang Gemilang,Melaka Sentral - Tampin via Alor Gajah Durian Tunggal,myBas,,,
Masjid Al-Najihin Padang Sebang Bus Stop,Masjid Al-Najihin Padang Sebang,Melaka Sentral - Tampin via Alor Gajah Durian Tunggal,myBas,,,
Kampung Padang Sebang Bus Stop,Kampung Padang Sebang,Melaka Sentral - Tampin via Alor Gajah Durian Tunggal,myBas,,,
Sk Padang Sebang Bus Stop,Sk Padang Sebang,Melaka Sentral - Tampin via Alor Gajah Durian Tunggal,myBas,,,
Kampung Tanjong Rimau Luar Bus Stop,Kampung Tanjong Rimau Luar,Melaka Sentral - Tampin via Alor Gajah Durian Tunggal,myBas,,,
Masjid Al Qaniteen Bus Stop,Masjid Al Qaniteen,Melaka Sentral - Tampin via Alor Gajah Durian Tunggal,myBas,,,
SM Arab Al Asyraf Bus Stop,SM Arab Al Asyraf,Melaka Sentral - Tampin via Alor Gajah Durian Tunggal,myBas,,,
Kampung Tanjung Rimau Bus Stop,Kampung Tanjung Rimau,Melaka Sentral - Tampin via Alor Gajah Durian Tunggal,myBas,,,
Kampung Pulau Sebang Selatan 1 Bus Stop,Kampung Pulau Sebang Selatan 1,Melaka Sentral - Tampin via Alor Gajah Durian Tunggal,myBas,,,
Kampung Pulau Sebang Selatan 2 Bus Stop,Kampung Pulau Sebang Selatan 2,Melaka Sentral - Tampin via Alor Gajah Durian Tunggal,myBas,,,
Kampung Pulau Sebang Selatan 3 Bus Stop,Kampung Pulau Sebang Selatan 3,Melaka Sentral - Tampin via Alor Gajah Durian Tunggal,myBas,,,
Kampung Pulau Sebang Bus Stop,Kampung Pulau Sebang,Melaka Sentral - Tampin via Alor Gajah Durian Tunggal,myBas,,,
Kampung Pulau Sebang Utara Bus Stop,Kampung Pulau Sebang Utara,Melaka Sentral - Tampin via Alor Gajah Durian Tunggal,myBas,,,
Taman Mahsuri Bus Stop,Taman Mahsuri,Melaka Sentral - Tampin via Alor Gajah Durian Tunggal,myBas,,,
Desa Pulau Sebang Bus Stop,Desa Pulau Sebang,Melaka Sentral - Tampin via Alor Gajah Durian Tunggal,myBas,,,
Opp Mydin Pulau Sebang Bus Stop,Opp Mydin Pulau Sebang,Melaka Sentral - Tampin via Alor Gajah Durian Tunggal,myBas,,,
Stesen Keretapi Pulau Sebang Bus Stop,Stesen Keretapi Pulau Sebang,Melaka Sentral - Tampin via Alor Gajah Durian Tunggal,myBas,,,
Pekan Tampin Bus Stop,Pekan Tampin,Melaka Sentral - Tampin via Alor Gajah Durian Tunggal,myBas,,,
Terminal Bas Tampin Bus Stop,Terminal Bas Tampin,Melaka Sentral - Tampin via Alor Gajah Durian Tunggal,myBas,,,
Mydin Pulau Sebang Bus Stop,Mydin Pulau Sebang,Melaka Sentral - Tampin via Alor Gajah Durian Tunggal,myBas,,,
Opp Desa Pulau Sebang Bus Stop,Opp Desa Pulau Sebang,Melaka Sentral - Tampin via Alor Gajah Durian Tunggal,myBas,,,
Opp Pejabat Perikanan Daerah Alor Gajah Bus Stop,Opp Pejabat Perikanan Daerah Alor Gajah,Melaka Sentral - Tampin via Alor Gajah Durian Tunggal,myBas,,,
Masjid Ubaidah Melaka Bus Stop,Masjid Ubaidah Melaka,Melaka Sentral - Tampin via Alor Gajah Durian Tunggal,myBas,,,
Opp Pintu Gerbang Melaka Bus Stop,Opp Pintu Gerbang Melaka,Melaka Sentral - Tampin via Alor Gajah Durian Tunggal,myBas,,,
Mini Malaysia Bus Stop,Mini Malaysia,Melaka Sentral - Tampin via Alor Gajah Durian Tunggal,myBas,,,
Opp Galeri Lebah Melaka Bus Stop,Opp Galeri Lebah Melaka,Melaka Sentral - Tampin via Alor Gajah Durian Tunggal,myBas,,,
Zoo Melaka Bus Stop,Zoo Melaka,Melaka Sentral - Tampin via Alor Gajah Durian Tunggal,myBas,,,
Opp Mydin Ayer Keroh Bus Stop,Opp Mydin Ayer Keroh,Melaka Sentral - Tampin via Alor Gajah Durian Tunggal,myBas,,,
Opp Dewan Kasturi Ayer Keroh Bus Stop,Opp Dewan Kasturi Ayer Keroh,Melaka Sentral - Tampin via Alor Gajah Durian Tunggal,myBas,,,
Ampang Steel Bus Stop,Ampang Steel,Melaka Sentral - Tampin via Alor Gajah Durian Tunggal,myBas,,,
Opp Ayer Keroh Heights Bus Stop,Opp Ayer Keroh Heights,Melaka Sentral - Tampin via Alor Gajah Durian Tunggal,myBas,,,
Opp Rumah Pangsa Murni Bus Stop,Opp Rumah Pangsa Murni,Melaka Sentral - Tampin via Alor Gajah Durian Tunggal,myBas,,,
Opp Mamee Ayer Keroh Bus Stop,Opp Mamee Ayer Keroh,Melaka Sentral - Tampin via Alor Gajah Durian Tunggal,myBas,,,
Opp SMS Muzaffar Shah Bus Stop,Opp SMS Muzaffar Shah,Melaka Sentral - Tampin via Alor Gajah Durian Tunggal,myBas,,,
Opp Makmal Perubatan Pantai Bus Stop,Opp Makmal Perubatan Pantai,Melaka Sentral - Tampin via Alor Gajah Durian Tunggal,myBas,,,
Opp Pantai Hospital Melaka Bus Stop,Opp Pantai Hospital Melaka,Melaka Sentral - Tampin via Alor Gajah Durian Tunggal,myBas,,,
Opp Kompleks Mahkamah Melaka Bus Stop,Opp Kompleks Mahkamah Melaka,Melaka Sentral - Tampin via Alor Gajah Durian Tunggal,myBas,,,
Opp Aeon Ayer Keroh Bus Stop,Opp Aeon Ayer Keroh,Melaka Sentral - Tampin via Alor Gajah Durian Tunggal,myBas,,,
Opp Taman Sentosa Melaka Bus Stop,Opp Taman Sentosa Melaka,Melaka Sentral - Tampin via Alor Gajah Durian Tunggal,myBas,,,
Opp International College Of Yayasan Mel Bus Stop,Opp International College Of Yayasan Mel,Melaka Sentral - Tampin via Alor Gajah Durian Tunggal,myBas,,,
Kampung Batu Hampar Bus Stop,Kampung Batu Hampar,Melaka Sentral - Tampin via Alor Gajah Durian Tunggal,myBas,,,
Hospital Melaka Bus Stop,Hospital Melaka,Melaka Sentral - Tampin via Alor Gajah Durian Tunggal,myBas,,,
Terminal Alor Gajah Sentral Bus Stop,Terminal Alor Gajah Sentral,Terminal Alor Gajah Sentral - Melaka Sentral - Durian Tunggal,myBas,,,
Opp Taman Seri Bayu Bus Stop,Opp Taman Seri Bayu,Terminal Alor Gajah Sentral - Melaka Sentral - Durian Tunggal,myBas,,,
Pusat Perniagaan Jelatang Bus Stop,Pusat Perniagaan Jelatang,Terminal Alor Gajah Sentral - Melaka Sentral - Durian Tunggal,myBas,,,
Opp Pejabat Perikanan Daerah Alor Gajah Bus Stop,Opp Pejabat Perikanan Daerah Alor Gajah,Terminal Alor Gajah Sentral - Melaka Sentral - Durian Tunggal,myBas,,,
Kuil Sri Sithi Vinayagar Sri Bala Subram Bus Stop,Kuil Sri Sithi Vinayagar Sri Bala Subram,Terminal Alor Gajah Sentral - Melaka Sentral - Durian Tunggal,myBas,,,
Rumah Awam Seri Pengkalan Bus Stop,Rumah Awam Seri Pengkalan,Terminal Alor Gajah Sentral - Melaka Sentral - Durian Tunggal,myBas,,,
Taman Melaka Pindah Bus Stop,Taman Melaka Pindah,Terminal Alor Gajah Sentral - Melaka Sentral - Durian Tunggal,myBas,,,
Kampung Balai Bus Stop,Kampung Balai,Terminal Alor Gajah Sentral - Melaka Sentral - Durian Tunggal,myBas,,,
Simpang Jalan Ujong Padang 2 Bus Stop,Simpang Jalan Ujong Padang 2,Terminal Alor Gajah Sentral - Melaka Sentral - Durian Tunggal,myBas,,,
Masjid Ubaidah Melaka Bus Stop,Masjid Ubaidah Melaka,Terminal Alor Gajah Sentral - Melaka Sentral - Durian Tunggal,myBas,,,
SK Melaka Pindah Bus Stop,SK Melaka Pindah,Terminal Alor Gajah Sentral - Melaka Sentral - Durian Tunggal,myBas,,,
Klinik Desa Melaka Pindah Bus Stop,Klinik Desa Melaka Pindah,Terminal Alor Gajah Sentral - Melaka Sentral - Durian Tunggal,myBas,,,
Simpang Jalan Wajib Bus Stop,Simpang Jalan Wajib,Terminal Alor Gajah Sentral - Melaka Sentral - Durian Tunggal,myBas,,,
Simpang Jalan Makmur Bus Stop,Simpang Jalan Makmur,Terminal Alor Gajah Sentral - Melaka Sentral - Durian Tunggal,myBas,,,
Kampung Pachor Bus Stop,Kampung Pachor,Terminal Alor Gajah Sentral - Melaka Sentral - Durian Tunggal,myBas,,,
Taman Sri Tuah Bus Stop,Taman Sri Tuah,Terminal Alor Gajah Sentral - Melaka Sentral - Durian Tunggal,myBas,,,
Jalan Imam Abu Bus Stop,Jalan Imam Abu,Terminal Alor Gajah Sentral - Melaka Sentral - Durian Tunggal,myBas,,,
Pekan Pantai Belimbing Bus Stop,Pekan Pantai Belimbing,Terminal Alor Gajah Sentral - Melaka Sentral - Durian Tunggal,myBas,,,
Masjid Ar Rahman Bus Stop,Masjid Ar Rahman,Terminal Alor Gajah Sentral - Melaka Sentral - Durian Tunggal,myBas,,,
Kampung Beringin Bus Stop,Kampung Beringin,Terminal Alor Gajah Sentral - Melaka Sentral - Durian Tunggal,myBas,,,
Kampung Parit Melaka Bus Stop,Kampung Parit Melaka,Terminal Alor Gajah Sentral - Melaka Sentral - Durian Tunggal,myBas,,,
Kampung Harmony Belimbing Dalam 3 Bus Stop,Kampung Harmony Belimbing Dalam 3,Terminal Alor Gajah Sentral - Melaka Sentral - Durian Tunggal,myBas,,,
Kampung Harmony Belimbing Dalam 2 Bus Stop,Kampung Harmony Belimbing Dalam 2,Terminal Alor Gajah Sentral - Melaka Sentral - Durian Tunggal,myBas,,,
Kampung Harmony Belimbing Dalam 1 Bus Stop,Kampung Harmony Belimbing Dalam 1,Terminal Alor Gajah Sentral - Melaka Sentral - Durian Tunggal,myBas,,,
Jalan Bunga Kesuang Bus Stop,Jalan Bunga Kesuang,Terminal Alor Gajah Sentral - Melaka Sentral - Durian Tunggal,myBas,,,
Kampung Bunga Mawar Bus Stop,Kampung Bunga Mawar,Terminal Alor Gajah Sentral - Melaka Sentral - Durian Tunggal,myBas,,,
Jalan Bunga Anggerik Bus Stop,Jalan Bunga Anggerik,Terminal Alor Gajah Sentral - Melaka Sentral - Durian Tunggal,myBas,,,
Taman Belimbing Indah Bus Stop,Taman Belimbing Indah,Terminal Alor Gajah Sentral - Melaka Sentral - Durian Tunggal,myBas,,,
SK Belimbing Dalam Bus Stop,SK Belimbing Dalam,Terminal Alor Gajah Sentral - Melaka Sentral - Durian Tunggal,myBas,,,
Klinik Desa Belimbing Bus Stop,Klinik Desa Belimbing,Terminal Alor Gajah Sentral - Melaka Sentral - Durian Tunggal,myBas,,,
Simpang Jalan Bunga Ros Bus Stop,Simpang Jalan Bunga Ros,Terminal Alor Gajah Sentral - Melaka Sentral - Durian Tunggal,myBas,,,
Kampung Bunga Kertas Bus Stop,Kampung Bunga Kertas,Terminal Alor Gajah Sentral - Melaka Sentral - Durian Tunggal,myBas,,,
Kampung Harmoni Bus Stop,Kampung Harmoni,Terminal Alor Gajah Sentral - Melaka Sentral - Durian Tunggal,myBas,,,
Tadika Jaim Kampung Pulau Bus Stop,Tadika Jaim Kampung Pulau,Terminal Alor Gajah Sentral - Melaka Sentral - Durian Tunggal,myBas,,,
Kampung Tengah Durian Tunggal Bus Stop,Kampung Tengah Durian Tunggal,Terminal Alor Gajah Sentral - Melaka Sentral - Durian Tunggal,myBas,,,
Jalan Pulau Melaka Bus Stop,Jalan Pulau Melaka,Terminal Alor Gajah Sentral - Melaka Sentral - Durian Tunggal,myBas,,,
Kampung Pulau  Bus Stop,Kampung Pulau ,Terminal Alor Gajah Sentral - Melaka Sentral - Durian Tunggal,myBas,,,
Taman Cempaka 3 Bus Stop,Taman Cempaka 3,Terminal Alor Gajah Sentral - Melaka Sentral - Durian Tunggal,myBas,,,
Taman Cempaka 2 Bus Stop,Taman Cempaka 2,Terminal Alor Gajah Sentral - Melaka Sentral - Durian Tunggal,myBas,,,
Pekan Durian Tunggal Bus Stop,Pekan Durian Tunggal,Terminal Alor Gajah Sentral - Melaka Sentral - Durian Tunggal,myBas,,,
Medan Selera Durian Tunggal Bus Stop,Medan Selera Durian Tunggal,Terminal Alor Gajah Sentral - Melaka Sentral - Durian Tunggal,myBas,,,
Balai Polis Durian Tunggal Bus Stop,Balai Polis Durian Tunggal,Terminal Alor Gajah Sentral - Melaka Sentral - Durian Tunggal,myBas,,,
Poliklinik Durian Tunggal Bus Stop,Poliklinik Durian Tunggal,Terminal Alor Gajah Sentral - Melaka Sentral - Durian Tunggal,myBas,,,
Madrasah Nahdatul Hasanah Bus Stop,Madrasah Nahdatul Hasanah,Terminal Alor Gajah Sentral - Melaka Sentral - Durian Tunggal,myBas,,,
Taman Kenari Jaya Bus Stop,Taman Kenari Jaya,Terminal Alor Gajah Sentral - Melaka Sentral - Durian Tunggal,myBas,,,
Jalan Durian Tunggal Bus Stop,Jalan Durian Tunggal,Terminal Alor Gajah Sentral - Melaka Sentral - Durian Tunggal,myBas,,,
Serama Camps & Resort Bus Stop,Serama Camps & Resort,Terminal Alor Gajah Sentral - Melaka Sentral - Durian Tunggal,myBas,,,
Taman Cempaka Heights Bus Stop,Taman Cempaka Heights,Terminal Alor Gajah Sentral - Melaka Sentral - Durian Tunggal,myBas,,,
Opp Pintu Gerbang Melaka Bus Stop,Opp Pintu Gerbang Melaka,Terminal Alor Gajah Sentral - Melaka Sentral - Durian Tunggal,myBas,,,
Mini Malaysia Bus Stop,Mini Malaysia,Terminal Alor Gajah Sentral - Melaka Sentral - Durian Tunggal,myBas,,,
Opp Galeri Lebah Melaka Bus Stop,Opp Galeri Lebah Melaka,Terminal Alor Gajah Sentral - Melaka Sentral - Durian Tunggal,myBas,,,
Zoo Melaka Bus Stop,Zoo Melaka,Terminal Alor Gajah Sentral - Melaka Sentral - Durian Tunggal,myBas,,,
Opp Mydin Ayer Keroh Bus Stop,Opp Mydin Ayer Keroh,Terminal Alor Gajah Sentral - Melaka Sentral - Durian Tunggal,myBas,,,
Opp Dewan Kasturi Ayer Keroh Bus Stop,Opp Dewan Kasturi Ayer Keroh,Terminal Alor Gajah Sentral - Melaka Sentral - Durian Tunggal,myBas,,,
Ampang Steel Bus Stop,Ampang Steel,Terminal Alor Gajah Sentral - Melaka Sentral - Durian Tunggal,myBas,,,
Opp Ayer Keroh Heights Bus Stop,Opp Ayer Keroh Heights,Terminal Alor Gajah Sentral - Melaka Sentral - Durian Tunggal,myBas,,,
Opp Rumah Pangsa Murni Bus Stop,Opp Rumah Pangsa Murni,Terminal Alor Gajah Sentral - Melaka Sentral - Durian Tunggal,myBas,,,
Opp Mamee Ayer Keroh Bus Stop,Opp Mamee Ayer Keroh,Terminal Alor Gajah Sentral - Melaka Sentral - Durian Tunggal,myBas,,,
Opp SMS Muzaffar Shah Bus Stop,Opp SMS Muzaffar Shah,Terminal Alor Gajah Sentral - Melaka Sentral - Durian Tunggal,myBas,,,
Opp Makmal Perubatan Pantai Bus Stop,Opp Makmal Perubatan Pantai,Terminal Alor Gajah Sentral - Melaka Sentral - Durian Tunggal,myBas,,,
Opp Pantai Hospital Melaka Bus Stop,Opp Pantai Hospital Melaka,Terminal Alor Gajah Sentral - Melaka Sentral - Durian Tunggal,myBas,,,
Opp Kompleks Mahkamah Melaka Bus Stop,Opp Kompleks Mahkamah Melaka,Terminal Alor Gajah Sentral - Melaka Sentral - Durian Tunggal,myBas,,,
Opp Aeon Ayer Keroh Bus Stop,Opp Aeon Ayer Keroh,Terminal Alor Gajah Sentral - Melaka Sentral - Durian Tunggal,myBas,,,
Opp Taman Sentosa Melaka Bus Stop,Opp Taman Sentosa Melaka,Terminal Alor Gajah Sentral - Melaka Sentral - Durian Tunggal,myBas,,,
Opp International College Of Yayasan Mel Bus Stop,Opp International College Of Yayasan Mel,Terminal Alor Gajah Sentral - Melaka Sentral - Durian Tunggal,myBas,,,
Kampung Batu Hampar Bus Stop,Kampung Batu Hampar,Terminal Alor Gajah Sentral - Melaka Sentral - Durian Tunggal,myBas,,,
Hospital Melaka Bus Stop,Hospital Melaka,Terminal Alor Gajah Sentral - Melaka Sentral - Durian Tunggal,myBas,,,
Melaka Sentral Bus Stop,Melaka Sentral,Terminal Alor Gajah Sentral - Melaka Sentral - Durian Tunggal,myBas,,,
Melaka Sentral Bus Stop,Melaka Sentral,Melaka Sentral - Bandar Vendor / UniKL,myBas,,,
Opp Lotus Melaka Bus Stop,Opp Lotus Melaka,Melaka Sentral - Bandar Vendor / UniKL,myBas,,,
Opp Aeon Bandaraya Melaka Bus Stop,Opp Aeon Bandaraya Melaka,Melaka Sentral - Bandar Vendor / UniKL,myBas,,,
Medan Selera Tun Ali Bus Stop,Medan Selera Tun Ali,Melaka Sentral - Bandar Vendor / UniKL,myBas,,,
Plaza Hang Tuah 2 Bus Stop,Plaza Hang Tuah 2,Melaka Sentral - Bandar Vendor / UniKL,myBas,,,
Wisma Air Bus Stop,Wisma Air,Melaka Sentral - Bandar Vendor / UniKL,myBas,,,
Kampung Lapang Bachang Bus Stop,Kampung Lapang Bachang,Melaka Sentral - Bandar Vendor / UniKL,myBas,,,
Smjk Tinggi Cina Melaka Bus Stop,Smjk Tinggi Cina Melaka,Melaka Sentral - Bandar Vendor / UniKL,myBas,,,
Opp Taman Malim Indah Bus Stop,Opp Taman Malim Indah,Melaka Sentral - Bandar Vendor / UniKL,myBas,,,
Opp Balai Panjang Bus Stop,Opp Balai Panjang,Melaka Sentral - Bandar Vendor / UniKL,myBas,,,
Taman Balai Panjang Bus Stop,Taman Balai Panjang,Melaka Sentral - Bandar Vendor / UniKL,myBas,,,
Opp SJK (C) Malim Melaka Bus Stop,Opp SJK (C) Malim Melaka,Melaka Sentral - Bandar Vendor / UniKL,myBas,,,
Rumah Awam Bertam Malim Bus Stop,Rumah Awam Bertam Malim,Melaka Sentral - Bandar Vendor / UniKL,myBas,,,
Taman Bertam Malim Bus Stop,Taman Bertam Malim,Melaka Sentral - Bandar Vendor / UniKL,myBas,,,
Opp SK Malim Bus Stop,Opp SK Malim,Melaka Sentral - Bandar Vendor / UniKL,myBas,,,
Opp SMK Malim Bus Stop,Opp SMK Malim,Melaka Sentral - Bandar Vendor / UniKL,myBas,,,
Opp Taman Cheng Utama Bus Stop,Opp Taman Cheng Utama,Melaka Sentral - Bandar Vendor / UniKL,myBas,,,
Kampung Cheng Bus Stop,Kampung Cheng,Melaka Sentral - Bandar Vendor / UniKL,myBas,,,
Taman Cheng Permai Bus Stop,Taman Cheng Permai,Melaka Sentral - Bandar Vendor / UniKL,myBas,,,
Gerai MBMB Taman Cheng Baru Bus Stop,Gerai MBMB Taman Cheng Baru,Melaka Sentral - Bandar Vendor / UniKL,myBas,,,
Opp Taman Cheng Perdana Bus Stop,Opp Taman Cheng Perdana,Melaka Sentral - Bandar Vendor / UniKL,myBas,,,
Rumah Seri Kenangan Taman Cheng Bus Stop,Rumah Seri Kenangan Taman Cheng,Melaka Sentral - Bandar Vendor / UniKL,myBas,,,
Balai Raya Kampung Cheng Bus Stop,Balai Raya Kampung Cheng,Melaka Sentral - Bandar Vendor / UniKL,myBas,,,
Opp Taman Paya Rumput Bistari Bus Stop,Opp Taman Paya Rumput Bistari,Melaka Sentral - Bandar Vendor / UniKL,myBas,,,
Rumah Panjang Paya Rumput Bus Stop,Rumah Panjang Paya Rumput,Melaka Sentral - Bandar Vendor / UniKL,myBas,,,
Opp Taman Seri Paya Rumput Bus Stop,Opp Taman Seri Paya Rumput,Melaka Sentral - Bandar Vendor / UniKL,myBas,,,
Opp Rumah Awam Paya Rumput Bus Stop,Opp Rumah Awam Paya Rumput,Melaka Sentral - Bandar Vendor / UniKL,myBas,,,
Opp Taman Paya Rumput Indah Bus Stop,Opp Taman Paya Rumput Indah,Melaka Sentral - Bandar Vendor / UniKL,myBas,,,
Paya Rumput Bus Stop,Paya Rumput,Melaka Sentral - Bandar Vendor / UniKL,myBas,,,
Taman Permai Bus Stop,Taman Permai,Melaka Sentral - Bandar Vendor / UniKL,myBas,,,
SK Rumbia Bus Stop,SK Rumbia,Melaka Sentral - Bandar Vendor / UniKL,myBas,,,
Opp Taman Rembia Perkasa Bus Stop,Opp Taman Rembia Perkasa,Melaka Sentral - Bandar Vendor / UniKL,myBas,,,
Taman Rembia Cemerlang Bus Stop,Taman Rembia Cemerlang,Melaka Sentral - Bandar Vendor / UniKL,myBas,,,
Taman Rembia Jaya Bus Stop,Taman Rembia Jaya,Melaka Sentral - Bandar Vendor / UniKL,myBas,,,
Taman Bukit Rumbia Bus Stop,Taman Bukit Rumbia,Melaka Sentral - Bandar Vendor / UniKL,myBas,,,
Taman Sungai Petai Bahagia Bus Stop,Taman Sungai Petai Bahagia,Melaka Sentral - Bandar Vendor / UniKL,myBas,,,
Opp Rumah Awam Sungai Petai Bus Stop,Opp Rumah Awam Sungai Petai,Melaka Sentral - Bandar Vendor / UniKL,myBas,,,
Gajah Mati Sungai Petai Bus Stop,Gajah Mati Sungai Petai,Melaka Sentral - Bandar Vendor / UniKL,myBas,,,
Sk Sungai Petai Bus Stop,Sk Sungai Petai,Melaka Sentral - Bandar Vendor / UniKL,myBas,,,
Taman Perindustrian Kelemak Bus Stop,Taman Perindustrian Kelemak,Melaka Sentral - Bandar Vendor / UniKL,myBas,,,
Taman Sri Kelemak Bus Stop,Taman Sri Kelemak,Melaka Sentral - Bandar Vendor / UniKL,myBas,,,
Balai Raya Jkkk Kelemak Jaya Bus Stop,Balai Raya Jkkk Kelemak Jaya,Melaka Sentral - Bandar Vendor / UniKL,myBas,,,
SMK Dato Dol Said Bus Stop,SMK Dato Dol Said,Melaka Sentral - Bandar Vendor / UniKL,myBas,,,
Kampung Kelemak Bus Stop,Kampung Kelemak,Melaka Sentral - Bandar Vendor / UniKL,myBas,,,
Terminal Alor Gajah Sentral Bus Stop,Terminal Alor Gajah Sentral,Melaka Sentral - Bandar Vendor / UniKL,myBas,,,
Taman Ind. Kecik & Sederhana Paya Datok Bus Stop,Taman Ind. Kecik & Sederhana Paya Datok,Melaka Sentral - Bandar Vendor / UniKL,myBas,,,
Hospital Alor Gajah Bus Stop,Hospital Alor Gajah,Melaka Sentral - Bandar Vendor / UniKL,myBas,,,
Hospital Alor Gajah Luar Bus Stop,Hospital Alor Gajah Luar,Melaka Sentral - Bandar Vendor / UniKL,myBas,,,
Kampung Paya Datok Bus Stop,Kampung Paya Datok,Melaka Sentral - Bandar Vendor / UniKL,myBas,,,
Masjid Al-Jauhari Bus Stop,Masjid Al-Jauhari,Melaka Sentral - Bandar Vendor / UniKL,myBas,,,
Balai Raya JPKK Kampung Paya Datok Bus Stop,Balai Raya JPKK Kampung Paya Datok,Melaka Sentral - Bandar Vendor / UniKL,myBas,,,
Opp Surau Kampung Solok Sinda Paya Datok Bus Stop,Opp Surau Kampung Solok Sinda Paya Datok,Melaka Sentral - Bandar Vendor / UniKL,myBas,,,
Taman Sri Melekek Bus Stop,Taman Sri Melekek,Melaka Sentral - Bandar Vendor / UniKL,myBas,,,
Opp SMK Naning Bus Stop,Opp SMK Naning,Melaka Sentral - Bandar Vendor / UniKL,myBas,,,
Klinik Desa Melekek Bus Stop,Klinik Desa Melekek,Melaka Sentral - Bandar Vendor / UniKL,myBas,,,
Opp Muzium Warisan Naning Melaka Bus Stop,Opp Muzium Warisan Naning Melaka,Melaka Sentral - Bandar Vendor / UniKL,myBas,,,
Kedai Makan Che Som 3 Beradik Bus Stop,Kedai Makan Che Som 3 Beradik,Melaka Sentral - Bandar Vendor / UniKL,myBas,,,
Sultan Salai Bus Stop,Sultan Salai,Melaka Sentral - Bandar Vendor / UniKL,myBas,,,
Tanah Perkuburan Islam Taboh Naning Bus Stop,Tanah Perkuburan Islam Taboh Naning,Melaka Sentral - Bandar Vendor / UniKL,myBas,,,
Warong Asam Pedas P. Ramli Bus Stop,Warong Asam Pedas P. Ramli,Melaka Sentral - Bandar Vendor / UniKL,myBas,,,
Rumah Asam Pedas Melaka Bus Stop,Rumah Asam Pedas Melaka,Melaka Sentral - Bandar Vendor / UniKL,myBas,,,
Dusun Acik Apau Bus Stop,Dusun Acik Apau,Melaka Sentral - Bandar Vendor / UniKL,myBas,,,
UniKL Melaka Bus Stop,UniKL Melaka,Melaka Sentral - Bandar Vendor / UniKL,myBas,,,
ADTEC Melaka Bus Stop,ADTEC Melaka,Melaka Sentral - Bandar Vendor / UniKL,myBas,,,
Muzium Warisan Naning Melaka Bus Stop,Muzium Warisan Naning Melaka,Melaka Sentral - Bandar Vendor / UniKL,myBas,,,
Opp Klinik Desa Melekek Bus Stop,Opp Klinik Desa Melekek,Melaka Sentral - Bandar Vendor / UniKL,myBas,,,
SMK Naning Bus Stop,SMK Naning,Melaka Sentral - Bandar Vendor / UniKL,myBas,,,
Opp Taman Sri Melekek Bus Stop,Opp Taman Sri Melekek,Melaka Sentral - Bandar Vendor / UniKL,myBas,,,
Surau Kampung Solok Sinda Paya Datok Bus Stop,Surau Kampung Solok Sinda Paya Datok,Melaka Sentral - Bandar Vendor / UniKL,myBas,,,
Opp Balai Raya JPKK Kampung Paya Datok Bus Stop,Opp Balai Raya JPKK Kampung Paya Datok,Melaka Sentral - Bandar Vendor / UniKL,myBas,,,
Opp Masjid Al-Jauhari Bus Stop,Opp Masjid Al-Jauhari,Melaka Sentral - Bandar Vendor / UniKL,myBas,,,
Opp Hospital Alor Gajah Luar Bus Stop,Opp Hospital Alor Gajah Luar,Melaka Sentral - Bandar Vendor / UniKL,myBas,,,
Opp Sk Sungai Petai Bus Stop,Opp Sk Sungai Petai,Melaka Sentral - Bandar Vendor / UniKL,myBas,,,
Opp Gajah Mati Sungai Petai Bus Stop,Opp Gajah Mati Sungai Petai,Melaka Sentral - Bandar Vendor / UniKL,myBas,,,
Rumah Awam Sungai Petai Bus Stop,Rumah Awam Sungai Petai,Melaka Sentral - Bandar Vendor / UniKL,myBas,,,
Opp Taman Sungai Petai Bahagia Bus Stop,Opp Taman Sungai Petai Bahagia,Melaka Sentral - Bandar Vendor / UniKL,myBas,,,
Opp Taman Bukit Rumbia Bus Stop,Opp Taman Bukit Rumbia,Melaka Sentral - Bandar Vendor / UniKL,myBas,,,
Opp Taman Rembia Jaya Bus Stop,Opp Taman Rembia Jaya,Melaka Sentral - Bandar Vendor / UniKL,myBas,,,
Opp Taman Rembia Cemerlang Bus Stop,Opp Taman Rembia Cemerlang,Melaka Sentral - Bandar Vendor / UniKL,myBas,,,
Taman Rembia Perkasa Bus Stop,Taman Rembia Perkasa,Melaka Sentral - Bandar Vendor / UniKL,myBas,,,
Opp SK Rumbia Bus Stop,Opp SK Rumbia,Melaka Sentral - Bandar Vendor / UniKL,myBas,,,
Opp Taman Permai Bus Stop,Opp Taman Permai,Melaka Sentral - Bandar Vendor / UniKL,myBas,,,
Opp Paya Rumput Bus Stop,Opp Paya Rumput,Melaka Sentral - Bandar Vendor / UniKL,myBas,,,
Taman Paya Rumput Indah Bus Stop,Taman Paya Rumput Indah,Melaka Sentral - Bandar Vendor / UniKL,myBas,,,
Rumah Awam Paya Rumput Bus Stop,Rumah Awam Paya Rumput,Melaka Sentral - Bandar Vendor / UniKL,myBas,,,
Taman Seri Paya Rumput Bus Stop,Taman Seri Paya Rumput,Melaka Sentral - Bandar Vendor / UniKL,myBas,,,
Opp Rumah Panjang Paya Rumput Bus Stop,Opp Rumah Panjang Paya Rumput,Melaka Sentral - Bandar Vendor / UniKL,myBas,,,
Taman Paya Rumput Bistari Bus Stop,Taman Paya Rumput Bistari,Melaka Sentral - Bandar Vendor / UniKL,myBas,,,
Opp Balai Raya Kampung Cheng Bus Stop,Opp Balai Raya Kampung Cheng,Melaka Sentral - Bandar Vendor / UniKL,myBas,,,
Opp Rumah Seri Kenangan Taman Cheng Bus Stop,Opp Rumah Seri Kenangan Taman Cheng,Melaka Sentral - Bandar Vendor / UniKL,myBas,,,
Taman Cheng Perdana Bus Stop,Taman Cheng Perdana,Melaka Sentral - Bandar Vendor / UniKL,myBas,,,
Opp Gerai MBMB Taman Cheng Baru Bus Stop,Opp Gerai MBMB Taman Cheng Baru,Melaka Sentral - Bandar Vendor / UniKL,myBas,,,
Opp Taman Cheng Permai Bus Stop,Opp Taman Cheng Permai,Melaka Sentral - Bandar Vendor / UniKL,myBas,,,
Opp Kampung Cheng Bus Stop,Opp Kampung Cheng,Melaka Sentral - Bandar Vendor / UniKL,myBas,,,
Taman Cheng Utama Bus Stop,Taman Cheng Utama,Melaka Sentral - Bandar Vendor / UniKL,myBas,,,
SMK Malim Bus Stop,SMK Malim,Melaka Sentral - Bandar Vendor / UniKL,myBas,,,
SK Malim Bus Stop,SK Malim,Melaka Sentral - Bandar Vendor / UniKL,myBas,,,
Opp Taman Bertam Malim Bus Stop,Opp Taman Bertam Malim,Melaka Sentral - Bandar Vendor / UniKL,myBas,,,
Opp Rumah Awam Bertam Malim Bus Stop,Opp Rumah Awam Bertam Malim,Melaka Sentral - Bandar Vendor / UniKL,myBas,,,
SJK (C) Malim Melaka Bus Stop,SJK (C) Malim Melaka,Melaka Sentral - Bandar Vendor / UniKL,myBas,,,
Opp Taman Balai Panjang Bus Stop,Opp Taman Balai Panjang,Melaka Sentral - Bandar Vendor / UniKL,myBas,,,
Balai Panjang Bus Stop,Balai Panjang,Melaka Sentral - Bandar Vendor / UniKL,myBas,,,
Taman Malim Indah Bus Stop,Taman Malim Indah,Melaka Sentral - Bandar Vendor / UniKL,myBas,,,
Opp Smjk Tinggi Cina Melaka Bus Stop,Opp Smjk Tinggi Cina Melaka,Melaka Sentral - Bandar Vendor / UniKL,myBas,,,
Aeon Bandaraya Melaka Bus Stop,Aeon Bandaraya Melaka,Melaka Sentral - Bandar Vendor / UniKL,myBas,,,
Lotus Melaka Bus Stop,Lotus Melaka,Melaka Sentral - Bandar Vendor / UniKL,myBas,,,
Melaka Sentral Bus Stop,Melaka Sentral,Melaka Sentral - Masjid Tanah / Pengkalan Balak,myBas,,,
Opp Lotus Melaka Bus Stop,Opp Lotus Melaka,Melaka Sentral - Masjid Tanah / Pengkalan Balak,myBas,,,
Opp Aeon Bandaraya Melaka Bus Stop,Opp Aeon Bandaraya Melaka,Melaka Sentral - Masjid Tanah / Pengkalan Balak,myBas,,,
Medan Selera Tun Ali Bus Stop,Medan Selera Tun Ali,Melaka Sentral - Masjid Tanah / Pengkalan Balak,myBas,,,
Plaza Hang Tuah 2 Bus Stop,Plaza Hang Tuah 2,Melaka Sentral - Masjid Tanah / Pengkalan Balak,myBas,,,
Wisma Air Bus Stop,Wisma Air,Melaka Sentral - Masjid Tanah / Pengkalan Balak,myBas,,,
SJK(T) Melaka (Kubu) Bus Stop,SJK(T) Melaka (Kubu),Melaka Sentral - Masjid Tanah / Pengkalan Balak,myBas,,,
Jalan Ong Kim Wee Bus Stop,Jalan Ong Kim Wee,Melaka Sentral - Masjid Tanah / Pengkalan Balak,myBas,,,
Balai Polis Tengkera Bus Stop,Balai Polis Tengkera,Melaka Sentral - Masjid Tanah / Pengkalan Balak,myBas,,,
Persatuan Badminton Melaka Bus Stop,Persatuan Badminton Melaka,Melaka Sentral - Masjid Tanah / Pengkalan Balak,myBas,,,
SMK (P) Methodist Bus Stop,SMK (P) Methodist,Melaka Sentral - Masjid Tanah / Pengkalan Balak,myBas,,,
Taman Siantan / Masjid Tengkera Bus Stop,Taman Siantan / Masjid Tengkera,Melaka Sentral - Masjid Tanah / Pengkalan Balak,myBas,,,
Kampong Sembilan Bus Stop,Kampong Sembilan,Melaka Sentral - Masjid Tanah / Pengkalan Balak,myBas,,,
SK Tengkera 1 & 2 Bus Stop,SK Tengkera 1 & 2,Melaka Sentral - Masjid Tanah / Pengkalan Balak,myBas,,,
Warung Hajjah Robiah Bus Stop,Warung Hajjah Robiah,Melaka Sentral - Masjid Tanah / Pengkalan Balak,myBas,,,
Kuih Keria Haji Jalil Bus Stop,Kuih Keria Haji Jalil,Melaka Sentral - Masjid Tanah / Pengkalan Balak,myBas,,,
Kuih Keria Hajah Rahmah Bus Stop,Kuih Keria Hajah Rahmah,Melaka Sentral - Masjid Tanah / Pengkalan Balak,myBas,,,
Oriental Melaka Straits Medical Centre Bus Stop,Oriental Melaka Straits Medical Centre,Melaka Sentral - Masjid Tanah / Pengkalan Balak,myBas,,,
Taman Melati Bus Stop,Taman Melati,Melaka Sentral - Masjid Tanah / Pengkalan Balak,myBas,,,
Lagenda Condo Bus Stop,Lagenda Condo,Melaka Sentral - Masjid Tanah / Pengkalan Balak,myBas,,,
Masjid Saad Ibni Abi Waqqas Bus Stop,Masjid Saad Ibni Abi Waqqas,Melaka Sentral - Masjid Tanah / Pengkalan Balak,myBas,,,
Taman Kenanga Bus Stop,Taman Kenanga,Melaka Sentral - Masjid Tanah / Pengkalan Balak,myBas,,,
Taman Mayfair Bus Stop,Taman Mayfair,Melaka Sentral - Masjid Tanah / Pengkalan Balak,myBas,,,
Kampung Pesaran Balik Buluk Klebang Bus Stop,Kampung Pesaran Balik Buluk Klebang,Melaka Sentral - Masjid Tanah / Pengkalan Balak,myBas,,,
Pantai Klebang Bus Stop,Pantai Klebang,Melaka Sentral - Masjid Tanah / Pengkalan Balak,myBas,,,
Taman Muhibbah Bus Stop,Taman Muhibbah,Melaka Sentral - Masjid Tanah / Pengkalan Balak,myBas,,,
Opp Balai Polis Batang Tiga Bus Stop,Opp Balai Polis Batang Tiga,Melaka Sentral - Masjid Tanah / Pengkalan Balak,myBas,,,
Masjid Lama Batang Tiga Bus Stop,Masjid Lama Batang Tiga,Melaka Sentral - Masjid Tanah / Pengkalan Balak,myBas,,,
Marina Point Bus Stop,Marina Point,Melaka Sentral - Masjid Tanah / Pengkalan Balak,myBas,,,
Seri Bayan Condominium Bus Stop,Seri Bayan Condominium,Melaka Sentral - Masjid Tanah / Pengkalan Balak,myBas,,,
Taman Panjang Impian Bus Stop,Taman Panjang Impian,Melaka Sentral - Masjid Tanah / Pengkalan Balak,myBas,,,
Zill Golden Village Bus Stop,Zill Golden Village,Melaka Sentral - Masjid Tanah / Pengkalan Balak,myBas,,,
Sekolah Tunas Bakti / Ocean Palm Condo Bus Stop,Sekolah Tunas Bakti / Ocean Palm Condo,Melaka Sentral - Masjid Tanah / Pengkalan Balak,myBas,,,
SJK(C) Ek Te Bus Stop,SJK(C) Ek Te,Melaka Sentral - Masjid Tanah / Pengkalan Balak,myBas,,,
Taman Spring Garden Bus Stop,Taman Spring Garden,Melaka Sentral - Masjid Tanah / Pengkalan Balak,myBas,,,
SK Lereh Bus Stop,SK Lereh,Melaka Sentral - Masjid Tanah / Pengkalan Balak,myBas,,,
Kampung Tanjung Kling Bus Stop,Kampung Tanjung Kling,Melaka Sentral - Masjid Tanah / Pengkalan Balak,myBas,,,
Tanjung Kling Bus Stop,Tanjung Kling,Melaka Sentral - Masjid Tanah / Pengkalan Balak,myBas,,,
Pan Pacific Straptek Bus Stop,Pan Pacific Straptek,Melaka Sentral - Masjid Tanah / Pengkalan Balak,myBas,,,
Kampung Solok Biak Bus Stop,Kampung Solok Biak,Melaka Sentral - Masjid Tanah / Pengkalan Balak,myBas,,,
Taman Bukit Gedong 1 Bus Stop,Taman Bukit Gedong 1,Melaka Sentral - Masjid Tanah / Pengkalan Balak,myBas,,,
Taman Bukit Gedong 2 Bus Stop,Taman Bukit Gedong 2,Melaka Sentral - Masjid Tanah / Pengkalan Balak,myBas,,,
Kampung Bukit Darat Bus Stop,Kampung Bukit Darat,Melaka Sentral - Masjid Tanah / Pengkalan Balak,myBas,,,
SMK Kampung Gelam Bus Stop,SMK Kampung Gelam,Melaka Sentral - Masjid Tanah / Pengkalan Balak,myBas,,,
SK Kampung Gelam Bus Stop,SK Kampung Gelam,Melaka Sentral - Masjid Tanah / Pengkalan Balak,myBas,,,
Kampung Gelam Bus Stop,Kampung Gelam,Melaka Sentral - Masjid Tanah / Pengkalan Balak,myBas,,,
Klinik Kesihatan Seri Tanjung Bus Stop,Klinik Kesihatan Seri Tanjung,Melaka Sentral - Masjid Tanah / Pengkalan Balak,myBas,,,
Pusat Kegiatan Masyarakat Tangga Batu Bus Stop,Pusat Kegiatan Masyarakat Tangga Batu,Melaka Sentral - Masjid Tanah / Pengkalan Balak,myBas,,,
Balai Raya Tangga Batu Bus Stop,Balai Raya Tangga Batu,Melaka Sentral - Masjid Tanah / Pengkalan Balak,myBas,,,
Taman Tangga Batu 1 Bus Stop,Taman Tangga Batu 1,Melaka Sentral - Masjid Tanah / Pengkalan Balak,myBas,,,
Taman Tangga Batu 2 Bus Stop,Taman Tangga Batu 2,Melaka Sentral - Masjid Tanah / Pengkalan Balak,myBas,,,
Masjid Batu 10 Tangga Batu Bus Stop,Masjid Batu 10 Tangga Batu,Melaka Sentral - Masjid Tanah / Pengkalan Balak,myBas,,,
Kampung Paya Rumput Jaya Bus Stop,Kampung Paya Rumput Jaya,Melaka Sentral - Masjid Tanah / Pengkalan Balak,myBas,,,
SK Tangga Batu Bus Stop,SK Tangga Batu,Melaka Sentral - Masjid Tanah / Pengkalan Balak,myBas,,,
Kampung Bukit Salleh Bus Stop,Kampung Bukit Salleh,Melaka Sentral - Masjid Tanah / Pengkalan Balak,myBas,,,
Kampung Sungai Udang Jaya Bus Stop,Kampung Sungai Udang Jaya,Melaka Sentral - Masjid Tanah / Pengkalan Balak,myBas,,,
Surau Sungai Udang Jaya Bus Stop,Surau Sungai Udang Jaya,Melaka Sentral - Masjid Tanah / Pengkalan Balak,myBas,,,
Bilik Gerakan Tangga Batu Bus Stop,Bilik Gerakan Tangga Batu,Melaka Sentral - Masjid Tanah / Pengkalan Balak,myBas,,,
SK Sungai Udang Bus Stop,SK Sungai Udang,Melaka Sentral - Masjid Tanah / Pengkalan Balak,myBas,,,
Retoran Cahaya Bugis Bus Stop,Retoran Cahaya Bugis,Melaka Sentral - Masjid Tanah / Pengkalan Balak,myBas,,,
SJK (C) Sungai Udang Bus Stop,SJK (C) Sungai Udang,Melaka Sentral - Masjid Tanah / Pengkalan Balak,myBas,,,
Kampung Baru Sungai Udang Bus Stop,Kampung Baru Sungai Udang,Melaka Sentral - Masjid Tanah / Pengkalan Balak,myBas,,,
Plaza Sungai Udang Bus Stop,Plaza Sungai Udang,Melaka Sentral - Masjid Tanah / Pengkalan Balak,myBas,,,
Pekan Sungai Udang Bus Stop,Pekan Sungai Udang,Melaka Sentral - Masjid Tanah / Pengkalan Balak,myBas,,,
Pejabat Pos Sungai Udang Bus Stop,Pejabat Pos Sungai Udang,Melaka Sentral - Masjid Tanah / Pengkalan Balak,myBas,,,
Melaka Tropical Fruit Farm Bus Stop,Melaka Tropical Fruit Farm,Melaka Sentral - Masjid Tanah / Pengkalan Balak,myBas,,,
Opp SMK Sungai Udang Bus Stop,Opp SMK Sungai Udang,Melaka Sentral - Masjid Tanah / Pengkalan Balak,myBas,,,
Akademi Rela Malaysia Sungai Udang Bus Stop,Akademi Rela Malaysia Sungai Udang,Melaka Sentral - Masjid Tanah / Pengkalan Balak,myBas,,,
Kampung Tanah Merah Baru Bus Stop,Kampung Tanah Merah Baru,Melaka Sentral - Masjid Tanah / Pengkalan Balak,myBas,,,
Kem Masjid Tanah Bus Stop,Kem Masjid Tanah,Melaka Sentral - Masjid Tanah / Pengkalan Balak,myBas,,,
Taman Masjid Tanah Bus Stop,Taman Masjid Tanah,Melaka Sentral - Masjid Tanah / Pengkalan Balak,myBas,,,
HRSB Holding Bus Stop,HRSB Holding,Melaka Sentral - Masjid Tanah / Pengkalan Balak,myBas,,,
Seri Emas Seafood Bus Stop,Seri Emas Seafood,Melaka Sentral - Masjid Tanah / Pengkalan Balak,myBas,,,
Kampung Pulau Semut Bus Stop,Kampung Pulau Semut,Melaka Sentral - Masjid Tanah / Pengkalan Balak,myBas,,,
Restoran Astana Puteh Bus Stop,Restoran Astana Puteh,Melaka Sentral - Masjid Tanah / Pengkalan Balak,myBas,,,
Tomyam Dzarfan Bus Stop,Tomyam Dzarfan,Melaka Sentral - Masjid Tanah / Pengkalan Balak,myBas,,,
Surau Ad Diniah Kampung Masjid Tanah Bus Stop,Surau Ad Diniah Kampung Masjid Tanah,Melaka Sentral - Masjid Tanah / Pengkalan Balak,myBas,,,
Petronas Masjid Tanah Bus Stop,Petronas Masjid Tanah,Melaka Sentral - Masjid Tanah / Pengkalan Balak,myBas,,,
Terminal Masjid Tanah Sentral Bus Stop,Terminal Masjid Tanah Sentral,Melaka Sentral - Masjid Tanah / Pengkalan Balak,myBas,,,
SK Bukit Beringin Bus Stop,SK Bukit Beringin,Melaka Sentral - Masjid Tanah / Pengkalan Balak,myBas,,,
Kampung Londang Bus Stop,Kampung Londang,Melaka Sentral - Masjid Tanah / Pengkalan Balak,myBas,,,
Kampung Londang Batu 19 Bus Stop,Kampung Londang Batu 19,Melaka Sentral - Masjid Tanah / Pengkalan Balak,myBas,,,
Kampung Londang 2 Bus Stop,Kampung Londang 2,Melaka Sentral - Masjid Tanah / Pengkalan Balak,myBas,,,
Dewan Londang Bus Stop,Dewan Londang,Melaka Sentral - Masjid Tanah / Pengkalan Balak,myBas,,,
Tabika Kemas Kampung Londang Bus Stop,Tabika Kemas Kampung Londang,Melaka Sentral - Masjid Tanah / Pengkalan Balak,myBas,,,
Jalan Haji Mad Arif Bus Stop,Jalan Haji Mad Arif,Melaka Sentral - Masjid Tanah / Pengkalan Balak,myBas,,,
SRA Londang Bus Stop,SRA Londang,Melaka Sentral - Masjid Tanah / Pengkalan Balak,myBas,,,
Jalan Hamid Othman Bus Stop,Jalan Hamid Othman,Melaka Sentral - Masjid Tanah / Pengkalan Balak,myBas,,,
Taman Bidara Indah Bus Stop,Taman Bidara Indah,Melaka Sentral - Masjid Tanah / Pengkalan Balak,myBas,,,
Kolej Matrikulasi Melaka Bus Stop,Kolej Matrikulasi Melaka,Melaka Sentral - Masjid Tanah / Pengkalan Balak,myBas,,,
Kampung Air Hitam Darat Bus Stop,Kampung Air Hitam Darat,Melaka Sentral - Masjid Tanah / Pengkalan Balak,myBas,,,
Taman Perindustrian Masjid Tanah Bus Stop,Taman Perindustrian Masjid Tanah,Melaka Sentral - Masjid Tanah / Pengkalan Balak,myBas,,,
SK Pengkalan Balak Bus Stop,SK Pengkalan Balak,Melaka Sentral - Masjid Tanah / Pengkalan Balak,myBas,,,
Giat Mara Pengkalan Balak Bus Stop,Giat Mara Pengkalan Balak,Melaka Sentral - Masjid Tanah / Pengkalan Balak,myBas,,,
Pantai Pengkalan Balak Bus Stop,Pantai Pengkalan Balak,Melaka Sentral - Masjid Tanah / Pengkalan Balak,myBas,,,
SMK Sungai Udang Bus Stop,SMK Sungai Udang,Melaka Sentral - Masjid Tanah / Pengkalan Balak,myBas,,,
Opp Pantai Klebang Bus Stop,Opp Pantai Klebang,Melaka Sentral - Masjid Tanah / Pengkalan Balak,myBas,,,
SMK Gajah Berang Bus Stop,SMK Gajah Berang,Melaka Sentral - Masjid Tanah / Pengkalan Balak,myBas,,,
Persatuan Low Melaka Bus Stop,Persatuan Low Melaka,Melaka Sentral - Masjid Tanah / Pengkalan Balak,myBas,,,
Melaka International School Bus Stop,Melaka International School,Melaka Sentral - Masjid Tanah / Pengkalan Balak,myBas,,,
SJK (C) Yok Bin Bus Stop,SJK (C) Yok Bin,Melaka Sentral - Masjid Tanah / Pengkalan Balak,myBas,,,
Plaza Hang Tuah 1 Bus Stop,Plaza Hang Tuah 1,Melaka Sentral - Masjid Tanah / Pengkalan Balak,myBas,,,
Aeon Bandaraya Melaka Bus Stop,Aeon Bandaraya Melaka,Melaka Sentral - Masjid Tanah / Pengkalan Balak,myBas,,,
Lotus Melaka Bus Stop,Lotus Melaka,Melaka Sentral - Masjid Tanah / Pengkalan Balak,myBas,,,
Terminal Masjid Tanah Sentral Bus Stop,Terminal Masjid Tanah Sentral,Terminal Masjid Tanah Sentral - Melaka Sentral,myBas,,,
Petronas Masjid Tanah Bus Stop,Petronas Masjid Tanah,Terminal Masjid Tanah Sentral - Melaka Sentral,myBas,,,
Surau Ad Diniah Kampung Masjid Tanah Bus Stop,Surau Ad Diniah Kampung Masjid Tanah,Terminal Masjid Tanah Sentral - Melaka Sentral,myBas,,,
Tomyam Dzarfan Bus Stop,Tomyam Dzarfan,Terminal Masjid Tanah Sentral - Melaka Sentral,myBas,,,
Restoran Astana Puteh Bus Stop,Restoran Astana Puteh,Terminal Masjid Tanah Sentral - Melaka Sentral,myBas,,,
Kampung Pulau Semut Bus Stop,Kampung Pulau Semut,Terminal Masjid Tanah Sentral - Melaka Sentral,myBas,,,
Seri Emas Seafood Bus Stop,Seri Emas Seafood,Terminal Masjid Tanah Sentral - Melaka Sentral,myBas,,,
HRSB Holding Bus Stop,HRSB Holding,Terminal Masjid Tanah Sentral - Melaka Sentral,myBas,,,
Taman Masjid Tanah Bus Stop,Taman Masjid Tanah,Terminal Masjid Tanah Sentral - Melaka Sentral,myBas,,,
Kem Masjid Tanah Bus Stop,Kem Masjid Tanah,Terminal Masjid Tanah Sentral - Melaka Sentral,myBas,,,
Kampung Tanah Merah Baru Bus Stop,Kampung Tanah Merah Baru,Terminal Masjid Tanah Sentral - Melaka Sentral,myBas,,,
Akademi Rela Malaysia Sungai Udang Bus Stop,Akademi Rela Malaysia Sungai Udang,Terminal Masjid Tanah Sentral - Melaka Sentral,myBas,,,
SMK Sungai Udang Bus Stop,SMK Sungai Udang,Terminal Masjid Tanah Sentral - Melaka Sentral,myBas,,,
Melaka Tropical Fruit Farm Bus Stop,Melaka Tropical Fruit Farm,Terminal Masjid Tanah Sentral - Melaka Sentral,myBas,,,
Pejabat Pos Sungai Udang Bus Stop,Pejabat Pos Sungai Udang,Terminal Masjid Tanah Sentral - Melaka Sentral,myBas,,,
Pekan Sungai Udang Bus Stop,Pekan Sungai Udang,Terminal Masjid Tanah Sentral - Melaka Sentral,myBas,,,
Plaza Sungai Udang Bus Stop,Plaza Sungai Udang,Terminal Masjid Tanah Sentral - Melaka Sentral,myBas,,,
Kampung Baru Sungai Udang Bus Stop,Kampung Baru Sungai Udang,Terminal Masjid Tanah Sentral - Melaka Sentral,myBas,,,
SJK (C) Sungai Udang Bus Stop,SJK (C) Sungai Udang,Terminal Masjid Tanah Sentral - Melaka Sentral,myBas,,,
Retoran Cahaya Bugis Bus Stop,Retoran Cahaya Bugis,Terminal Masjid Tanah Sentral - Melaka Sentral,myBas,,,
SK Sungai Udang Bus Stop,SK Sungai Udang,Terminal Masjid Tanah Sentral - Melaka Sentral,myBas,,,
Bilik Gerakan Tangga Batu Bus Stop,Bilik Gerakan Tangga Batu,Terminal Masjid Tanah Sentral - Melaka Sentral,myBas,,,
Surau Sungai Udang Jaya Bus Stop,Surau Sungai Udang Jaya,Terminal Masjid Tanah Sentral - Melaka Sentral,myBas,,,
Kampung Sungai Udang Jaya Bus Stop,Kampung Sungai Udang Jaya,Terminal Masjid Tanah Sentral - Melaka Sentral,myBas,,,
Kampung Bukit Salleh Bus Stop,Kampung Bukit Salleh,Terminal Masjid Tanah Sentral - Melaka Sentral,myBas,,,
SK Tangga Batu Bus Stop,SK Tangga Batu,Terminal Masjid Tanah Sentral - Melaka Sentral,myBas,,,
Kampung Paya Rumput Jaya Bus Stop,Kampung Paya Rumput Jaya,Terminal Masjid Tanah Sentral - Melaka Sentral,myBas,,,
Masjid Batu 10 Tangga Batu Bus Stop,Masjid Batu 10 Tangga Batu,Terminal Masjid Tanah Sentral - Melaka Sentral,myBas,,,
Taman Tangga Batu 2 Bus Stop,Taman Tangga Batu 2,Terminal Masjid Tanah Sentral - Melaka Sentral,myBas,,,
Taman Tangga Batu 1 Bus Stop,Taman Tangga Batu 1,Terminal Masjid Tanah Sentral - Melaka Sentral,myBas,,,
Balai Raya Tangga Batu Bus Stop,Balai Raya Tangga Batu,Terminal Masjid Tanah Sentral - Melaka Sentral,myBas,,,
Pusat Kegiatan Masyarakat Tangga Batu Bus Stop,Pusat Kegiatan Masyarakat Tangga Batu,Terminal Masjid Tanah Sentral - Melaka Sentral,myBas,,,
Klinik Kesihatan Seri Tanjung Bus Stop,Klinik Kesihatan Seri Tanjung,Terminal Masjid Tanah Sentral - Melaka Sentral,myBas,,,
Kampung Gelam Bus Stop,Kampung Gelam,Terminal Masjid Tanah Sentral - Melaka Sentral,myBas,,,
SK Kampung Gelam Bus Stop,SK Kampung Gelam,Terminal Masjid Tanah Sentral - Melaka Sentral,myBas,,,
SMK Kampung Gelam Bus Stop,SMK Kampung Gelam,Terminal Masjid Tanah Sentral - Melaka Sentral,myBas,,,
Kampung Bukit Darat Bus Stop,Kampung Bukit Darat,Terminal Masjid Tanah Sentral - Melaka Sentral,myBas,,,
Taman Bukit Gedong 2 Bus Stop,Taman Bukit Gedong 2,Terminal Masjid Tanah Sentral - Melaka Sentral,myBas,,,
Taman Bukit Gedong 1 Bus Stop,Taman Bukit Gedong 1,Terminal Masjid Tanah Sentral - Melaka Sentral,myBas,,,
Kampung Solok Biak Bus Stop,Kampung Solok Biak,Terminal Masjid Tanah Sentral - Melaka Sentral,myBas,,,
Pan Pacific Straptek Bus Stop,Pan Pacific Straptek,Terminal Masjid Tanah Sentral - Melaka Sentral,myBas,,,
Tanjung Kling Bus Stop,Tanjung Kling,Terminal Masjid Tanah Sentral - Melaka Sentral,myBas,,,
Kampung Tanjung Kling Bus Stop,Kampung Tanjung Kling,Terminal Masjid Tanah Sentral - Melaka Sentral,myBas,,,
SK Lereh Bus Stop,SK Lereh,Terminal Masjid Tanah Sentral - Melaka Sentral,myBas,,,
Taman Spring Garden Bus Stop,Taman Spring Garden,Terminal Masjid Tanah Sentral - Melaka Sentral,myBas,,,
SJK(C) Ek Te Bus Stop,SJK(C) Ek Te,Terminal Masjid Tanah Sentral - Melaka Sentral,myBas,,,
Sekolah Tunas Bakti / Ocean Palm Condo Bus Stop,Sekolah Tunas Bakti / Ocean Palm Condo,Terminal Masjid Tanah Sentral - Melaka Sentral,myBas,,,
Zill Golden Village Bus Stop,Zill Golden Village,Terminal Masjid Tanah Sentral - Melaka Sentral,myBas,,,
Taman Panjang Impian Bus Stop,Taman Panjang Impian,Terminal Masjid Tanah Sentral - Melaka Sentral,myBas,,,
Seri Bayan Condominium Bus Stop,Seri Bayan Condominium,Terminal Masjid Tanah Sentral - Melaka Sentral,myBas,,,
Marina Point Bus Stop,Marina Point,Terminal Masjid Tanah Sentral - Melaka Sentral,myBas,,,
Masjid Lama Batang Tiga Bus Stop,Masjid Lama Batang Tiga,Terminal Masjid Tanah Sentral - Melaka Sentral,myBas,,,
Opp Balai Polis Batang Tiga Bus Stop,Opp Balai Polis Batang Tiga,Terminal Masjid Tanah Sentral - Melaka Sentral,myBas,,,
Taman Muhibbah Bus Stop,Taman Muhibbah,Terminal Masjid Tanah Sentral - Melaka Sentral,myBas,,,
Opp Pantai Klebang Bus Stop,Opp Pantai Klebang,Terminal Masjid Tanah Sentral - Melaka Sentral,myBas,,,
Kampung Pesaran Balik Buluk Klebang Bus Stop,Kampung Pesaran Balik Buluk Klebang,Terminal Masjid Tanah Sentral - Melaka Sentral,myBas,,,
Taman Mayfair Bus Stop,Taman Mayfair,Terminal Masjid Tanah Sentral - Melaka Sentral,myBas,,,
Taman Kenanga Bus Stop,Taman Kenanga,Terminal Masjid Tanah Sentral - Melaka Sentral,myBas,,,
Masjid Saad Ibni Abi Waqqas Bus Stop,Masjid Saad Ibni Abi Waqqas,Terminal Masjid Tanah Sentral - Melaka Sentral,myBas,,,
Lagenda Condo Bus Stop,Lagenda Condo,Terminal Masjid Tanah Sentral - Melaka Sentral,myBas,,,
Taman Melati Bus Stop,Taman Melati,Terminal Masjid Tanah Sentral - Melaka Sentral,myBas,,,
Oriental Melaka Straits Medical Centre Bus Stop,Oriental Melaka Straits Medical Centre,Terminal Masjid Tanah Sentral - Melaka Sentral,myBas,,,
Kuih Keria Hajah Rahmah Bus Stop,Kuih Keria Hajah Rahmah,Terminal Masjid Tanah Sentral - Melaka Sentral,myBas,,,
Kuih Keria Haji Jalil Bus Stop,Kuih Keria Haji Jalil,Terminal Masjid Tanah Sentral - Melaka Sentral,myBas,,,
Warung Hajjah Robiah Bus Stop,Warung Hajjah Robiah,Terminal Masjid Tanah Sentral - Melaka Sentral,myBas,,,
SK Tengkera 1 & 2 Bus Stop,SK Tengkera 1 & 2,Terminal Masjid Tanah Sentral - Melaka Sentral,myBas,,,
Kampong Sembilan Bus Stop,Kampong Sembilan,Terminal Masjid Tanah Sentral - Melaka Sentral,myBas,,,
Taman Siantan / Masjid Tengkera Bus Stop,Taman Siantan / Masjid Tengkera,Terminal Masjid Tanah Sentral - Melaka Sentral,myBas,,,
SMK (P) Methodist Bus Stop,SMK (P) Methodist,Terminal Masjid Tanah Sentral - Melaka Sentral,myBas,,,
Persatuan Badminton Melaka Bus Stop,Persatuan Badminton Melaka,Terminal Masjid Tanah Sentral - Melaka Sentral,myBas,,,
Balai Polis Tengkera Bus Stop,Balai Polis Tengkera,Terminal Masjid Tanah Sentral - Melaka Sentral,myBas,,,
SMK Gajah Berang Bus Stop,SMK Gajah Berang,Terminal Masjid Tanah Sentral - Melaka Sentral,myBas,,,
Persatuan Low Melaka Bus Stop,Persatuan Low Melaka,Terminal Masjid Tanah Sentral - Melaka Sentral,myBas,,,
Melaka International School Bus Stop,Melaka International School,Terminal Masjid Tanah Sentral - Melaka Sentral,myBas,,,
SJK (C) Yok Bin Bus Stop,SJK (C) Yok Bin,Terminal Masjid Tanah Sentral - Melaka Sentral,myBas,,,
Plaza Hang Tuah 1 Bus Stop,Plaza Hang Tuah 1,Terminal Masjid Tanah Sentral - Melaka Sentral,myBas,,,
Wisma Air Bus Stop,Wisma Air,Terminal Masjid Tanah Sentral - Melaka Sentral,myBas,,,
Aeon Bandaraya Melaka Bus Stop,Aeon Bandaraya Melaka,Terminal Masjid Tanah Sentral - Melaka Sentral,myBas,,,
Lotus Melaka Bus Stop,Lotus Melaka,Terminal Masjid Tanah Sentral - Melaka Sentral,myBas,,,
Melaka Sentral Bus Stop,Melaka Sentral,Terminal Masjid Tanah Sentral - Melaka Sentral,myBas,,,
Melaka Sentral Bus Stop,Melaka Sentral,Melaka Sentral - Batang Melaka via Selandar,myBas,,,
Opp Hospital Melaka Bus Stop,Opp Hospital Melaka,Melaka Sentral - Batang Melaka via Selandar,myBas,,,
Opp Texas Instrument Bus Stop,Opp Texas Instrument,Melaka Sentral - Batang Melaka via Selandar,myBas,,,
Opp Kiara Apartment Taman Mutiara Bus Stop,Opp Kiara Apartment Taman Mutiara,Melaka Sentral - Batang Melaka via Selandar,myBas,,,
Opp Taman Mutiara Melaka Bus Stop,Opp Taman Mutiara Melaka,Melaka Sentral - Batang Melaka via Selandar,myBas,,,
Opp SK Batu Berendam 2 Bus Stop,Opp SK Batu Berendam 2,Melaka Sentral - Batang Melaka via Selandar,myBas,,,
Opp Taman Ara Bus Stop,Opp Taman Ara,Melaka Sentral - Batang Melaka via Selandar,myBas,,,
SK Batu Berendam 1 Bus Stop,SK Batu Berendam 1,Melaka Sentral - Batang Melaka via Selandar,myBas,,,
Coconut Shake Batu Berendam Bus Stop,Coconut Shake Batu Berendam,Melaka Sentral - Batang Melaka via Selandar,myBas,,,
Opp Medan Selera Batu Berendam Bus Stop,Opp Medan Selera Batu Berendam,Melaka Sentral - Batang Melaka via Selandar,myBas,,,
Taman Seri Daya Bus Stop,Taman Seri Daya,Melaka Sentral - Batang Melaka via Selandar,myBas,,,
Opp Taman Seri Songket Bus Stop,Opp Taman Seri Songket,Melaka Sentral - Batang Melaka via Selandar,myBas,,,
Airport Fire And Rescue Bus Stop,Airport Fire And Rescue,Melaka Sentral - Batang Melaka via Selandar,myBas,,,
Opp Taman Mas Merah Bus Stop,Opp Taman Mas Merah,Melaka Sentral - Batang Melaka via Selandar,myBas,,,
Opp Taman Mekar Bus Stop,Opp Taman Mekar,Melaka Sentral - Batang Melaka via Selandar,myBas,,,
Taman Seri Bayan Bus Stop,Taman Seri Bayan,Melaka Sentral - Batang Melaka via Selandar,myBas,,,
Taman Gangsa Bus Stop,Taman Gangsa,Melaka Sentral - Batang Melaka via Selandar,myBas,,,
Sra Gangsa Bus Stop,Sra Gangsa,Melaka Sentral - Batang Melaka via Selandar,myBas,,,
Angsa Mas Bus Stop,Angsa Mas,Melaka Sentral - Batang Melaka via Selandar,myBas,,,
Kampung Tualang Bus Stop,Kampung Tualang,Melaka Sentral - Batang Melaka via Selandar,myBas,,,
Kampung Gangsa Bus Stop,Kampung Gangsa,Melaka Sentral - Batang Melaka via Selandar,myBas,,,
Kampung Bukit Balai Bus Stop,Kampung Bukit Balai,Melaka Sentral - Batang Melaka via Selandar,myBas,,,
Smk Durian Tunggal Bus Stop,Smk Durian Tunggal,Melaka Sentral - Batang Melaka via Selandar,myBas,,,
Kampung Baru Bukit Balai Bus Stop,Kampung Baru Bukit Balai,Melaka Sentral - Batang Melaka via Selandar,myBas,,,
Pekan Durian Tunggal Bus Stop,Pekan Durian Tunggal,Melaka Sentral - Batang Melaka via Selandar,myBas,,,
Durian Tunggal Bus Stop,Durian Tunggal,Melaka Sentral - Batang Melaka via Selandar,myBas,,,
Kampung Padang Kerbau Bus Stop,Kampung Padang Kerbau,Melaka Sentral - Batang Melaka via Selandar,myBas,,,
Surau Al Ehsan Bus Stop,Surau Al Ehsan,Melaka Sentral - Batang Melaka via Selandar,myBas,,,
Scientex Durian Tunggal Bus Stop,Scientex Durian Tunggal,Melaka Sentral - Batang Melaka via Selandar,myBas,,,
LTK Bus Stop,LTK,Melaka Sentral - Batang Melaka via Selandar,myBas,,,
Kampung Simpang Garing Bus Stop,Kampung Simpang Garing,Melaka Sentral - Batang Melaka via Selandar,myBas,,,
The Touch City Bus Stop,The Touch City,Melaka Sentral - Batang Melaka via Selandar,myBas,,,
Taman Machap Bestari Bus Stop,Taman Machap Bestari,Melaka Sentral - Batang Melaka via Selandar,myBas,,,
Klinik Kesihatan Machap Baru Bus Stop,Klinik Kesihatan Machap Baru,Melaka Sentral - Batang Melaka via Selandar,myBas,,,
Kampung Machap Baru Bus Stop,Kampung Machap Baru,Melaka Sentral - Batang Melaka via Selandar,myBas,,,
Taman Rekreasi Datuk Wira Poh Ah Tiam Bus Stop,Taman Rekreasi Datuk Wira Poh Ah Tiam,Melaka Sentral - Batang Melaka via Selandar,myBas,,,
Kampung Ayer Pasir Bus Stop,Kampung Ayer Pasir,Melaka Sentral - Batang Melaka via Selandar,myBas,,,
Kampung Bera Bukit Sedanan Bus Stop,Kampung Bera Bukit Sedanan,Melaka Sentral - Batang Melaka via Selandar,myBas,,,
Kampung Desa Mesra Sedanan Bus Stop,Kampung Desa Mesra Sedanan,Melaka Sentral - Batang Melaka via Selandar,myBas,,,
Klinik Kesihatan Selandar Bus Stop,Klinik Kesihatan Selandar,Melaka Sentral - Batang Melaka via Selandar,myBas,,,
SMK Selandar Bus Stop,SMK Selandar,Melaka Sentral - Batang Melaka via Selandar,myBas,,,
Pekan Selandar Bus Stop,Pekan Selandar,Melaka Sentral - Batang Melaka via Selandar,myBas,,,
Balai Polis Selandar Bus Stop,Balai Polis Selandar,Melaka Sentral - Batang Melaka via Selandar,myBas,,,
ILP Selandar Bus Stop,ILP Selandar,Melaka Sentral - Batang Melaka via Selandar,myBas,,,
Kolej Komuniti Selandar Bus Stop,Kolej Komuniti Selandar,Melaka Sentral - Batang Melaka via Selandar,myBas,,,
Taman Jus Perdana Bus Stop,Taman Jus Perdana,Melaka Sentral - Batang Melaka via Selandar,myBas,,,
Kampung Jus Bus Stop,Kampung Jus,Melaka Sentral - Batang Melaka via Selandar,myBas,,,
Empangan Jus Bus Stop,Empangan Jus,Melaka Sentral - Batang Melaka via Selandar,myBas,,,
SBPI Batang Melaka Bus Stop,SBPI Batang Melaka,Melaka Sentral - Batang Melaka via Selandar,myBas,,,
Taman Batang Melaka Bus Stop,Taman Batang Melaka,Melaka Sentral - Batang Melaka via Selandar,myBas,,,
SK Batang Melaka Bus Stop,SK Batang Melaka,Melaka Sentral - Batang Melaka via Selandar,myBas,,,
Pasar Awam Batang Melaka Bus Stop,Pasar Awam Batang Melaka,Melaka Sentral - Batang Melaka via Selandar,myBas,,,
Hab Batang Melaka Bus Stop,Hab Batang Melaka,Melaka Sentral - Batang Melaka via Selandar,myBas,,,
Opp Sra Gangsa Bus Stop,Opp Sra Gangsa,Melaka Sentral - Batang Melaka via Selandar,myBas,,,
Opp Taman Gangsa Bus Stop,Opp Taman Gangsa,Melaka Sentral - Batang Melaka via Selandar,myBas,,,
Opp Taman Seri Bayan Bus Stop,Opp Taman Seri Bayan,Melaka Sentral - Batang Melaka via Selandar,myBas,,,
Taman Mekar Bus Stop,Taman Mekar,Melaka Sentral - Batang Melaka via Selandar,myBas,,,
Taman Mas Merah Bus Stop,Taman Mas Merah,Melaka Sentral - Batang Melaka via Selandar,myBas,,,
Opp Airport Fire And Rescue Bus Stop,Opp Airport Fire And Rescue,Melaka Sentral - Batang Melaka via Selandar,myBas,,,
Taman Seri Songket Bus Stop,Taman Seri Songket,Melaka Sentral - Batang Melaka via Selandar,myBas,,,
Opp Taman Seri Daya Bus Stop,Opp Taman Seri Daya,Melaka Sentral - Batang Melaka via Selandar,myBas,,,
Medan Selera batu Berendam Bus Stop,Medan Selera batu Berendam,Melaka Sentral - Batang Melaka via Selandar,myBas,,,
Opp SK Batu Berendam 1 Bus Stop,Opp SK Batu Berendam 1,Melaka Sentral - Batang Melaka via Selandar,myBas,,,
Taman Ara Bus Stop,Taman Ara,Melaka Sentral - Batang Melaka via Selandar,myBas,,,
SK Batu Berendam 2 Bus Stop,SK Batu Berendam 2,Melaka Sentral - Batang Melaka via Selandar,myBas,,,
Taman Mutiara Melaka Bus Stop,Taman Mutiara Melaka,Melaka Sentral - Batang Melaka via Selandar,myBas,,,
Kiara Apartment Taman Mutiara Bus Stop,Kiara Apartment Taman Mutiara,Melaka Sentral - Batang Melaka via Selandar,myBas,,,
Texas Instrument Bus Stop,Texas Instrument,Melaka Sentral - Batang Melaka via Selandar,myBas,,,
Hospital Melaka Bus Stop,Hospital Melaka,Melaka Sentral - Batang Melaka via Selandar,myBas,,,
Melaka Sentral Bus Stop,Melaka Sentral,Melaka Sentral - Batang Melaka via Tebong,myBas,,,
Opp Hospital Melaka Bus Stop,Opp Hospital Melaka,Melaka Sentral - Batang Melaka via Tebong,myBas,,,
Opp Texas Instrument Bus Stop,Opp Texas Instrument,Melaka Sentral - Batang Melaka via Tebong,myBas,,,
Opp Kiara Apartment Taman Mutiara Bus Stop,Opp Kiara Apartment Taman Mutiara,Melaka Sentral - Batang Melaka via Tebong,myBas,,,
Opp Taman Mutiara Melaka Bus Stop,Opp Taman Mutiara Melaka,Melaka Sentral - Batang Melaka via Tebong,myBas,,,
Opp SK Batu Berendam 2 Bus Stop,Opp SK Batu Berendam 2,Melaka Sentral - Batang Melaka via Tebong,myBas,,,
Opp Taman Ara Bus Stop,Opp Taman Ara,Melaka Sentral - Batang Melaka via Tebong,myBas,,,
SK Batu Berendam 1 Bus Stop,SK Batu Berendam 1,Melaka Sentral - Batang Melaka via Tebong,myBas,,,
Coconut Shake Batu Berendam Bus Stop,Coconut Shake Batu Berendam,Melaka Sentral - Batang Melaka via Tebong,myBas,,,
Opp Medan Selera Batu Berendam Bus Stop,Opp Medan Selera Batu Berendam,Melaka Sentral - Batang Melaka via Tebong,myBas,,,
Taman Seri Daya Bus Stop,Taman Seri Daya,Melaka Sentral - Batang Melaka via Tebong,myBas,,,
Opp Taman Seri Songket Bus Stop,Opp Taman Seri Songket,Melaka Sentral - Batang Melaka via Tebong,myBas,,,
Airport Fire And Rescue Bus Stop,Airport Fire And Rescue,Melaka Sentral - Batang Melaka via Tebong,myBas,,,
Opp Taman Mas Merah Bus Stop,Opp Taman Mas Merah,Melaka Sentral - Batang Melaka via Tebong,myBas,,,
Opp Taman Mekar Bus Stop,Opp Taman Mekar,Melaka Sentral - Batang Melaka via Tebong,myBas,,,
Taman Seri Bayan Bus Stop,Taman Seri Bayan,Melaka Sentral - Batang Melaka via Tebong,myBas,,,
Taman Gangsa Bus Stop,Taman Gangsa,Melaka Sentral - Batang Melaka via Tebong,myBas,,,
Sra Gangsa Bus Stop,Sra Gangsa,Melaka Sentral - Batang Melaka via Tebong,myBas,,,
Angsa Mas Bus Stop,Angsa Mas,Melaka Sentral - Batang Melaka via Tebong,myBas,,,
Kampung Tualang Bus Stop,Kampung Tualang,Melaka Sentral - Batang Melaka via Tebong,myBas,,,
Kampung Gangsa Bus Stop,Kampung Gangsa,Melaka Sentral - Batang Melaka via Tebong,myBas,,,
Kampung Bukit Balai Bus Stop,Kampung Bukit Balai,Melaka Sentral - Batang Melaka via Tebong,myBas,,,
Smk Durian Tunggal Bus Stop,Smk Durian Tunggal,Melaka Sentral - Batang Melaka via Tebong,myBas,,,
Kampung Baru Bukit Balai Bus Stop,Kampung Baru Bukit Balai,Melaka Sentral - Batang Melaka via Tebong,myBas,,,
Pekan Durian Tunggal Bus Stop,Pekan Durian Tunggal,Melaka Sentral - Batang Melaka via Tebong,myBas,,,
Durian Tunggal Bus Stop,Durian Tunggal,Melaka Sentral - Batang Melaka via Tebong,myBas,,,
Kampung Padang Kerbau Bus Stop,Kampung Padang Kerbau,Melaka Sentral - Batang Melaka via Tebong,myBas,,,
Surau Al Ehsan Bus Stop,Surau Al Ehsan,Melaka Sentral - Batang Melaka via Tebong,myBas,,,
Scientex Durian Tunggal Bus Stop,Scientex Durian Tunggal,Melaka Sentral - Batang Melaka via Tebong,myBas,,,
LTK Bus Stop,LTK,Melaka Sentral - Batang Melaka via Tebong,myBas,,,
Kampung Simpang Garing Bus Stop,Kampung Simpang Garing,Melaka Sentral - Batang Melaka via Tebong,myBas,,,
The Touch City Bus Stop,The Touch City,Melaka Sentral - Batang Melaka via Tebong,myBas,,,
Taman Machap Bestari Bus Stop,Taman Machap Bestari,Melaka Sentral - Batang Melaka via Tebong,myBas,,,
Klinik Kesihatan Machap Baru Bus Stop,Klinik Kesihatan Machap Baru,Melaka Sentral - Batang Melaka via Tebong,myBas,,,
Kampung Machap Baru Bus Stop,Kampung Machap Baru,Melaka Sentral - Batang Melaka via Tebong,myBas,,,
Taman Rekreasi Datuk Wira Poh Ah Tiam Bus Stop,Taman Rekreasi Datuk Wira Poh Ah Tiam,Melaka Sentral - Batang Melaka via Tebong,myBas,,,
Kampung Machap Bus Stop,Kampung Machap,Melaka Sentral - Batang Melaka via Tebong,myBas,,,
Kampung Ayer Bangkong Bus Stop,Kampung Ayer Bangkong,Melaka Sentral - Batang Melaka via Tebong,myBas,,,
Taman Negeri Melaka Bus Stop,Taman Negeri Melaka,Melaka Sentral - Batang Melaka via Tebong,myBas,,,
Kampung Tebong Division Bus Stop,Kampung Tebong Division,Melaka Sentral - Batang Melaka via Tebong,myBas,,,
Kampung Tebong Bus Stop,Kampung Tebong,Melaka Sentral - Batang Melaka via Tebong,myBas,,,
Ladang Tebong Bus Stop,Ladang Tebong,Melaka Sentral - Batang Melaka via Tebong,myBas,,,
Taman Seri Cahaya Bus Stop,Taman Seri Cahaya,Melaka Sentral - Batang Melaka via Tebong,myBas,,,
SJK (T) Pekan Tebong Bus Stop,SJK (T) Pekan Tebong,Melaka Sentral - Batang Melaka via Tebong,myBas,,,
Kampung Tebong Km24 Bus Stop,Kampung Tebong Km24,Melaka Sentral - Batang Melaka via Tebong,myBas,,,
SJK (C) Khiaw Wah Bus Stop,SJK (C) Khiaw Wah,Melaka Sentral - Batang Melaka via Tebong,myBas,,,
Klinik Desa Tebong Bus Stop,Klinik Desa Tebong,Melaka Sentral - Batang Melaka via Tebong,myBas,,,
SK Ladang Kemuning Bus Stop,SK Ladang Kemuning,Melaka Sentral - Batang Melaka via Tebong,myBas,,,
Pekan Kampung Tebong Bus Stop,Pekan Kampung Tebong,Melaka Sentral - Batang Melaka via Tebong,myBas,,,
Balai Polis Tebong Bus Stop,Balai Polis Tebong,Melaka Sentral - Batang Melaka via Tebong,myBas,,,
Kampung Baru On Lock Bus Stop,Kampung Baru On Lock,Melaka Sentral - Batang Melaka via Tebong,myBas,,,
Taman Seri Hilir Bus Stop,Taman Seri Hilir,Melaka Sentral - Batang Melaka via Tebong,myBas,,,
Genting Plantation Bus Stop,Genting Plantation,Melaka Sentral - Batang Melaka via Tebong,myBas,,,
Kampung Batang Melaka 1 Bus Stop,Kampung Batang Melaka 1,Melaka Sentral - Batang Melaka via Tebong,myBas,,,
Kampung Batang Melaka 2 Bus Stop,Kampung Batang Melaka 2,Melaka Sentral - Batang Melaka via Tebong,myBas,,,
SK Batang Melaka Bus Stop,SK Batang Melaka,Melaka Sentral - Batang Melaka via Tebong,myBas,,,
Pasar Awam Batang Melaka Bus Stop,Pasar Awam Batang Melaka,Melaka Sentral - Batang Melaka via Tebong,myBas,,,
Hab Batang Melaka Bus Stop,Hab Batang Melaka,Melaka Sentral - Batang Melaka via Tebong,myBas,,,
Opp Sra Gangsa Bus Stop,Opp Sra Gangsa,Melaka Sentral - Batang Melaka via Tebong,myBas,,,
Opp Taman Gangsa Bus Stop,Opp Taman Gangsa,Melaka Sentral - Batang Melaka via Tebong,myBas,,,
Opp Taman Seri Bayan Bus Stop,Opp Taman Seri Bayan,Melaka Sentral - Batang Melaka via Tebong,myBas,,,
Taman Mekar Bus Stop,Taman Mekar,Melaka Sentral - Batang Melaka via Tebong,myBas,,,
Taman Mas Merah Bus Stop,Taman Mas Merah,Melaka Sentral - Batang Melaka via Tebong,myBas,,,
Opp Airport Fire And Rescue Bus Stop,Opp Airport Fire And Rescue,Melaka Sentral - Batang Melaka via Tebong,myBas,,,
Taman Seri Songket Bus Stop,Taman Seri Songket,Melaka Sentral - Batang Melaka via Tebong,myBas,,,
Opp Taman Seri Daya Bus Stop,Opp Taman Seri Daya,Melaka Sentral - Batang Melaka via Tebong,myBas,,,
Medan Selera batu Berendam Bus Stop,Medan Selera batu Berendam,Melaka Sentral - Batang Melaka via Tebong,myBas,,,
Opp SK Batu Berendam 1 Bus Stop,Opp SK Batu Berendam 1,Melaka Sentral - Batang Melaka via Tebong,myBas,,,
Taman Ara Bus Stop,Taman Ara,Melaka Sentral - Batang Melaka via Tebong,myBas,,,
SK Batu Berendam 2 Bus Stop,SK Batu Berendam 2,Melaka Sentral - Batang Melaka via Tebong,myBas,,,
Taman Mutiara Melaka Bus Stop,Taman Mutiara Melaka,Melaka Sentral - Batang Melaka via Tebong,myBas,,,
Kiara Apartment Taman Mutiara Bus Stop,Kiara Apartment Taman Mutiara,Melaka Sentral - Batang Melaka via Tebong,myBas,,,
Texas Instrument Bus Stop,Texas Instrument,Melaka Sentral - Batang Melaka via Tebong,myBas,,,
Hospital Melaka Bus Stop,Hospital Melaka,Melaka Sentral - Batang Melaka via Tebong,myBas,,,
Melaka Sentral Bus Stop,Melaka Sentral,Melaka Sentral - Jasin,myBas,,,
Opp Hospital Melaka Bus Stop,Opp Hospital Melaka,Melaka Sentral - Jasin,myBas,,,
Opp Kampung Batu Hampar Bus Stop,Opp Kampung Batu Hampar,Melaka Sentral - Jasin,myBas,,,
International College Of Yayasan Melaka/ Bus Stop,International College Of Yayasan Melaka/,Melaka Sentral - Jasin,myBas,,,
Taman Sentosa Melaka Bus Stop,Taman Sentosa Melaka,Melaka Sentral - Jasin,myBas,,,
Aeon Ayer Keroh Bus Stop,Aeon Ayer Keroh,Melaka Sentral - Jasin,myBas,,,
Kompleks Mahkamah Melaka Bus Stop,Kompleks Mahkamah Melaka,Melaka Sentral - Jasin,myBas,,,
Pantai Hospital Meaka Bus Stop,Pantai Hospital Meaka,Melaka Sentral - Jasin,myBas,,,
Makmal Perubatan Pantai Bus Stop,Makmal Perubatan Pantai,Melaka Sentral - Jasin,myBas,,,
SMS Muzaffar Shah Bus Stop,SMS Muzaffar Shah,Melaka Sentral - Jasin,myBas,,,
Mamee Ayer Keroh Bus Stop,Mamee Ayer Keroh,Melaka Sentral - Jasin,myBas,,,
Rumah Pangsa Murni Bus Stop,Rumah Pangsa Murni,Melaka Sentral - Jasin,myBas,,,
Ayer Keroh Heights Bus Stop,Ayer Keroh Heights,Melaka Sentral - Jasin,myBas,,,
Opp Ampang Steel Bus Stop,Opp Ampang Steel,Melaka Sentral - Jasin,myBas,,,
Dewan Kasturi Ayer Keroh Bus Stop,Dewan Kasturi Ayer Keroh,Melaka Sentral - Jasin,myBas,,,
Mydin Ayer Keroh Bus Stop,Mydin Ayer Keroh,Melaka Sentral - Jasin,myBas,,,
Opp World Youth Foundation Bus Stop,Opp World Youth Foundation,Melaka Sentral - Jasin,myBas,,,
Taman Seribu Bunga Bus Stop,Taman Seribu Bunga,Melaka Sentral - Jasin,myBas,,,
Seri Negeri Bus Stop,Seri Negeri,Melaka Sentral - Jasin,myBas,,,
Opp Taman Hang Tuah Bus Stop,Opp Taman Hang Tuah,Melaka Sentral - Jasin,myBas,,,
Melaka Golf & Country Club Bus Stop,Melaka Golf & Country Club,Melaka Sentral - Jasin,myBas,,,
Opp Kampung Gapam Bus Stop,Opp Kampung Gapam,Melaka Sentral - Jasin,myBas,,,
Durable Farm & Resort Bemban Bus Stop,Durable Farm & Resort Bemban,Melaka Sentral - Jasin,myBas,,,
Anjung Gapam Bus Stop,Anjung Gapam,Melaka Sentral - Jasin,myBas,,,
Masjid Nurul Iman Bus Stop,Masjid Nurul Iman,Melaka Sentral - Jasin,myBas,,,
SK Sri Bemban Bus Stop,SK Sri Bemban,Melaka Sentral - Jasin,myBas,,,
Kompleks Japerun Bemban Bus Stop,Kompleks Japerun Bemban,Melaka Sentral - Jasin,myBas,,,
SMK Seri Bemban Bus Stop,SMK Seri Bemban,Melaka Sentral - Jasin,myBas,,,
Taman Bemban Bus Stop,Taman Bemban,Melaka Sentral - Jasin,myBas,,,
Kampung Bemban Bus Stop,Kampung Bemban,Melaka Sentral - Jasin,myBas,,,
Kampung Ayer Panas Bus Stop,Kampung Ayer Panas,Melaka Sentral - Jasin,myBas,,,
Taman Kesang Jaya Bus Stop,Taman Kesang Jaya,Melaka Sentral - Jasin,myBas,,,
Kesang Damai Bus Stop,Kesang Damai,Melaka Sentral - Jasin,myBas,,,
Kampung Kesang Jaya Bus Stop,Kampung Kesang Jaya,Melaka Sentral - Jasin,myBas,,,
Sk Kesang Tua Bus Stop,Sk Kesang Tua,Melaka Sentral - Jasin,myBas,,,
Masjid Al Barakah Kampung Kesang Luar Bus Stop,Masjid Al Barakah Kampung Kesang Luar,Melaka Sentral - Jasin,myBas,,,
Kampung Kesang Luar Bus Stop,Kampung Kesang Luar,Melaka Sentral - Jasin,myBas,,,
Kampung Ayer Perah Bus Stop,Kampung Ayer Perah,Melaka Sentral - Jasin,myBas,,,
Kampung Ayer Perah 2 Bus Stop,Kampung Ayer Perah 2,Melaka Sentral - Jasin,myBas,,,
Kampung Air Barok 1 Bus Stop,Kampung Air Barok 1,Melaka Sentral - Jasin,myBas,,,
Kampung Air Barok 2 Bus Stop,Kampung Air Barok 2,Melaka Sentral - Jasin,myBas,,,
Bulatan Kampung Air Barok Bus Stop,Bulatan Kampung Air Barok,Melaka Sentral - Jasin,myBas,,,
Terminal Jasin Sentral Bus Stop,Terminal Jasin Sentral,Melaka Sentral - Jasin,myBas,,,
Kampung Gapam Bus Stop,Kampung Gapam,Melaka Sentral - Jasin,myBas,,,
Opp Melaka Golf & Country Club Bus Stop,Opp Melaka Golf & Country Club,Melaka Sentral - Jasin,myBas,,,
Taman Hang Tuah Bus Stop,Taman Hang Tuah,Melaka Sentral - Jasin,myBas,,,
Opp Seri Negeri Bus Stop,Opp Seri Negeri,Melaka Sentral - Jasin,myBas,,,
Opp Taman Seribu Bunga Bus Stop,Opp Taman Seribu Bunga,Melaka Sentral - Jasin,myBas,,,
World Youth Foundation Bus Stop,World Youth Foundation,Melaka Sentral - Jasin,myBas,,,
Opp Mydin Ayer Keroh Bus Stop,Opp Mydin Ayer Keroh,Melaka Sentral - Jasin,myBas,,,
Opp Dewan Kasturi Ayer Keroh Bus Stop,Opp Dewan Kasturi Ayer Keroh,Melaka Sentral - Jasin,myBas,,,
Ampang Steel Bus Stop,Ampang Steel,Melaka Sentral - Jasin,myBas,,,
Opp Ayer Keroh Heights Bus Stop,Opp Ayer Keroh Heights,Melaka Sentral - Jasin,myBas,,,
Opp Rumah Pangsa Murni Bus Stop,Opp Rumah Pangsa Murni,Melaka Sentral - Jasin,myBas,,,
Opp Mamee Ayer Keroh Bus Stop,Opp Mamee Ayer Keroh,Melaka Sentral - Jasin,myBas,,,
Opp SMS Muzaffar Shah Bus Stop,Opp SMS Muzaffar Shah,Melaka Sentral - Jasin,myBas,,,
Opp Makmal Perubatan Pantai Bus Stop,Opp Makmal Perubatan Pantai,Melaka Sentral - Jasin,myBas,,,
Opp Pantai Hospital Melaka Bus Stop,Opp Pantai Hospital Melaka,Melaka Sentral - Jasin,myBas,,,
Opp Kompleks Mahkamah Melaka Bus Stop,Opp Kompleks Mahkamah Melaka,Melaka Sentral - Jasin,myBas,,,
Opp Aeon Ayer Keroh Bus Stop,Opp Aeon Ayer Keroh,Melaka Sentral - Jasin,myBas,,,
Opp Taman Sentosa Melaka Bus Stop,Opp Taman Sentosa Melaka,Melaka Sentral - Jasin,myBas,,,
Opp International College Of Yayasan Mel Bus Stop,Opp International College Of Yayasan Mel,Melaka Sentral - Jasin,myBas,,,
Kampung Batu Hampar Bus Stop,Kampung Batu Hampar,Melaka Sentral - Jasin,myBas,,,
Hospital Melaka Bus Stop,Hospital Melaka,Melaka Sentral - Jasin,myBas,,,
Terminal Jasin Sentral Bus Stop,Terminal Jasin Sentral,Jasin - Taman Seri Asahan,myBas,,,
Sjk(C) Yu Hsien Bus Stop,Sjk(C) Yu Hsien,Jasin - Taman Seri Asahan,myBas,,,
Masjid At Taqwa Kampung Rim Bus Stop,Masjid At Taqwa Kampung Rim,Jasin - Taman Seri Asahan,myBas,,,
Kampung Rim Bus Stop,Kampung Rim,Jasin - Taman Seri Asahan,myBas,,,
Dodol Warisan Abah Taman Rim Bus Stop,Dodol Warisan Abah Taman Rim,Jasin - Taman Seri Asahan,myBas,,,
Kastu Car Wash Taman Rim Bus Stop,Kastu Car Wash Taman Rim,Jasin - Taman Seri Asahan,myBas,,,
SJK (C) Pay Chuin Bus Stop,SJK (C) Pay Chuin,Jasin - Taman Seri Asahan,myBas,,,
Bukit Katong Bus Stop,Bukit Katong,Jasin - Taman Seri Asahan,myBas,,,
Taman Jarim Jaya Bus Stop,Taman Jarim Jaya,Jasin - Taman Seri Asahan,myBas,,,
Sime Darby Plantation Jasin Bus Stop,Sime Darby Plantation Jasin,Jasin - Taman Seri Asahan,myBas,,,
Tanah Perkuburan Kristian Bus Stop,Tanah Perkuburan Kristian,Jasin - Taman Seri Asahan,myBas,,,
Pondak Polis Chabau Bus Stop,Pondak Polis Chabau,Jasin - Taman Seri Asahan,myBas,,,
Green One/Kampung Betis Bus Stop,Green One/Kampung Betis,Jasin - Taman Seri Asahan,myBas,,,
Masjid Al Hidayah Bus Stop,Masjid Al Hidayah,Jasin - Taman Seri Asahan,myBas,,,
Chabau Estate Bus Stop,Chabau Estate,Jasin - Taman Seri Asahan,myBas,,,
Kampung Baru Parit Keliling Bus Stop,Kampung Baru Parit Keliling,Jasin - Taman Seri Asahan,myBas,,,
Simpang Parit Keliling Bus Stop,Simpang Parit Keliling,Jasin - Taman Seri Asahan,myBas,,,
Selera Simpang Bekoh Bus Stop,Selera Simpang Bekoh,Jasin - Taman Seri Asahan,myBas,,,
Klinik Kesihatan Simpang Bekoh Bus Stop,Klinik Kesihatan Simpang Bekoh,Jasin - Taman Seri Asahan,myBas,,,
Sjk(C) Simpang Bekoh Bus Stop,Sjk(C) Simpang Bekoh,Jasin - Taman Seri Asahan,myBas,,,
Simpang Bekoh Bus Stop,Simpang Bekoh,Jasin - Taman Seri Asahan,myBas,,,
Taman Kasturi Bus Stop,Taman Kasturi,Jasin - Taman Seri Asahan,myBas,,,
Surau Kampung Sungai Dua Bus Stop,Surau Kampung Sungai Dua,Jasin - Taman Seri Asahan,myBas,,,
Wemstar Bus Stop,Wemstar,Jasin - Taman Seri Asahan,myBas,,,
TK Tani Bus Stop,TK Tani,Jasin - Taman Seri Asahan,myBas,,,
Kampung Bukit Asahan Bus Stop,Kampung Bukit Asahan,Jasin - Taman Seri Asahan,myBas,,,
Rtc Asahan Bus Stop,Rtc Asahan,Jasin - Taman Seri Asahan,myBas,,,
Pejabat Pos Asahan Bus Stop,Pejabat Pos Asahan,Jasin - Taman Seri Asahan,myBas,,,
Taman Gunung Asahan Bus Stop,Taman Gunung Asahan,Jasin - Taman Seri Asahan,myBas,,,
Masjid Kariah Asahan Bus Stop,Masjid Kariah Asahan,Jasin - Taman Seri Asahan,myBas,,,
Taman Seri Asahan Bus Stop,Taman Seri Asahan,Jasin - Taman Seri Asahan,myBas,,,
TERMINAL ONE Bus Stop,TERMINAL ONE,TERMINAL1 - POLITEKNIK NILAI,myBas,,,
KM PLAZA Bus Stop,KM PLAZA,TERMINAL1 - POLITEKNIK NILAI,myBas,,,
ERA BARU Bus Stop,ERA BARU,TERMINAL1 - POLITEKNIK NILAI,myBas,,,
TMN KOOP Bus Stop,TMN KOOP,TERMINAL1 - POLITEKNIK NILAI,myBas,,,
SPG TMN AST Bus Stop,SPG TMN AST,TERMINAL1 - POLITEKNIK NILAI,myBas,,,
PALM MALL Bus Stop,PALM MALL,TERMINAL1 - POLITEKNIK NILAI,myBas,,,
MUZIUM NEGERI Bus Stop,MUZIUM NEGERI,TERMINAL1 - POLITEKNIK NILAI,myBas,,,
AEON SEREMBAN 2 Bus Stop,AEON SEREMBAN 2,TERMINAL1 - POLITEKNIK NILAI,myBas,,,
UPTOWN S2 Bus Stop,UPTOWN S2,TERMINAL1 - POLITEKNIK NILAI,myBas,,,
SPG MYDIN SEREMBAN Bus Stop,SPG MYDIN SEREMBAN,TERMINAL1 - POLITEKNIK NILAI,myBas,,,
MCD SEREMBAN 2 Bus Stop,MCD SEREMBAN 2,TERMINAL1 - POLITEKNIK NILAI,myBas,,,
SURAU AT TAQWA Bus Stop,SURAU AT TAQWA,TERMINAL1 - POLITEKNIK NILAI,myBas,,,
FAMILY STORE Bus Stop,FAMILY STORE,TERMINAL1 - POLITEKNIK NILAI,myBas,,,
SK WAWASAN SEREMBAN2 Bus Stop,SK WAWASAN SEREMBAN2,TERMINAL1 - POLITEKNIK NILAI,myBas,,,
GARDEN AVENUE Bus Stop,GARDEN AVENUE,TERMINAL1 - POLITEKNIK NILAI,myBas,,,
AKADEMI MEMANDU RDS Bus Stop,AKADEMI MEMANDU RDS,TERMINAL1 - POLITEKNIK NILAI,myBas,,,
NUSARI BAYU 3 Bus Stop,NUSARI BAYU 3,TERMINAL1 - POLITEKNIK NILAI,myBas,,,
NUSARI BUSINES CENTER Bus Stop,NUSARI BUSINES CENTER,TERMINAL1 - POLITEKNIK NILAI,myBas,,,
SJKC KG PARIT TINGGI Bus Stop,SJKC KG PARIT TINGGI,TERMINAL1 - POLITEKNIK NILAI,myBas,,,
NUSARI BAYU 2B Bus Stop,NUSARI BAYU 2B,TERMINAL1 - POLITEKNIK NILAI,myBas,,,
SMK BANDAR BARU SENDAYAN Bus Stop,SMK BANDAR BARU SENDAYAN,TERMINAL1 - POLITEKNIK NILAI,myBas,,,
NUSARI BAYU 1 Bus Stop,NUSARI BAYU 1,TERMINAL1 - POLITEKNIK NILAI,myBas,,,
TMN SENDAYAN INDAH Bus Stop,TMN SENDAYAN INDAH,TERMINAL1 - POLITEKNIK NILAI,myBas,,,
SEK KEB JIMAH BARU Bus Stop,SEK KEB JIMAH BARU,TERMINAL1 - POLITEKNIK NILAI,myBas,,,
SPG KG JIMAH LAMA Bus Stop,SPG KG JIMAH LAMA,TERMINAL1 - POLITEKNIK NILAI,myBas,,,
KG SENDAYAN Bus Stop,KG SENDAYAN,TERMINAL1 - POLITEKNIK NILAI,myBas,,,
SMK SENDAYAN Bus Stop,SMK SENDAYAN,TERMINAL1 - POLITEKNIK NILAI,myBas,,,
BGN KOPERASI WANITA SENDAYAN Bus Stop,BGN KOPERASI WANITA SENDAYAN,TERMINAL1 - POLITEKNIK NILAI,myBas,,,
PONDOK POLIS SENDAYAN Bus Stop,PONDOK POLIS SENDAYAN,TERMINAL1 - POLITEKNIK NILAI,myBas,,,
KLINIK KESIHATAN SENDAYAN Bus Stop,KLINIK KESIHATAN SENDAYAN,TERMINAL1 - POLITEKNIK NILAI,myBas,,,
TMN GADONG INDAH Bus Stop,TMN GADONG INDAH,TERMINAL1 - POLITEKNIK NILAI,myBas,,,
TMN GADONG JAYA Bus Stop,TMN GADONG JAYA,TERMINAL1 - POLITEKNIK NILAI,myBas,,,
SPG TMN EKA MATAHARI Bus Stop,SPG TMN EKA MATAHARI,TERMINAL1 - POLITEKNIK NILAI,myBas,,,
TMN EKA MATAHARI Bus Stop,TMN EKA MATAHARI,TERMINAL1 - POLITEKNIK NILAI,myBas,,,
SPG LBJ Bus Stop,SPG LBJ,TERMINAL1 - POLITEKNIK NILAI,myBas,,,
POLITEKNIK NILAI Bus Stop,POLITEKNIK NILAI,TERMINAL1 - POLITEKNIK NILAI,myBas,,,
INT PENDIDIKAN GURU Bus Stop,INT PENDIDIKAN GURU,TERMINAL1 - POLITEKNIK NILAI,myBas,,,
INT AMINUDIN BAKI TKC Bus Stop,INT AMINUDIN BAKI TKC,TERMINAL1 - POLITEKNIK NILAI,myBas,,,
PENCAWANG TNB Bus Stop,PENCAWANG TNB,TERMINAL1 - POLITEKNIK NILAI,myBas,,,
NILAI SENTRAL Bus Stop,NILAI SENTRAL,NILAI SENTRAL - KLIA,myBas,,,
KG BARU NILAI Bus Stop,KG BARU NILAI,NILAI SENTRAL - KLIA,myBas,,,
CALTEX Bus Stop,CALTEX,NILAI SENTRAL - KLIA,myBas,,,
TMN DESA INDAH Bus Stop,TMN DESA INDAH,NILAI SENTRAL - KLIA,myBas,,,
TMN DESA JASMIN Bus Stop,TMN DESA JASMIN,NILAI SENTRAL - KLIA,myBas,,,
TMN JASMIN 2 Bus Stop,TMN JASMIN 2,NILAI SENTRAL - KLIA,myBas,,,
TMN DESA CEMPAKA Bus Stop,TMN DESA CEMPAKA,NILAI SENTRAL - KLIA,myBas,,,
CHEMPAKA MALL Bus Stop,CHEMPAKA MALL,NILAI SENTRAL - KLIA,myBas,,,
PENCAWANG TNB Bus Stop,PENCAWANG TNB,NILAI SENTRAL - KLIA,myBas,,,
TMN PUTRA NILAI Bus Stop,TMN PUTRA NILAI,NILAI SENTRAL - KLIA,myBas,,,
KOLEJ INTI Bus Stop,KOLEJ INTI,NILAI SENTRAL - KLIA,myBas,,,
STARZ VALLEY RESIDENCE Bus Stop,STARZ VALLEY RESIDENCE,NILAI SENTRAL - KLIA,myBas,,,
KOMP DAERAH SEPANG Bus Stop,KOMP DAERAH SEPANG,NILAI SENTRAL - KLIA,myBas,,,
SMK SERI SEPANG Bus Stop,SMK SERI SEPANG,NILAI SENTRAL - KLIA,myBas,,,
BDR BARU SALAK TINGGI Bus Stop,BDR BARU SALAK TINGGI,NILAI SENTRAL - KLIA,myBas,,,
MEDAN SELERA SALAK TINGGI Bus Stop,MEDAN SELERA SALAK TINGGI,NILAI SENTRAL - KLIA,myBas,,,
KILANG WRP Bus Stop,KILANG WRP,NILAI SENTRAL - KLIA,myBas,,,
IKTBN Bus Stop,IKTBN,NILAI SENTRAL - KLIA,myBas,,,
SPG KOTA WARISAN Bus Stop,SPG KOTA WARISAN,NILAI SENTRAL - KLIA,myBas,,,
KLIA 1 2 Bus Stop,KLIA 1 2,NILAI SENTRAL - KLIA,myBas,,,
KLIA2 Bus Stop,KLIA2,NILAI SENTRAL - KLIA,myBas,,,
TMN AWAM NILAI Bus Stop,TMN AWAM NILAI,NILAI SENTRAL - KLIA,myBas,,,
TERMINAL ONE Bus Stop,TERMINAL ONE,TERMINAL1 - NILAI SENTRAL,myBas,,,
DEWAN PERBANDARAN SEREMBAN Bus Stop,DEWAN PERBANDARAN SEREMBAN,TERMINAL1 - NILAI SENTRAL,myBas,,,
TMN KOOP Bus Stop,TMN KOOP,TERMINAL1 - NILAI SENTRAL,myBas,,,
RUMAH PANGSA MANICKAVASAGAM/FLAT LOBAK Bus Stop,RUMAH PANGSA MANICKAVASAGAM/FLAT LOBAK,TERMINAL1 - NILAI SENTRAL,myBas,,,
SJKT LOBAK Bus Stop,SJKT LOBAK,TERMINAL1 - NILAI SENTRAL,myBas,,,
RUMAH PANGSA TUN DR ISMAIL Bus Stop,RUMAH PANGSA TUN DR ISMAIL,TERMINAL1 - NILAI SENTRAL,myBas,,,
NSCMH MEDICAL CENTRE Bus Stop,NSCMH MEDICAL CENTRE,TERMINAL1 - NILAI SENTRAL,myBas,,,
TMN SENTOSA Bus Stop,TMN SENTOSA,TERMINAL1 - NILAI SENTRAL,myBas,,,
TMN DAWN Bus Stop,TMN DAWN,TERMINAL1 - NILAI SENTRAL,myBas,,,
TMN BKT MIKA Bus Stop,TMN BKT MIKA,TERMINAL1 - NILAI SENTRAL,myBas,,,
TMN BKT DESA Bus Stop,TMN BKT DESA,TERMINAL1 - NILAI SENTRAL,myBas,,,
KG BELIHOI Bus Stop,KG BELIHOI,TERMINAL1 - NILAI SENTRAL,myBas,,,
PEJABAT PERHUTANAN Bus Stop,PEJABAT PERHUTANAN,TERMINAL1 - NILAI SENTRAL,myBas,,,
BATU 8 JALAN BESAR Bus Stop,BATU 8 JALAN BESAR,TERMINAL1 - NILAI SENTRAL,myBas,,,
KILANG YAMAKOH Bus Stop,KILANG YAMAKOH,TERMINAL1 - NILAI SENTRAL,myBas,,,
TMN ASOKA Bus Stop,TMN ASOKA,TERMINAL1 - NILAI SENTRAL,myBas,,,
TMN BUNGA RAYA Bus Stop,TMN BUNGA RAYA,TERMINAL1 - NILAI SENTRAL,myBas,,,
SEK KEB CINA MANTIN Bus Stop,SEK KEB CINA MANTIN,TERMINAL1 - NILAI SENTRAL,myBas,,,
PEKAN MANTIN Bus Stop,PEKAN MANTIN,TERMINAL1 - NILAI SENTRAL,myBas,,,
TMN GADING JAYA Bus Stop,TMN GADING JAYA,TERMINAL1 - NILAI SENTRAL,myBas,,,
TMN TONG SENG Bus Stop,TMN TONG SENG,TERMINAL1 - NILAI SENTRAL,myBas,,,
SEK KEB MANTIN Bus Stop,SEK KEB MANTIN,TERMINAL1 - NILAI SENTRAL,myBas,,,
DESA PINGGIRAN BAYU Bus Stop,DESA PINGGIRAN BAYU,TERMINAL1 - NILAI SENTRAL,myBas,,,
BT 12 KG GEBOK Bus Stop,BT 12 KG GEBOK,TERMINAL1 - NILAI SENTRAL,myBas,,,
KOLEJ LEGENDA Bus Stop,KOLEJ LEGENDA,TERMINAL1 - NILAI SENTRAL,myBas,,,
MASJID KG GEBOK Bus Stop,MASJID KG GEBOK,TERMINAL1 - NILAI SENTRAL,myBas,,,
KG GEBOK BT15 Bus Stop,KG GEBOK BT15,TERMINAL1 - NILAI SENTRAL,myBas,,,
TMN ANGGERIK PAJAM Bus Stop,TMN ANGGERIK PAJAM,TERMINAL1 - NILAI SENTRAL,myBas,,,
SJKT TUN SAMBANTH Bus Stop,SJKT TUN SAMBANTH,TERMINAL1 - NILAI SENTRAL,myBas,,,
BALAI POLIS PAJAM Bus Stop,BALAI POLIS PAJAM,TERMINAL1 - NILAI SENTRAL,myBas,,,
PKN PAJAM Bus Stop,PKN PAJAM,TERMINAL1 - NILAI SENTRAL,myBas,,,
TMN MULIA PAJAM Bus Stop,TMN MULIA PAJAM,TERMINAL1 - NILAI SENTRAL,myBas,,,
MASJID BATANG BENAR Bus Stop,MASJID BATANG BENAR,TERMINAL1 - NILAI SENTRAL,myBas,,,
KG SG MAHANG Bus Stop,KG SG MAHANG,TERMINAL1 - NILAI SENTRAL,myBas,,,
KTM BATANG BENAR Bus Stop,KTM BATANG BENAR,TERMINAL1 - NILAI SENTRAL,myBas,,,
CIMB TAMAN SEMARAK Bus Stop,CIMB TAMAN SEMARAK,TERMINAL1 - NILAI SENTRAL,myBas,,,
SEK MEN TMN SEMARAK Bus Stop,SEK MEN TMN SEMARAK,TERMINAL1 - NILAI SENTRAL,myBas,,,
BLOK5 JLN SEMARAK Bus Stop,BLOK5 JLN SEMARAK,TERMINAL1 - NILAI SENTRAL,myBas,,,
BLOK 7 JLN SEMARAK Bus Stop,BLOK 7 JLN SEMARAK,TERMINAL1 - NILAI SENTRAL,myBas,,,
SEK KEB TMN SEMARAK Bus Stop,SEK KEB TMN SEMARAK,TERMINAL1 - NILAI SENTRAL,myBas,,,
NILAI SQUARE Bus Stop,NILAI SQUARE,TERMINAL1 - NILAI SENTRAL,myBas,,,
SHELL TMN SEMARAK Bus Stop,SHELL TMN SEMARAK,TERMINAL1 - NILAI SENTRAL,myBas,,,
TMN SEMARAK Bus Stop,TMN SEMARAK,TERMINAL1 - NILAI SENTRAL,myBas,,,
PASAR AWAM NILAI Bus Stop,PASAR AWAM NILAI,TERMINAL1 - NILAI SENTRAL,myBas,,,
KG BARU NILAI Bus Stop,KG BARU NILAI,TERMINAL1 - NILAI SENTRAL,myBas,,,
NILAI SENTRAL Bus Stop,NILAI SENTRAL,TERMINAL1 - NILAI SENTRAL,myBas,,,
TMN AST Bus Stop,TMN AST,TERMINAL1 - NILAI SENTRAL,myBas,,,
NILAI SENTRAL Bus Stop,NILAI SENTRAL,NILAI SENTRAL - NILAI 3,myBas,,,
KG BARU NILAI Bus Stop,KG BARU NILAI,NILAI SENTRAL - NILAI 3,myBas,,,
CALTEX Bus Stop,CALTEX,NILAI SENTRAL - NILAI 3,myBas,,,
TMN DESA INDAH Bus Stop,TMN DESA INDAH,NILAI SENTRAL - NILAI 3,myBas,,,
WISMA BBN Bus Stop,WISMA BBN,NILAI SENTRAL - NILAI 3,myBas,,,
GIANT NILAI 1 Bus Stop,GIANT NILAI 1,NILAI SENTRAL - NILAI 3,myBas,,,
TESCO NILAI Bus Stop,TESCO NILAI,NILAI SENTRAL - NILAI 3,myBas,,,
SUTERA INDAH APARTMENT 1 Bus Stop,SUTERA INDAH APARTMENT 1,NILAI SENTRAL - NILAI 3,myBas,,,
NILAI SQUARE Bus Stop,NILAI SQUARE,NILAI SENTRAL - NILAI 3,myBas,,,
EMERSON Bus Stop,EMERSON,NILAI SENTRAL - NILAI 3,myBas,,,
SKF Bus Stop,SKF,NILAI SENTRAL - NILAI 3,myBas,,,
TMN SEMARAK Bus Stop,TMN SEMARAK,NILAI SENTRAL - NILAI 3,myBas,,,
SHELL TMN SEMARAK Bus Stop,SHELL TMN SEMARAK,NILAI SENTRAL - NILAI 3,myBas,,,
NILAI SQUARE TAMAN SEMARAK Bus Stop,NILAI SQUARE TAMAN SEMARAK,NILAI SENTRAL - NILAI 3,myBas,,,
SEK KEB TMN SEMARAK Bus Stop,SEK KEB TMN SEMARAK,NILAI SENTRAL - NILAI 3,myBas,,,
BLOK 7 JLN SEMARAK Bus Stop,BLOK 7 JLN SEMARAK,NILAI SENTRAL - NILAI 3,myBas,,,
BLOK5 JLN SEMARAK Bus Stop,BLOK5 JLN SEMARAK,NILAI SENTRAL - NILAI 3,myBas,,,
SEK MEN TMN SEMARAK Bus Stop,SEK MEN TMN SEMARAK,NILAI SENTRAL - NILAI 3,myBas,,,
CIMB TAMAN SEMARAK Bus Stop,CIMB TAMAN SEMARAK,NILAI SENTRAL - NILAI 3,myBas,,,
HYTECH Bus Stop,HYTECH,NILAI SENTRAL - NILAI 3,myBas,,,
NILAI IMPIAN Bus Stop,NILAI IMPIAN,NILAI SENTRAL - NILAI 3,myBas,,,
KAW PERINDUSTRIAN NILAI 7 Bus Stop,KAW PERINDUSTRIAN NILAI 7,NILAI SENTRAL - NILAI 3,myBas,,,
NILAI 3 STREET MALL Bus Stop,NILAI 3 STREET MALL,NILAI SENTRAL - NILAI 3,myBas,,,
KAW PERINDUSTRIAN NILAI 3 Bus Stop,KAW PERINDUSTRIAN NILAI 3,NILAI SENTRAL - NILAI 3,myBas,,,
PASAR BORONG NILAI3 Bus Stop,PASAR BORONG NILAI3,NILAI SENTRAL - NILAI 3,myBas,,,
KK HOTEL Bus Stop,KK HOTEL,NILAI SENTRAL - NILAI 3,myBas,,,
DESARIA Bus Stop,DESARIA,NILAI SENTRAL - NILAI 3,myBas,,,
TERMINAL ONE Bus Stop,TERMINAL ONE,TERMINAL1 - BUKIT MUTIARA LOOP,myBas,,,
KM PLAZA Bus Stop,KM PLAZA,TERMINAL1 - BUKIT MUTIARA LOOP,myBas,,,
TAN BROTHERS Bus Stop,TAN BROTHERS,TERMINAL1 - BUKIT MUTIARA LOOP,myBas,,,
KLINIK PAKAR KANAK-KANAK Bus Stop,KLINIK PAKAR KANAK-KANAK,TERMINAL1 - BUKIT MUTIARA LOOP,myBas,,,
PEJABAT POS SEREMBAN UTAMA Bus Stop,PEJABAT POS SEREMBAN UTAMA,TERMINAL1 - BUKIT MUTIARA LOOP,myBas,,,
KFC TEMIANG Bus Stop,KFC TEMIANG,TERMINAL1 - BUKIT MUTIARA LOOP,myBas,,,
SHELL JALAN TEMIANG 1 Bus Stop,SHELL JALAN TEMIANG 1,TERMINAL1 - BUKIT MUTIARA LOOP,myBas,,,
SEK MEN KEB CHAN WAH1 Bus Stop,SEK MEN KEB CHAN WAH1,TERMINAL1 - BUKIT MUTIARA LOOP,myBas,,,
TAMAN TEMIANG1 Bus Stop,TAMAN TEMIANG1,TERMINAL1 - BUKIT MUTIARA LOOP,myBas,,,
TAMAN SRI PULAI 1 Bus Stop,TAMAN SRI PULAI 1,TERMINAL1 - BUKIT MUTIARA LOOP,myBas,,,
TAMAN BUKIT ZAMRUD 1 Bus Stop,TAMAN BUKIT ZAMRUD 1,TERMINAL1 - BUKIT MUTIARA LOOP,myBas,,,
TABIKA PERPADUAN ULU TEMIANG 1 Bus Stop,TABIKA PERPADUAN ULU TEMIANG 1,TERMINAL1 - BUKIT MUTIARA LOOP,myBas,,,
TMN KING WONG1 Bus Stop,TMN KING WONG1,TERMINAL1 - BUKIT MUTIARA LOOP,myBas,,,
TAMAN DESA TEMIANG 1 Bus Stop,TAMAN DESA TEMIANG 1,TERMINAL1 - BUKIT MUTIARA LOOP,myBas,,,
TAMAN BUKIT DESA TEMIANG 1 Bus Stop,TAMAN BUKIT DESA TEMIANG 1,TERMINAL1 - BUKIT MUTIARA LOOP,myBas,,,
TAMAN BUKIT MUTIARA 1 1 Bus Stop,TAMAN BUKIT MUTIARA 1 1,TERMINAL1 - BUKIT MUTIARA LOOP,myBas,,,
TAMAN BUKIT MUTIARA 2 1 Bus Stop,TAMAN BUKIT MUTIARA 2 1,TERMINAL1 - BUKIT MUTIARA LOOP,myBas,,,
TAMAN BUKIT MUTIARA 3 Bus Stop,TAMAN BUKIT MUTIARA 3,TERMINAL1 - BUKIT MUTIARA LOOP,myBas,,,
TAMAN BUKIT MUTIARA 2 2 Bus Stop,TAMAN BUKIT MUTIARA 2 2,TERMINAL1 - BUKIT MUTIARA LOOP,myBas,,,
TAMAN BUKIT MUTIARA 1 2 Bus Stop,TAMAN BUKIT MUTIARA 1 2,TERMINAL1 - BUKIT MUTIARA LOOP,myBas,,,
TAMAN BUKIT DESA TEMIANG 2 Bus Stop,TAMAN BUKIT DESA TEMIANG 2,TERMINAL1 - BUKIT MUTIARA LOOP,myBas,,,
TAMAN DESA TEMIANG 2 Bus Stop,TAMAN DESA TEMIANG 2,TERMINAL1 - BUKIT MUTIARA LOOP,myBas,,,
TAMAN KING WONG 2 Bus Stop,TAMAN KING WONG 2,TERMINAL1 - BUKIT MUTIARA LOOP,myBas,,,
TABIKA PERPADUAN ULU TEMIANG 2 Bus Stop,TABIKA PERPADUAN ULU TEMIANG 2,TERMINAL1 - BUKIT MUTIARA LOOP,myBas,,,
TAMAN BUKIT ZAMRUD 2 Bus Stop,TAMAN BUKIT ZAMRUD 2,TERMINAL1 - BUKIT MUTIARA LOOP,myBas,,,
TAMAN SRI PULAI 2 Bus Stop,TAMAN SRI PULAI 2,TERMINAL1 - BUKIT MUTIARA LOOP,myBas,,,
TAMAN TEMIANG2 Bus Stop,TAMAN TEMIANG2,TERMINAL1 - BUKIT MUTIARA LOOP,myBas,,,
SEK MEN KEB CHAN WA2 Bus Stop,SEK MEN KEB CHAN WA2,TERMINAL1 - BUKIT MUTIARA LOOP,myBas,,,
SHELL JALAN TEMIANG 2 Bus Stop,SHELL JALAN TEMIANG 2,TERMINAL1 - BUKIT MUTIARA LOOP,myBas,,,
HAJI SHARIFF CENDOL Bus Stop,HAJI SHARIFF CENDOL,TERMINAL1 - BUKIT MUTIARA LOOP,myBas,,,
TERMINAL1 Bus Stop,TERMINAL1,TERMINAL1 - BUKIT MUTIARA LOOP,myBas,,,
TERMINAL ONE Bus Stop,TERMINAL ONE,TERMINAL1 - DESA RHU LOOP,myBas,,,
KM PLAZA Bus Stop,KM PLAZA,TERMINAL1 - DESA RHU LOOP,myBas,,,
PADANG MPS Bus Stop,PADANG MPS,TERMINAL1 - DESA RHU LOOP,myBas,,,
KWSP SEREMBAN Bus Stop,KWSP SEREMBAN,TERMINAL1 - DESA RHU LOOP,myBas,,,
SHELL JALAN ZAABA Bus Stop,SHELL JALAN ZAABA,TERMINAL1 - DESA RHU LOOP,myBas,,,
BALAI POLIS RAHANG Bus Stop,BALAI POLIS RAHANG,TERMINAL1 - DESA RHU LOOP,myBas,,,
SIMPANG TAMAN DUSUN NYIOR 1 Bus Stop,SIMPANG TAMAN DUSUN NYIOR 1,TERMINAL1 - DESA RHU LOOP,myBas,,,
PEJABAT MARA SEREMBAN 1 Bus Stop,PEJABAT MARA SEREMBAN 1,TERMINAL1 - DESA RHU LOOP,myBas,,,
CENTREPOINT Bus Stop,CENTREPOINT,TERMINAL1 - DESA RHU LOOP,myBas,,,
SK SERI KELANA 1 Bus Stop,SK SERI KELANA 1,TERMINAL1 - DESA RHU LOOP,myBas,,,
KEM TENTERA SIKAMAT1 Bus Stop,KEM TENTERA SIKAMAT1,TERMINAL1 - DESA RHU LOOP,myBas,,,
SMK DATO HAJI MOHD REDHA1 Bus Stop,SMK DATO HAJI MOHD REDHA1,TERMINAL1 - DESA RHU LOOP,myBas,,,
IPG KAMPUS RAJA MELEWAR1 Bus Stop,IPG KAMPUS RAJA MELEWAR1,TERMINAL1 - DESA RHU LOOP,myBas,,,
TAMAN MEGAWEY1 Bus Stop,TAMAN MEGAWEY1,TERMINAL1 - DESA RHU LOOP,myBas,,,
TMN DESA BERINGIN Bus Stop,TMN DESA BERINGIN,TERMINAL1 - DESA RHU LOOP,myBas,,,
TAMAN RASHIDA INDAH Bus Stop,TAMAN RASHIDA INDAH,TERMINAL1 - DESA RHU LOOP,myBas,,,
TMN SULIANA Bus Stop,TMN SULIANA,TERMINAL1 - DESA RHU LOOP,myBas,,,
TMN DESA RHU1 Bus Stop,TMN DESA RHU1,TERMINAL1 - DESA RHU LOOP,myBas,,,
PERSIARAN DESA RHU 1 Bus Stop,PERSIARAN DESA RHU 1,TERMINAL1 - DESA RHU LOOP,myBas,,,
JLN DESA RHU 10 Bus Stop,JLN DESA RHU 10,TERMINAL1 - DESA RHU LOOP,myBas,,,
TMN JUJUR Bus Stop,TMN JUJUR,TERMINAL1 - DESA RHU LOOP,myBas,,,
TMN PELANGI Bus Stop,TMN PELANGI,TERMINAL1 - DESA RHU LOOP,myBas,,,
SK SIKAMAT Bus Stop,SK SIKAMAT,TERMINAL1 - DESA RHU LOOP,myBas,,,
KOLEJ TAFE Bus Stop,KOLEJ TAFE,TERMINAL1 - DESA RHU LOOP,myBas,,,
TMN DESA KIARA Bus Stop,TMN DESA KIARA,TERMINAL1 - DESA RHU LOOP,myBas,,,
FAMILY STORE Bus Stop,FAMILY STORE,TERMINAL1 - DESA RHU LOOP,myBas,,,
TAMAN MEGAWEY2 Bus Stop,TAMAN MEGAWEY2,TERMINAL1 - DESA RHU LOOP,myBas,,,
IPG KAMPUS RAJA MELEWAR2 Bus Stop,IPG KAMPUS RAJA MELEWAR2,TERMINAL1 - DESA RHU LOOP,myBas,,,
SMK DATO HAJI MOHD REDZA2 Bus Stop,SMK DATO HAJI MOHD REDZA2,TERMINAL1 - DESA RHU LOOP,myBas,,,
KEM TENTERA SIKAMAT2 Bus Stop,KEM TENTERA SIKAMAT2,TERMINAL1 - DESA RHU LOOP,myBas,,,
SK SERI KELANA 2 Bus Stop,SK SERI KELANA 2,TERMINAL1 - DESA RHU LOOP,myBas,,,
PEJABAT MARA SEREMBAN 2 Bus Stop,PEJABAT MARA SEREMBAN 2,TERMINAL1 - DESA RHU LOOP,myBas,,,
SIMPANG TAMAN DUSUN NYIOR 2 Bus Stop,SIMPANG TAMAN DUSUN NYIOR 2,TERMINAL1 - DESA RHU LOOP,myBas,,,
CYCLE N CARRIAGE Bus Stop,CYCLE N CARRIAGE,TERMINAL1 - DESA RHU LOOP,myBas,,,
KTM SEREMBAN Bus Stop,KTM SEREMBAN,TERMINAL1 - DESA RHU LOOP,myBas,,,
KM PLAZA 2 Bus Stop,KM PLAZA 2,TERMINAL1 - DESA RHU LOOP,myBas,,,
TERMINAL1 Bus Stop,TERMINAL1,TERMINAL1 - DESA RHU LOOP,myBas,,,
NILAI SENTRAL Bus Stop,NILAI SENTRAL,NILAI SENTRAL - USIM LOOP,myBas,,,
KG BARU NILAI Bus Stop,KG BARU NILAI,NILAI SENTRAL - USIM LOOP,myBas,,,
CALTEX Bus Stop,CALTEX,NILAI SENTRAL - USIM LOOP,myBas,,,
TMN DESA INDAH Bus Stop,TMN DESA INDAH,NILAI SENTRAL - USIM LOOP,myBas,,,
WISMA BBN Bus Stop,WISMA BBN,NILAI SENTRAL - USIM LOOP,myBas,,,
GIANT NILAI 1 Bus Stop,GIANT NILAI 1,NILAI SENTRAL - USIM LOOP,myBas,,,
TESCO NILAI Bus Stop,TESCO NILAI,NILAI SENTRAL - USIM LOOP,myBas,,,
SUTERA INDAH APARTMENT 1 Bus Stop,SUTERA INDAH APARTMENT 1,NILAI SENTRAL - USIM LOOP,myBas,,,
DATARAN NILAI 1 Bus Stop,DATARAN NILAI 1,NILAI SENTRAL - USIM LOOP,myBas,,,
KOMPLEKS SUKAN DREAMTEL1 Bus Stop,KOMPLEKS SUKAN DREAMTEL1,NILAI SENTRAL - USIM LOOP,myBas,,,
NILAI INTERNATIONAL SCHOOL1 Bus Stop,NILAI INTERNATIONAL SCHOOL1,NILAI SENTRAL - USIM LOOP,myBas,,,
TMN DESA KASIA1 Bus Stop,TMN DESA KASIA1,NILAI SENTRAL - USIM LOOP,myBas,,,
NILAI SPRING VILLAS1 Bus Stop,NILAI SPRING VILLAS1,NILAI SENTRAL - USIM LOOP,myBas,,,
TMN DESA ANGGERIK1 Bus Stop,TMN DESA ANGGERIK1,NILAI SENTRAL - USIM LOOP,myBas,,,
KOLEJ KEDIAMAN ACASIA AVENUE USIM1 Bus Stop,KOLEJ KEDIAMAN ACASIA AVENUE USIM1,NILAI SENTRAL - USIM LOOP,myBas,,,
ANGGERIK APARTMENT 1 Bus Stop,ANGGERIK APARTMENT 1,NILAI SENTRAL - USIM LOOP,myBas,,,
STADIUM TERTUTUP NILAI 1 Bus Stop,STADIUM TERTUTUP NILAI 1,NILAI SENTRAL - USIM LOOP,myBas,,,
PINTU UTAMA USIM 1 Bus Stop,PINTU UTAMA USIM 1,NILAI SENTRAL - USIM LOOP,myBas,,,
PUSAT KOMERSIAL USIM Bus Stop,PUSAT KOMERSIAL USIM,NILAI SENTRAL - USIM LOOP,myBas,,,
KOLEJ KEDIAMAN 1 Bus Stop,KOLEJ KEDIAMAN 1,NILAI SENTRAL - USIM LOOP,myBas,,,
PINTU UTAMA USIM 2 Bus Stop,PINTU UTAMA USIM 2,NILAI SENTRAL - USIM LOOP,myBas,,,
STADIUM TERTUTUP NILAI 2 Bus Stop,STADIUM TERTUTUP NILAI 2,NILAI SENTRAL - USIM LOOP,myBas,,,
ANGGERIK APARTMENT 2 Bus Stop,ANGGERIK APARTMENT 2,NILAI SENTRAL - USIM LOOP,myBas,,,
KOLEJ KEDIAMAN ACASIA AVENUE USIM 2 Bus Stop,KOLEJ KEDIAMAN ACASIA AVENUE USIM 2,NILAI SENTRAL - USIM LOOP,myBas,,,
TMN DESA ANGGERIK2 Bus Stop,TMN DESA ANGGERIK2,NILAI SENTRAL - USIM LOOP,myBas,,,
NILAI SPRING VILLAS2 Bus Stop,NILAI SPRING VILLAS2,NILAI SENTRAL - USIM LOOP,myBas,,,
TMN DESA KASIA2 Bus Stop,TMN DESA KASIA2,NILAI SENTRAL - USIM LOOP,myBas,,,
NILAI INTERNATIONAL SCHOOL2 Bus Stop,NILAI INTERNATIONAL SCHOOL2,NILAI SENTRAL - USIM LOOP,myBas,,,
KOMPLEKS SUKAN DREAMTEL2 Bus Stop,KOMPLEKS SUKAN DREAMTEL2,NILAI SENTRAL - USIM LOOP,myBas,,,
DATARAN NILAI 2 Bus Stop,DATARAN NILAI 2,NILAI SENTRAL - USIM LOOP,myBas,,,
SUTERA INDAH APARTMENT 2 Bus Stop,SUTERA INDAH APARTMENT 2,NILAI SENTRAL - USIM LOOP,myBas,,,
TESCO NILAI 2 Bus Stop,TESCO NILAI 2,NILAI SENTRAL - USIM LOOP,myBas,,,
GIANT NILAI 2 Bus Stop,GIANT NILAI 2,NILAI SENTRAL - USIM LOOP,myBas,,,
WISMA BBN 2 Bus Stop,WISMA BBN 2,NILAI SENTRAL - USIM LOOP,myBas,,,
TMN DESA INDAH 2 Bus Stop,TMN DESA INDAH 2,NILAI SENTRAL - USIM LOOP,myBas,,,
CALTEX 2 Bus Stop,CALTEX 2,NILAI SENTRAL - USIM LOOP,myBas,,,
KG BARU NILAI 2 Bus Stop,KG BARU NILAI 2,NILAI SENTRAL - USIM LOOP,myBas,,,
NILAI SENTRAL 2 Bus Stop,NILAI SENTRAL 2,NILAI SENTRAL - USIM LOOP,myBas,,,
TERMINAL ONE Bus Stop,TERMINAL ONE,TERMINAL1 - NILAI VIA LABU,myBas,,,
KM PLAZA Bus Stop,KM PLAZA,TERMINAL1 - NILAI VIA LABU,myBas,,,
ERA BARU Bus Stop,ERA BARU,TERMINAL1 - NILAI VIA LABU,myBas,,,
TMN KOOP Bus Stop,TMN KOOP,TERMINAL1 - NILAI VIA LABU,myBas,,,
SPG TMN AST Bus Stop,SPG TMN AST,TERMINAL1 - NILAI VIA LABU,myBas,,,
PALM MALL Bus Stop,PALM MALL,TERMINAL1 - NILAI VIA LABU,myBas,,,
MUZIUM NEGERI Bus Stop,MUZIUM NEGERI,TERMINAL1 - NILAI VIA LABU,myBas,,,
KG DATO MOHD SAID Bus Stop,KG DATO MOHD SAID,TERMINAL1 - NILAI VIA LABU,myBas,,,
TELEKOM JALAN LABU Bus Stop,TELEKOM JALAN LABU,TERMINAL1 - NILAI VIA LABU,myBas,,,
ANGKATAN PERTAHANAN AWAM NEGERI SEMBILAN Bus Stop,ANGKATAN PERTAHANAN AWAM NEGERI SEMBILAN,TERMINAL1 - NILAI VIA LABU,myBas,,,
TAMAN HARMONI Bus Stop,TAMAN HARMONI,TERMINAL1 - NILAI VIA LABU,myBas,,,
TAMAN SRI PINANG Bus Stop,TAMAN SRI PINANG,TERMINAL1 - NILAI VIA LABU,myBas,,,
KG SEBIR Bus Stop,KG SEBIR,TERMINAL1 - NILAI VIA LABU,myBas,,,
KAMPUNG BATU 6 Bus Stop,KAMPUNG BATU 6,TERMINAL1 - NILAI VIA LABU,myBas,,,
TAMAN TIROI LABU Bus Stop,TAMAN TIROI LABU,TERMINAL1 - NILAI VIA LABU,myBas,,,
RUMAH RAKYAT BT 7 Bus Stop,RUMAH RAKYAT BT 7,TERMINAL1 - NILAI VIA LABU,myBas,,,
SMA PERSEKUTUAN LABU Bus Stop,SMA PERSEKUTUAN LABU,TERMINAL1 - NILAI VIA LABU,myBas,,,
KG BARU CINA Bus Stop,KG BARU CINA,TERMINAL1 - NILAI VIA LABU,myBas,,,
SJK CINA KG BARU BATU 8 Bus Stop,SJK CINA KG BARU BATU 8,TERMINAL1 - NILAI VIA LABU,myBas,,,
DEWAN ORANG RAMAI BATU 8 Bus Stop,DEWAN ORANG RAMAI BATU 8,TERMINAL1 - NILAI VIA LABU,myBas,,,
KAMPUNG PASIR PUTEH Bus Stop,KAMPUNG PASIR PUTEH,TERMINAL1 - NILAI VIA LABU,myBas,,,
MASJID PASIR PUTEH Bus Stop,MASJID PASIR PUTEH,TERMINAL1 - NILAI VIA LABU,myBas,,,
PADANG EMPANGAN BATU Bus Stop,PADANG EMPANGAN BATU,TERMINAL1 - NILAI VIA LABU,myBas,,,
SJK TAMIL LADANG KIRBY Bus Stop,SJK TAMIL LADANG KIRBY,TERMINAL1 - NILAI VIA LABU,myBas,,,
CAROTINA ESTATE Bus Stop,CAROTINA ESTATE,TERMINAL1 - NILAI VIA LABU,myBas,,,
BATU 9 Bus Stop,BATU 9,TERMINAL1 - NILAI VIA LABU,myBas,,,
TEBING TINGGI ELER Bus Stop,TEBING TINGGI ELER,TERMINAL1 - NILAI VIA LABU,myBas,,,
SIMPANG GADONG Bus Stop,SIMPANG GADONG,TERMINAL1 - NILAI VIA LABU,myBas,,,
PUSAT PENDIDIKAN AL IRSHAD Bus Stop,PUSAT PENDIDIKAN AL IRSHAD,TERMINAL1 - NILAI VIA LABU,myBas,,,
PEKAN LABU Bus Stop,PEKAN LABU,TERMINAL1 - NILAI VIA LABU,myBas,,,
KG KILANG PADI Bus Stop,KG KILANG PADI,TERMINAL1 - NILAI VIA LABU,myBas,,,
BATU 11 KAMPUNG LAMBAR Bus Stop,BATU 11 KAMPUNG LAMBAR,TERMINAL1 - NILAI VIA LABU,myBas,,,
KAMPUNG PULAU LAMBAR Bus Stop,KAMPUNG PULAU LAMBAR,TERMINAL1 - NILAI VIA LABU,myBas,,,
KAMPUNG LAMBAR Bus Stop,KAMPUNG LAMBAR,TERMINAL1 - NILAI VIA LABU,myBas,,,
KAMPUNG PULAU Bus Stop,KAMPUNG PULAU,TERMINAL1 - NILAI VIA LABU,myBas,,,
NEW LABU ESTATE Bus Stop,NEW LABU ESTATE,TERMINAL1 - NILAI VIA LABU,myBas,,,
KAMPUNG JERANGKANG Bus Stop,KAMPUNG JERANGKANG,TERMINAL1 - NILAI VIA LABU,myBas,,,
MASJID LABU HILIR Bus Stop,MASJID LABU HILIR,TERMINAL1 - NILAI VIA LABU,myBas,,,
TMN DATO SHAHARDIN BT13 Bus Stop,TMN DATO SHAHARDIN BT13,TERMINAL1 - NILAI VIA LABU,myBas,,,
SK DATO SHAH BANDAR Bus Stop,SK DATO SHAH BANDAR,TERMINAL1 - NILAI VIA LABU,myBas,,,
SIMPANG JALAN KG KONDOK 2 Bus Stop,SIMPANG JALAN KG KONDOK 2,TERMINAL1 - NILAI VIA LABU,myBas,,,
SIMPANG JALAN KG KONDOK  4 Bus Stop,SIMPANG JALAN KG KONDOK  4,TERMINAL1 - NILAI VIA LABU,myBas,,,
KAMPUNG KONDOK Bus Stop,KAMPUNG KONDOK,TERMINAL1 - NILAI VIA LABU,myBas,,,
SMA NILAI Bus Stop,SMA NILAI,TERMINAL1 - NILAI VIA LABU,myBas,,,
TAMAN BAN AIK Bus Stop,TAMAN BAN AIK,TERMINAL1 - NILAI VIA LABU,myBas,,,
NILAI SENTRAL Bus Stop,NILAI SENTRAL,TERMINAL1 - NILAI VIA LABU,myBas,,,
TERMINAL ONE Bus Stop,TERMINAL ONE,TERMINAL1 - SEREMBAN2,myBas,,,
DEWAN PERBANDARAN SEREMBAN Bus Stop,DEWAN PERBANDARAN SEREMBAN,TERMINAL1 - SEREMBAN2,myBas,,,
PADANG MPS Bus Stop,PADANG MPS,TERMINAL1 - SEREMBAN2,myBas,,,
KWSP SEREMBAN Bus Stop,KWSP SEREMBAN,TERMINAL1 - SEREMBAN2,myBas,,,
PETRON BKT RASAH Bus Stop,PETRON BKT RASAH,TERMINAL1 - SEREMBAN2,myBas,,,
HOSPITAL MAWAR Bus Stop,HOSPITAL MAWAR,TERMINAL1 - SEREMBAN2,myBas,,,
SIMPANG KAMPUNG PASIR KG DATO MANSOR Bus Stop,SIMPANG KAMPUNG PASIR KG DATO MANSOR,TERMINAL1 - SEREMBAN2,myBas,,,
KAMPUNG BARU RASAH Bus Stop,KAMPUNG BARU RASAH,TERMINAL1 - SEREMBAN2,myBas,,,
PUSAT PENJAGAAN ORANG-ORANG TUA Bus Stop,PUSAT PENJAGAAN ORANG-ORANG TUA,TERMINAL1 - SEREMBAN2,myBas,,,
PERPUSTAKAAN AWAM KG BARU RASAH Bus Stop,PERPUSTAKAAN AWAM KG BARU RASAH,TERMINAL1 - SEREMBAN2,myBas,,,
TAMAN PERMAI IMPIAN Bus Stop,TAMAN PERMAI IMPIAN,TERMINAL1 - SEREMBAN2,myBas,,,
TAMAN PERMAI 3 Bus Stop,TAMAN PERMAI 3,TERMINAL1 - SEREMBAN2,myBas,,,
TAMAN PERMAI FASA 2 Bus Stop,TAMAN PERMAI FASA 2,TERMINAL1 - SEREMBAN2,myBas,,,
TAMAN PERMAI FASA 1 Bus Stop,TAMAN PERMAI FASA 1,TERMINAL1 - SEREMBAN2,myBas,,,
KPJ PALM MALL Bus Stop,KPJ PALM MALL,TERMINAL1 - SEREMBAN2,myBas,,,
MUZIUM NEGERI Bus Stop,MUZIUM NEGERI,TERMINAL1 - SEREMBAN2,myBas,,,
TAMAN BUKIT KEPAYANG Bus Stop,TAMAN BUKIT KEPAYANG,TERMINAL1 - SEREMBAN2,myBas,,,
TESCO EXTRA SEREMBAN 2 Bus Stop,TESCO EXTRA SEREMBAN 2,TERMINAL1 - SEREMBAN2,myBas,,,
TAMAN OAKLAND FASA 3 Bus Stop,TAMAN OAKLAND FASA 3,TERMINAL1 - SEREMBAN2,myBas,,,
COLUMBIA HOSPITAL Bus Stop,COLUMBIA HOSPITAL,TERMINAL1 - SEREMBAN2,myBas,,,
TAMAN MEGAH Bus Stop,TAMAN MEGAH,TERMINAL1 - SEREMBAN2,myBas,,,
OAKLAND BUSSINESS CENTRE Bus Stop,OAKLAND BUSSINESS CENTRE,TERMINAL1 - SEREMBAN2,myBas,,,
DHL Bus Stop,DHL,TERMINAL1 - SEREMBAN2,myBas,,,
VICTOR BYUCK Bus Stop,VICTOR BYUCK,TERMINAL1 - SEREMBAN2,myBas,,,
TITILATEX Bus Stop,TITILATEX,TERMINAL1 - SEREMBAN2,myBas,,,
PETRONAS SEREMBAN 2 Bus Stop,PETRONAS SEREMBAN 2,TERMINAL1 - SEREMBAN2,myBas,,,
KOLEJ NEGERI Bus Stop,KOLEJ NEGERI,TERMINAL1 - SEREMBAN2,myBas,,,
AEON SEREMBAN 2 Bus Stop,AEON SEREMBAN 2,TERMINAL1 - SEREMBAN2,myBas,,,
SURAU AL-QUDWAH KPNKK Bus Stop,SURAU AL-QUDWAH KPNKK,TERMINAL1 - SEREMBAN2,myBas,,,
RESTOREN LUCKY PALACE Bus Stop,RESTOREN LUCKY PALACE,TERMINAL1 - SEREMBAN2,myBas,,,
CENTRAL PARK APARTMENT Bus Stop,CENTRAL PARK APARTMENT,TERMINAL1 - SEREMBAN2,myBas,,,
PASARAYA BESAR MYDIN Bus Stop,PASARAYA BESAR MYDIN,TERMINAL1 - SEREMBAN2,myBas,,,
SURAU AT TAQWA Bus Stop,SURAU AT TAQWA,TERMINAL1 - SEREMBAN2,myBas,,,
FAMILY STORE SEREMBAN 2 Bus Stop,FAMILY STORE SEREMBAN 2,TERMINAL1 - SEREMBAN2,myBas,,,
SIMPANG PARK AVENUE Bus Stop,SIMPANG PARK AVENUE,TERMINAL1 - SEREMBAN2,myBas,,,
GARDEN AVENUE 1 Bus Stop,GARDEN AVENUE 1,TERMINAL1 - SEREMBAN2,myBas,,,
GARDEN AVENUE 2 Bus Stop,GARDEN AVENUE 2,TERMINAL1 - SEREMBAN2,myBas,,,
FLAT SEREMBAN 2 Bus Stop,FLAT SEREMBAN 2,TERMINAL1 - SEREMBAN2,myBas,,,
SK WAWASAN SEREMBAN 2 Bus Stop,SK WAWASAN SEREMBAN 2,TERMINAL1 - SEREMBAN2,myBas,,,
SK WAWASAN SEREMBAN 2 2 Bus Stop,SK WAWASAN SEREMBAN 2 2,TERMINAL1 - SEREMBAN2,myBas,,,
SMK BUKIT KEPAYANG Bus Stop,SMK BUKIT KEPAYANG,TERMINAL1 - SEREMBAN2,myBas,,,
GARDEN HOMES Bus Stop,GARDEN HOMES,TERMINAL1 - SEREMBAN2,myBas,,,
GARDEN HOMES FASA E Bus Stop,GARDEN HOMES FASA E,TERMINAL1 - SEREMBAN2,myBas,,,
AROWANA INDAH Bus Stop,AROWANA INDAH,TERMINAL1 - SEREMBAN2,myBas,,,
KLINIK KESIHATAN SEREMBAN 2 Bus Stop,KLINIK KESIHATAN SEREMBAN 2,TERMINAL1 - SEREMBAN2,myBas,,,
BALAI POLIS MAHKAMAH Bus Stop,BALAI POLIS MAHKAMAH,TERMINAL1 - SEREMBAN2,myBas,,,
BALAI BOMBA SEREMBAN 2 Bus Stop,BALAI BOMBA SEREMBAN 2,TERMINAL1 - SEREMBAN2,myBas,,,
TERMINAL ONE Bus Stop,TERMINAL ONE,TERMINAL1 - TAMPIN VIA SENAWANG,myBas,,,
DEWAN PERBANDARAN SEREMBAN Bus Stop,DEWAN PERBANDARAN SEREMBAN,TERMINAL1 - TAMPIN VIA SENAWANG,myBas,,,
PADANG MPS Bus Stop,PADANG MPS,TERMINAL1 - TAMPIN VIA SENAWANG,myBas,,,
KWSP SEREMBAN Bus Stop,KWSP SEREMBAN,TERMINAL1 - TAMPIN VIA SENAWANG,myBas,,,
SHELL JALAN ZAABA Bus Stop,SHELL JALAN ZAABA,TERMINAL1 - TAMPIN VIA SENAWANG,myBas,,,
BALAI BOMBA RAHANG Bus Stop,BALAI BOMBA RAHANG,TERMINAL1 - TAMPIN VIA SENAWANG,myBas,,,
TAMAN CHOONG LOONG Bus Stop,TAMAN CHOONG LOONG,TERMINAL1 - TAMPIN VIA SENAWANG,myBas,,,
TAMAN SEREMBAN / TAMAN BINJAI Bus Stop,TAMAN SEREMBAN / TAMAN BINJAI,TERMINAL1 - TAMPIN VIA SENAWANG,myBas,,,
KAMPUNG BARU RAHANG Bus Stop,KAMPUNG BARU RAHANG,TERMINAL1 - TAMPIN VIA SENAWANG,myBas,,,
TAMAN BUKIT EMAS/JPJ Bus Stop,TAMAN BUKIT EMAS/JPJ,TERMINAL1 - TAMPIN VIA SENAWANG,myBas,,,
PETRONAS JALAN TAMPIN / SENAWANG Bus Stop,PETRONAS JALAN TAMPIN / SENAWANG,TERMINAL1 - TAMPIN VIA SENAWANG,myBas,,,
KAWASAN PERINDUSTRIAN SENAWANG Bus Stop,KAWASAN PERINDUSTRIAN SENAWANG,TERMINAL1 - TAMPIN VIA SENAWANG,myBas,,,
TAMAN TUNKU NAJIHAH Bus Stop,TAMAN TUNKU NAJIHAH,TERMINAL1 - TAMPIN VIA SENAWANG,myBas,,,
TAMAN TUNKU JAAFAR Bus Stop,TAMAN TUNKU JAAFAR,TERMINAL1 - TAMPIN VIA SENAWANG,myBas,,,
SENAWANG LINK Bus Stop,SENAWANG LINK,TERMINAL1 - TAMPIN VIA SENAWANG,myBas,,,
KAWASAN PERINDUSTRIAN SUNGAI GADUT Bus Stop,KAWASAN PERINDUSTRIAN SUNGAI GADUT,TERMINAL1 - TAMPIN VIA SENAWANG,myBas,,,
BATU 10 Bus Stop,BATU 10,TERMINAL1 - TAMPIN VIA SENAWANG,myBas,,,
KUARTERS JPJ Bus Stop,KUARTERS JPJ,TERMINAL1 - TAMPIN VIA SENAWANG,myBas,,,
AIR PANAS PEDAS Bus Stop,AIR PANAS PEDAS,TERMINAL1 - TAMPIN VIA SENAWANG,myBas,,,
SIMPANG KAMPUNG ULU SEPRI Bus Stop,SIMPANG KAMPUNG ULU SEPRI,TERMINAL1 - TAMPIN VIA SENAWANG,myBas,,,
BALAI POLIS PEDAS Bus Stop,BALAI POLIS PEDAS,TERMINAL1 - TAMPIN VIA SENAWANG,myBas,,,
IKTBN Bus Stop,IKTBN,TERMINAL1 - TAMPIN VIA SENAWANG,myBas,,,
TAMAN CHEMBONG JAYA Bus Stop,TAMAN CHEMBONG JAYA,TERMINAL1 - TAMPIN VIA SENAWANG,myBas,,,
SJKT LADANG CHEMBONG Bus Stop,SJKT LADANG CHEMBONG,TERMINAL1 - TAMPIN VIA SENAWANG,myBas,,,
MEDAN SELERA REMBAU Bus Stop,MEDAN SELERA REMBAU,TERMINAL1 - TAMPIN VIA SENAWANG,myBas,,,
IPD REMBAU Bus Stop,IPD REMBAU,TERMINAL1 - TAMPIN VIA SENAWANG,myBas,,,
ZE MART REMBAU Bus Stop,ZE MART REMBAU,TERMINAL1 - TAMPIN VIA SENAWANG,myBas,,,
MASJID BATU 17 Bus Stop,MASJID BATU 17,TERMINAL1 - TAMPIN VIA SENAWANG,myBas,,,
SMK DATO SEDIA RAJA Bus Stop,SMK DATO SEDIA RAJA,TERMINAL1 - TAMPIN VIA SENAWANG,myBas,,,
KAMPUNG TANJUNG SENA Bus Stop,KAMPUNG TANJUNG SENA,TERMINAL1 - TAMPIN VIA SENAWANG,myBas,,,
KFC REMBAU Bus Stop,KFC REMBAU,TERMINAL1 - TAMPIN VIA SENAWANG,myBas,,,
PERHENTIAN BAS REMBAU Bus Stop,PERHENTIAN BAS REMBAU,TERMINAL1 - TAMPIN VIA SENAWANG,myBas,,,
SM AGAMA REMBAU Bus Stop,SM AGAMA REMBAU,TERMINAL1 - TAMPIN VIA SENAWANG,myBas,,,
KOMPLEKS KERAJAAN REMBAU Bus Stop,KOMPLEKS KERAJAAN REMBAU,TERMINAL1 - TAMPIN VIA SENAWANG,myBas,,,
KAMPUNG TANJUNG KELING Bus Stop,KAMPUNG TANJUNG KELING,TERMINAL1 - TAMPIN VIA SENAWANG,myBas,,,
KAMPUNG BATU  LONGGOK  KG  BATU Bus Stop,KAMPUNG BATU  LONGGOK  KG  BATU,TERMINAL1 - TAMPIN VIA SENAWANG,myBas,,,
MASJID KAMPUNG BATU Bus Stop,MASJID KAMPUNG BATU,TERMINAL1 - TAMPIN VIA SENAWANG,myBas,,,
SK SALAK NAMA Bus Stop,SK SALAK NAMA,TERMINAL1 - TAMPIN VIA SENAWANG,myBas,,,
KLINIK DESA BONGEK Bus Stop,KLINIK DESA BONGEK,TERMINAL1 - TAMPIN VIA SENAWANG,myBas,,,
MASJID BONGEK Bus Stop,MASJID BONGEK,TERMINAL1 - TAMPIN VIA SENAWANG,myBas,,,
PEKAN CHENGKAU Bus Stop,PEKAN CHENGKAU,TERMINAL1 - TAMPIN VIA SENAWANG,myBas,,,
MASJID CHENGKAU Bus Stop,MASJID CHENGKAU,TERMINAL1 - TAMPIN VIA SENAWANG,myBas,,,
TANAH DATAR CHENGKAU Bus Stop,TANAH DATAR CHENGKAU,TERMINAL1 - TAMPIN VIA SENAWANG,myBas,,,
BALAI RAYA KAMPUNG LADA Bus Stop,BALAI RAYA KAMPUNG LADA,TERMINAL1 - TAMPIN VIA SENAWANG,myBas,,,
SK CHENGKAU Bus Stop,SK CHENGKAU,TERMINAL1 - TAMPIN VIA SENAWANG,myBas,,,
KILANG MEMPROSES ANAK AYAM CHENGKAU Bus Stop,KILANG MEMPROSES ANAK AYAM CHENGKAU,TERMINAL1 - TAMPIN VIA SENAWANG,myBas,,,
SK AGAMA AL-SOFA Bus Stop,SK AGAMA AL-SOFA,TERMINAL1 - TAMPIN VIA SENAWANG,myBas,,,
CHENGKAU ULU Bus Stop,CHENGKAU ULU,TERMINAL1 - TAMPIN VIA SENAWANG,myBas,,,
SK DATO HAJI ADNAN Bus Stop,SK DATO HAJI ADNAN,TERMINAL1 - TAMPIN VIA SENAWANG,myBas,,,
PEKAN KOTA Bus Stop,PEKAN KOTA,TERMINAL1 - TAMPIN VIA SENAWANG,myBas,,,
SIMPANG KAMPUNG KOTA PULAU Bus Stop,SIMPANG KAMPUNG KOTA PULAU,TERMINAL1 - TAMPIN VIA SENAWANG,myBas,,,
SK KOTA Bus Stop,SK KOTA,TERMINAL1 - TAMPIN VIA SENAWANG,myBas,,,
KAMPUNG GADONG Bus Stop,KAMPUNG GADONG,TERMINAL1 - TAMPIN VIA SENAWANG,myBas,,,
PUSAT PERTANIAN GADONG Bus Stop,PUSAT PERTANIAN GADONG,TERMINAL1 - TAMPIN VIA SENAWANG,myBas,,,
KOTA TRADING Bus Stop,KOTA TRADING,TERMINAL1 - TAMPIN VIA SENAWANG,myBas,,,
KAMPUNG KENDONG Bus Stop,KAMPUNG KENDONG,TERMINAL1 - TAMPIN VIA SENAWANG,myBas,,,
SRI KENDONG Bus Stop,SRI KENDONG,TERMINAL1 - TAMPIN VIA SENAWANG,myBas,,,
SRI KENDONG 2 Bus Stop,SRI KENDONG 2,TERMINAL1 - TAMPIN VIA SENAWANG,myBas,,,
MEDAN SELERA SRI KENDONG Bus Stop,MEDAN SELERA SRI KENDONG,TERMINAL1 - TAMPIN VIA SENAWANG,myBas,,,
SIMPANG EMPAT Bus Stop,SIMPANG EMPAT,TERMINAL1 - TAMPIN VIA SENAWANG,myBas,,,
TABOH NANING Bus Stop,TABOH NANING,TERMINAL1 - TAMPIN VIA SENAWANG,myBas,,,
TABOH NANING JAYA Bus Stop,TABOH NANING JAYA,TERMINAL1 - TAMPIN VIA SENAWANG,myBas,,,
TAMAN SALAM NADIAH Bus Stop,TAMAN SALAM NADIAH,TERMINAL1 - TAMPIN VIA SENAWANG,myBas,,,
KAMPUNG TAMAN TASIK Bus Stop,KAMPUNG TAMAN TASIK,TERMINAL1 - TAMPIN VIA SENAWANG,myBas,,,
TAMAN WOON Bus Stop,TAMAN WOON,TERMINAL1 - TAMPIN VIA SENAWANG,myBas,,,
SK TUNKU BESAR TAMPIN Bus Stop,SK TUNKU BESAR TAMPIN,TERMINAL1 - TAMPIN VIA SENAWANG,myBas,,,
VETERINA Bus Stop,VETERINA,TERMINAL1 - TAMPIN VIA SENAWANG,myBas,,,
SK TENGKU ZAINUN Bus Stop,SK TENGKU ZAINUN,TERMINAL1 - TAMPIN VIA SENAWANG,myBas,,,
SJKT TAMPIN Bus Stop,SJKT TAMPIN,TERMINAL1 - TAMPIN VIA SENAWANG,myBas,,,
BANK ISLAM TAMPIN Bus Stop,BANK ISLAM TAMPIN,TERMINAL1 - TAMPIN VIA SENAWANG,myBas,,,
TERMINAL TAMPIN Bus Stop,TERMINAL TAMPIN,TERMINAL1 - TAMPIN VIA SENAWANG,myBas,,,
KAMPUNG CHENGKAU ULU Bus Stop,KAMPUNG CHENGKAU ULU,TERMINAL1 - TAMPIN VIA SENAWANG,myBas,,,
BATU HAMPAR Bus Stop,BATU HAMPAR,TERMINAL1 - TAMPIN VIA SENAWANG,myBas,,,
CYCLE N CARRIAGE Bus Stop,CYCLE N CARRIAGE,TERMINAL1 - TAMPIN VIA SENAWANG,myBas,,,
KTM SEREMBAN Bus Stop,KTM SEREMBAN,TERMINAL1 - TAMPIN VIA SENAWANG,myBas,,,
KM PLAZA Bus Stop,KM PLAZA,TERMINAL1 - TAMPIN VIA SENAWANG,myBas,,,
HOSPITAL BESAR TUANKU JAAFAR Bus Stop,HOSPITAL BESAR TUANKU JAAFAR,TERMINAL1 - SEREMBAN2,myBas,,,
KTM SEREMBAN Bus Stop,KTM SEREMBAN,TERMINAL1 - SEREMBAN2,myBas,,,
KM PLAZA Bus Stop,KM PLAZA,TERMINAL1 - SEREMBAN2,myBas,,,
TERMINAL ONE Bus Stop,TERMINAL ONE,TERMINAL1 - TAMPIN VIA SEREMBAN JAYA,myBas,,,
DEWAN PERBANDARAN SEREMBAN Bus Stop,DEWAN PERBANDARAN SEREMBAN,TERMINAL1 - TAMPIN VIA SEREMBAN JAYA,myBas,,,
PADANG MPS Bus Stop,PADANG MPS,TERMINAL1 - TAMPIN VIA SEREMBAN JAYA,myBas,,,
KWSP SEREMBAN Bus Stop,KWSP SEREMBAN,TERMINAL1 - TAMPIN VIA SEREMBAN JAYA,myBas,,,
SHELL JALAN ZAABA Bus Stop,SHELL JALAN ZAABA,TERMINAL1 - TAMPIN VIA SEREMBAN JAYA,myBas,,,
BALAI POLIS RAHANG Bus Stop,BALAI POLIS RAHANG,TERMINAL1 - TAMPIN VIA SEREMBAN JAYA,myBas,,,
TAMAN CHOONG LOONG Bus Stop,TAMAN CHOONG LOONG,TERMINAL1 - TAMPIN VIA SEREMBAN JAYA,myBas,,,
TAMAN SEREMBAN / TAMAN BINJAI Bus Stop,TAMAN SEREMBAN / TAMAN BINJAI,TERMINAL1 - TAMPIN VIA SEREMBAN JAYA,myBas,,,
KAMPUNG BARU RAHANG Bus Stop,KAMPUNG BARU RAHANG,TERMINAL1 - TAMPIN VIA SEREMBAN JAYA,myBas,,,
TAMAN BUKIT EMAS/JPJ Bus Stop,TAMAN BUKIT EMAS/JPJ,TERMINAL1 - TAMPIN VIA SEREMBAN JAYA,myBas,,,
TESCO SEREMBAN JAYA Bus Stop,TESCO SEREMBAN JAYA,TERMINAL1 - TAMPIN VIA SEREMBAN JAYA,myBas,,,
TAMAN SEREMBAN JAYA FASA 1 Bus Stop,TAMAN SEREMBAN JAYA FASA 1,TERMINAL1 - TAMPIN VIA SEREMBAN JAYA,myBas,,,
SMK SEREMBAN JAYA Bus Stop,SMK SEREMBAN JAYA,TERMINAL1 - TAMPIN VIA SEREMBAN JAYA,myBas,,,
TAMAN SEREMBAN JAYA FASA 4 Bus Stop,TAMAN SEREMBAN JAYA FASA 4,TERMINAL1 - TAMPIN VIA SEREMBAN JAYA,myBas,,,
PASAR AWAM TAMAN SEREMBAN JAYA Bus Stop,PASAR AWAM TAMAN SEREMBAN JAYA,TERMINAL1 - TAMPIN VIA SEREMBAN JAYA,myBas,,,
TAMAN SEREMBAN JAYA FASA 8 Bus Stop,TAMAN SEREMBAN JAYA FASA 8,TERMINAL1 - TAMPIN VIA SEREMBAN JAYA,myBas,,,
TAMAN SEREMBAN JAYA FASA 5 Bus Stop,TAMAN SEREMBAN JAYA FASA 5,TERMINAL1 - TAMPIN VIA SEREMBAN JAYA,myBas,,,
TAMAN SEREMBAN JAYA FASA 9 Bus Stop,TAMAN SEREMBAN JAYA FASA 9,TERMINAL1 - TAMPIN VIA SEREMBAN JAYA,myBas,,,
TAMAN SEREMBAN JAYA FASA 10 Bus Stop,TAMAN SEREMBAN JAYA FASA 10,TERMINAL1 - TAMPIN VIA SEREMBAN JAYA,myBas,,,
BANDAR SEREMBAN SELATAN Bus Stop,BANDAR SEREMBAN SELATAN,TERMINAL1 - TAMPIN VIA SEREMBAN JAYA,myBas,,,
KTM SUNGAI GADUT Bus Stop,KTM SUNGAI GADUT,TERMINAL1 - TAMPIN VIA SEREMBAN JAYA,myBas,,,
KTM SUNGAI GADUT PARKING Bus Stop,KTM SUNGAI GADUT PARKING,TERMINAL1 - TAMPIN VIA SEREMBAN JAYA,myBas,,,
SENAWANG LINK Bus Stop,SENAWANG LINK,TERMINAL1 - TAMPIN VIA SEREMBAN JAYA,myBas,,,
KAWASAN PERINDUSTRIAN SUNGAI GADUT Bus Stop,KAWASAN PERINDUSTRIAN SUNGAI GADUT,TERMINAL1 - TAMPIN VIA SEREMBAN JAYA,myBas,,,
BATU 10 Bus Stop,BATU 10,TERMINAL1 - TAMPIN VIA SEREMBAN JAYA,myBas,,,
KUARTERS JPJ Bus Stop,KUARTERS JPJ,TERMINAL1 - TAMPIN VIA SEREMBAN JAYA,myBas,,,
AIR PANAS PEDAS Bus Stop,AIR PANAS PEDAS,TERMINAL1 - TAMPIN VIA SEREMBAN JAYA,myBas,,,
SIMPANG KAMPUNG ULU SEPRI Bus Stop,SIMPANG KAMPUNG ULU SEPRI,TERMINAL1 - TAMPIN VIA SEREMBAN JAYA,myBas,,,
BALAI POLIS PEDAS Bus Stop,BALAI POLIS PEDAS,TERMINAL1 - TAMPIN VIA SEREMBAN JAYA,myBas,,,
IKTBN Bus Stop,IKTBN,TERMINAL1 - TAMPIN VIA SEREMBAN JAYA,myBas,,,
TAMAN CHEMBONG JAYA Bus Stop,TAMAN CHEMBONG JAYA,TERMINAL1 - TAMPIN VIA SEREMBAN JAYA,myBas,,,
SJKT LADANG CHEMBONG Bus Stop,SJKT LADANG CHEMBONG,TERMINAL1 - TAMPIN VIA SEREMBAN JAYA,myBas,,,
MEDAN SELERA REMBAU Bus Stop,MEDAN SELERA REMBAU,TERMINAL1 - TAMPIN VIA SEREMBAN JAYA,myBas,,,
IPD REMBAU Bus Stop,IPD REMBAU,TERMINAL1 - TAMPIN VIA SEREMBAN JAYA,myBas,,,
ZE MART REMBAU Bus Stop,ZE MART REMBAU,TERMINAL1 - TAMPIN VIA SEREMBAN JAYA,myBas,,,
MASJID BATU 17 Bus Stop,MASJID BATU 17,TERMINAL1 - TAMPIN VIA SEREMBAN JAYA,myBas,,,
SMK DATO SEDIA RAJA Bus Stop,SMK DATO SEDIA RAJA,TERMINAL1 - TAMPIN VIA SEREMBAN JAYA,myBas,,,
KAMPUNG TANJUNG SENA Bus Stop,KAMPUNG TANJUNG SENA,TERMINAL1 - TAMPIN VIA SEREMBAN JAYA,myBas,,,
KFC REMBAU Bus Stop,KFC REMBAU,TERMINAL1 - TAMPIN VIA SEREMBAN JAYA,myBas,,,
PERHENTIAN BAS REMBAU Bus Stop,PERHENTIAN BAS REMBAU,TERMINAL1 - TAMPIN VIA SEREMBAN JAYA,myBas,,,
SM AGAMA REMBAU Bus Stop,SM AGAMA REMBAU,TERMINAL1 - TAMPIN VIA SEREMBAN JAYA,myBas,,,
KOMPLEKS KERAJAAN REMBAU Bus Stop,KOMPLEKS KERAJAAN REMBAU,TERMINAL1 - TAMPIN VIA SEREMBAN JAYA,myBas,,,
KAMPUNG TANJUNG KELING Bus Stop,KAMPUNG TANJUNG KELING,TERMINAL1 - TAMPIN VIA SEREMBAN JAYA,myBas,,,
KAMPUNG BATU  LONGGOK  KG  BATU Bus Stop,KAMPUNG BATU  LONGGOK  KG  BATU,TERMINAL1 - TAMPIN VIA SEREMBAN JAYA,myBas,,,
MASJID KAMPUNG BATU Bus Stop,MASJID KAMPUNG BATU,TERMINAL1 - TAMPIN VIA SEREMBAN JAYA,myBas,,,
SK SALAK NAMA Bus Stop,SK SALAK NAMA,TERMINAL1 - TAMPIN VIA SEREMBAN JAYA,myBas,,,
KLINIK DESA BONGEK Bus Stop,KLINIK DESA BONGEK,TERMINAL1 - TAMPIN VIA SEREMBAN JAYA,myBas,,,
MASJID BONGEK Bus Stop,MASJID BONGEK,TERMINAL1 - TAMPIN VIA SEREMBAN JAYA,myBas,,,
PEKAN CHENGKAU Bus Stop,PEKAN CHENGKAU,TERMINAL1 - TAMPIN VIA SEREMBAN JAYA,myBas,,,
MASJID CHENGKAU Bus Stop,MASJID CHENGKAU,TERMINAL1 - TAMPIN VIA SEREMBAN JAYA,myBas,,,
TANAH DATAR CHENGKAU Bus Stop,TANAH DATAR CHENGKAU,TERMINAL1 - TAMPIN VIA SEREMBAN JAYA,myBas,,,
BALAI RAYA KAMPUNG LADA Bus Stop,BALAI RAYA KAMPUNG LADA,TERMINAL1 - TAMPIN VIA SEREMBAN JAYA,myBas,,,
SK CHENGKAU Bus Stop,SK CHENGKAU,TERMINAL1 - TAMPIN VIA SEREMBAN JAYA,myBas,,,
KILANG MEMPROSES ANAK AYAM CHENGKAU Bus Stop,KILANG MEMPROSES ANAK AYAM CHENGKAU,TERMINAL1 - TAMPIN VIA SEREMBAN JAYA,myBas,,,
SK AGAMA AL-SOFA Bus Stop,SK AGAMA AL-SOFA,TERMINAL1 - TAMPIN VIA SEREMBAN JAYA,myBas,,,
CHENGKAU ULU Bus Stop,CHENGKAU ULU,TERMINAL1 - TAMPIN VIA SEREMBAN JAYA,myBas,,,
SK DATO HAJI ADNAN Bus Stop,SK DATO HAJI ADNAN,TERMINAL1 - TAMPIN VIA SEREMBAN JAYA,myBas,,,
PEKAN KOTA Bus Stop,PEKAN KOTA,TERMINAL1 - TAMPIN VIA SEREMBAN JAYA,myBas,,,
SIMPANG KAMPUNG KOTA PULAU Bus Stop,SIMPANG KAMPUNG KOTA PULAU,TERMINAL1 - TAMPIN VIA SEREMBAN JAYA,myBas,,,
SK KOTA Bus Stop,SK KOTA,TERMINAL1 - TAMPIN VIA SEREMBAN JAYA,myBas,,,
KAMPUNG GADONG Bus Stop,KAMPUNG GADONG,TERMINAL1 - TAMPIN VIA SEREMBAN JAYA,myBas,,,
PUSAT PERTANIAN GADONG Bus Stop,PUSAT PERTANIAN GADONG,TERMINAL1 - TAMPIN VIA SEREMBAN JAYA,myBas,,,
KOTA TRADING Bus Stop,KOTA TRADING,TERMINAL1 - TAMPIN VIA SEREMBAN JAYA,myBas,,,
KAMPUNG KENDONG Bus Stop,KAMPUNG KENDONG,TERMINAL1 - TAMPIN VIA SEREMBAN JAYA,myBas,,,
SRI KENDONG Bus Stop,SRI KENDONG,TERMINAL1 - TAMPIN VIA SEREMBAN JAYA,myBas,,,
SRI KENDONG 2 Bus Stop,SRI KENDONG 2,TERMINAL1 - TAMPIN VIA SEREMBAN JAYA,myBas,,,
MEDAN SELERA SRI KENDONG Bus Stop,MEDAN SELERA SRI KENDONG,TERMINAL1 - TAMPIN VIA SEREMBAN JAYA,myBas,,,
SIMPANG EMPAT Bus Stop,SIMPANG EMPAT,TERMINAL1 - TAMPIN VIA SEREMBAN JAYA,myBas,,,
TABOH NANING Bus Stop,TABOH NANING,TERMINAL1 - TAMPIN VIA SEREMBAN JAYA,myBas,,,
TABOH NANING JAYA Bus Stop,TABOH NANING JAYA,TERMINAL1 - TAMPIN VIA SEREMBAN JAYA,myBas,,,
TAMAN SALAM NADIAH Bus Stop,TAMAN SALAM NADIAH,TERMINAL1 - TAMPIN VIA SEREMBAN JAYA,myBas,,,
KAMPUNG TAMAN TASIK Bus Stop,KAMPUNG TAMAN TASIK,TERMINAL1 - TAMPIN VIA SEREMBAN JAYA,myBas,,,
TAMAN WOON Bus Stop,TAMAN WOON,TERMINAL1 - TAMPIN VIA SEREMBAN JAYA,myBas,,,
SK TUNKU BESAR TAMPIN Bus Stop,SK TUNKU BESAR TAMPIN,TERMINAL1 - TAMPIN VIA SEREMBAN JAYA,myBas,,,
VETERINA Bus Stop,VETERINA,TERMINAL1 - TAMPIN VIA SEREMBAN JAYA,myBas,,,
SK TENGKU ZAINUN Bus Stop,SK TENGKU ZAINUN,TERMINAL1 - TAMPIN VIA SEREMBAN JAYA,myBas,,,
SJKT TAMPIN Bus Stop,SJKT TAMPIN,TERMINAL1 - TAMPIN VIA SEREMBAN JAYA,myBas,,,
BANK ISLAM Bus Stop,BANK ISLAM,TERMINAL1 - TAMPIN VIA SEREMBAN JAYA,myBas,,,
TERMINAL TAMPIN Bus Stop,TERMINAL TAMPIN,TERMINAL1 - TAMPIN VIA SEREMBAN JAYA,myBas,,,
KAMPUNG CHENGKAU ULU Bus Stop,KAMPUNG CHENGKAU ULU,TERMINAL1 - TAMPIN VIA SEREMBAN JAYA,myBas,,,
BATU HAMPAR Bus Stop,BATU HAMPAR,TERMINAL1 - TAMPIN VIA SEREMBAN JAYA,myBas,,,
KTM SG GADUT1 Bus Stop,KTM SG GADUT1,TERMINAL1 - TAMPIN VIA SEREMBAN JAYA,myBas,,,
PROTON RAHANG Bus Stop,PROTON RAHANG,TERMINAL1 - TAMPIN VIA SEREMBAN JAYA,myBas,,,
CYCLE N CARRIAGE Bus Stop,CYCLE N CARRIAGE,TERMINAL1 - TAMPIN VIA SEREMBAN JAYA,myBas,,,
KTM Bus Stop,KTM,TERMINAL1 - TAMPIN VIA SEREMBAN JAYA,myBas,,,
KM PLAZA Bus Stop,KM PLAZA,TERMINAL1 - TAMPIN VIA SEREMBAN JAYA,myBas,,,
TERMINAL PORT DICKSON Bus Stop,TERMINAL PORT DICKSON,PORT DICKSON - POLYMALL,myBas,,,
STANDARD CHARTERED BANK Bus Stop,STANDARD CHARTERED BANK,PORT DICKSON - POLYMALL,myBas,,,
PEJABAT KASTAM Bus Stop,PEJABAT KASTAM,PORT DICKSON - POLYMALL,myBas,,,
GEDUNG TEN TEN Bus Stop,GEDUNG TEN TEN,PORT DICKSON - POLYMALL,myBas,,,
SIMPANG PD WATERFRONT Bus Stop,SIMPANG PD WATERFRONT,PORT DICKSON - POLYMALL,myBas,,,
MASJID JAMEK PD Bus Stop,MASJID JAMEK PD,PORT DICKSON - POLYMALL,myBas,,,
KOMPLEKS PENTADBIRAN PD Bus Stop,KOMPLEKS PENTADBIRAN PD,PORT DICKSON - POLYMALL,myBas,,,
MAHKAMAH RENDAH PD Bus Stop,MAHKAMAH RENDAH PD,PORT DICKSON - POLYMALL,myBas,,,
PEJABAT TNB Bus Stop,PEJABAT TNB,PORT DICKSON - POLYMALL,myBas,,,
SMK TINGGI PD Bus Stop,SMK TINGGI PD,PORT DICKSON - POLYMALL,myBas,,,
CORUS PARADISE RESORT Bus Stop,CORUS PARADISE RESORT,PORT DICKSON - POLYMALL,myBas,,,
SIMPANG TAMAN PD UTAMA Bus Stop,SIMPANG TAMAN PD UTAMA,PORT DICKSON - POLYMALL,myBas,,,
TAMAN PD UTAMA Bus Stop,TAMAN PD UTAMA,PORT DICKSON - POLYMALL,myBas,,,
GOLDEN STRAITS VILLAS Bus Stop,GOLDEN STRAITS VILLAS,PORT DICKSON - POLYMALL,myBas,,,
MASJID JAMEK KG BAGAN PINANG Bus Stop,MASJID JAMEK KG BAGAN PINANG,PORT DICKSON - POLYMALL,myBas,,,
KFC BT 4 Bus Stop,KFC BT 4,PORT DICKSON - POLYMALL,myBas,,,
KLINIK DESA BAGAN PINANG Bus Stop,KLINIK DESA BAGAN PINANG,PORT DICKSON - POLYMALL,myBas,,,
UPTOWN BATU 4 Bus Stop,UPTOWN BATU 4,PORT DICKSON - POLYMALL,myBas,,,
PETRONAS BT 4 Bus Stop,PETRONAS BT 4,PORT DICKSON - POLYMALL,myBas,,,
TAMAN DESA RUSA Bus Stop,TAMAN DESA RUSA,PORT DICKSON - POLYMALL,myBas,,,
BAYU BEACH RESORT Bus Stop,BAYU BEACH RESORT,PORT DICKSON - POLYMALL,myBas,,,
THE REGENCY Bus Stop,THE REGENCY,PORT DICKSON - POLYMALL,myBas,,,
RESIDENT DESA LAGOON RESORT Bus Stop,RESIDENT DESA LAGOON RESORT,PORT DICKSON - POLYMALL,myBas,,,
KUARTERS ANGKATAN TENTERA Bus Stop,KUARTERS ANGKATAN TENTERA,PORT DICKSON - POLYMALL,myBas,,,
HOSPITAL PORT DICKSON Bus Stop,HOSPITAL PORT DICKSON,PORT DICKSON - POLYMALL,myBas,,,
TOKONG JALAN PANTAI Bus Stop,TOKONG JALAN PANTAI,PORT DICKSON - POLYMALL,myBas,,,
PASAR TELOK KEMANG Bus Stop,PASAR TELOK KEMANG,PORT DICKSON - POLYMALL,myBas,,,
BALAI RAYA TELOK KEMANG Bus Stop,BALAI RAYA TELOK KEMANG,PORT DICKSON - POLYMALL,myBas,,,
BALAI POLIS TELOK KEMANG Bus Stop,BALAI POLIS TELOK KEMANG,PORT DICKSON - POLYMALL,myBas,,,
SEK RENDAH AGAMA HJ AWALUDDIN Bus Stop,SEK RENDAH AGAMA HJ AWALUDDIN,PORT DICKSON - POLYMALL,myBas,,,
SK TELOK KEMANG Bus Stop,SK TELOK KEMANG,PORT DICKSON - POLYMALL,myBas,,,
SIMPANG TAMAN AROWANA Bus Stop,SIMPANG TAMAN AROWANA,PORT DICKSON - POLYMALL,myBas,,,
KOMPLEKS BELIA SUKAN TELOK KEMANG Bus Stop,KOMPLEKS BELIA SUKAN TELOK KEMANG,PORT DICKSON - POLYMALL,myBas,,,
PD OSTRICH FARM Bus Stop,PD OSTRICH FARM,PORT DICKSON - POLYMALL,myBas,,,
MEDAN SELERA TAMAN INTAN Bus Stop,MEDAN SELERA TAMAN INTAN,PORT DICKSON - POLYMALL,myBas,,,
TAMAN INTAN Bus Stop,TAMAN INTAN,PORT DICKSON - POLYMALL,myBas,,,
SMK INTAN PERDANA Bus Stop,SMK INTAN PERDANA,PORT DICKSON - POLYMALL,myBas,,,
SIMPANG JALAN POLITEKNIK 17 Bus Stop,SIMPANG JALAN POLITEKNIK 17,PORT DICKSON - POLYMALL,myBas,,,
SIMPANG JALAN POLITEKNIK 22 Bus Stop,SIMPANG JALAN POLITEKNIK 22,PORT DICKSON - POLYMALL,myBas,,,
SIMPANG JALAN POLITEKNIK 2 Bus Stop,SIMPANG JALAN POLITEKNIK 2,PORT DICKSON - POLYMALL,myBas,,,
PUSAT PERNIAGAAN TAMAN POLI Bus Stop,PUSAT PERNIAGAAN TAMAN POLI,PORT DICKSON - POLYMALL,myBas,,,
POLITEKNIK PORT DICKSON Bus Stop,POLITEKNIK PORT DICKSON,PORT DICKSON - POLYMALL,myBas,,,
POLYMALL Bus Stop,POLYMALL,PORT DICKSON - POLYMALL,myBas,,,
TAMAN SI RUSA JAYA Bus Stop,TAMAN SI RUSA JAYA,PORT DICKSON - POLYMALL,myBas,,,
TERMINAL ONE Bus Stop,TERMINAL ONE,TERMINAL 1-PORT DICKSON VIA SPRINGHILL,myBas,,,
DEWAN PERBANDARAN SEREMBAN Bus Stop,DEWAN PERBANDARAN SEREMBAN,TERMINAL 1-PORT DICKSON VIA SPRINGHILL,myBas,,,
PADANG MPS Bus Stop,PADANG MPS,TERMINAL 1-PORT DICKSON VIA SPRINGHILL,myBas,,,
KWSP SEREMBAN Bus Stop,KWSP SEREMBAN,TERMINAL 1-PORT DICKSON VIA SPRINGHILL,myBas,,,
PETRON BKT RASAH Bus Stop,PETRON BKT RASAH,TERMINAL 1-PORT DICKSON VIA SPRINGHILL,myBas,,,
HOSPITAL MAWAR Bus Stop,HOSPITAL MAWAR,TERMINAL 1-PORT DICKSON VIA SPRINGHILL,myBas,,,
SIMPANG KAMPUNG PASIR KG DATO MANSOR Bus Stop,SIMPANG KAMPUNG PASIR KG DATO MANSOR,TERMINAL 1-PORT DICKSON VIA SPRINGHILL,myBas,,,
SHELL TAMAN RASAH Bus Stop,SHELL TAMAN RASAH,TERMINAL 1-PORT DICKSON VIA SPRINGHILL,myBas,,,
TAMAN NEGERI Bus Stop,TAMAN NEGERI,TERMINAL 1-PORT DICKSON VIA SPRINGHILL,myBas,,,
BALAI POLIS MAMBAU Bus Stop,BALAI POLIS MAMBAU,TERMINAL 1-PORT DICKSON VIA SPRINGHILL,myBas,,,
PEKAN MAMBAU Bus Stop,PEKAN MAMBAU,TERMINAL 1-PORT DICKSON VIA SPRINGHILL,myBas,,,
RUMAH RAKYAT MAMBAU Bus Stop,RUMAH RAKYAT MAMBAU,TERMINAL 1-PORT DICKSON VIA SPRINGHILL,myBas,,,
SEKOLAH KEBANGSAAN MAMBAU Bus Stop,SEKOLAH KEBANGSAAN MAMBAU,TERMINAL 1-PORT DICKSON VIA SPRINGHILL,myBas,,,
KAMPUNG BATU 5 1/2 Bus Stop,KAMPUNG BATU 5 1/2,TERMINAL 1-PORT DICKSON VIA SPRINGHILL,myBas,,,
KELAB TUNKU Bus Stop,KELAB TUNKU,TERMINAL 1-PORT DICKSON VIA SPRINGHILL,myBas,,,
KAMPUNG BEMBAN Bus Stop,KAMPUNG BEMBAN,TERMINAL 1-PORT DICKSON VIA SPRINGHILL,myBas,,,
SJK TAMIL LADANG SHANGHAI SEREMBAN Bus Stop,SJK TAMIL LADANG SHANGHAI SEREMBAN,TERMINAL 1-PORT DICKSON VIA SPRINGHILL,myBas,,,
BENGKEL SERI SEMBILAN Bus Stop,BENGKEL SERI SEMBILAN,TERMINAL 1-PORT DICKSON VIA SPRINGHILL,myBas,,,
LADANG JEMIMA 1 Bus Stop,LADANG JEMIMA 1,TERMINAL 1-PORT DICKSON VIA SPRINGHILL,myBas,,,
LADANG JEMIMA 2 Bus Stop,LADANG JEMIMA 2,TERMINAL 1-PORT DICKSON VIA SPRINGHILL,myBas,,,
KAMPUNG SUNGAI SENDAYAN 1 Bus Stop,KAMPUNG SUNGAI SENDAYAN 1,TERMINAL 1-PORT DICKSON VIA SPRINGHILL,myBas,,,
KAMPUNG SUNGAI SENDAYAN 2 Bus Stop,KAMPUNG SUNGAI SENDAYAN 2,TERMINAL 1-PORT DICKSON VIA SPRINGHILL,myBas,,,
2 RESIDENCES Bus Stop,2 RESIDENCES,TERMINAL 1-PORT DICKSON VIA SPRINGHILL,myBas,,,
PARK RESIDENCES Bus Stop,PARK RESIDENCES,TERMINAL 1-PORT DICKSON VIA SPRINGHILL,myBas,,,
UCSI INTERNATIONAL SCHOLL Bus Stop,UCSI INTERNATIONAL SCHOLL,TERMINAL 1-PORT DICKSON VIA SPRINGHILL,myBas,,,
10 AVENUE SQUARE Bus Stop,10 AVENUE SQUARE,TERMINAL 1-PORT DICKSON VIA SPRINGHILL,myBas,,,
8 MERANTI 9 RESIDENCES Bus Stop,8 MERANTI 9 RESIDENCES,TERMINAL 1-PORT DICKSON VIA SPRINGHILL,myBas,,,
TAMAN SRI AMAN Bus Stop,TAMAN SRI AMAN,TERMINAL 1-PORT DICKSON VIA SPRINGHILL,myBas,,,
TAMAN SRI LUKUT Bus Stop,TAMAN SRI LUKUT,TERMINAL 1-PORT DICKSON VIA SPRINGHILL,myBas,,,
TAMAN INDAH JAYA Bus Stop,TAMAN INDAH JAYA,TERMINAL 1-PORT DICKSON VIA SPRINGHILL,myBas,,,
KLINIK KESIHATAN LUKUT Bus Stop,KLINIK KESIHATAN LUKUT,TERMINAL 1-PORT DICKSON VIA SPRINGHILL,myBas,,,
KAMPUNG BUKIT PALOH/KG LUKUT/KG SRI PARIT Bus Stop,KAMPUNG BUKIT PALOH/KG LUKUT/KG SRI PARIT,TERMINAL 1-PORT DICKSON VIA SPRINGHILL,myBas,,,
TAMAN ASTANA HARMONI Bus Stop,TAMAN ASTANA HARMONI,TERMINAL 1-PORT DICKSON VIA SPRINGHILL,myBas,,,
BALAI POLIS LUKUT Bus Stop,BALAI POLIS LUKUT,TERMINAL 1-PORT DICKSON VIA SPRINGHILL,myBas,,,
CIMB LUKUT Bus Stop,CIMB LUKUT,TERMINAL 1-PORT DICKSON VIA SPRINGHILL,myBas,,,
TAMAN KOTA LUKUT Bus Stop,TAMAN KOTA LUKUT,TERMINAL 1-PORT DICKSON VIA SPRINGHILL,myBas,,,
TAMAN BUNGA RAYA Bus Stop,TAMAN BUNGA RAYA,TERMINAL 1-PORT DICKSON VIA SPRINGHILL,myBas,,,
TMN SENTOSA Bus Stop,TMN SENTOSA,TERMINAL 1-PORT DICKSON VIA SPRINGHILL,myBas,,,
CENTRAL MARKET LUKUT Bus Stop,CENTRAL MARKET LUKUT,TERMINAL 1-PORT DICKSON VIA SPRINGHILL,myBas,,,
SMK RAJA JUMAAT Bus Stop,SMK RAJA JUMAAT,TERMINAL 1-PORT DICKSON VIA SPRINGHILL,myBas,,,
TAMAN PD JASMIN Bus Stop,TAMAN PD JASMIN,TERMINAL 1-PORT DICKSON VIA SPRINGHILL,myBas,,,
TAMAN CAHAYA SURIA Bus Stop,TAMAN CAHAYA SURIA,TERMINAL 1-PORT DICKSON VIA SPRINGHILL,myBas,,,
PETRON TAMAN SRI INTAN Bus Stop,PETRON TAMAN SRI INTAN,TERMINAL 1-PORT DICKSON VIA SPRINGHILL,myBas,,,
KAMPUNG PAYA Bus Stop,KAMPUNG PAYA,TERMINAL 1-PORT DICKSON VIA SPRINGHILL,myBas,,,
TAMAN SEA VIEW Bus Stop,TAMAN SEA VIEW,TERMINAL 1-PORT DICKSON VIA SPRINGHILL,myBas,,,
TAMAN SRI BAYU Bus Stop,TAMAN SRI BAYU,TERMINAL 1-PORT DICKSON VIA SPRINGHILL,myBas,,,
TAMAN PD LAVENDER Bus Stop,TAMAN PD LAVENDER,TERMINAL 1-PORT DICKSON VIA SPRINGHILL,myBas,,,
PEJABAT KESIHATAN DAERAH PORT DICKSON Bus Stop,PEJABAT KESIHATAN DAERAH PORT DICKSON,TERMINAL 1-PORT DICKSON VIA SPRINGHILL,myBas,,,
SK KAMPUNG GELAM Bus Stop,SK KAMPUNG GELAM,TERMINAL 1-PORT DICKSON VIA SPRINGHILL,myBas,,,
KLINIK KESIHATAN PORT DICKSON 1 Bus Stop,KLINIK KESIHATAN PORT DICKSON 1,TERMINAL 1-PORT DICKSON VIA SPRINGHILL,myBas,,,
CHURCH IMMACULATE CONCEPTION 1 Bus Stop,CHURCH IMMACULATE CONCEPTION 1,TERMINAL 1-PORT DICKSON VIA SPRINGHILL,myBas,,,
BALAI POLIS PD Bus Stop,BALAI POLIS PD,TERMINAL 1-PORT DICKSON VIA SPRINGHILL,myBas,,,
TERMINAL PORT DICKSON Bus Stop,TERMINAL PORT DICKSON,TERMINAL 1-PORT DICKSON VIA SPRINGHILL,myBas,,,
STANDARD CHARTERED BANK Bus Stop,STANDARD CHARTERED BANK,TERMINAL 1-PORT DICKSON VIA SPRINGHILL,myBas,,,
PEJABAT KASTAM Bus Stop,PEJABAT KASTAM,TERMINAL 1-PORT DICKSON VIA SPRINGHILL,myBas,,,
HOSPITAL BESAR Bus Stop,HOSPITAL BESAR,TERMINAL 1-PORT DICKSON VIA SPRINGHILL,myBas,,,
KTM SEREMBAN Bus Stop,KTM SEREMBAN,TERMINAL 1-PORT DICKSON VIA SPRINGHILL,myBas,,,
KM PLAZA Bus Stop,KM PLAZA,TERMINAL 1-PORT DICKSON VIA SPRINGHILL,myBas,,,
TERMINAL ONE Bus Stop,TERMINAL ONE,TERMINAL 1-PORT DICKSON VIA SPG SILIAU,myBas,,,
DEWAN PERBANDARAN SEREMBAN Bus Stop,DEWAN PERBANDARAN SEREMBAN,TERMINAL 1-PORT DICKSON VIA SPG SILIAU,myBas,,,
PADANG MPS Bus Stop,PADANG MPS,TERMINAL 1-PORT DICKSON VIA SPG SILIAU,myBas,,,
KWSP SEREMBAN Bus Stop,KWSP SEREMBAN,TERMINAL 1-PORT DICKSON VIA SPG SILIAU,myBas,,,
PETRON BKT RASAH Bus Stop,PETRON BKT RASAH,TERMINAL 1-PORT DICKSON VIA SPG SILIAU,myBas,,,
HOSPITAL MAWAR Bus Stop,HOSPITAL MAWAR,TERMINAL 1-PORT DICKSON VIA SPG SILIAU,myBas,,,
SIMPANG KAMPUNG PASIR KG DATO MANSOR Bus Stop,SIMPANG KAMPUNG PASIR KG DATO MANSOR,TERMINAL 1-PORT DICKSON VIA SPG SILIAU,myBas,,,
SHELL TAMAN RASAH Bus Stop,SHELL TAMAN RASAH,TERMINAL 1-PORT DICKSON VIA SPG SILIAU,myBas,,,
TAMAN NEGERI Bus Stop,TAMAN NEGERI,TERMINAL 1-PORT DICKSON VIA SPG SILIAU,myBas,,,
BALAI POLIS MAMBAU Bus Stop,BALAI POLIS MAMBAU,TERMINAL 1-PORT DICKSON VIA SPG SILIAU,myBas,,,
PEKAN MAMBAU Bus Stop,PEKAN MAMBAU,TERMINAL 1-PORT DICKSON VIA SPG SILIAU,myBas,,,
RUMAH RAKYAT MAMBAU Bus Stop,RUMAH RAKYAT MAMBAU,TERMINAL 1-PORT DICKSON VIA SPG SILIAU,myBas,,,
SEKOLAH KEBANGSAAN MAMBAU Bus Stop,SEKOLAH KEBANGSAAN MAMBAU,TERMINAL 1-PORT DICKSON VIA SPG SILIAU,myBas,,,
KAMPUNG BATU 5 1/2 Bus Stop,KAMPUNG BATU 5 1/2,TERMINAL 1-PORT DICKSON VIA SPG SILIAU,myBas,,,
KELAB TUNKU Bus Stop,KELAB TUNKU,TERMINAL 1-PORT DICKSON VIA SPG SILIAU,myBas,,,
KAMPUNG BEMBAN Bus Stop,KAMPUNG BEMBAN,TERMINAL 1-PORT DICKSON VIA SPG SILIAU,myBas,,,
SJK TAMIL LADANG SHANGHAI SEREMBAN Bus Stop,SJK TAMIL LADANG SHANGHAI SEREMBAN,TERMINAL 1-PORT DICKSON VIA SPG SILIAU,myBas,,,
BENGKEL SERI SEMBILAN Bus Stop,BENGKEL SERI SEMBILAN,TERMINAL 1-PORT DICKSON VIA SPG SILIAU,myBas,,,
LADANG JEMIMA 1 Bus Stop,LADANG JEMIMA 1,TERMINAL 1-PORT DICKSON VIA SPG SILIAU,myBas,,,
LADANG JEMIMA 2 Bus Stop,LADANG JEMIMA 2,TERMINAL 1-PORT DICKSON VIA SPG SILIAU,myBas,,,
KAMPUNG SUNGAI SENDAYAN 1 Bus Stop,KAMPUNG SUNGAI SENDAYAN 1,TERMINAL 1-PORT DICKSON VIA SPG SILIAU,myBas,,,
KAMPUNG SUNGAI SENDAYAN 2 Bus Stop,KAMPUNG SUNGAI SENDAYAN 2,TERMINAL 1-PORT DICKSON VIA SPG SILIAU,myBas,,,
SPRINGHILL KM 16 Bus Stop,SPRINGHILL KM 16,TERMINAL 1-PORT DICKSON VIA SPG SILIAU,myBas,,,
KUIL INDIA KM 16 Bus Stop,KUIL INDIA KM 16,TERMINAL 1-PORT DICKSON VIA SPG SILIAU,myBas,,,
LADANG SALAK SIME DARBY Bus Stop,LADANG SALAK SIME DARBY,TERMINAL 1-PORT DICKSON VIA SPG SILIAU,myBas,,,
LADANG SALAK GMP/TOP GLOVE Bus Stop,LADANG SALAK GMP/TOP GLOVE,TERMINAL 1-PORT DICKSON VIA SPG SILIAU,myBas,,,
SIMPANG SILIAU Bus Stop,SIMPANG SILIAU,TERMINAL 1-PORT DICKSON VIA SPG SILIAU,myBas,,,
KUIL INDIA KAMPUNG BARU CINA Bus Stop,KUIL INDIA KAMPUNG BARU CINA,TERMINAL 1-PORT DICKSON VIA SPG SILIAU,myBas,,,
BATU 7 KAMPUNG BARU CINA Bus Stop,BATU 7 KAMPUNG BARU CINA,TERMINAL 1-PORT DICKSON VIA SPG SILIAU,myBas,,,
SEKOLAH KEBANGSAAN LUKUT/SMK YAM TUAN RADEN Bus Stop,SEKOLAH KEBANGSAAN LUKUT/SMK YAM TUAN RADEN,TERMINAL 1-PORT DICKSON VIA SPG SILIAU,myBas,,,
TAMAN SRI AMAN Bus Stop,TAMAN SRI AMAN,TERMINAL 1-PORT DICKSON VIA SPG SILIAU,myBas,,,
TAMAN SRI LUKUT Bus Stop,TAMAN SRI LUKUT,TERMINAL 1-PORT DICKSON VIA SPG SILIAU,myBas,,,
TAMAN INDAH JAYA Bus Stop,TAMAN INDAH JAYA,TERMINAL 1-PORT DICKSON VIA SPG SILIAU,myBas,,,
KLINIK KESIHATAN LUKUT Bus Stop,KLINIK KESIHATAN LUKUT,TERMINAL 1-PORT DICKSON VIA SPG SILIAU,myBas,,,
KAMPUNG BUKIT PALOH/KG LUKUT/KG SRI PARIT Bus Stop,KAMPUNG BUKIT PALOH/KG LUKUT/KG SRI PARIT,TERMINAL 1-PORT DICKSON VIA SPG SILIAU,myBas,,,
TAMAN ASTANA HARMONI Bus Stop,TAMAN ASTANA HARMONI,TERMINAL 1-PORT DICKSON VIA SPG SILIAU,myBas,,,
BALAI POLIS LUKUT Bus Stop,BALAI POLIS LUKUT,TERMINAL 1-PORT DICKSON VIA SPG SILIAU,myBas,,,
CIMB LUKUT Bus Stop,CIMB LUKUT,TERMINAL 1-PORT DICKSON VIA SPG SILIAU,myBas,,,
TAMAN KOTA LUKUT Bus Stop,TAMAN KOTA LUKUT,TERMINAL 1-PORT DICKSON VIA SPG SILIAU,myBas,,,
TAMAN BUNGA RAYA Bus Stop,TAMAN BUNGA RAYA,TERMINAL 1-PORT DICKSON VIA SPG SILIAU,myBas,,,
TMN SENTOSA Bus Stop,TMN SENTOSA,TERMINAL 1-PORT DICKSON VIA SPG SILIAU,myBas,,,
CENTRAL MARKET LUKUT Bus Stop,CENTRAL MARKET LUKUT,TERMINAL 1-PORT DICKSON VIA SPG SILIAU,myBas,,,
SMK RAJA JUMAAT Bus Stop,SMK RAJA JUMAAT,TERMINAL 1-PORT DICKSON VIA SPG SILIAU,myBas,,,
TAMAN PD JASMIN Bus Stop,TAMAN PD JASMIN,TERMINAL 1-PORT DICKSON VIA SPG SILIAU,myBas,,,
TAMAN CAHAYA SURIA Bus Stop,TAMAN CAHAYA SURIA,TERMINAL 1-PORT DICKSON VIA SPG SILIAU,myBas,,,
PETRON TAMAN SRI INTAN Bus Stop,PETRON TAMAN SRI INTAN,TERMINAL 1-PORT DICKSON VIA SPG SILIAU,myBas,,,
KAMPUNG PAYA Bus Stop,KAMPUNG PAYA,TERMINAL 1-PORT DICKSON VIA SPG SILIAU,myBas,,,
TAMAN SEA VIEW Bus Stop,TAMAN SEA VIEW,TERMINAL 1-PORT DICKSON VIA SPG SILIAU,myBas,,,
TAMAN SRI BAYU Bus Stop,TAMAN SRI BAYU,TERMINAL 1-PORT DICKSON VIA SPG SILIAU,myBas,,,
TAMAN PD LAVENDER Bus Stop,TAMAN PD LAVENDER,TERMINAL 1-PORT DICKSON VIA SPG SILIAU,myBas,,,
PEJABAT KESIHATAN DAERAH PORT DICKSON Bus Stop,PEJABAT KESIHATAN DAERAH PORT DICKSON,TERMINAL 1-PORT DICKSON VIA SPG SILIAU,myBas,,,
SK KAMPUNG GELAM Bus Stop,SK KAMPUNG GELAM,TERMINAL 1-PORT DICKSON VIA SPG SILIAU,myBas,,,
KLINIK KESIHATAN PORT DICKSON 1 Bus Stop,KLINIK KESIHATAN PORT DICKSON 1,TERMINAL 1-PORT DICKSON VIA SPG SILIAU,myBas,,,
CHURCH IMMACULATE CONCEPTION 1 Bus Stop,CHURCH IMMACULATE CONCEPTION 1,TERMINAL 1-PORT DICKSON VIA SPG SILIAU,myBas,,,
BALAI POLIS PD Bus Stop,BALAI POLIS PD,TERMINAL 1-PORT DICKSON VIA SPG SILIAU,myBas,,,
TERMINAL PORT DICKSON Bus Stop,TERMINAL PORT DICKSON,TERMINAL 1-PORT DICKSON VIA SPG SILIAU,myBas,,,
TERMINAL ONE Bus Stop,TERMINAL ONE,TERMINAL 1- PORT DICKSON VIA RANTAU,myBas,,,
DEWAN PERBANDARAN SEREMBAN Bus Stop,DEWAN PERBANDARAN SEREMBAN,TERMINAL 1- PORT DICKSON VIA RANTAU,myBas,,,
PADANG MPS Bus Stop,PADANG MPS,TERMINAL 1- PORT DICKSON VIA RANTAU,myBas,,,
KWSP SEREMBAN Bus Stop,KWSP SEREMBAN,TERMINAL 1- PORT DICKSON VIA RANTAU,myBas,,,
SHELL JALAN ZAABA Bus Stop,SHELL JALAN ZAABA,TERMINAL 1- PORT DICKSON VIA RANTAU,myBas,,,
BALAI POLIS RAHANG Bus Stop,BALAI POLIS RAHANG,TERMINAL 1- PORT DICKSON VIA RANTAU,myBas,,,
MASJID JAMEK RAHANG Bus Stop,MASJID JAMEK RAHANG,TERMINAL 1- PORT DICKSON VIA RANTAU,myBas,,,
KAMPUNG SEMARAK Bus Stop,KAMPUNG SEMARAK,TERMINAL 1- PORT DICKSON VIA RANTAU,myBas,,,
PEJABAT POS JLTU Bus Stop,PEJABAT POS JLTU,TERMINAL 1- PORT DICKSON VIA RANTAU,myBas,,,
SIMPANG TAMAN BUKIT BLOSSOM Bus Stop,SIMPANG TAMAN BUKIT BLOSSOM,TERMINAL 1- PORT DICKSON VIA RANTAU,myBas,,,
SMK BUKT MEWAH Bus Stop,SMK BUKT MEWAH,TERMINAL 1- PORT DICKSON VIA RANTAU,myBas,,,
TAMAN SRI LOOP Bus Stop,TAMAN SRI LOOP,TERMINAL 1- PORT DICKSON VIA RANTAU,myBas,,,
TAMAN THIVY JAYA 1 Bus Stop,TAMAN THIVY JAYA 1,TERMINAL 1- PORT DICKSON VIA RANTAU,myBas,,,
TAMAN THIVY JAYA 2 Bus Stop,TAMAN THIVY JAYA 2,TERMINAL 1- PORT DICKSON VIA RANTAU,myBas,,,
TAMAN RASAH JAYA FASA 5 Bus Stop,TAMAN RASAH JAYA FASA 5,TERMINAL 1- PORT DICKSON VIA RANTAU,myBas,,,
MASJID QARIAH RASAH JAYA Bus Stop,MASJID QARIAH RASAH JAYA,TERMINAL 1- PORT DICKSON VIA RANTAU,myBas,,,
FLAT TAMAN RASAH JAYA FASA 3 Bus Stop,FLAT TAMAN RASAH JAYA FASA 3,TERMINAL 1- PORT DICKSON VIA RANTAU,myBas,,,
TAMAN RASAH JAYA FASA 7 Bus Stop,TAMAN RASAH JAYA FASA 7,TERMINAL 1- PORT DICKSON VIA RANTAU,myBas,,,
TAMAN RASAH JAYA FASA 2 Bus Stop,TAMAN RASAH JAYA FASA 2,TERMINAL 1- PORT DICKSON VIA RANTAU,myBas,,,
SK TAMAN RASAH JAYA Bus Stop,SK TAMAN RASAH JAYA,TERMINAL 1- PORT DICKSON VIA RANTAU,myBas,,,
PASAR RASAH JAYA Bus Stop,PASAR RASAH JAYA,TERMINAL 1- PORT DICKSON VIA RANTAU,myBas,,,
TAMAN RASAH JAYA FASA 1 Bus Stop,TAMAN RASAH JAYA FASA 1,TERMINAL 1- PORT DICKSON VIA RANTAU,myBas,,,
TAMAN SEREMBAN3 1 Bus Stop,TAMAN SEREMBAN3 1,TERMINAL 1- PORT DICKSON VIA RANTAU,myBas,,,
PUSAT PERNIAGAAN SEREMBAN 3/BIRD PARADISE Bus Stop,PUSAT PERNIAGAAN SEREMBAN 3/BIRD PARADISE,TERMINAL 1- PORT DICKSON VIA RANTAU,myBas,,,
UITM SEREMBAN 3 Bus Stop,UITM SEREMBAN 3,TERMINAL 1- PORT DICKSON VIA RANTAU,myBas,,,
TAMAN SEREMBAN3 2 Bus Stop,TAMAN SEREMBAN3 2,TERMINAL 1- PORT DICKSON VIA RANTAU,myBas,,,
WISMA TUNG YANG Bus Stop,WISMA TUNG YANG,TERMINAL 1- PORT DICKSON VIA RANTAU,myBas,,,
MEDAN SELERA REMBAU Bus Stop,MEDAN SELERA REMBAU,TERMINAL 1- PORT DICKSON VIA RANTAU,myBas,,,
KILANG PAPAN Bus Stop,KILANG PAPAN,TERMINAL 1- PORT DICKSON VIA RANTAU,myBas,,,
TAMAN ANGSAMAS Bus Stop,TAMAN ANGSAMAS,TERMINAL 1- PORT DICKSON VIA RANTAU,myBas,,,
KG BELANGKAN Bus Stop,KG BELANGKAN,TERMINAL 1- PORT DICKSON VIA RANTAU,myBas,,,
KG BELANGKAN 2 Bus Stop,KG BELANGKAN 2,TERMINAL 1- PORT DICKSON VIA RANTAU,myBas,,,
SK NYATOH Bus Stop,SK NYATOH,TERMINAL 1- PORT DICKSON VIA RANTAU,myBas,,,
KG NYATOH Bus Stop,KG NYATOH,TERMINAL 1- PORT DICKSON VIA RANTAU,myBas,,,
SMA RANTAU Bus Stop,SMA RANTAU,TERMINAL 1- PORT DICKSON VIA RANTAU,myBas,,,
RUMAH RAKYAT KUALA SAWAH Bus Stop,RUMAH RAKYAT KUALA SAWAH,TERMINAL 1- PORT DICKSON VIA RANTAU,myBas,,,
PEKAN KUALA SAWAH Bus Stop,PEKAN KUALA SAWAH,TERMINAL 1- PORT DICKSON VIA RANTAU,myBas,,,
TAMAN KRISTAL Bus Stop,TAMAN KRISTAL,TERMINAL 1- PORT DICKSON VIA RANTAU,myBas,,,
TAMAN BERLIAN Bus Stop,TAMAN BERLIAN,TERMINAL 1- PORT DICKSON VIA RANTAU,myBas,,,
BATU 10 KG RIBU Bus Stop,BATU 10 KG RIBU,TERMINAL 1- PORT DICKSON VIA RANTAU,myBas,,,
KLINIK KESIHATAN RANTAU Bus Stop,KLINIK KESIHATAN RANTAU,TERMINAL 1- PORT DICKSON VIA RANTAU,myBas,,,
KG TAKAU RANTAU Bus Stop,KG TAKAU RANTAU,TERMINAL 1- PORT DICKSON VIA RANTAU,myBas,,,
BANDAR EKAR RANTAU Bus Stop,BANDAR EKAR RANTAU,TERMINAL 1- PORT DICKSON VIA RANTAU,myBas,,,
SJKC CHUNG HUA Bus Stop,SJKC CHUNG HUA,TERMINAL 1- PORT DICKSON VIA RANTAU,myBas,,,
SK DATO AKHIR ZAMAN Bus Stop,SK DATO AKHIR ZAMAN,TERMINAL 1- PORT DICKSON VIA RANTAU,myBas,,,
PEKAN RANTAU Bus Stop,PEKAN RANTAU,TERMINAL 1- PORT DICKSON VIA RANTAU,myBas,,,
TAMAN DELIMA Bus Stop,TAMAN DELIMA,TERMINAL 1- PORT DICKSON VIA RANTAU,myBas,,,
KG LINSUM Bus Stop,KG LINSUM,TERMINAL 1- PORT DICKSON VIA RANTAU,myBas,,,
KG PASIR Bus Stop,KG PASIR,TERMINAL 1- PORT DICKSON VIA RANTAU,myBas,,,
KG PASIR LIN SUM Bus Stop,KG PASIR LIN SUM,TERMINAL 1- PORT DICKSON VIA RANTAU,myBas,,,
TMN SRI INTAN Bus Stop,TMN SRI INTAN,TERMINAL 1- PORT DICKSON VIA RANTAU,myBas,,,
SIMPANG KG SILIAU Bus Stop,SIMPANG KG SILIAU,TERMINAL 1- PORT DICKSON VIA RANTAU,myBas,,,
KG SAGGA BARU Bus Stop,KG SAGGA BARU,TERMINAL 1- PORT DICKSON VIA RANTAU,myBas,,,
KG SAGGA TMN ORKID Bus Stop,KG SAGGA TMN ORKID,TERMINAL 1- PORT DICKSON VIA RANTAU,myBas,,,
LADANG BRADWALL Bus Stop,LADANG BRADWALL,TERMINAL 1- PORT DICKSON VIA RANTAU,myBas,,,
TMN SILIAU Bus Stop,TMN SILIAU,TERMINAL 1- PORT DICKSON VIA RANTAU,myBas,,,
SJKT LADANG SILIAU Bus Stop,SJKT LADANG SILIAU,TERMINAL 1- PORT DICKSON VIA RANTAU,myBas,,,
KG LADANG SILIAU Bus Stop,KG LADANG SILIAU,TERMINAL 1- PORT DICKSON VIA RANTAU,myBas,,,
LADANG SALAK Bus Stop,LADANG SALAK,TERMINAL 1- PORT DICKSON VIA RANTAU,myBas,,,
SIMPANG SILIAU Bus Stop,SIMPANG SILIAU,TERMINAL 1- PORT DICKSON VIA RANTAU,myBas,,,
KG BARU CINA Bus Stop,KG BARU CINA,TERMINAL 1- PORT DICKSON VIA RANTAU,myBas,,,
BATU 7 KAMPUNG BARU CINA Bus Stop,BATU 7 KAMPUNG BARU CINA,TERMINAL 1- PORT DICKSON VIA RANTAU,myBas,,,
SMK YAM TUAN RADEN Bus Stop,SMK YAM TUAN RADEN,TERMINAL 1- PORT DICKSON VIA RANTAU,myBas,,,
TAMAN SRI AMAN Bus Stop,TAMAN SRI AMAN,TERMINAL 1- PORT DICKSON VIA RANTAU,myBas,,,
TAMAN SRI LUKUT Bus Stop,TAMAN SRI LUKUT,TERMINAL 1- PORT DICKSON VIA RANTAU,myBas,,,
TAMAN INDAH JAYA Bus Stop,TAMAN INDAH JAYA,TERMINAL 1- PORT DICKSON VIA RANTAU,myBas,,,
KLINIK KESIHATAN LUKUT Bus Stop,KLINIK KESIHATAN LUKUT,TERMINAL 1- PORT DICKSON VIA RANTAU,myBas,,,
KAMPUNG BUKIT PALOH/KG LUKUT/KG SRI PARIT Bus Stop,KAMPUNG BUKIT PALOH/KG LUKUT/KG SRI PARIT,TERMINAL 1- PORT DICKSON VIA RANTAU,myBas,,,
TAMAN ASTANA HARMONI Bus Stop,TAMAN ASTANA HARMONI,TERMINAL 1- PORT DICKSON VIA RANTAU,myBas,,,
BALAI POLIS LUKUT Bus Stop,BALAI POLIS LUKUT,TERMINAL 1- PORT DICKSON VIA RANTAU,myBas,,,
CIMB LUKUT Bus Stop,CIMB LUKUT,TERMINAL 1- PORT DICKSON VIA RANTAU,myBas,,,
TAMAN KOTA LUKUT Bus Stop,TAMAN KOTA LUKUT,TERMINAL 1- PORT DICKSON VIA RANTAU,myBas,,,
TAMAN BUNGA RAYA Bus Stop,TAMAN BUNGA RAYA,TERMINAL 1- PORT DICKSON VIA RANTAU,myBas,,,
TMN SENTOSA Bus Stop,TMN SENTOSA,TERMINAL 1- PORT DICKSON VIA RANTAU,myBas,,,
CENTRAL MARKET LUKUT Bus Stop,CENTRAL MARKET LUKUT,TERMINAL 1- PORT DICKSON VIA RANTAU,myBas,,,
SMK RAJA JUMAAT Bus Stop,SMK RAJA JUMAAT,TERMINAL 1- PORT DICKSON VIA RANTAU,myBas,,,
TAMAN PD JASMIN Bus Stop,TAMAN PD JASMIN,TERMINAL 1- PORT DICKSON VIA RANTAU,myBas,,,
TAMAN CAHAYA SURIA Bus Stop,TAMAN CAHAYA SURIA,TERMINAL 1- PORT DICKSON VIA RANTAU,myBas,,,
PETRON TAMAN SRI INTAN Bus Stop,PETRON TAMAN SRI INTAN,TERMINAL 1- PORT DICKSON VIA RANTAU,myBas,,,
KAMPUNG PAYA Bus Stop,KAMPUNG PAYA,TERMINAL 1- PORT DICKSON VIA RANTAU,myBas,,,
TAMAN SEA VIEW Bus Stop,TAMAN SEA VIEW,TERMINAL 1- PORT DICKSON VIA RANTAU,myBas,,,
TAMAN SRI BAYU Bus Stop,TAMAN SRI BAYU,TERMINAL 1- PORT DICKSON VIA RANTAU,myBas,,,
TAMAN PD LAVENDER Bus Stop,TAMAN PD LAVENDER,TERMINAL 1- PORT DICKSON VIA RANTAU,myBas,,,
PEJABAT KESIHATAN DAERAH PORT DICKSON Bus Stop,PEJABAT KESIHATAN DAERAH PORT DICKSON,TERMINAL 1- PORT DICKSON VIA RANTAU,myBas,,,
SK KAMPUNG GELAM Bus Stop,SK KAMPUNG GELAM,TERMINAL 1- PORT DICKSON VIA RANTAU,myBas,,,
KLINIK KESIHATAN PORT DICKSON 1 Bus Stop,KLINIK KESIHATAN PORT DICKSON 1,TERMINAL 1- PORT DICKSON VIA RANTAU,myBas,,,
CHURCH IMMACULATE CONCEPTION 1 Bus Stop,CHURCH IMMACULATE CONCEPTION 1,TERMINAL 1- PORT DICKSON VIA RANTAU,myBas,,,
BALAI POLIS PD Bus Stop,BALAI POLIS PD,TERMINAL 1- PORT DICKSON VIA RANTAU,myBas,,,
TERMINAL PORT DICKSON Bus Stop,TERMINAL PORT DICKSON,TERMINAL 1- PORT DICKSON VIA RANTAU,myBas,,,
STANDARD CHARTERED BANK Bus Stop,STANDARD CHARTERED BANK,TERMINAL 1- PORT DICKSON VIA RANTAU,myBas,,,
PEJABAT KASTAM Bus Stop,PEJABAT KASTAM,TERMINAL 1- PORT DICKSON VIA RANTAU,myBas,,,
SPG KG SILIAU Bus Stop,SPG KG SILIAU,TERMINAL 1- PORT DICKSON VIA RANTAU,myBas,,,
BATU 3 MAMBAU Bus Stop,BATU 3 MAMBAU,TERMINAL 1- PORT DICKSON VIA RANTAU,myBas,,,
TAMAN NEGERI Bus Stop,TAMAN NEGERI,TERMINAL 1- PORT DICKSON VIA RANTAU,myBas,,,
TAMAN RASAH 1 Bus Stop,TAMAN RASAH 1,TERMINAL 1- PORT DICKSON VIA RANTAU,myBas,,,
TAMAN RASAH 2 Bus Stop,TAMAN RASAH 2,TERMINAL 1- PORT DICKSON VIA RANTAU,myBas,,,
TAMAN NEGERI 2 Bus Stop,TAMAN NEGERI 2,TERMINAL 1- PORT DICKSON VIA RANTAU,myBas,,,
PROTON RAHANG Bus Stop,PROTON RAHANG,TERMINAL 1- PORT DICKSON VIA RANTAU,myBas,,,
CYCLE N CARRIAGE Bus Stop,CYCLE N CARRIAGE,TERMINAL 1- PORT DICKSON VIA RANTAU,myBas,,,
KTM SEREMBAN Bus Stop,KTM SEREMBAN,TERMINAL 1- PORT DICKSON VIA RANTAU,myBas,,,
KM PLAZA Bus Stop,KM PLAZA,TERMINAL 1- PORT DICKSON VIA RANTAU,myBas,,,
TERMINAL ONE Bus Stop,TERMINAL ONE,TERMINAL 1 - BAHAU VIA JUASEH,myBas,,,
DEWAN PERBANDARAN SEREMBAN Bus Stop,DEWAN PERBANDARAN SEREMBAN,TERMINAL 1 - BAHAU VIA JUASEH,myBas,,,
PADANG MPS Bus Stop,PADANG MPS,TERMINAL 1 - BAHAU VIA JUASEH,myBas,,,
KWSP SEREMBAN Bus Stop,KWSP SEREMBAN,TERMINAL 1 - BAHAU VIA JUASEH,myBas,,,
SHELL JALAN ZAABA Bus Stop,SHELL JALAN ZAABA,TERMINAL 1 - BAHAU VIA JUASEH,myBas,,,
BALAI POLIS RAHANG Bus Stop,BALAI POLIS RAHANG,TERMINAL 1 - BAHAU VIA JUASEH,myBas,,,
RUMAH PANGSA TAMAN BIDARA Bus Stop,RUMAH PANGSA TAMAN BIDARA,TERMINAL 1 - BAHAU VIA JUASEH,myBas,,,
TAMAN NYIOR GADING Bus Stop,TAMAN NYIOR GADING,TERMINAL 1 - BAHAU VIA JUASEH,myBas,,,
TAMAN NYIOR Bus Stop,TAMAN NYIOR,TERMINAL 1 - BAHAU VIA JUASEH,myBas,,,
KG BARU BLOCK C1 Bus Stop,KG BARU BLOCK C1,TERMINAL 1 - BAHAU VIA JUASEH,myBas,,,
KG BARU BLOCK C2 Bus Stop,KG BARU BLOCK C2,TERMINAL 1 - BAHAU VIA JUASEH,myBas,,,
TAMAN SRI TANJONG Bus Stop,TAMAN SRI TANJONG,TERMINAL 1 - BAHAU VIA JUASEH,myBas,,,
KOLEJ VOKASIONAL AMPANGAN Bus Stop,KOLEJ VOKASIONAL AMPANGAN,TERMINAL 1 - BAHAU VIA JUASEH,myBas,,,
SMK SERI AMPANGAN Bus Stop,SMK SERI AMPANGAN,TERMINAL 1 - BAHAU VIA JUASEH,myBas,,,
GEDONG LALANG Bus Stop,GEDONG LALANG,TERMINAL 1 - BAHAU VIA JUASEH,myBas,,,
KOMPLEKS BELIA DAN SUKAN NEGERI SEMBILAN Bus Stop,KOMPLEKS BELIA DAN SUKAN NEGERI SEMBILAN,TERMINAL 1 - BAHAU VIA JUASEH,myBas,,,
STADIUM PAROI Bus Stop,STADIUM PAROI,TERMINAL 1 - BAHAU VIA JUASEH,myBas,,,
KLINIK KESIHATAN AMPANGAN Bus Stop,KLINIK KESIHATAN AMPANGAN,TERMINAL 1 - BAHAU VIA JUASEH,myBas,,,
SK  PAROI Bus Stop,SK  PAROI,TERMINAL 1 - BAHAU VIA JUASEH,myBas,,,
BALAI POLIS PAROI Bus Stop,BALAI POLIS PAROI,TERMINAL 1 - BAHAU VIA JUASEH,myBas,,,
KAMPUNG PANCHOR Bus Stop,KAMPUNG PANCHOR,TERMINAL 1 - BAHAU VIA JUASEH,myBas,,,
PAKAR PAROI Bus Stop,PAKAR PAROI,TERMINAL 1 - BAHAU VIA JUASEH,myBas,,,
HUTAN LIPUR ULU BENDUL Bus Stop,HUTAN LIPUR ULU BENDUL,TERMINAL 1 - BAHAU VIA JUASEH,myBas,,,
TAMAN SRI ULU BENDUL Bus Stop,TAMAN SRI ULU BENDUL,TERMINAL 1 - BAHAU VIA JUASEH,myBas,,,
SK ULU BENDUL Bus Stop,SK ULU BENDUL,TERMINAL 1 - BAHAU VIA JUASEH,myBas,,,
MASJID KARIAH ULU BENDUL Bus Stop,MASJID KARIAH ULU BENDUL,TERMINAL 1 - BAHAU VIA JUASEH,myBas,,,
KAMPUNG SOLOK PAKU Bus Stop,KAMPUNG SOLOK PAKU,TERMINAL 1 - BAHAU VIA JUASEH,myBas,,,
KAMPUNG GEDANG Bus Stop,KAMPUNG GEDANG,TERMINAL 1 - BAHAU VIA JUASEH,myBas,,,
KAMPUNG ULU MAMPAS Bus Stop,KAMPUNG ULU MAMPAS,TERMINAL 1 - BAHAU VIA JUASEH,myBas,,,
KLINIK KESIHATAN TERACHI Bus Stop,KLINIK KESIHATAN TERACHI,TERMINAL 1 - BAHAU VIA JUASEH,myBas,,,
SK YAM TUAN HITAM Bus Stop,SK YAM TUAN HITAM,TERMINAL 1 - BAHAU VIA JUASEH,myBas,,,
KAMPUNG PAUH TERACHI Bus Stop,KAMPUNG PAUH TERACHI,TERMINAL 1 - BAHAU VIA JUASEH,myBas,,,
PERKAMPUNGAN BUDAYA SERI MENANTI Bus Stop,PERKAMPUNGAN BUDAYA SERI MENANTI,TERMINAL 1 - BAHAU VIA JUASEH,myBas,,,
BALAI POLIS TERACHI Bus Stop,BALAI POLIS TERACHI,TERMINAL 1 - BAHAU VIA JUASEH,myBas,,,
MASJID KAMPUNG IBOL Bus Stop,MASJID KAMPUNG IBOL,TERMINAL 1 - BAHAU VIA JUASEH,myBas,,,
KAMPUNG GEMENTIR1 Bus Stop,KAMPUNG GEMENTIR1,TERMINAL 1 - BAHAU VIA JUASEH,myBas,,,
KAMPUNG GEMENTIR 2 Bus Stop,KAMPUNG GEMENTIR 2,TERMINAL 1 - BAHAU VIA JUASEH,myBas,,,
KAMPUNG ULU GEMENTIR Bus Stop,KAMPUNG ULU GEMENTIR,TERMINAL 1 - BAHAU VIA JUASEH,myBas,,,
SMK DATO ABDUL SAMAD Bus Stop,SMK DATO ABDUL SAMAD,TERMINAL 1 - BAHAU VIA JUASEH,myBas,,,
PEJABAT POS TANJUNG IPOH Bus Stop,PEJABAT POS TANJUNG IPOH,TERMINAL 1 - BAHAU VIA JUASEH,myBas,,,
SJKC CHUNG HUA TANJUNG IPOH Bus Stop,SJKC CHUNG HUA TANJUNG IPOH,TERMINAL 1 - BAHAU VIA JUASEH,myBas,,,
KAMPUNG UJONG TANJUNG IPOH 1 Bus Stop,KAMPUNG UJONG TANJUNG IPOH 1,TERMINAL 1 - BAHAU VIA JUASEH,myBas,,,
KAMPUNG UJONG TANJUNG IPOH 2 Bus Stop,KAMPUNG UJONG TANJUNG IPOH 2,TERMINAL 1 - BAHAU VIA JUASEH,myBas,,,
AMPANG TINGGI Bus Stop,AMPANG TINGGI,TERMINAL 1 - BAHAU VIA JUASEH,myBas,,,
SIMPANG AMPANG TINGGI Bus Stop,SIMPANG AMPANG TINGGI,TERMINAL 1 - BAHAU VIA JUASEH,myBas,,,
SK AMPANG TINGGI Bus Stop,SK AMPANG TINGGI,TERMINAL 1 - BAHAU VIA JUASEH,myBas,,,
PASARAYA BESAR GIANT MELANG Bus Stop,PASARAYA BESAR GIANT MELANG,TERMINAL 1 - BAHAU VIA JUASEH,myBas,,,
IPD KUALA PILAH Bus Stop,IPD KUALA PILAH,TERMINAL 1 - BAHAU VIA JUASEH,myBas,,,
KLINIK DESA MELANG TENGAH Bus Stop,KLINIK DESA MELANG TENGAH,TERMINAL 1 - BAHAU VIA JUASEH,myBas,,,
HOSPITAL TUNKU NAJIHA Bus Stop,HOSPITAL TUNKU NAJIHA,TERMINAL 1 - BAHAU VIA JUASEH,myBas,,,
KAMPUNG GEMURUH Bus Stop,KAMPUNG GEMURUH,TERMINAL 1 - BAHAU VIA JUASEH,myBas,,,
KOLEJ KEJURURAWATAN KUALA PILAH Bus Stop,KOLEJ KEJURURAWATAN KUALA PILAH,TERMINAL 1 - BAHAU VIA JUASEH,myBas,,,
STESEN BAS KUALA PILAH Bus Stop,STESEN BAS KUALA PILAH,TERMINAL 1 - BAHAU VIA JUASEH,myBas,,,
SK KUALA PILAH Bus Stop,SK KUALA PILAH,TERMINAL 1 - BAHAU VIA JUASEH,myBas,,,
KAMPUNG GENTAM Bus Stop,KAMPUNG GENTAM,TERMINAL 1 - BAHAU VIA JUASEH,myBas,,,
PASARAYA SRI MINANG Bus Stop,PASARAYA SRI MINANG,TERMINAL 1 - BAHAU VIA JUASEH,myBas,,,
MARDEC Bus Stop,MARDEC,TERMINAL 1 - BAHAU VIA JUASEH,myBas,,,
SIMPANG UITM BETING Bus Stop,SIMPANG UITM BETING,TERMINAL 1 - BAHAU VIA JUASEH,myBas,,,
PELANGAI1 Bus Stop,PELANGAI1,TERMINAL 1 - BAHAU VIA JUASEH,myBas,,,
PELANGAI 2 Bus Stop,PELANGAI 2,TERMINAL 1 - BAHAU VIA JUASEH,myBas,,,
SPG PELANGAI Bus Stop,SPG PELANGAI,TERMINAL 1 - BAHAU VIA JUASEH,myBas,,,
KAMPUNG KUALA JEMAPOH Bus Stop,KAMPUNG KUALA JEMAPOH,TERMINAL 1 - BAHAU VIA JUASEH,myBas,,,
TAMAN JEMAPOH Bus Stop,TAMAN JEMAPOH,TERMINAL 1 - BAHAU VIA JUASEH,myBas,,,
JUASEH KAPITAN Bus Stop,JUASEH KAPITAN,TERMINAL 1 - BAHAU VIA JUASEH,myBas,,,
KAMPUNG JUASEH KAPITAN Bus Stop,KAMPUNG JUASEH KAPITAN,TERMINAL 1 - BAHAU VIA JUASEH,myBas,,,
TAMAN HARMONI JUASEH Bus Stop,TAMAN HARMONI JUASEH,TERMINAL 1 - BAHAU VIA JUASEH,myBas,,,
PEKAN JUASEH Bus Stop,PEKAN JUASEH,TERMINAL 1 - BAHAU VIA JUASEH,myBas,,,
SMK JUASEH Bus Stop,SMK JUASEH,TERMINAL 1 - BAHAU VIA JUASEH,myBas,,,
SIMPANG REMBANG PANAS Bus Stop,SIMPANG REMBANG PANAS,TERMINAL 1 - BAHAU VIA JUASEH,myBas,,,
KAMPUNG TERUSAN ULU Bus Stop,KAMPUNG TERUSAN ULU,TERMINAL 1 - BAHAU VIA JUASEH,myBas,,,
KAMPUNG TERUSAN Bus Stop,KAMPUNG TERUSAN,TERMINAL 1 - BAHAU VIA JUASEH,myBas,,,
KAMPUNG TERUSAN 2 Bus Stop,KAMPUNG TERUSAN 2,TERMINAL 1 - BAHAU VIA JUASEH,myBas,,,
SURAU BARU KAMPUNG TERUSAN Bus Stop,SURAU BARU KAMPUNG TERUSAN,TERMINAL 1 - BAHAU VIA JUASEH,myBas,,,
PUSAT LATIHAN BERUNIFOM KAMPUNG TERUSAN Bus Stop,PUSAT LATIHAN BERUNIFOM KAMPUNG TERUSAN,TERMINAL 1 - BAHAU VIA JUASEH,myBas,,,
KAMPUNG SUNGAI TALING Bus Stop,KAMPUNG SUNGAI TALING,TERMINAL 1 - BAHAU VIA JUASEH,myBas,,,
KAMPUNG ULU LALANG Bus Stop,KAMPUNG ULU LALANG,TERMINAL 1 - BAHAU VIA JUASEH,myBas,,,
KAMPUNG ULU PADANG LALANG 2 Bus Stop,KAMPUNG ULU PADANG LALANG 2,TERMINAL 1 - BAHAU VIA JUASEH,myBas,,,
KAMPUNG PADANG LALANG HILIR Bus Stop,KAMPUNG PADANG LALANG HILIR,TERMINAL 1 - BAHAU VIA JUASEH,myBas,,,
SK JEMPOL Bus Stop,SK JEMPOL,TERMINAL 1 - BAHAU VIA JUASEH,myBas,,,
KAMPUNG KUALA JEMPOL 1 Bus Stop,KAMPUNG KUALA JEMPOL 1,TERMINAL 1 - BAHAU VIA JUASEH,myBas,,,
KAMPUNG KUALA JEMPOL 2 Bus Stop,KAMPUNG KUALA JEMPOL 2,TERMINAL 1 - BAHAU VIA JUASEH,myBas,,,
TAMAN BIDARA Bus Stop,TAMAN BIDARA,TERMINAL 1 - BAHAU VIA JUASEH,myBas,,,
SMKA HAJI MUHAMAD Bus Stop,SMKA HAJI MUHAMAD,TERMINAL 1 - BAHAU VIA JUASEH,myBas,,,
KLINIK KESIHATAN BAHAU Bus Stop,KLINIK KESIHATAN BAHAU,TERMINAL 1 - BAHAU VIA JUASEH,myBas,,,
PASARAYA BORONG UPWELL Bus Stop,PASARAYA BORONG UPWELL,TERMINAL 1 - BAHAU VIA JUASEH,myBas,,,
SJKC BAHAU Bus Stop,SJKC BAHAU,TERMINAL 1 - BAHAU VIA JUASEH,myBas,,,
TAMAN ACBE Bus Stop,TAMAN ACBE,TERMINAL 1 - BAHAU VIA JUASEH,myBas,,,
TERMINAL BAHAU Bus Stop,TERMINAL BAHAU,TERMINAL 1 - BAHAU VIA JUASEH,myBas,,,
KAMPUNG ULU PADANG LALANG 1 Bus Stop,KAMPUNG ULU PADANG LALANG 1,TERMINAL 1 - BAHAU VIA JUASEH,myBas,,,
CYCLE N CARRIAGE Bus Stop,CYCLE N CARRIAGE,TERMINAL 1 - BAHAU VIA JUASEH,myBas,,,
KTM SEREMBAN Bus Stop,KTM SEREMBAN,TERMINAL 1 - BAHAU VIA JUASEH,myBas,,,
KM PLAZA Bus Stop,KM PLAZA,TERMINAL 1 - BAHAU VIA JUASEH,myBas,,,
TERMINAL ONE Bus Stop,TERMINAL ONE,TERMINAL 1 - BAHAU VIA BT KIKIR,myBas,,,
DEWAN PERBANDARAN SEREMBAN Bus Stop,DEWAN PERBANDARAN SEREMBAN,TERMINAL 1 - BAHAU VIA BT KIKIR,myBas,,,
PADANG MPS Bus Stop,PADANG MPS,TERMINAL 1 - BAHAU VIA BT KIKIR,myBas,,,
KWSP SEREMBAN Bus Stop,KWSP SEREMBAN,TERMINAL 1 - BAHAU VIA BT KIKIR,myBas,,,
SHELL JALAN ZAABA Bus Stop,SHELL JALAN ZAABA,TERMINAL 1 - BAHAU VIA BT KIKIR,myBas,,,
BALAI POLIS RAHANG Bus Stop,BALAI POLIS RAHANG,TERMINAL 1 - BAHAU VIA BT KIKIR,myBas,,,
SIMPANG TAMAN DUSUN NYIOR 1 Bus Stop,SIMPANG TAMAN DUSUN NYIOR 1,TERMINAL 1 - BAHAU VIA BT KIKIR,myBas,,,
PEJABAT MARA SEREMBAN 1 Bus Stop,PEJABAT MARA SEREMBAN 1,TERMINAL 1 - BAHAU VIA BT KIKIR,myBas,,,
CENTREPOINT Bus Stop,CENTREPOINT,TERMINAL 1 - BAHAU VIA BT KIKIR,myBas,,,
PLAZA AMPANGAN Bus Stop,PLAZA AMPANGAN,TERMINAL 1 - BAHAU VIA BT KIKIR,myBas,,,
SK AMPANGAN Bus Stop,SK AMPANGAN,TERMINAL 1 - BAHAU VIA BT KIKIR,myBas,,,
GEDONG LALANG Bus Stop,GEDONG LALANG,TERMINAL 1 - BAHAU VIA BT KIKIR,myBas,,,
KOMPLEKS BELIA DAN SUKAN NEGERI SEMBILAN Bus Stop,KOMPLEKS BELIA DAN SUKAN NEGERI SEMBILAN,TERMINAL 1 - BAHAU VIA BT KIKIR,myBas,,,
STADIUM PAROI Bus Stop,STADIUM PAROI,TERMINAL 1 - BAHAU VIA BT KIKIR,myBas,,,
KLINIK KESIHATAN AMPANGAN Bus Stop,KLINIK KESIHATAN AMPANGAN,TERMINAL 1 - BAHAU VIA BT KIKIR,myBas,,,
SK  PAROI Bus Stop,SK  PAROI,TERMINAL 1 - BAHAU VIA BT KIKIR,myBas,,,
BALAI POLIS PAROI Bus Stop,BALAI POLIS PAROI,TERMINAL 1 - BAHAU VIA BT KIKIR,myBas,,,
KAMPUNG PANCHOR Bus Stop,KAMPUNG PANCHOR,TERMINAL 1 - BAHAU VIA BT KIKIR,myBas,,,
PAROI PAKAR1 Bus Stop,PAROI PAKAR1,TERMINAL 1 - BAHAU VIA BT KIKIR,myBas,,,
HUTAN LIPUR ULU BENDUL Bus Stop,HUTAN LIPUR ULU BENDUL,TERMINAL 1 - BAHAU VIA BT KIKIR,myBas,,,
TAMAN SRI ULU BENDUL Bus Stop,TAMAN SRI ULU BENDUL,TERMINAL 1 - BAHAU VIA BT KIKIR,myBas,,,
SK ULU BENDUL Bus Stop,SK ULU BENDUL,TERMINAL 1 - BAHAU VIA BT KIKIR,myBas,,,
MASJID KARIAH ULU BENDUL Bus Stop,MASJID KARIAH ULU BENDUL,TERMINAL 1 - BAHAU VIA BT KIKIR,myBas,,,
KAMPUNG SOLOK PAKU Bus Stop,KAMPUNG SOLOK PAKU,TERMINAL 1 - BAHAU VIA BT KIKIR,myBas,,,
KAMPUNG GEDANG Bus Stop,KAMPUNG GEDANG,TERMINAL 1 - BAHAU VIA BT KIKIR,myBas,,,
KAMPUNG ULU MAMPAS Bus Stop,KAMPUNG ULU MAMPAS,TERMINAL 1 - BAHAU VIA BT KIKIR,myBas,,,
KLINIK KESIHATAN TERACHI Bus Stop,KLINIK KESIHATAN TERACHI,TERMINAL 1 - BAHAU VIA BT KIKIR,myBas,,,
SK YAM TUAN HITAM Bus Stop,SK YAM TUAN HITAM,TERMINAL 1 - BAHAU VIA BT KIKIR,myBas,,,
KAMPUNG PAUH TERACHI Bus Stop,KAMPUNG PAUH TERACHI,TERMINAL 1 - BAHAU VIA BT KIKIR,myBas,,,
PERKAMPUNGAN BUDAYA SERI MENANTI Bus Stop,PERKAMPUNGAN BUDAYA SERI MENANTI,TERMINAL 1 - BAHAU VIA BT KIKIR,myBas,,,
BALAI POLIS TERACHI Bus Stop,BALAI POLIS TERACHI,TERMINAL 1 - BAHAU VIA BT KIKIR,myBas,,,
MASJID KAMPUNG IBOL Bus Stop,MASJID KAMPUNG IBOL,TERMINAL 1 - BAHAU VIA BT KIKIR,myBas,,,
KAMPUNG GEMENTIR1 Bus Stop,KAMPUNG GEMENTIR1,TERMINAL 1 - BAHAU VIA BT KIKIR,myBas,,,
KAMPUNG GEMENTIR 2 Bus Stop,KAMPUNG GEMENTIR 2,TERMINAL 1 - BAHAU VIA BT KIKIR,myBas,,,
KAMPUNG ULU GEMENTIR Bus Stop,KAMPUNG ULU GEMENTIR,TERMINAL 1 - BAHAU VIA BT KIKIR,myBas,,,
SMK DATO ABDUL SAMAD Bus Stop,SMK DATO ABDUL SAMAD,TERMINAL 1 - BAHAU VIA BT KIKIR,myBas,,,
PEJABAT POS TANJUNG IPOH Bus Stop,PEJABAT POS TANJUNG IPOH,TERMINAL 1 - BAHAU VIA BT KIKIR,myBas,,,
SJKC CHUNG HUA TANJUNG IPOH Bus Stop,SJKC CHUNG HUA TANJUNG IPOH,TERMINAL 1 - BAHAU VIA BT KIKIR,myBas,,,
KAMPUNG UJONG TANJUNG IPOH 1 Bus Stop,KAMPUNG UJONG TANJUNG IPOH 1,TERMINAL 1 - BAHAU VIA BT KIKIR,myBas,,,
KAMPUNG UJONG TANJUNG IPOH 2 Bus Stop,KAMPUNG UJONG TANJUNG IPOH 2,TERMINAL 1 - BAHAU VIA BT KIKIR,myBas,,,
AMPANG TINGGI Bus Stop,AMPANG TINGGI,TERMINAL 1 - BAHAU VIA BT KIKIR,myBas,,,
SIMPANG AMPANG TINGGI Bus Stop,SIMPANG AMPANG TINGGI,TERMINAL 1 - BAHAU VIA BT KIKIR,myBas,,,
SK AMPANG TINGGI Bus Stop,SK AMPANG TINGGI,TERMINAL 1 - BAHAU VIA BT KIKIR,myBas,,,
PASARAYA BESAR GIANT MELANG Bus Stop,PASARAYA BESAR GIANT MELANG,TERMINAL 1 - BAHAU VIA BT KIKIR,myBas,,,
IPD KUALA PILAH Bus Stop,IPD KUALA PILAH,TERMINAL 1 - BAHAU VIA BT KIKIR,myBas,,,
KLINIK DESA MELANG TENGAH Bus Stop,KLINIK DESA MELANG TENGAH,TERMINAL 1 - BAHAU VIA BT KIKIR,myBas,,,
HOSPITAL TUNKU NAJIHA Bus Stop,HOSPITAL TUNKU NAJIHA,TERMINAL 1 - BAHAU VIA BT KIKIR,myBas,,,
KAMPUNG GEMURUH Bus Stop,KAMPUNG GEMURUH,TERMINAL 1 - BAHAU VIA BT KIKIR,myBas,,,
KOLEJ KEJURURAWATAN KUALA PILAH Bus Stop,KOLEJ KEJURURAWATAN KUALA PILAH,TERMINAL 1 - BAHAU VIA BT KIKIR,myBas,,,
STESEN BAS KUALA PILAH Bus Stop,STESEN BAS KUALA PILAH,TERMINAL 1 - BAHAU VIA BT KIKIR,myBas,,,
SK KUALA PILAH Bus Stop,SK KUALA PILAH,TERMINAL 1 - BAHAU VIA BT KIKIR,myBas,,,
KAMPUNG GENTAM Bus Stop,KAMPUNG GENTAM,TERMINAL 1 - BAHAU VIA BT KIKIR,myBas,,,
PASARAYA SRI MINANG Bus Stop,PASARAYA SRI MINANG,TERMINAL 1 - BAHAU VIA BT KIKIR,myBas,,,
MARDEC Bus Stop,MARDEC,TERMINAL 1 - BAHAU VIA BT KIKIR,myBas,,,
SIMPANG UITM BETING Bus Stop,SIMPANG UITM BETING,TERMINAL 1 - BAHAU VIA BT KIKIR,myBas,,,
PELANGAI1 Bus Stop,PELANGAI1,TERMINAL 1 - BAHAU VIA BT KIKIR,myBas,,,
PELANGAI 2 Bus Stop,PELANGAI 2,TERMINAL 1 - BAHAU VIA BT KIKIR,myBas,,,
SPG PELANGAI Bus Stop,SPG PELANGAI,TERMINAL 1 - BAHAU VIA BT KIKIR,myBas,,,
KAMPUNG KUALA JEMAPOH Bus Stop,KAMPUNG KUALA JEMAPOH,TERMINAL 1 - BAHAU VIA BT KIKIR,myBas,,,
TAMAN JEMAPOH Bus Stop,TAMAN JEMAPOH,TERMINAL 1 - BAHAU VIA BT KIKIR,myBas,,,
JUASEH KAPITAN Bus Stop,JUASEH KAPITAN,TERMINAL 1 - BAHAU VIA BT KIKIR,myBas,,,
KAMPUNG JUASEH KAPITAN Bus Stop,KAMPUNG JUASEH KAPITAN,TERMINAL 1 - BAHAU VIA BT KIKIR,myBas,,,
TAMAN HARMONI JUASEH Bus Stop,TAMAN HARMONI JUASEH,TERMINAL 1 - BAHAU VIA BT KIKIR,myBas,,,
KOLEJ VOKASIONAL JUASEH Bus Stop,KOLEJ VOKASIONAL JUASEH,TERMINAL 1 - BAHAU VIA BT KIKIR,myBas,,,
KLINIK KESIHATAN JUASEH Bus Stop,KLINIK KESIHATAN JUASEH,TERMINAL 1 - BAHAU VIA BT KIKIR,myBas,,,
LADANG JUASEH Bus Stop,LADANG JUASEH,TERMINAL 1 - BAHAU VIA BT KIKIR,myBas,,,
DESA BUKIT GELUGOR Bus Stop,DESA BUKIT GELUGOR,TERMINAL 1 - BAHAU VIA BT KIKIR,myBas,,,
TAMAN PUTRA Bus Stop,TAMAN PUTRA,TERMINAL 1 - BAHAU VIA BT KIKIR,myBas,,,
TAMAN ANGGERIK Bus Stop,TAMAN ANGGERIK,TERMINAL 1 - BAHAU VIA BT KIKIR,myBas,,,
KOMPLEKS SUKAN BATU KIKIR Bus Stop,KOMPLEKS SUKAN BATU KIKIR,TERMINAL 1 - BAHAU VIA BT KIKIR,myBas,,,
SBPI JEMPOL Bus Stop,SBPI JEMPOL,TERMINAL 1 - BAHAU VIA BT KIKIR,myBas,,,
SK BATU KIKIR Bus Stop,SK BATU KIKIR,TERMINAL 1 - BAHAU VIA BT KIKIR,myBas,,,
SMK BATU KIKIR Bus Stop,SMK BATU KIKIR,TERMINAL 1 - BAHAU VIA BT KIKIR,myBas,,,
STESEN BAS BATU KIKIR Bus Stop,STESEN BAS BATU KIKIR,TERMINAL 1 - BAHAU VIA BT KIKIR,myBas,,,
KAMPUNG AIR DEDALI Bus Stop,KAMPUNG AIR DEDALI,TERMINAL 1 - BAHAU VIA BT KIKIR,myBas,,,
SIMPANG BAHAU - BATU KIKIR Bus Stop,SIMPANG BAHAU - BATU KIKIR,TERMINAL 1 - BAHAU VIA BT KIKIR,myBas,,,
KAMPUNG BUKIT KERDAS Bus Stop,KAMPUNG BUKIT KERDAS,TERMINAL 1 - BAHAU VIA BT KIKIR,myBas,,,
TERATAK ZAABA Bus Stop,TERATAK ZAABA,TERMINAL 1 - BAHAU VIA BT KIKIR,myBas,,,
KAMPUNG GAJAH MATI Bus Stop,KAMPUNG GAJAH MATI,TERMINAL 1 - BAHAU VIA BT KIKIR,myBas,,,
KAMPUNG LONEK Bus Stop,KAMPUNG LONEK,TERMINAL 1 - BAHAU VIA BT KIKIR,myBas,,,
MASJID GAJAH MATI Bus Stop,MASJID GAJAH MATI,TERMINAL 1 - BAHAU VIA BT KIKIR,myBas,,,
PINTU GERBANG KAMPUNG LONEK Bus Stop,PINTU GERBANG KAMPUNG LONEK,TERMINAL 1 - BAHAU VIA BT KIKIR,myBas,,,
TAMAN PERMATA Bus Stop,TAMAN PERMATA,TERMINAL 1 - BAHAU VIA BT KIKIR,myBas,,,
SK SERTING ILIR Bus Stop,SK SERTING ILIR,TERMINAL 1 - BAHAU VIA BT KIKIR,myBas,,,
KAMPUNG SERTING ILIR Bus Stop,KAMPUNG SERTING ILIR,TERMINAL 1 - BAHAU VIA BT KIKIR,myBas,,,
TAMAN CEMARA Bus Stop,TAMAN CEMARA,TERMINAL 1 - BAHAU VIA BT KIKIR,myBas,,,
MASJID LAMA TUNKU PUAN CHIK Bus Stop,MASJID LAMA TUNKU PUAN CHIK,TERMINAL 1 - BAHAU VIA BT KIKIR,myBas,,,
BUKIT KELULUT Bus Stop,BUKIT KELULUT,TERMINAL 1 - BAHAU VIA BT KIKIR,myBas,,,
TMN KEPAYANG Bus Stop,TMN KEPAYANG,TERMINAL 1 - BAHAU VIA BT KIKIR,myBas,,,
SK TUNKU MUDA SERTING Bus Stop,SK TUNKU MUDA SERTING,TERMINAL 1 - BAHAU VIA BT KIKIR,myBas,,,
TAMAN TUANKU PUAN CHIK Bus Stop,TAMAN TUANKU PUAN CHIK,TERMINAL 1 - BAHAU VIA BT KIKIR,myBas,,,
TMN SERTING JAYA Bus Stop,TMN SERTING JAYA,TERMINAL 1 - BAHAU VIA BT KIKIR,myBas,,,
SMK DATUK MANSOR Bus Stop,SMK DATUK MANSOR,TERMINAL 1 - BAHAU VIA BT KIKIR,myBas,,,
PASARAYA BORONG UPWELL Bus Stop,PASARAYA BORONG UPWELL,TERMINAL 1 - BAHAU VIA BT KIKIR,myBas,,,
SJKC BAHAU Bus Stop,SJKC BAHAU,TERMINAL 1 - BAHAU VIA BT KIKIR,myBas,,,
TAMAN ACBE Bus Stop,TAMAN ACBE,TERMINAL 1 - BAHAU VIA BT KIKIR,myBas,,,
TERMINAL BAHAU Bus Stop,TERMINAL BAHAU,TERMINAL 1 - BAHAU VIA BT KIKIR,myBas,,,
TAMAN SERTING JAYA Bus Stop,TAMAN SERTING JAYA,TERMINAL 1 - BAHAU VIA BT KIKIR,myBas,,,
PAKAR PAROI Bus Stop,PAKAR PAROI,TERMINAL 1 - BAHAU VIA BT KIKIR,myBas,,,
CYCLE N CARRIAGE Bus Stop,CYCLE N CARRIAGE,TERMINAL 1 - BAHAU VIA BT KIKIR,myBas,,,
KTM SEREMBAN Bus Stop,KTM SEREMBAN,TERMINAL 1 - BAHAU VIA BT KIKIR,myBas,,,
KM PLAZA Bus Stop,KM PLAZA,TERMINAL 1 - BAHAU VIA BT KIKIR,myBas,,,
STANDARD CHARTERED BANK Bus Stop,STANDARD CHARTERED BANK,TERMINAL 1-PORT DICKSON VIA SPG SILIAU,myBas,,,
PEJABAT KASTAM Bus Stop,PEJABAT KASTAM,TERMINAL 1-PORT DICKSON VIA SPG SILIAU,myBas,,,
HOSPITAL BESAR TUANKU JAAFAR Bus Stop,HOSPITAL BESAR TUANKU JAAFAR,TERMINAL 1-PORT DICKSON VIA SPG SILIAU,myBas,,,
KTM SEREMBAN Bus Stop,KTM SEREMBAN,TERMINAL 1-PORT DICKSON VIA SPG SILIAU,myBas,,,
KM PLAZA Bus Stop,KM PLAZA,TERMINAL 1-PORT DICKSON VIA SPG SILIAU,myBas,,,
TERMINAL ONE Bus Stop,TERMINAL ONE,TERMINAL1-PEKAN LINGGI,myBas,,,
DEWAN PERBANDARAN SEREMBAN Bus Stop,DEWAN PERBANDARAN SEREMBAN,TERMINAL1-PEKAN LINGGI,myBas,,,
PADANG MPS Bus Stop,PADANG MPS,TERMINAL1-PEKAN LINGGI,myBas,,,
KWSP SEREMBAN Bus Stop,KWSP SEREMBAN,TERMINAL1-PEKAN LINGGI,myBas,,,
SHELL JALAN ZAABA Bus Stop,SHELL JALAN ZAABA,TERMINAL1-PEKAN LINGGI,myBas,,,
BALAI POLIS RAHANG Bus Stop,BALAI POLIS RAHANG,TERMINAL1-PEKAN LINGGI,myBas,,,
AEON BIG RAHANG Bus Stop,AEON BIG RAHANG,TERMINAL1-PEKAN LINGGI,myBas,,,
TMN RASHIDAH UTAMA Bus Stop,TMN RASHIDAH UTAMA,TERMINAL1-PEKAN LINGGI,myBas,,,
TMN GURU Bus Stop,TMN GURU,TERMINAL1-PEKAN LINGGI,myBas,,,
TAMAN SERI KIAMBANG Bus Stop,TAMAN SERI KIAMBANG,TERMINAL1-PEKAN LINGGI,myBas,,,
TAMAN BUKIT KELANA Bus Stop,TAMAN BUKIT KELANA,TERMINAL1-PEKAN LINGGI,myBas,,,
TAMAN BOURGENVILLA Bus Stop,TAMAN BOURGENVILLA,TERMINAL1-PEKAN LINGGI,myBas,,,
TMN SRI NEGERI Bus Stop,TMN SRI NEGERI,TERMINAL1-PEKAN LINGGI,myBas,,,
PUSAT DAKWAH ISLAM Bus Stop,PUSAT DAKWAH ISLAM,TERMINAL1-PEKAN LINGGI,myBas,,,
STADIUM PAROI Bus Stop,STADIUM PAROI,TERMINAL1-PEKAN LINGGI,myBas,,,
JOHAN TOM YAM Bus Stop,JOHAN TOM YAM,TERMINAL1-PEKAN LINGGI,myBas,,,
KAMPUNG SENTOSA Bus Stop,KAMPUNG SENTOSA,TERMINAL1-PEKAN LINGGI,myBas,,,
KAMPUNG SENTOSA 4 Bus Stop,KAMPUNG SENTOSA 4,TERMINAL1-PEKAN LINGGI,myBas,,,
SK TAMAN TASIK JAYA Bus Stop,SK TAMAN TASIK JAYA,TERMINAL1-PEKAN LINGGI,myBas,,,
TAMAN TASIK JAYA 1 Bus Stop,TAMAN TASIK JAYA 1,TERMINAL1-PEKAN LINGGI,myBas,,,
TAMAN TASIK JAYA 2 Bus Stop,TAMAN TASIK JAYA 2,TERMINAL1-PEKAN LINGGI,myBas,,,
KILANG FABRIK KEJURUTERAAN TENCATE Bus Stop,KILANG FABRIK KEJURUTERAAN TENCATE,TERMINAL1-PEKAN LINGGI,myBas,,,
SEK TINGGI ISLAM AS SOFA Bus Stop,SEK TINGGI ISLAM AS SOFA,TERMINAL1-PEKAN LINGGI,myBas,,,
MATAHARI HEIGHTS Bus Stop,MATAHARI HEIGHTS,TERMINAL1-PEKAN LINGGI,myBas,,,
TAMAN SERI PAGI Bus Stop,TAMAN SERI PAGI,TERMINAL1-PEKAN LINGGI,myBas,,,
TAIPAN SENAWANG Bus Stop,TAIPAN SENAWANG,TERMINAL1-PEKAN LINGGI,myBas,,,
GIANT SENAWANG Bus Stop,GIANT SENAWANG,TERMINAL1-PEKAN LINGGI,myBas,,,
MYDIN SENAWANG Bus Stop,MYDIN SENAWANG,TERMINAL1-PEKAN LINGGI,myBas,,,
TAMAN LILY Bus Stop,TAMAN LILY,TERMINAL1-PEKAN LINGGI,myBas,,,
KILANG MATEK KITAMURA Bus Stop,KILANG MATEK KITAMURA,TERMINAL1-PEKAN LINGGI,myBas,,,
KILANG ON SEMICONDUCTOR Bus Stop,KILANG ON SEMICONDUCTOR,TERMINAL1-PEKAN LINGGI,myBas,,,
KILANG KIM HIN CERAMIC Bus Stop,KILANG KIM HIN CERAMIC,TERMINAL1-PEKAN LINGGI,myBas,,,
KILANG INMAX / YANO MALAYSIA Bus Stop,KILANG INMAX / YANO MALAYSIA,TERMINAL1-PEKAN LINGGI,myBas,,,
TAMAN TUNKU JAAFAR Bus Stop,TAMAN TUNKU JAAFAR,TERMINAL1-PEKAN LINGGI,myBas,,,
MASJID TUANKU JAAFAR Bus Stop,MASJID TUANKU JAAFAR,TERMINAL1-PEKAN LINGGI,myBas,,,
KTM SG GADUT1 Bus Stop,KTM SG GADUT1,TERMINAL1-PEKAN LINGGI,myBas,,,
KTM SUNGAI GADUT Bus Stop,KTM SUNGAI GADUT,TERMINAL1-PEKAN LINGGI,myBas,,,
SJKT LADANG SEREMBAN Bus Stop,SJKT LADANG SEREMBAN,TERMINAL1-PEKAN LINGGI,myBas,,,
SEKOLAH DATO  ABDUL RAZAK Bus Stop,SEKOLAH DATO  ABDUL RAZAK,TERMINAL1-PEKAN LINGGI,myBas,,,
KOMPLEKS PENYIARAN TUANKU MUHAMMAD RTM Bus Stop,KOMPLEKS PENYIARAN TUANKU MUHAMMAD RTM,TERMINAL1-PEKAN LINGGI,myBas,,,
KAMPUNG CINA ULU RANTAU Bus Stop,KAMPUNG CINA ULU RANTAU,TERMINAL1-PEKAN LINGGI,myBas,,,
TAMAN SRI PERMATA Bus Stop,TAMAN SRI PERMATA,TERMINAL1-PEKAN LINGGI,myBas,,,
LADANG KOMBOK Bus Stop,LADANG KOMBOK,TERMINAL1-PEKAN LINGGI,myBas,,,
SKJT LADANG KOMBOK Bus Stop,SKJT LADANG KOMBOK,TERMINAL1-PEKAN LINGGI,myBas,,,
KAMPUNG KOMBOK Bus Stop,KAMPUNG KOMBOK,TERMINAL1-PEKAN LINGGI,myBas,,,
RANTAU AGRO PARK Bus Stop,RANTAU AGRO PARK,TERMINAL1-PEKAN LINGGI,myBas,,,
KAMPUNG ULU LALANG Bus Stop,KAMPUNG ULU LALANG,TERMINAL1-PEKAN LINGGI,myBas,,,
KAMPUNG ULU LALANG 2 Bus Stop,KAMPUNG ULU LALANG 2,TERMINAL1-PEKAN LINGGI,myBas,,,
RUMAH RAKYAT ULU LALANG Bus Stop,RUMAH RAKYAT ULU LALANG,TERMINAL1-PEKAN LINGGI,myBas,,,
TAMAN SERI LALANG Bus Stop,TAMAN SERI LALANG,TERMINAL1-PEKAN LINGGI,myBas,,,
PERINGKAT TIGA ULU LALANG Bus Stop,PERINGKAT TIGA ULU LALANG,TERMINAL1-PEKAN LINGGI,myBas,,,
SURAU ULU LALANG Bus Stop,SURAU ULU LALANG,TERMINAL1-PEKAN LINGGI,myBas,,,
MASJID JAMIK KAMPUNG SOLOK Bus Stop,MASJID JAMIK KAMPUNG SOLOK,TERMINAL1-PEKAN LINGGI,myBas,,,
KAMPUNG TAKAU RANTAU Bus Stop,KAMPUNG TAKAU RANTAU,TERMINAL1-PEKAN LINGGI,myBas,,,
BANDAR EKAR RANTAU Bus Stop,BANDAR EKAR RANTAU,TERMINAL1-PEKAN LINGGI,myBas,,,
SJKC CHUNG HUA Bus Stop,SJKC CHUNG HUA,TERMINAL1-PEKAN LINGGI,myBas,,,
SK DATO AKHIR ZAMAN Bus Stop,SK DATO AKHIR ZAMAN,TERMINAL1-PEKAN LINGGI,myBas,,,
PEKAN RANTAU Bus Stop,PEKAN RANTAU,TERMINAL1-PEKAN LINGGI,myBas,,,
TAMAN DELIMA Bus Stop,TAMAN DELIMA,TERMINAL1-PEKAN LINGGI,myBas,,,
RUMAH RAKYAT LINSUM Bus Stop,RUMAH RAKYAT LINSUM,TERMINAL1-PEKAN LINGGI,myBas,,,
SMK RANTAU Bus Stop,SMK RANTAU,TERMINAL1-PEKAN LINGGI,myBas,,,
SMK DATO SHAMSUDIN NAIN Bus Stop,SMK DATO SHAMSUDIN NAIN,TERMINAL1-PEKAN LINGGI,myBas,,,
SKJT LADANG LINSUM Bus Stop,SKJT LADANG LINSUM,TERMINAL1-PEKAN LINGGI,myBas,,,
SIME DARBY PLANTATION LADANG LINSUM Bus Stop,SIME DARBY PLANTATION LADANG LINSUM,TERMINAL1-PEKAN LINGGI,myBas,,,
LADANG MAJORIE Bus Stop,LADANG MAJORIE,TERMINAL1-PEKAN LINGGI,myBas,,,
PEKAN AIR KUNING Bus Stop,PEKAN AIR KUNING,TERMINAL1-PEKAN LINGGI,myBas,,,
KAMPUNG AIR KUNING Bus Stop,KAMPUNG AIR KUNING,TERMINAL1-PEKAN LINGGI,myBas,,,
KG TAKAU RANTAU Bus Stop,KG TAKAU RANTAU,TERMINAL1-PEKAN LINGGI,myBas,,,
KAMPUNG TAKAU 2 Bus Stop,KAMPUNG TAKAU 2,TERMINAL1-PEKAN LINGGI,myBas,,,
SIMPANG LORONG TAKAU 5 Bus Stop,SIMPANG LORONG TAKAU 5,TERMINAL1-PEKAN LINGGI,myBas,,,
SKJT LADANG TAMPIN LINGGI Bus Stop,SKJT LADANG TAMPIN LINGGI,TERMINAL1-PEKAN LINGGI,myBas,,,
SIMPANG LORONG MERANTI Bus Stop,SIMPANG LORONG MERANTI,TERMINAL1-PEKAN LINGGI,myBas,,,
PUSAT KOMUNITI KAMPUNG TAMPIN LINGGI Bus Stop,PUSAT KOMUNITI KAMPUNG TAMPIN LINGGI,TERMINAL1-PEKAN LINGGI,myBas,,,
SIMPANG LORONG NYATOH Bus Stop,SIMPANG LORONG NYATOH,TERMINAL1-PEKAN LINGGI,myBas,,,
FELCRA KAMPUNG TAMPIN LINGGI Bus Stop,FELCRA KAMPUNG TAMPIN LINGGI,TERMINAL1-PEKAN LINGGI,myBas,,,
SIMPANG LORONG SERAYA Bus Stop,SIMPANG LORONG SERAYA,TERMINAL1-PEKAN LINGGI,myBas,,,
RUMAH RAKYAT LINGGI Bus Stop,RUMAH RAKYAT LINGGI,TERMINAL1-PEKAN LINGGI,myBas,,,
SMK DATUK MUHAMMAD YUSOF Bus Stop,SMK DATUK MUHAMMAD YUSOF,TERMINAL1-PEKAN LINGGI,myBas,,,
GIAT MARA TELUK KEMANG Bus Stop,GIAT MARA TELUK KEMANG,TERMINAL1-PEKAN LINGGI,myBas,,,
BALAI RAYA KAMPUNG LINGGI Bus Stop,BALAI RAYA KAMPUNG LINGGI,TERMINAL1-PEKAN LINGGI,myBas,,,
PEJABAT PENGHULU MUKIM LINGGI Bus Stop,PEJABAT PENGHULU MUKIM LINGGI,TERMINAL1-PEKAN LINGGI,myBas,,,
BALAI POLIS LINGGI Bus Stop,BALAI POLIS LINGGI,TERMINAL1-PEKAN LINGGI,myBas,,,
PEKAN LINGGI Bus Stop,PEKAN LINGGI,TERMINAL1-PEKAN LINGGI,myBas,,,
MASJID KAMPUNG PERMATANG Bus Stop,MASJID KAMPUNG PERMATANG,TERMINAL1-PEKAN LINGGI,myBas,,,
KAMPUNG PERMATANG PASIR Bus Stop,KAMPUNG PERMATANG PASIR,TERMINAL1-PEKAN LINGGI,myBas,,,
SK PERMATANG PASIR Bus Stop,SK PERMATANG PASIR,TERMINAL1-PEKAN LINGGI,myBas,,,
LADANG GETAH TARZAN Bus Stop,LADANG GETAH TARZAN,TERMINAL1-PEKAN LINGGI,myBas,,,
HUB PENGKALAN KEMPAS Bus Stop,HUB PENGKALAN KEMPAS,TERMINAL1-PEKAN LINGGI,myBas,,,
AEON FOREST HEIGHTS Bus Stop,AEON FOREST HEIGHTS,TERMINAL1-PEKAN LINGGI,myBas,,,
PROTON RAHANG Bus Stop,PROTON RAHANG,TERMINAL1-PEKAN LINGGI,myBas,,,
CYCLE N CARRIAGE Bus Stop,CYCLE N CARRIAGE,TERMINAL1-PEKAN LINGGI,myBas,,,
KTM SEREMBAN Bus Stop,KTM SEREMBAN,TERMINAL1-PEKAN LINGGI,myBas,,,
KM PLAZA Bus Stop,KM PLAZA,TERMINAL1-PEKAN LINGGI,myBas,,,
TERMINAL ONE Bus Stop,TERMINAL ONE,TERMINAL 1 - KUALA KLAWANG - TITI,myBas,,,
DEWAN PERBANDARAN SEREMBAN Bus Stop,DEWAN PERBANDARAN SEREMBAN,TERMINAL 1 - KUALA KLAWANG - TITI,myBas,,,
PADANG MPS Bus Stop,PADANG MPS,TERMINAL 1 - KUALA KLAWANG - TITI,myBas,,,
KWSP SEREMBAN Bus Stop,KWSP SEREMBAN,TERMINAL 1 - KUALA KLAWANG - TITI,myBas,,,
SHELL JALAN ZAABA Bus Stop,SHELL JALAN ZAABA,TERMINAL 1 - KUALA KLAWANG - TITI,myBas,,,
BALAI POLIS RAHANG Bus Stop,BALAI POLIS RAHANG,TERMINAL 1 - KUALA KLAWANG - TITI,myBas,,,
SIMPANG TAMAN DUSUN NYIOR 1 Bus Stop,SIMPANG TAMAN DUSUN NYIOR 1,TERMINAL 1 - KUALA KLAWANG - TITI,myBas,,,
PEJABAT MARA SEREMBAN 1 Bus Stop,PEJABAT MARA SEREMBAN 1,TERMINAL 1 - KUALA KLAWANG - TITI,myBas,,,
CENTREPOINT Bus Stop,CENTREPOINT,TERMINAL 1 - KUALA KLAWANG - TITI,myBas,,,
PETRONAS JALAN JELEBU Bus Stop,PETRONAS JALAN JELEBU,TERMINAL 1 - KUALA KLAWANG - TITI,myBas,,,
KG ISMAIL Bus Stop,KG ISMAIL,TERMINAL 1 - KUALA KLAWANG - TITI,myBas,,,
SIMPANG UJONG PASIR Bus Stop,SIMPANG UJONG PASIR,TERMINAL 1 - KUALA KLAWANG - TITI,myBas,,,
TMN PERWIRA Bus Stop,TMN PERWIRA,TERMINAL 1 - KUALA KLAWANG - TITI,myBas,,,
KILANG KOKO Bus Stop,KILANG KOKO,TERMINAL 1 - KUALA KLAWANG - TITI,myBas,,,
BATU 4 JALAN JELEBU Bus Stop,BATU 4 JALAN JELEBU,TERMINAL 1 - KUALA KLAWANG - TITI,myBas,,,
KILANG LAMA BATU 4 Bus Stop,KILANG LAMA BATU 4,TERMINAL 1 - KUALA KLAWANG - TITI,myBas,,,
BATU 4 1/2 Bus Stop,BATU 4 1/2,TERMINAL 1 - KUALA KLAWANG - TITI,myBas,,,
BATU 5 JALAN JELEBU Bus Stop,BATU 5 JALAN JELEBU,TERMINAL 1 - KUALA KLAWANG - TITI,myBas,,,
LOJI AIR BATU 6 Bus Stop,LOJI AIR BATU 6,TERMINAL 1 - KUALA KLAWANG - TITI,myBas,,,
GIATMARA SEREMBAN Bus Stop,GIATMARA SEREMBAN,TERMINAL 1 - KUALA KLAWANG - TITI,myBas,,,
KG BKT KUBOT Bus Stop,KG BKT KUBOT,TERMINAL 1 - KUALA KLAWANG - TITI,myBas,,,
BATU 7 JALAN PANTAI Bus Stop,BATU 7 JALAN PANTAI,TERMINAL 1 - KUALA KLAWANG - TITI,myBas,,,
KG JERLANG BATU 7 Bus Stop,KG JERLANG BATU 7,TERMINAL 1 - KUALA KLAWANG - TITI,myBas,,,
BATU 7 1/2 Bus Stop,BATU 7 1/2,TERMINAL 1 - KUALA KLAWANG - TITI,myBas,,,
PANTAI Bus Stop,PANTAI,TERMINAL 1 - KUALA KLAWANG - TITI,myBas,,,
BALAI RAYA Bus Stop,BALAI RAYA,TERMINAL 1 - KUALA KLAWANG - TITI,myBas,,,
KG BEMBAN BATU 8 Bus Stop,KG BEMBAN BATU 8,TERMINAL 1 - KUALA KLAWANG - TITI,myBas,,,
PEKAN PANTAI Bus Stop,PEKAN PANTAI,TERMINAL 1 - KUALA KLAWANG - TITI,myBas,,,
KLINIK DESA PANTAI Bus Stop,KLINIK DESA PANTAI,TERMINAL 1 - KUALA KLAWANG - TITI,myBas,,,
KG BARU PANTAI Bus Stop,KG BARU PANTAI,TERMINAL 1 - KUALA KLAWANG - TITI,myBas,,,
BATU 8 1/4 Bus Stop,BATU 8 1/4,TERMINAL 1 - KUALA KLAWANG - TITI,myBas,,,
KG GAYAN BATU 9 Bus Stop,KG GAYAN BATU 9,TERMINAL 1 - KUALA KLAWANG - TITI,myBas,,,
KG GATUH BATU 9 Bus Stop,KG GATUH BATU 9,TERMINAL 1 - KUALA KLAWANG - TITI,myBas,,,
KG PAJAM BATU 10 Bus Stop,KG PAJAM BATU 10,TERMINAL 1 - KUALA KLAWANG - TITI,myBas,,,
SIMPANG LENGGENG Bus Stop,SIMPANG LENGGENG,TERMINAL 1 - KUALA KLAWANG - TITI,myBas,,,
KG NGOI NGOI Bus Stop,KG NGOI NGOI,TERMINAL 1 - KUALA KLAWANG - TITI,myBas,,,
JERAM PERLING Bus Stop,JERAM PERLING,TERMINAL 1 - KUALA KLAWANG - TITI,myBas,,,
TOKONG CINA BKT TANGGA Bus Stop,TOKONG CINA BKT TANGGA,TERMINAL 1 - KUALA KLAWANG - TITI,myBas,,,
JERAM TOI Bus Stop,JERAM TOI,TERMINAL 1 - KUALA KLAWANG - TITI,myBas,,,
KG BATU 17 Bus Stop,KG BATU 17,TERMINAL 1 - KUALA KLAWANG - TITI,myBas,,,
JALAN BATU 17/6 Bus Stop,JALAN BATU 17/6,TERMINAL 1 - KUALA KLAWANG - TITI,myBas,,,
JALAN KG BATU 18 Bus Stop,JALAN KG BATU 18,TERMINAL 1 - KUALA KLAWANG - TITI,myBas,,,
JALAN KG BATU 18/1 Bus Stop,JALAN KG BATU 18/1,TERMINAL 1 - KUALA KLAWANG - TITI,myBas,,,
KAMPUNG RAMBAI BARIS Bus Stop,KAMPUNG RAMBAI BARIS,TERMINAL 1 - KUALA KLAWANG - TITI,myBas,,,
MADRASAH TAHFIZ YAMIN Bus Stop,MADRASAH TAHFIZ YAMIN,TERMINAL 1 - KUALA KLAWANG - TITI,myBas,,,
BT 19 AMAR PENGHULU Bus Stop,BT 19 AMAR PENGHULU,TERMINAL 1 - KUALA KLAWANG - TITI,myBas,,,
KAMPUNG TANJUNG CHACHAR Bus Stop,KAMPUNG TANJUNG CHACHAR,TERMINAL 1 - KUALA KLAWANG - TITI,myBas,,,
MASJID QARIAH AMAR PENGHULU Bus Stop,MASJID QARIAH AMAR PENGHULU,TERMINAL 1 - KUALA KLAWANG - TITI,myBas,,,
SK AMAR PENGHULU Bus Stop,SK AMAR PENGHULU,TERMINAL 1 - KUALA KLAWANG - TITI,myBas,,,
BALAI RAYA KG ULU KLAWANG Bus Stop,BALAI RAYA KG ULU KLAWANG,TERMINAL 1 - KUALA KLAWANG - TITI,myBas,,,
KG GEDANG Bus Stop,KG GEDANG,TERMINAL 1 - KUALA KLAWANG - TITI,myBas,,,
KG RENAL Bus Stop,KG RENAL,TERMINAL 1 - KUALA KLAWANG - TITI,myBas,,,
EMPANG BATU 21 Bus Stop,EMPANG BATU 21,TERMINAL 1 - KUALA KLAWANG - TITI,myBas,,,
MASJID KARIAH BATU SERAMBAI Bus Stop,MASJID KARIAH BATU SERAMBAI,TERMINAL 1 - KUALA KLAWANG - TITI,myBas,,,
KG SUNGAI RAYA Bus Stop,KG SUNGAI RAYA,TERMINAL 1 - KUALA KLAWANG - TITI,myBas,,,
KG NYIUR Bus Stop,KG NYIUR,TERMINAL 1 - KUALA KLAWANG - TITI,myBas,,,
KG NYIUR 2 Bus Stop,KG NYIUR 2,TERMINAL 1 - KUALA KLAWANG - TITI,myBas,,,
KG JAMBATAN SERONG BT 21 Bus Stop,KG JAMBATAN SERONG BT 21,TERMINAL 1 - KUALA KLAWANG - TITI,myBas,,,
KG KEMIN BT 22 Bus Stop,KG KEMIN BT 22,TERMINAL 1 - KUALA KLAWANG - TITI,myBas,,,
KG ULU KEMIN/KONA ASAN BANGAU Bus Stop,KG ULU KEMIN/KONA ASAN BANGAU,TERMINAL 1 - KUALA KLAWANG - TITI,myBas,,,
KG SUNGAI KUA Bus Stop,KG SUNGAI KUA,TERMINAL 1 - KUALA KLAWANG - TITI,myBas,,,
JAB PERTANIAN TEMBUN Bus Stop,JAB PERTANIAN TEMBUN,TERMINAL 1 - KUALA KLAWANG - TITI,myBas,,,
KG TEMBUN Bus Stop,KG TEMBUN,TERMINAL 1 - KUALA KLAWANG - TITI,myBas,,,
SURAU KG BINJAI Bus Stop,SURAU KG BINJAI,TERMINAL 1 - KUALA KLAWANG - TITI,myBas,,,
TAMAN DATO UNDANG ABDULLAH Bus Stop,TAMAN DATO UNDANG ABDULLAH,TERMINAL 1 - KUALA KLAWANG - TITI,myBas,,,
SK KUALA KELAWANG / PEJABAT HUTAN Bus Stop,SK KUALA KELAWANG / PEJABAT HUTAN,TERMINAL 1 - KUALA KLAWANG - TITI,myBas,,,
SK UNDANG JELEBU Bus Stop,SK UNDANG JELEBU,TERMINAL 1 - KUALA KLAWANG - TITI,myBas,,,
TERMINAL KELAWANG Bus Stop,TERMINAL KELAWANG,TERMINAL 1 - KUALA KLAWANG - TITI,myBas,,,
TAMAN MENGKAN Bus Stop,TAMAN MENGKAN,TERMINAL 1 - KUALA KLAWANG - TITI,myBas,,,
KG MENGKAN Bus Stop,KG MENGKAN,TERMINAL 1 - KUALA KLAWANG - TITI,myBas,,,
PETALING Bus Stop,PETALING,TERMINAL 1 - KUALA KLAWANG - TITI,myBas,,,
HOSPITAL JELEBU Bus Stop,HOSPITAL JELEBU,TERMINAL 1 - KUALA KLAWANG - TITI,myBas,,,
SMK UNDANG JELEBU Bus Stop,SMK UNDANG JELEBU,TERMINAL 1 - KUALA KLAWANG - TITI,myBas,,,
KOLEJ VOKASIONAL KUALA KLAWANG Bus Stop,KOLEJ VOKASIONAL KUALA KLAWANG,TERMINAL 1 - KUALA KLAWANG - TITI,myBas,,,
TAMAN IRAMA Bus Stop,TAMAN IRAMA,TERMINAL 1 - KUALA KLAWANG - TITI,myBas,,,
TAMAN ANGSANA Bus Stop,TAMAN ANGSANA,TERMINAL 1 - KUALA KLAWANG - TITI,myBas,,,
JELEBU ESTATE Bus Stop,JELEBU ESTATE,TERMINAL 1 - KUALA KLAWANG - TITI,myBas,,,
SIMPANG SEPRI / KOLEJ KOMUNITI JELEBU Bus Stop,SIMPANG SEPRI / KOLEJ KOMUNITI JELEBU,TERMINAL 1 - KUALA KLAWANG - TITI,myBas,,,
MRSM KUALA KLAWANG Bus Stop,MRSM KUALA KLAWANG,TERMINAL 1 - KUALA KLAWANG - TITI,myBas,,,
TAMAN BUKIT KEMPAS Bus Stop,TAMAN BUKIT KEMPAS,TERMINAL 1 - KUALA KLAWANG - TITI,myBas,,,
TAMAN TITI Bus Stop,TAMAN TITI,TERMINAL 1 - KUALA KLAWANG - TITI,myBas,,,
TAMAN NAGA EMAS Bus Stop,TAMAN NAGA EMAS,TERMINAL 1 - KUALA KLAWANG - TITI,myBas,,,
TAMAN DESA PERMAI Bus Stop,TAMAN DESA PERMAI,TERMINAL 1 - KUALA KLAWANG - TITI,myBas,,,
KG SERI HOSAPA Bus Stop,KG SERI HOSAPA,TERMINAL 1 - KUALA KLAWANG - TITI,myBas,,,
TAMAN MAWAR Bus Stop,TAMAN MAWAR,TERMINAL 1 - KUALA KLAWANG - TITI,myBas,,,
PEKAN TITI Bus Stop,PEKAN TITI,TERMINAL 1 - KUALA KLAWANG - TITI,myBas,,,
BALAI POLIS TITI Bus Stop,BALAI POLIS TITI,TERMINAL 1 - KUALA KLAWANG - TITI,myBas,,,
TAMAN SIOW PING KIOW Bus Stop,TAMAN SIOW PING KIOW,TERMINAL 1 - KUALA KLAWANG - TITI,myBas,,,
KLINIK KESIHATAN TITI Bus Stop,KLINIK KESIHATAN TITI,TERMINAL 1 - KUALA KLAWANG - TITI,myBas,,,
RUMAH RAKYAT TITI Bus Stop,RUMAH RAKYAT TITI,TERMINAL 1 - KUALA KLAWANG - TITI,myBas,,,
MUZIUM ADAT Bus Stop,MUZIUM ADAT,TERMINAL 1 - KUALA KLAWANG - TITI,myBas,,,
KG BINJAI Bus Stop,KG BINJAI,TERMINAL 1 - KUALA KLAWANG - TITI,myBas,,,
KLINIK DESA ULU KLAWANG Bus Stop,KLINIK DESA ULU KLAWANG,TERMINAL 1 - KUALA KLAWANG - TITI,myBas,,,
CYCLE N CARRIAGE Bus Stop,CYCLE N CARRIAGE,TERMINAL 1 - KUALA KLAWANG - TITI,myBas,,,
KTM SEREMBAN Bus Stop,KTM SEREMBAN,TERMINAL 1 - KUALA KLAWANG - TITI,myBas,,,
KM PLAZA Bus Stop,KM PLAZA,TERMINAL 1 - KUALA KLAWANG - TITI,myBas,,,
POLYMALL Bus Stop,POLYMALL,POLYMALL - TANJUNG AGAS,myBas,,,
TAMAN TIARA Bus Stop,TAMAN TIARA,POLYMALL - TANJUNG AGAS,myBas,,,
TAMAN ORKID N Bus Stop,TAMAN ORKID N,POLYMALL - TANJUNG AGAS,myBas,,,
SIMPANG TANJUNG BIRU Bus Stop,SIMPANG TANJUNG BIRU,POLYMALL - TANJUNG AGAS,myBas,,,
KOMPLEKS PERANGINAN BANK NEGARA Bus Stop,KOMPLEKS PERANGINAN BANK NEGARA,POLYMALL - TANJUNG AGAS,myBas,,,
KG SEGENTING Bus Stop,KG SEGENTING,POLYMALL - TANJUNG AGAS,myBas,,,
TAMAN HARUMANIS Bus Stop,TAMAN HARUMANIS,POLYMALL - TANJUNG AGAS,myBas,,,
MASJID KG PELANDUK Bus Stop,MASJID KG PELANDUK,POLYMALL - TANJUNG AGAS,myBas,,,
KG TELUK PELANDUK Bus Stop,KG TELUK PELANDUK,POLYMALL - TANJUNG AGAS,myBas,,,
TAMAN GREEN VIEW Bus Stop,TAMAN GREEN VIEW,POLYMALL - TANJUNG AGAS,myBas,,,
TAMAN PERANGINAN MUTIARA Bus Stop,TAMAN PERANGINAN MUTIARA,POLYMALL - TANJUNG AGAS,myBas,,,
KG SUNGAI SEKAWANG Bus Stop,KG SUNGAI SEKAWANG,POLYMALL - TANJUNG AGAS,myBas,,,
KG PASIR PANJANG Bus Stop,KG PASIR PANJANG,POLYMALL - TANJUNG AGAS,myBas,,,
PEKAN PASIR PANJANG Bus Stop,PEKAN PASIR PANJANG,POLYMALL - TANJUNG AGAS,myBas,,,
SJK CHUNG HWA Bus Stop,SJK CHUNG HWA,POLYMALL - TANJUNG AGAS,myBas,,,
SMK PASIR PANJANG Bus Stop,SMK PASIR PANJANG,POLYMALL - TANJUNG AGAS,myBas,,,
KG BUKIT TEMBOK Bus Stop,KG BUKIT TEMBOK,POLYMALL - TANJUNG AGAS,myBas,,,
BALAI RAYA KG BUKIT TEMBOK Bus Stop,BALAI RAYA KG BUKIT TEMBOK,POLYMALL - TANJUNG AGAS,myBas,,,
SPG LRG SG RAYA 21 Bus Stop,SPG LRG SG RAYA 21,POLYMALL - TANJUNG AGAS,myBas,,,
SURAU AL HIDAYAH Bus Stop,SURAU AL HIDAYAH,POLYMALL - TANJUNG AGAS,myBas,,,
SPG LRG SG RAYA 17 Bus Stop,SPG LRG SG RAYA 17,POLYMALL - TANJUNG AGAS,myBas,,,
SPG LRG KUBOR KG SG RAYA Bus Stop,SPG LRG KUBOR KG SG RAYA,POLYMALL - TANJUNG AGAS,myBas,,,
SIMPANG KOLEJ UNITI Bus Stop,SIMPANG KOLEJ UNITI,POLYMALL - TANJUNG AGAS,myBas,,,
KOLEJ UNITI TANJUNG AGAS Bus Stop,KOLEJ UNITI TANJUNG AGAS,POLYMALL - TANJUNG AGAS,myBas,,,
PASARAYA BESAR GIANT MELANG Bus Stop,PASARAYA BESAR GIANT MELANG,KUALA PILAH - BETING UITM,myBas,,,
IPD KUALA PILAH Bus Stop,IPD KUALA PILAH,KUALA PILAH - BETING UITM,myBas,,,
TAMAN DESA MELANG Bus Stop,TAMAN DESA MELANG,KUALA PILAH - BETING UITM,myBas,,,
KLINIK DESA MELANG TENGAH Bus Stop,KLINIK DESA MELANG TENGAH,KUALA PILAH - BETING UITM,myBas,,,
ECONSAVE MELANG Bus Stop,ECONSAVE MELANG,KUALA PILAH - BETING UITM,myBas,,,
HOSPITAL TUANKU AMPUAN NAJIHAH Bus Stop,HOSPITAL TUANKU AMPUAN NAJIHAH,KUALA PILAH - BETING UITM,myBas,,,
UITM LAMA Bus Stop,UITM LAMA,KUALA PILAH - BETING UITM,myBas,,,
KG GEMURUH Bus Stop,KG GEMURUH,KUALA PILAH - BETING UITM,myBas,,,
KOLEJ KEJURURAWATAN KUALA PILAH Bus Stop,KOLEJ KEJURURAWATAN KUALA PILAH,KUALA PILAH - BETING UITM,myBas,,,
KUIL SRI KANTHASAMY Bus Stop,KUIL SRI KANTHASAMY,KUALA PILAH - BETING UITM,myBas,,,
STESEN BAS KUALA PILAH Bus Stop,STESEN BAS KUALA PILAH,KUALA PILAH - BETING UITM,myBas,,,
PEJABAT DAERAH Bus Stop,PEJABAT DAERAH,KUALA PILAH - BETING UITM,myBas,,,
KG GENTAM Bus Stop,KG GENTAM,KUALA PILAH - BETING UITM,myBas,,,
PASARAYA SRI MINANG Bus Stop,PASARAYA SRI MINANG,KUALA PILAH - BETING UITM,myBas,,,
SIMPANG SM SAINS TUANKU JAAFAR Bus Stop,SIMPANG SM SAINS TUANKU JAAFAR,KUALA PILAH - BETING UITM,myBas,,,
MARDEC Bus Stop,MARDEC,KUALA PILAH - BETING UITM,myBas,,,
SIMPANG UITM BETING Bus Stop,SIMPANG UITM BETING,KUALA PILAH - BETING UITM,myBas,,,
TAMAN SENIMAS Bus Stop,TAMAN SENIMAS,KUALA PILAH - BETING UITM,myBas,,,
TAMAN SENIMAS 2 Bus Stop,TAMAN SENIMAS 2,KUALA PILAH - BETING UITM,myBas,,,
KAMPUNG BARU PARIT TINGGI Bus Stop,KAMPUNG BARU PARIT TINGGI,KUALA PILAH - BETING UITM,myBas,,,
SIMPANG UITM Bus Stop,SIMPANG UITM,KUALA PILAH - BETING UITM,myBas,,,
KOLEJ SRI PILAH 2 Bus Stop,KOLEJ SRI PILAH 2,KUALA PILAH - BETING UITM,myBas,,,
